datetime,symbol,open,high,low,close,volume
2026-03-09 03:45:00+00:00,NSE:BANKNIFTY,56123.8,56274.15,55814.6,55932.65,13722287.0
2026-03-09 03:46:00+00:00,NSE:BANKNIFTY,55904.95,55906.45,55719.5,55745.4,7387807.0
2026-03-09 03:47:00+00:00,NSE:BANKNIFTY,55742.5,55743.7,55568.0,55569.45,4715568.0
2026-03-09 03:48:00+00:00,NSE:BANKNIFTY,55582.0,55626.15,55517.65,55543.25,4966442.0
2026-03-09 03:49:00+00:00,NSE:BANKNIFTY,55566.85,55654.7,55542.75,55608.95,4987855.0
2026-03-09 03:50:00+00:00,NSE:BANKNIFTY,55605.25,55639.3,55582.75,55598.4,3599197.0
2026-03-09 03:51:00+00:00,NSE:BANKNIFTY,55599.65,55602.85,55517.45,55564.55,4046286.0
2026-03-09 03:52:00+00:00,NSE:BANKNIFTY,55557.6,55585.35,55504.3,55511.75,2714812.0
2026-03-09 03:53:00+00:00,NSE:BANKNIFTY,55505.15,55511.55,55448.2,55470.15,3536873.0
2026-03-09 03:54:00+00:00,NSE:BANKNIFTY,55466.45,55466.45,55397.95,55407.9,3496310.0
2026-03-09 03:55:00+00:00,NSE:BANKNIFTY,55406.15,55417.5,55353.15,55382.35,2600432.0
2026-03-09 03:56:00+00:00,NSE:BANKNIFTY,55375.9,55381.3,55281.6,55294.25,2674701.0
2026-03-09 03:57:00+00:00,NSE:BANKNIFTY,55280.9,55393.45,55272.75,55365.6,3501981.0
2026-03-09 03:58:00+00:00,NSE:BANKNIFTY,55365.5,55397.6,55338.35,55395.0,2621374.0
2026-03-09 03:59:00+00:00,NSE:BANKNIFTY,55386.6,55418.75,55349.2,55409.3,3492226.0
2026-03-09 04:00:00+00:00,NSE:BANKNIFTY,55410.25,55557.55,55401.95,55557.55,3895170.0
2026-03-09 04:01:00+00:00,NSE:BANKNIFTY,55552.85,55627.75,55524.55,55604.35,2107194.0
2026-03-09 04:02:00+00:00,NSE:BANKNIFTY,55607.05,55608.75,55466.1,55466.1,2791450.0
2026-03-09 04:03:00+00:00,NSE:BANKNIFTY,55464.2,55509.4,55407.6,55501.45,2502278.0
2026-03-09 04:04:00+00:00,NSE:BANKNIFTY,55505.45,55552.65,55453.45,55531.1,1853113.0
2026-03-09 04:05:00+00:00,NSE:BANKNIFTY,55528.3,55549.25,55487.55,55519.25,1694426.0
2026-03-09 04:06:00+00:00,NSE:BANKNIFTY,55506.75,55519.9,55478.7,55495.9,1320814.0
2026-03-09 04:07:00+00:00,NSE:BANKNIFTY,55490.75,55519.55,55479.25,55490.55,1788580.0
2026-03-09 04:08:00+00:00,NSE:BANKNIFTY,55486.05,55558.15,55483.8,55503.9,1563574.0
2026-03-09 04:09:00+00:00,NSE:BANKNIFTY,55503.5,55559.25,55482.85,55536.95,1685796.0
2026-03-09 04:10:00+00:00,NSE:BANKNIFTY,55537.45,55551.45,55472.55,55493.1,1757571.0
2026-03-09 04:11:00+00:00,NSE:BANKNIFTY,55489.15,55520.3,55470.4,55496.6,2045218.0
2026-03-09 04:12:00+00:00,NSE:BANKNIFTY,55491.95,55532.1,55485.05,55507.85,1616429.0
2026-03-09 04:13:00+00:00,NSE:BANKNIFTY,55511.85,55542.2,55455.45,55460.15,1006147.0
2026-03-09 04:14:00+00:00,NSE:BANKNIFTY,55457.7,55470.25,55370.3,55370.3,1991360.0
2026-03-09 04:15:00+00:00,NSE:BANKNIFTY,55372.55,55390.55,55294.45,55299.75,1892230.0
2026-03-09 04:16:00+00:00,NSE:BANKNIFTY,55290.75,55332.45,55270.6,55322.65,2020558.0
2026-03-09 04:17:00+00:00,NSE:BANKNIFTY,55319.5,55409.55,55317.7,55395.5,1302631.0
2026-03-09 04:18:00+00:00,NSE:BANKNIFTY,55392.0,55465.1,55392.0,55463.3,1751563.0
2026-03-09 04:19:00+00:00,NSE:BANKNIFTY,55464.65,55480.7,55435.8,55444.15,927851.0
2026-03-09 04:20:00+00:00,NSE:BANKNIFTY,55440.4,55446.15,55413.5,55421.3,814255.0
2026-03-09 04:21:00+00:00,NSE:BANKNIFTY,55418.95,55447.95,55383.5,55434.9,1413715.0
2026-03-09 04:22:00+00:00,NSE:BANKNIFTY,55437.15,55503.25,55430.5,55468.65,1202320.0
2026-03-09 04:23:00+00:00,NSE:BANKNIFTY,55468.55,55494.05,55447.7,55451.0,928218.0
2026-03-09 04:24:00+00:00,NSE:BANKNIFTY,55448.35,55465.9,55416.85,55456.4,821217.0
2026-03-09 04:25:00+00:00,NSE:BANKNIFTY,55450.2,55475.25,55434.65,55460.1,644416.0
2026-03-09 04:26:00+00:00,NSE:BANKNIFTY,55452.4,55467.85,55435.35,55455.45,484807.0
2026-03-09 04:27:00+00:00,NSE:BANKNIFTY,55457.15,55469.25,55446.7,55457.25,776889.0
2026-03-09 04:28:00+00:00,NSE:BANKNIFTY,55459.2,55468.7,55425.6,55452.4,932230.0
2026-03-09 04:29:00+00:00,NSE:BANKNIFTY,55455.4,55462.1,55430.95,55432.3,645109.0
2026-03-09 04:30:00+00:00,NSE:BANKNIFTY,55432.2,55464.3,55410.4,55410.4,1011255.0
2026-03-09 04:31:00+00:00,NSE:BANKNIFTY,55411.35,55454.7,55395.1,55403.15,1354755.0
2026-03-09 04:32:00+00:00,NSE:BANKNIFTY,55402.5,55404.6,55333.05,55365.8,1438592.0
2026-03-09 04:33:00+00:00,NSE:BANKNIFTY,55364.3,55364.7,55334.25,55340.2,659236.0
2026-03-09 04:34:00+00:00,NSE:BANKNIFTY,55338.3,55382.0,55323.7,55367.8,667184.0
2026-03-09 04:35:00+00:00,NSE:BANKNIFTY,55373.15,55390.8,55363.2,55386.2,523775.0
2026-03-09 04:36:00+00:00,NSE:BANKNIFTY,55380.7,55458.0,55380.7,55453.6,1713215.0
2026-03-09 04:37:00+00:00,NSE:BANKNIFTY,55452.55,55469.4,55436.7,55460.15,812512.0
2026-03-09 04:38:00+00:00,NSE:BANKNIFTY,55461.1,55483.0,55459.05,55476.55,1294207.0
2026-03-09 04:39:00+00:00,NSE:BANKNIFTY,55473.85,55530.1,55466.55,55524.2,618730.0
2026-03-09 04:40:00+00:00,NSE:BANKNIFTY,55525.05,55556.15,55517.05,55549.1,769805.0
2026-03-09 04:41:00+00:00,NSE:BANKNIFTY,55553.4,55586.8,55553.4,55578.85,1214185.0
2026-03-09 04:42:00+00:00,NSE:BANKNIFTY,55575.15,55581.15,55552.85,55558.7,833556.0
2026-03-09 04:43:00+00:00,NSE:BANKNIFTY,55559.05,55570.15,55530.15,55536.75,955108.0
2026-03-09 04:44:00+00:00,NSE:BANKNIFTY,55529.85,55540.35,55502.1,55522.4,881965.0
2026-03-09 04:45:00+00:00,NSE:BANKNIFTY,55518.05,55518.05,55449.65,55454.2,818285.0
2026-03-09 04:46:00+00:00,NSE:BANKNIFTY,55456.7,55464.7,55432.25,55443.35,709721.0
2026-03-09 04:47:00+00:00,NSE:BANKNIFTY,55446.6,55474.8,55404.25,55409.5,853991.0
2026-03-09 04:48:00+00:00,NSE:BANKNIFTY,55411.05,55419.4,55386.75,55403.15,751184.0
2026-03-09 04:49:00+00:00,NSE:BANKNIFTY,55404.1,55424.55,55388.2,55410.55,990937.0
2026-03-09 04:50:00+00:00,NSE:BANKNIFTY,55405.4,55443.8,55394.5,55443.8,537438.0
2026-03-09 04:51:00+00:00,NSE:BANKNIFTY,55449.85,55490.55,55449.85,55478.95,873527.0
2026-03-09 04:52:00+00:00,NSE:BANKNIFTY,55474.05,55475.55,55422.6,55424.75,609557.0
2026-03-09 04:53:00+00:00,NSE:BANKNIFTY,55424.1,55436.05,55404.4,55416.95,900780.0
2026-03-09 04:54:00+00:00,NSE:BANKNIFTY,55414.2,55420.95,55399.6,55418.55,543456.0
2026-03-09 04:55:00+00:00,NSE:BANKNIFTY,55416.85,55419.7,55351.25,55355.85,899026.0
2026-03-09 04:56:00+00:00,NSE:BANKNIFTY,55351.15,55406.25,55346.85,55399.2,773141.0
2026-03-09 04:57:00+00:00,NSE:BANKNIFTY,55395.75,55421.1,55390.4,55418.05,530079.0
2026-03-09 04:58:00+00:00,NSE:BANKNIFTY,55418.35,55430.05,55400.95,55416.55,355617.0
2026-03-09 04:59:00+00:00,NSE:BANKNIFTY,55417.2,55430.75,55403.25,55414.0,572218.0
2026-03-09 05:00:00+00:00,NSE:BANKNIFTY,55414.45,55424.85,55383.65,55394.35,612206.0
2026-03-09 05:01:00+00:00,NSE:BANKNIFTY,55394.05,55399.4,55348.85,55350.9,949517.0
2026-03-09 05:02:00+00:00,NSE:BANKNIFTY,55353.05,55361.7,55314.35,55321.5,1399713.0
2026-03-09 05:03:00+00:00,NSE:BANKNIFTY,55320.7,55333.4,55310.05,55329.95,941008.0
2026-03-09 05:04:00+00:00,NSE:BANKNIFTY,55329.5,55329.5,55279.15,55280.1,1064250.0
2026-03-09 05:05:00+00:00,NSE:BANKNIFTY,55284.65,55320.4,55276.4,55307.75,743766.0
2026-03-09 05:06:00+00:00,NSE:BANKNIFTY,55308.0,55335.9,55295.3,55331.45,899851.0
2026-03-09 05:07:00+00:00,NSE:BANKNIFTY,55332.25,55386.5,55324.65,55370.9,773000.0
2026-03-09 05:08:00+00:00,NSE:BANKNIFTY,55373.1,55432.35,55353.9,55356.75,1004351.0
2026-03-09 05:09:00+00:00,NSE:BANKNIFTY,55358.15,55366.35,55328.5,55353.95,720211.0
2026-03-09 05:10:00+00:00,NSE:BANKNIFTY,55351.8,55363.05,55330.75,55330.75,850484.0
2026-03-09 05:11:00+00:00,NSE:BANKNIFTY,55332.9,55340.8,55307.2,55323.0,828976.0
2026-03-09 05:12:00+00:00,NSE:BANKNIFTY,55318.95,55350.75,55313.5,55345.75,507869.0
2026-03-09 05:13:00+00:00,NSE:BANKNIFTY,55343.05,55384.1,55342.35,55378.2,719001.0
2026-03-09 05:14:00+00:00,NSE:BANKNIFTY,55371.75,55371.75,55344.8,55366.85,617098.0
2026-03-09 05:15:00+00:00,NSE:BANKNIFTY,55364.45,55367.55,55340.6,55350.55,436613.0
2026-03-09 05:16:00+00:00,NSE:BANKNIFTY,55348.25,55362.1,55343.4,55348.45,460339.0
2026-03-09 05:17:00+00:00,NSE:BANKNIFTY,55348.6,55358.75,55320.3,55322.0,560592.0
2026-03-09 05:18:00+00:00,NSE:BANKNIFTY,55324.1,55326.3,55303.65,55308.8,835535.0
2026-03-09 05:19:00+00:00,NSE:BANKNIFTY,55306.3,55320.05,55297.25,55318.35,507731.0
2026-03-09 05:20:00+00:00,NSE:BANKNIFTY,55315.8,55471.05,55299.75,55438.6,1335828.0
2026-03-09 05:21:00+00:00,NSE:BANKNIFTY,55440.45,55625.5,55409.15,55625.5,1803148.0
2026-03-09 05:22:00+00:00,NSE:BANKNIFTY,55646.2,55646.2,55540.05,55608.25,2167590.0
2026-03-09 05:23:00+00:00,NSE:BANKNIFTY,55606.05,55693.6,55599.05,55693.6,2532914.0
2026-03-09 05:24:00+00:00,NSE:BANKNIFTY,55699.3,55735.15,55680.05,55685.1,1340503.0
2026-03-09 05:25:00+00:00,NSE:BANKNIFTY,55679.35,55682.25,55651.5,55653.05,816486.0
2026-03-09 05:26:00+00:00,NSE:BANKNIFTY,55653.35,55773.95,55636.25,55770.45,1564863.0
2026-03-09 05:27:00+00:00,NSE:BANKNIFTY,55775.5,55832.15,55763.3,55782.3,2254182.0
2026-03-09 05:28:00+00:00,NSE:BANKNIFTY,55780.9,55780.9,55727.55,55749.6,1058880.0
2026-03-09 05:29:00+00:00,NSE:BANKNIFTY,55752.5,55772.7,55720.05,55772.7,1081230.0
2026-03-09 05:30:00+00:00,NSE:BANKNIFTY,55788.1,55805.55,55676.9,55676.9,1797463.0
2026-03-09 05:31:00+00:00,NSE:BANKNIFTY,55683.0,55696.15,55668.55,55696.15,556425.0
2026-03-09 05:32:00+00:00,NSE:BANKNIFTY,55696.05,55738.95,55687.3,55712.1,699577.0
2026-03-09 05:33:00+00:00,NSE:BANKNIFTY,55706.95,55729.95,55687.05,55729.7,823463.0
2026-03-09 05:34:00+00:00,NSE:BANKNIFTY,55729.05,55760.05,55714.8,55724.0,749798.0
2026-03-09 05:35:00+00:00,NSE:BANKNIFTY,55719.45,55725.3,55701.55,55713.3,437330.0
2026-03-09 05:36:00+00:00,NSE:BANKNIFTY,55714.55,55739.35,55709.7,55726.4,624535.0
2026-03-09 05:37:00+00:00,NSE:BANKNIFTY,55719.3,55720.95,55690.95,55694.15,580248.0
2026-03-09 05:38:00+00:00,NSE:BANKNIFTY,55697.65,55703.0,55677.85,55695.2,475765.0
2026-03-09 05:39:00+00:00,NSE:BANKNIFTY,55704.6,55704.6,55632.05,55637.25,688664.0
2026-03-09 05:40:00+00:00,NSE:BANKNIFTY,55636.4,55646.25,55537.25,55549.7,1483947.0
2026-03-09 05:41:00+00:00,NSE:BANKNIFTY,55544.1,55546.55,55499.0,55527.5,946420.0
2026-03-09 05:42:00+00:00,NSE:BANKNIFTY,55531.1,55550.25,55522.6,55544.7,473063.0
2026-03-09 05:43:00+00:00,NSE:BANKNIFTY,55544.4,55599.1,55539.8,55592.3,358193.0
2026-03-09 05:44:00+00:00,NSE:BANKNIFTY,55595.35,55607.0,55582.2,55605.45,491972.0
2026-03-09 05:45:00+00:00,NSE:BANKNIFTY,55607.0,55607.0,55562.85,55577.35,527266.0
2026-03-09 05:46:00+00:00,NSE:BANKNIFTY,55575.55,55588.75,55542.7,55575.65,659937.0
2026-03-09 05:47:00+00:00,NSE:BANKNIFTY,55572.8,55625.5,55552.8,55608.95,502288.0
2026-03-09 05:48:00+00:00,NSE:BANKNIFTY,55612.8,55670.05,55605.4,55661.8,491075.0
2026-03-09 05:49:00+00:00,NSE:BANKNIFTY,55663.95,55675.35,55658.95,55668.55,419920.0
2026-03-09 05:50:00+00:00,NSE:BANKNIFTY,55670.1,55700.15,55667.4,55698.65,357530.0
2026-03-09 05:51:00+00:00,NSE:BANKNIFTY,55702.2,55729.95,55694.65,55718.5,591212.0
2026-03-09 05:52:00+00:00,NSE:BANKNIFTY,55720.8,55742.1,55712.2,55737.35,1053977.0
2026-03-09 05:53:00+00:00,NSE:BANKNIFTY,55737.05,55793.5,55735.45,55762.85,1187421.0
2026-03-09 05:54:00+00:00,NSE:BANKNIFTY,55760.2,55764.85,55717.15,55732.05,636041.0
2026-03-09 05:55:00+00:00,NSE:BANKNIFTY,55731.25,55742.9,55720.6,55723.0,647758.0
2026-03-09 05:56:00+00:00,NSE:BANKNIFTY,55722.05,55733.5,55697.85,55733.5,763653.0
2026-03-09 05:57:00+00:00,NSE:BANKNIFTY,55731.9,55735.0,55720.0,55730.6,388470.0
2026-03-09 05:58:00+00:00,NSE:BANKNIFTY,55728.6,55845.5,55725.2,55839.8,1805492.0
2026-03-09 05:59:00+00:00,NSE:BANKNIFTY,55840.6,55847.2,55792.5,55816.9,771652.0
2026-03-09 06:00:00+00:00,NSE:BANKNIFTY,55821.3,55856.95,55815.55,55853.65,663018.0
2026-03-09 06:01:00+00:00,NSE:BANKNIFTY,55860.2,55901.6,55859.05,55876.85,1313228.0
2026-03-09 06:02:00+00:00,NSE:BANKNIFTY,55875.35,55876.7,55817.15,55838.85,708375.0
2026-03-09 06:03:00+00:00,NSE:BANKNIFTY,55838.2,55845.3,55790.85,55806.8,754997.0
2026-03-09 06:04:00+00:00,NSE:BANKNIFTY,55806.55,55843.8,55806.55,55834.55,478094.0
2026-03-09 06:05:00+00:00,NSE:BANKNIFTY,55831.75,55849.45,55817.4,55837.0,297688.0
2026-03-09 06:06:00+00:00,NSE:BANKNIFTY,55833.85,55835.85,55812.6,55823.1,341784.0
2026-03-09 06:07:00+00:00,NSE:BANKNIFTY,55824.5,55852.2,55819.95,55842.85,473096.0
2026-03-09 06:08:00+00:00,NSE:BANKNIFTY,55845.75,55861.4,55825.3,55833.75,562774.0
2026-03-09 06:09:00+00:00,NSE:BANKNIFTY,55829.7,55877.85,55828.1,55865.2,548213.0
2026-03-09 06:10:00+00:00,NSE:BANKNIFTY,55863.4,55938.85,55859.9,55929.75,1712866.0
2026-03-09 06:11:00+00:00,NSE:BANKNIFTY,55918.4,55952.75,55918.4,55932.75,992305.0
2026-03-09 06:12:00+00:00,NSE:BANKNIFTY,55923.65,55923.65,55853.95,55859.9,803080.0
2026-03-09 06:13:00+00:00,NSE:BANKNIFTY,55860.6,55892.2,55825.1,55833.95,700864.0
2026-03-09 06:14:00+00:00,NSE:BANKNIFTY,55834.1,55851.3,55820.2,55826.4,597980.0
2026-03-09 06:15:00+00:00,NSE:BANKNIFTY,55824.3,55845.0,55799.0,55801.5,416155.0
2026-03-09 06:16:00+00:00,NSE:BANKNIFTY,55803.35,55803.35,55762.7,55797.9,688010.0
2026-03-09 06:17:00+00:00,NSE:BANKNIFTY,55796.8,55843.85,55796.8,55812.6,1184004.0
2026-03-09 06:18:00+00:00,NSE:BANKNIFTY,55814.65,55815.55,55754.1,55756.1,740808.0
2026-03-09 06:19:00+00:00,NSE:BANKNIFTY,55754.45,55770.05,55734.8,55762.05,722235.0
2026-03-09 06:20:00+00:00,NSE:BANKNIFTY,55763.55,55785.55,55737.8,55782.5,601728.0
2026-03-09 06:21:00+00:00,NSE:BANKNIFTY,55778.05,55784.6,55747.35,55758.75,463994.0
2026-03-09 06:22:00+00:00,NSE:BANKNIFTY,55762.05,55783.9,55754.55,55777.85,518905.0
2026-03-09 06:23:00+00:00,NSE:BANKNIFTY,55774.4,55781.45,55743.8,55758.35,1360437.0
2026-03-09 06:24:00+00:00,NSE:BANKNIFTY,55759.6,55777.5,55745.85,55775.8,545118.0
2026-03-09 06:25:00+00:00,NSE:BANKNIFTY,55778.55,55787.55,55745.0,55752.6,517386.0
2026-03-09 06:26:00+00:00,NSE:BANKNIFTY,55753.3,55762.55,55745.7,55750.0,355827.0
2026-03-09 06:27:00+00:00,NSE:BANKNIFTY,55748.75,55769.85,55734.45,55765.15,536257.0
2026-03-09 06:28:00+00:00,NSE:BANKNIFTY,55763.75,55768.35,55735.25,55739.4,250075.0
2026-03-09 06:29:00+00:00,NSE:BANKNIFTY,55738.9,55758.1,55737.1,55746.5,491065.0
2026-03-09 06:30:00+00:00,NSE:BANKNIFTY,55748.75,55751.7,55705.0,55713.85,1163014.0
2026-03-09 06:31:00+00:00,NSE:BANKNIFTY,55713.1,55732.8,55704.2,55732.8,437343.0
2026-03-09 06:32:00+00:00,NSE:BANKNIFTY,55734.4,55738.25,55715.0,55719.3,404178.0
2026-03-09 06:33:00+00:00,NSE:BANKNIFTY,55717.55,55717.55,55674.6,55685.85,614724.0
2026-03-09 06:34:00+00:00,NSE:BANKNIFTY,55681.05,55735.6,55671.7,55730.95,769239.0
2026-03-09 06:35:00+00:00,NSE:BANKNIFTY,55729.1,55737.25,55709.55,55715.6,460034.0
2026-03-09 06:36:00+00:00,NSE:BANKNIFTY,55713.45,55742.45,55705.7,55719.8,398230.0
2026-03-09 06:37:00+00:00,NSE:BANKNIFTY,55722.75,55736.05,55695.45,55707.3,362326.0
2026-03-09 06:38:00+00:00,NSE:BANKNIFTY,55709.3,55709.3,55689.9,55695.75,394669.0
2026-03-09 06:39:00+00:00,NSE:BANKNIFTY,55695.6,55698.4,55663.6,55663.75,368429.0
2026-03-09 06:40:00+00:00,NSE:BANKNIFTY,55661.75,55672.6,55635.1,55667.95,545977.0
2026-03-09 06:41:00+00:00,NSE:BANKNIFTY,55670.1,55737.45,55668.4,55714.35,505529.0
2026-03-09 06:42:00+00:00,NSE:BANKNIFTY,55718.6,55718.6,55692.2,55699.3,264878.0
2026-03-09 06:43:00+00:00,NSE:BANKNIFTY,55699.45,55705.7,55672.5,55687.75,402270.0
2026-03-09 06:44:00+00:00,NSE:BANKNIFTY,55684.75,55695.35,55674.7,55687.85,293525.0
2026-03-09 06:45:00+00:00,NSE:BANKNIFTY,55686.65,55700.7,55672.75,55695.6,665139.0
2026-03-09 06:46:00+00:00,NSE:BANKNIFTY,55696.05,55698.5,55678.55,55679.7,282758.0
2026-03-09 06:47:00+00:00,NSE:BANKNIFTY,55680.3,55739.1,55677.7,55685.25,1111301.0
2026-03-09 06:48:00+00:00,NSE:BANKNIFTY,55680.7,55710.7,55674.6,55680.85,669547.0
2026-03-09 06:49:00+00:00,NSE:BANKNIFTY,55676.55,55683.6,55663.25,55668.95,346900.0
2026-03-09 06:50:00+00:00,NSE:BANKNIFTY,55671.9,55675.05,55646.35,55656.8,363827.0
2026-03-09 06:51:00+00:00,NSE:BANKNIFTY,55658.25,55676.6,55644.75,55674.6,237093.0
2026-03-09 06:52:00+00:00,NSE:BANKNIFTY,55673.95,55681.75,55645.7,55654.4,541315.0
2026-03-09 06:53:00+00:00,NSE:BANKNIFTY,55653.35,55653.35,55629.1,55639.4,983293.0
2026-03-09 06:54:00+00:00,NSE:BANKNIFTY,55637.3,55694.7,55637.2,55694.7,505067.0
2026-03-09 06:55:00+00:00,NSE:BANKNIFTY,55693.55,55705.6,55666.9,55671.2,307710.0
2026-03-09 06:56:00+00:00,NSE:BANKNIFTY,55668.55,55704.65,55667.75,55702.8,292388.0
2026-03-09 06:57:00+00:00,NSE:BANKNIFTY,55699.95,55706.8,55683.9,55687.8,232090.0
2026-03-09 06:58:00+00:00,NSE:BANKNIFTY,55687.7,55701.1,55680.0,55680.0,284095.0
2026-03-09 06:59:00+00:00,NSE:BANKNIFTY,55676.55,55693.0,55669.25,55690.65,291904.0
2026-03-09 07:00:00+00:00,NSE:BANKNIFTY,55692.8,55721.0,55691.75,55716.3,360755.0
2026-03-09 07:01:00+00:00,NSE:BANKNIFTY,55716.25,55722.2,55674.45,55722.0,466053.0
2026-03-09 07:02:00+00:00,NSE:BANKNIFTY,55723.0,55726.95,55683.15,55689.4,285008.0
2026-03-09 07:03:00+00:00,NSE:BANKNIFTY,55686.7,55691.1,55673.95,55688.45,218297.0
2026-03-09 07:04:00+00:00,NSE:BANKNIFTY,55687.15,55706.75,55646.45,55646.45,426577.0
2026-03-09 07:05:00+00:00,NSE:BANKNIFTY,55645.7,55646.4,55629.45,55637.05,567338.0
2026-03-09 07:06:00+00:00,NSE:BANKNIFTY,55634.3,55661.2,55627.85,55651.9,433482.0
2026-03-09 07:07:00+00:00,NSE:BANKNIFTY,55650.0,55690.15,55650.0,55683.7,422423.0
2026-03-09 07:08:00+00:00,NSE:BANKNIFTY,55686.95,55694.0,55677.6,55693.8,328457.0
2026-03-09 07:09:00+00:00,NSE:BANKNIFTY,55701.7,55743.65,55700.45,55731.1,580983.0
2026-03-09 07:10:00+00:00,NSE:BANKNIFTY,55726.45,55737.9,55715.75,55715.75,406102.0
2026-03-09 07:11:00+00:00,NSE:BANKNIFTY,55715.15,55748.7,55684.7,55732.25,760855.0
2026-03-09 07:12:00+00:00,NSE:BANKNIFTY,55736.5,55746.75,55715.35,55718.25,385074.0
2026-03-09 07:13:00+00:00,NSE:BANKNIFTY,55723.4,55774.05,55716.3,55767.3,423333.0
2026-03-09 07:14:00+00:00,NSE:BANKNIFTY,55763.5,55768.65,55732.6,55739.45,487301.0
2026-03-09 07:15:00+00:00,NSE:BANKNIFTY,55738.35,55766.65,55734.5,55762.55,270264.0
2026-03-09 07:16:00+00:00,NSE:BANKNIFTY,55761.75,55769.25,55745.0,55748.95,351176.0
2026-03-09 07:17:00+00:00,NSE:BANKNIFTY,55750.7,55757.4,55736.9,55744.9,1008003.0
2026-03-09 07:18:00+00:00,NSE:BANKNIFTY,55741.95,55748.75,55691.15,55695.8,682704.0
2026-03-09 07:19:00+00:00,NSE:BANKNIFTY,55694.2,55694.2,55660.85,55676.15,642592.0
2026-03-09 07:20:00+00:00,NSE:BANKNIFTY,55672.65,55697.2,55670.8,55680.65,555246.0
2026-03-09 07:21:00+00:00,NSE:BANKNIFTY,55680.25,55700.95,55673.6,55695.35,369299.0
2026-03-09 07:22:00+00:00,NSE:BANKNIFTY,55699.0,55701.5,55674.9,55682.0,299469.0
2026-03-09 07:23:00+00:00,NSE:BANKNIFTY,55680.85,55746.05,55676.75,55743.9,583798.0
2026-03-09 07:24:00+00:00,NSE:BANKNIFTY,55743.6,55757.25,55732.55,55756.0,473995.0
2026-03-09 07:25:00+00:00,NSE:BANKNIFTY,55754.4,55755.75,55710.55,55741.15,588058.0
2026-03-09 07:26:00+00:00,NSE:BANKNIFTY,55737.15,55760.4,55734.4,55755.4,606103.0
2026-03-09 07:27:00+00:00,NSE:BANKNIFTY,55750.55,55821.85,55745.2,55795.6,828683.0
2026-03-09 07:28:00+00:00,NSE:BANKNIFTY,55787.1,55801.6,55758.45,55782.75,580012.0
2026-03-09 07:29:00+00:00,NSE:BANKNIFTY,55777.6,55811.6,55777.6,55808.45,412686.0
2026-03-09 07:30:00+00:00,NSE:BANKNIFTY,55805.9,55815.9,55786.3,55787.8,375056.0
2026-03-09 07:31:00+00:00,NSE:BANKNIFTY,55781.7,55816.55,55769.5,55816.55,445301.0
2026-03-09 07:32:00+00:00,NSE:BANKNIFTY,55813.15,55821.55,55784.2,55808.3,758408.0
2026-03-09 07:33:00+00:00,NSE:BANKNIFTY,55807.75,55837.25,55782.4,55813.85,739195.0
2026-03-09 07:34:00+00:00,NSE:BANKNIFTY,55813.3,55827.0,55752.9,55818.8,678891.0
2026-03-09 07:35:00+00:00,NSE:BANKNIFTY,55813.6,55826.05,55776.0,55794.7,656288.0
2026-03-09 07:36:00+00:00,NSE:BANKNIFTY,55789.35,55804.05,55772.6,55776.8,517326.0
2026-03-09 07:37:00+00:00,NSE:BANKNIFTY,55775.1,55779.2,55757.3,55772.25,390614.0
2026-03-09 07:38:00+00:00,NSE:BANKNIFTY,55770.25,55775.9,55743.25,55752.25,319508.0
2026-03-09 07:39:00+00:00,NSE:BANKNIFTY,55748.75,55774.45,55743.5,55753.2,549338.0
2026-03-09 07:40:00+00:00,NSE:BANKNIFTY,55754.45,55756.45,55741.6,55749.95,554430.0
2026-03-09 07:41:00+00:00,NSE:BANKNIFTY,55744.9,55749.15,55725.0,55729.75,299292.0
2026-03-09 07:42:00+00:00,NSE:BANKNIFTY,55725.85,55745.25,55715.95,55740.65,398966.0
2026-03-09 07:43:00+00:00,NSE:BANKNIFTY,55735.1,55740.95,55665.7,55668.85,705720.0
2026-03-09 07:44:00+00:00,NSE:BANKNIFTY,55670.5,55700.8,55653.7,55690.65,790739.0
2026-03-09 07:45:00+00:00,NSE:BANKNIFTY,55689.2,55717.95,55686.95,55704.45,589606.0
2026-03-09 07:46:00+00:00,NSE:BANKNIFTY,55703.3,55710.1,55674.4,55677.45,557767.0
2026-03-09 07:47:00+00:00,NSE:BANKNIFTY,55678.7,55680.0,55649.5,55660.05,538847.0
2026-03-09 07:48:00+00:00,NSE:BANKNIFTY,55654.15,55665.25,55644.8,55647.0,539184.0
2026-03-09 07:49:00+00:00,NSE:BANKNIFTY,55647.15,55690.9,55642.2,55684.8,829619.0
2026-03-09 07:50:00+00:00,NSE:BANKNIFTY,55687.1,55779.35,55670.3,55778.75,969229.0
2026-03-09 07:51:00+00:00,NSE:BANKNIFTY,55780.95,55781.2,55682.95,55690.75,524971.0
2026-03-09 07:52:00+00:00,NSE:BANKNIFTY,55691.5,55716.9,55684.9,55689.75,396120.0
2026-03-09 07:53:00+00:00,NSE:BANKNIFTY,55690.15,55730.1,55676.95,55705.85,561913.0
2026-03-09 07:54:00+00:00,NSE:BANKNIFTY,55708.15,55718.45,55678.85,55682.55,252470.0
2026-03-09 07:55:00+00:00,NSE:BANKNIFTY,55676.2,55710.1,55661.85,55694.2,613236.0
2026-03-09 07:56:00+00:00,NSE:BANKNIFTY,55699.0,55771.25,55697.8,55767.45,599896.0
2026-03-09 07:57:00+00:00,NSE:BANKNIFTY,55769.7,55786.65,55743.15,55767.15,582495.0
2026-03-09 07:58:00+00:00,NSE:BANKNIFTY,55770.65,55780.25,55755.9,55774.85,918658.0
2026-03-09 07:59:00+00:00,NSE:BANKNIFTY,55771.0,55792.05,55716.45,55722.95,585485.0
2026-03-09 08:00:00+00:00,NSE:BANKNIFTY,55723.05,55767.9,55723.05,55754.3,402647.0
2026-03-09 08:01:00+00:00,NSE:BANKNIFTY,55754.0,55793.1,55748.1,55780.6,473705.0
2026-03-09 08:02:00+00:00,NSE:BANKNIFTY,55780.05,55799.6,55774.35,55782.95,780573.0
2026-03-09 08:03:00+00:00,NSE:BANKNIFTY,55784.45,55894.9,55778.9,55880.45,1584067.0
2026-03-09 08:04:00+00:00,NSE:BANKNIFTY,55879.05,55893.05,55835.25,55836.4,1342046.0
2026-03-09 08:05:00+00:00,NSE:BANKNIFTY,55835.35,55835.35,55804.35,55831.85,489857.0
2026-03-09 08:06:00+00:00,NSE:BANKNIFTY,55830.65,55834.05,55788.85,55795.15,1006321.0
2026-03-09 08:07:00+00:00,NSE:BANKNIFTY,55794.85,55811.85,55781.85,55811.85,416956.0
2026-03-09 08:08:00+00:00,NSE:BANKNIFTY,55812.3,55825.5,55804.2,55817.6,421852.0
2026-03-09 08:09:00+00:00,NSE:BANKNIFTY,55818.35,55854.55,55815.3,55834.65,621216.0
2026-03-09 08:10:00+00:00,NSE:BANKNIFTY,55834.45,55860.3,55823.65,55832.35,581902.0
2026-03-09 08:11:00+00:00,NSE:BANKNIFTY,55832.85,55853.8,55812.75,55841.45,646263.0
2026-03-09 08:12:00+00:00,NSE:BANKNIFTY,55838.65,55842.3,55817.6,55821.95,359116.0
2026-03-09 08:13:00+00:00,NSE:BANKNIFTY,55818.85,55844.85,55803.75,55842.05,467456.0
2026-03-09 08:14:00+00:00,NSE:BANKNIFTY,55841.05,55861.9,55826.3,55828.95,683222.0
2026-03-09 08:15:00+00:00,NSE:BANKNIFTY,55824.15,55828.65,55793.5,55799.65,1032290.0
2026-03-09 08:16:00+00:00,NSE:BANKNIFTY,55798.7,55798.7,55746.8,55746.8,451066.0
2026-03-09 08:17:00+00:00,NSE:BANKNIFTY,55748.45,55780.25,55742.8,55777.5,443880.0
2026-03-09 08:18:00+00:00,NSE:BANKNIFTY,55780.05,55815.4,55758.65,55769.45,396284.0
2026-03-09 08:19:00+00:00,NSE:BANKNIFTY,55769.6,55769.6,55748.0,55748.4,1157262.0
2026-03-09 08:20:00+00:00,NSE:BANKNIFTY,55750.55,55763.55,55738.05,55756.85,481326.0
2026-03-09 08:21:00+00:00,NSE:BANKNIFTY,55753.9,55755.7,55740.9,55750.2,252500.0
2026-03-09 08:22:00+00:00,NSE:BANKNIFTY,55749.55,55797.2,55743.7,55793.85,643991.0
2026-03-09 08:23:00+00:00,NSE:BANKNIFTY,55796.4,55796.4,55769.45,55771.7,284116.0
2026-03-09 08:24:00+00:00,NSE:BANKNIFTY,55771.3,55774.2,55753.3,55771.55,308959.0
2026-03-09 08:25:00+00:00,NSE:BANKNIFTY,55771.85,55792.15,55759.6,55785.25,368188.0
2026-03-09 08:26:00+00:00,NSE:BANKNIFTY,55785.9,55793.8,55777.55,55780.65,387177.0
2026-03-09 08:27:00+00:00,NSE:BANKNIFTY,55781.55,55788.95,55770.05,55787.3,277178.0
2026-03-09 08:28:00+00:00,NSE:BANKNIFTY,55785.6,55790.65,55716.4,55719.8,297525.0
2026-03-09 08:29:00+00:00,NSE:BANKNIFTY,55718.45,55718.45,55694.95,55700.65,487810.0
2026-03-09 08:30:00+00:00,NSE:BANKNIFTY,55701.75,55711.2,55675.65,55676.05,374571.0
2026-03-09 08:31:00+00:00,NSE:BANKNIFTY,55677.95,55681.15,55660.85,55680.3,416204.0
2026-03-09 08:32:00+00:00,NSE:BANKNIFTY,55680.4,55685.0,55644.95,55662.2,643467.0
2026-03-09 08:33:00+00:00,NSE:BANKNIFTY,55663.4,55712.75,55661.95,55683.0,361775.0
2026-03-09 08:34:00+00:00,NSE:BANKNIFTY,55679.65,55686.6,55652.65,55684.4,569714.0
2026-03-09 08:35:00+00:00,NSE:BANKNIFTY,55684.95,55692.0,55662.8,55664.3,303722.0
2026-03-09 08:36:00+00:00,NSE:BANKNIFTY,55661.7,55685.75,55656.85,55669.15,311891.0
2026-03-09 08:37:00+00:00,NSE:BANKNIFTY,55668.5,55685.95,55652.7,55685.75,425542.0
2026-03-09 08:38:00+00:00,NSE:BANKNIFTY,55703.95,55714.5,55669.0,55687.2,293187.0
2026-03-09 08:39:00+00:00,NSE:BANKNIFTY,55690.45,55702.25,55681.9,55690.45,286345.0
2026-03-09 08:40:00+00:00,NSE:BANKNIFTY,55688.3,55718.55,55681.4,55714.45,376747.0
2026-03-09 08:41:00+00:00,NSE:BANKNIFTY,55709.45,55714.25,55677.9,55683.4,390621.0
2026-03-09 08:42:00+00:00,NSE:BANKNIFTY,55679.7,55694.0,55647.85,55690.1,702607.0
2026-03-09 08:43:00+00:00,NSE:BANKNIFTY,55689.55,55696.35,55658.55,55660.25,446826.0
2026-03-09 08:44:00+00:00,NSE:BANKNIFTY,55662.4,55662.4,55642.1,55647.65,359326.0
2026-03-09 08:45:00+00:00,NSE:BANKNIFTY,55662.0,55669.55,55611.65,55615.95,1305357.0
2026-03-09 08:46:00+00:00,NSE:BANKNIFTY,55611.5,55637.15,55607.35,55619.8,423688.0
2026-03-09 08:47:00+00:00,NSE:BANKNIFTY,55620.1,55622.85,55603.05,55604.8,381274.0
2026-03-09 08:48:00+00:00,NSE:BANKNIFTY,55609.2,55663.2,55601.45,55637.65,418780.0
2026-03-09 08:49:00+00:00,NSE:BANKNIFTY,55638.75,55638.75,55617.1,55624.2,497932.0
2026-03-09 08:50:00+00:00,NSE:BANKNIFTY,55618.9,55623.25,55596.15,55606.85,1010071.0
2026-03-09 08:51:00+00:00,NSE:BANKNIFTY,55602.45,55642.6,55597.0,55625.75,563031.0
2026-03-09 08:52:00+00:00,NSE:BANKNIFTY,55623.45,55693.2,55620.05,55692.5,1001912.0
2026-03-09 08:53:00+00:00,NSE:BANKNIFTY,55694.15,55697.3,55682.35,55689.45,468173.0
2026-03-09 08:54:00+00:00,NSE:BANKNIFTY,55687.95,55710.6,55684.75,55692.7,289498.0
2026-03-09 08:55:00+00:00,NSE:BANKNIFTY,55692.65,55742.35,55681.65,55740.3,799262.0
2026-03-09 08:56:00+00:00,NSE:BANKNIFTY,55741.1,55752.0,55687.35,55718.9,603012.0
2026-03-09 08:57:00+00:00,NSE:BANKNIFTY,55721.35,55747.9,55718.65,55742.15,532387.0
2026-03-09 08:58:00+00:00,NSE:BANKNIFTY,55742.6,55742.6,55695.3,55695.3,337906.0
2026-03-09 08:59:00+00:00,NSE:BANKNIFTY,55695.6,55719.95,55692.85,55704.15,769223.0
2026-03-09 09:00:00+00:00,NSE:BANKNIFTY,55701.5,55727.65,55678.6,55681.25,452296.0
2026-03-09 09:01:00+00:00,NSE:BANKNIFTY,55682.05,55722.95,55681.5,55722.0,322563.0
2026-03-09 09:02:00+00:00,NSE:BANKNIFTY,55722.25,55752.35,55722.25,55752.25,936867.0
2026-03-09 09:03:00+00:00,NSE:BANKNIFTY,55753.5,55753.5,55708.35,55709.95,532918.0
2026-03-09 09:04:00+00:00,NSE:BANKNIFTY,55710.75,55721.7,55683.7,55689.35,668767.0
2026-03-09 09:05:00+00:00,NSE:BANKNIFTY,55685.5,55693.95,55653.9,55690.1,973437.0
2026-03-09 09:06:00+00:00,NSE:BANKNIFTY,55688.15,55702.25,55674.75,55688.35,577757.0
2026-03-09 09:07:00+00:00,NSE:BANKNIFTY,55685.65,55706.1,55685.65,55703.2,469616.0
2026-03-09 09:08:00+00:00,NSE:BANKNIFTY,55709.65,55752.7,55693.25,55719.7,1004564.0
2026-03-09 09:09:00+00:00,NSE:BANKNIFTY,55720.6,55748.65,55716.35,55748.65,519070.0
2026-03-09 09:10:00+00:00,NSE:BANKNIFTY,55747.85,55765.3,55747.45,55756.4,1633108.0
2026-03-09 09:11:00+00:00,NSE:BANKNIFTY,55752.05,55752.05,55714.85,55735.55,629297.0
2026-03-09 09:12:00+00:00,NSE:BANKNIFTY,55735.1,55776.15,55734.5,55773.2,1648730.0
2026-03-09 09:13:00+00:00,NSE:BANKNIFTY,55776.5,55827.6,55776.5,55817.4,2037822.0
2026-03-09 09:14:00+00:00,NSE:BANKNIFTY,55818.6,55838.95,55766.2,55792.7,905131.0
2026-03-09 09:15:00+00:00,NSE:BANKNIFTY,55791.75,55858.35,55767.0,55858.35,718834.0
2026-03-09 09:16:00+00:00,NSE:BANKNIFTY,55862.15,55961.75,55862.15,55944.3,2876384.0
2026-03-09 09:17:00+00:00,NSE:BANKNIFTY,55940.85,55970.85,55918.75,55945.85,1666950.0
2026-03-09 09:18:00+00:00,NSE:BANKNIFTY,55944.75,55971.75,55935.8,55962.0,1694788.0
2026-03-09 09:19:00+00:00,NSE:BANKNIFTY,55960.75,55960.75,55865.5,55884.2,1018159.0
2026-03-09 09:20:00+00:00,NSE:BANKNIFTY,55891.55,55923.8,55888.15,55905.4,1048225.0
2026-03-09 09:21:00+00:00,NSE:BANKNIFTY,55896.65,55927.35,55892.2,55920.75,1075429.0
2026-03-09 09:22:00+00:00,NSE:BANKNIFTY,55923.45,55938.05,55873.25,55873.25,1372947.0
2026-03-09 09:23:00+00:00,NSE:BANKNIFTY,55873.35,55881.45,55846.05,55874.45,1439475.0
2026-03-09 09:24:00+00:00,NSE:BANKNIFTY,55876.05,55955.55,55876.05,55952.45,1524352.0
2026-03-09 09:25:00+00:00,NSE:BANKNIFTY,55953.1,55971.9,55944.7,55956.1,1114421.0
2026-03-09 09:26:00+00:00,NSE:BANKNIFTY,55955.95,55969.4,55934.8,55940.65,605036.0
2026-03-09 09:27:00+00:00,NSE:BANKNIFTY,55940.2,55940.2,55893.15,55925.45,698019.0
2026-03-09 09:28:00+00:00,NSE:BANKNIFTY,55927.75,55939.5,55920.35,55932.35,562852.0
2026-03-09 09:29:00+00:00,NSE:BANKNIFTY,55933.95,55933.95,55901.3,55929.65,832631.0
2026-03-09 09:30:00+00:00,NSE:BANKNIFTY,55936.25,55941.4,55875.85,55878.9,2068220.0
2026-03-09 09:31:00+00:00,NSE:BANKNIFTY,55882.3,55912.4,55858.35,55904.9,1630098.0
2026-03-09 09:32:00+00:00,NSE:BANKNIFTY,55910.3,55940.1,55893.4,55938.55,1353950.0
2026-03-09 09:33:00+00:00,NSE:BANKNIFTY,55944.8,56027.3,55940.95,56013.65,2763852.0
2026-03-09 09:34:00+00:00,NSE:BANKNIFTY,56015.7,56028.7,56009.2,56009.2,1446220.0
2026-03-09 09:35:00+00:00,NSE:BANKNIFTY,56012.1,56027.2,55993.5,56020.75,1895636.0
2026-03-09 09:36:00+00:00,NSE:BANKNIFTY,56021.85,56063.95,56020.7,56034.25,2169926.0
2026-03-09 09:37:00+00:00,NSE:BANKNIFTY,56032.8,56039.55,55976.8,55984.55,1175626.0
2026-03-09 09:38:00+00:00,NSE:BANKNIFTY,55986.4,55986.7,55963.85,55980.75,948306.0
2026-03-09 09:39:00+00:00,NSE:BANKNIFTY,55983.5,55997.1,55974.9,55993.4,949331.0
2026-03-09 09:40:00+00:00,NSE:BANKNIFTY,55996.25,56009.35,55973.9,56009.35,1626322.0
2026-03-09 09:41:00+00:00,NSE:BANKNIFTY,56010.95,56048.75,56009.9,56033.95,1750517.0
2026-03-09 09:42:00+00:00,NSE:BANKNIFTY,56035.5,56087.5,56035.5,56080.0,1514452.0
2026-03-09 09:43:00+00:00,NSE:BANKNIFTY,56080.05,56094.0,56059.15,56065.2,1182797.0
2026-03-09 09:44:00+00:00,NSE:BANKNIFTY,56070.5,56089.7,56055.15,56082.5,1090722.0
2026-03-09 09:45:00+00:00,NSE:BANKNIFTY,56084.5,56097.5,56069.8,56075.55,1521424.0
2026-03-09 09:46:00+00:00,NSE:BANKNIFTY,56079.75,56079.75,56038.4,56044.9,1462604.0
2026-03-09 09:47:00+00:00,NSE:BANKNIFTY,56045.95,56049.05,56023.05,56044.3,1328323.0
2026-03-09 09:48:00+00:00,NSE:BANKNIFTY,56046.9,56049.8,56022.6,56039.9,1646065.0
2026-03-09 09:49:00+00:00,NSE:BANKNIFTY,56047.2,56070.05,56037.5,56057.5,1105709.0
2026-03-09 09:50:00+00:00,NSE:BANKNIFTY,56059.45,56059.45,55996.4,55998.85,1596953.0
2026-03-09 09:51:00+00:00,NSE:BANKNIFTY,56002.1,56023.35,55994.8,56018.5,1461264.0
2026-03-09 09:52:00+00:00,NSE:BANKNIFTY,56018.75,56042.2,56014.9,56039.5,1150957.0
2026-03-09 09:53:00+00:00,NSE:BANKNIFTY,56040.85,56051.05,56030.2,56036.6,1679105.0
2026-03-09 09:54:00+00:00,NSE:BANKNIFTY,56039.8,56040.5,56018.55,56038.2,1648753.0
2026-03-09 09:55:00+00:00,NSE:BANKNIFTY,56039.4,56039.4,56007.65,56035.5,2377840.0
2026-03-09 09:56:00+00:00,NSE:BANKNIFTY,56037.1,56055.15,56030.0,56030.25,1064147.0
2026-03-09 09:57:00+00:00,NSE:BANKNIFTY,56032.4,56033.3,56009.85,56018.45,1493831.0
2026-03-09 09:58:00+00:00,NSE:BANKNIFTY,56017.6,56017.6,55992.15,55992.15,1214770.0
2026-03-09 09:59:00+00:00,NSE:BANKNIFTY,55997.3,56032.25,55987.95,55998.6,1009031.0
2026-03-10 03:45:00+00:00,NSE:BANKNIFTY,56695.95,56745.65,56526.3,56628.7,12180957.0
2026-03-10 03:46:00+00:00,NSE:BANKNIFTY,56629.9,56668.35,56599.6,56659.7,4261736.0
2026-03-10 03:47:00+00:00,NSE:BANKNIFTY,56657.75,56667.5,56565.85,56614.25,2441219.0
2026-03-10 03:48:00+00:00,NSE:BANKNIFTY,56615.7,56632.9,56568.6,56568.6,3457598.0
2026-03-10 03:49:00+00:00,NSE:BANKNIFTY,56563.75,56581.7,56539.1,56550.45,2479205.0
2026-03-10 03:50:00+00:00,NSE:BANKNIFTY,56548.8,56567.15,56520.6,56538.8,2825291.0
2026-03-10 03:51:00+00:00,NSE:BANKNIFTY,56538.45,56538.45,56445.55,56461.4,2872748.0
2026-03-10 03:52:00+00:00,NSE:BANKNIFTY,56459.1,56518.7,56459.1,56486.15,2681315.0
2026-03-10 03:53:00+00:00,NSE:BANKNIFTY,56486.0,56509.45,56470.45,56485.0,1922057.0
2026-03-10 03:54:00+00:00,NSE:BANKNIFTY,56483.75,56501.85,56469.1,56469.1,2082162.0
2026-03-10 03:55:00+00:00,NSE:BANKNIFTY,56471.9,56496.45,56423.4,56427.95,3271011.0
2026-03-10 03:56:00+00:00,NSE:BANKNIFTY,56421.65,56441.75,56387.85,56400.4,2360549.0
2026-03-10 03:57:00+00:00,NSE:BANKNIFTY,56404.3,56495.7,56397.75,56476.95,2160769.0
2026-03-10 03:58:00+00:00,NSE:BANKNIFTY,56475.1,56555.0,56452.9,56549.4,2704896.0
2026-03-10 03:59:00+00:00,NSE:BANKNIFTY,56553.9,56594.85,56539.1,56568.05,2110137.0
2026-03-10 04:00:00+00:00,NSE:BANKNIFTY,56575.95,56593.0,56518.4,56527.55,2396265.0
2026-03-10 04:01:00+00:00,NSE:BANKNIFTY,56527.25,56533.2,56480.75,56527.8,2246789.0
2026-03-10 04:02:00+00:00,NSE:BANKNIFTY,56530.25,56581.7,56529.1,56556.75,1071111.0
2026-03-10 04:03:00+00:00,NSE:BANKNIFTY,56546.6,56568.0,56539.7,56549.5,1275471.0
2026-03-10 04:04:00+00:00,NSE:BANKNIFTY,56542.9,56556.2,56512.15,56514.7,931960.0
2026-03-10 04:05:00+00:00,NSE:BANKNIFTY,56515.5,56515.7,56489.85,56505.9,1481012.0
2026-03-10 04:06:00+00:00,NSE:BANKNIFTY,56506.3,56509.35,56420.15,56437.3,1407732.0
2026-03-10 04:07:00+00:00,NSE:BANKNIFTY,56435.65,56511.55,56432.5,56492.7,907106.0
2026-03-10 04:08:00+00:00,NSE:BANKNIFTY,56492.3,56492.3,56458.9,56463.25,1056886.0
2026-03-10 04:09:00+00:00,NSE:BANKNIFTY,56461.5,56469.25,56416.65,56426.45,1617114.0
2026-03-10 04:10:00+00:00,NSE:BANKNIFTY,56421.3,56451.8,56418.65,56429.35,1981557.0
2026-03-10 04:11:00+00:00,NSE:BANKNIFTY,56425.35,56426.45,56394.95,56402.4,1666811.0
2026-03-10 04:12:00+00:00,NSE:BANKNIFTY,56398.9,56437.85,56387.2,56437.85,1034543.0
2026-03-10 04:13:00+00:00,NSE:BANKNIFTY,56436.5,56479.45,56430.2,56477.6,1093113.0
2026-03-10 04:14:00+00:00,NSE:BANKNIFTY,56474.25,56547.65,56463.6,56546.85,824395.0
2026-03-10 04:15:00+00:00,NSE:BANKNIFTY,56546.4,56558.75,56499.05,56541.9,2039956.0
2026-03-10 04:16:00+00:00,NSE:BANKNIFTY,56537.65,56577.7,56523.25,56569.35,1641789.0
2026-03-10 04:17:00+00:00,NSE:BANKNIFTY,56570.05,56575.55,56528.1,56532.1,1139830.0
2026-03-10 04:18:00+00:00,NSE:BANKNIFTY,56533.95,56540.1,56510.9,56534.8,1021974.0
2026-03-10 04:19:00+00:00,NSE:BANKNIFTY,56530.8,56552.25,56524.6,56527.2,596437.0
2026-03-10 04:20:00+00:00,NSE:BANKNIFTY,56527.85,56539.55,56507.65,56527.8,913018.0
2026-03-10 04:21:00+00:00,NSE:BANKNIFTY,56527.2,56527.95,56495.7,56498.2,824551.0
2026-03-10 04:22:00+00:00,NSE:BANKNIFTY,56500.45,56543.7,56498.5,56543.7,523542.0
2026-03-10 04:23:00+00:00,NSE:BANKNIFTY,56543.95,56566.35,56540.75,56557.35,790561.0
2026-03-10 04:24:00+00:00,NSE:BANKNIFTY,56556.4,56556.4,56518.1,56550.15,642674.0
2026-03-10 04:25:00+00:00,NSE:BANKNIFTY,56552.7,56552.7,56535.15,56540.75,704230.0
2026-03-10 04:26:00+00:00,NSE:BANKNIFTY,56538.45,56548.75,56518.8,56521.35,473846.0
2026-03-10 04:27:00+00:00,NSE:BANKNIFTY,56519.35,56522.25,56459.9,56484.85,573710.0
2026-03-10 04:28:00+00:00,NSE:BANKNIFTY,56483.85,56488.35,56451.15,56451.15,437864.0
2026-03-10 04:29:00+00:00,NSE:BANKNIFTY,56450.05,56476.0,56429.65,56470.85,490619.0
2026-03-10 04:30:00+00:00,NSE:BANKNIFTY,56467.9,56497.05,56460.2,56497.05,408125.0
2026-03-10 04:31:00+00:00,NSE:BANKNIFTY,56497.75,56535.25,56489.2,56527.85,642953.0
2026-03-10 04:32:00+00:00,NSE:BANKNIFTY,56529.05,56574.05,56525.85,56563.55,770572.0
2026-03-10 04:33:00+00:00,NSE:BANKNIFTY,56561.15,56580.3,56557.6,56566.3,523228.0
2026-03-10 04:34:00+00:00,NSE:BANKNIFTY,56562.05,56582.75,56547.55,56582.4,587048.0
2026-03-10 04:35:00+00:00,NSE:BANKNIFTY,56576.35,56596.9,56559.0,56559.75,423345.0
2026-03-10 04:36:00+00:00,NSE:BANKNIFTY,56556.95,56560.05,56543.5,56557.8,396220.0
2026-03-10 04:37:00+00:00,NSE:BANKNIFTY,56557.65,56570.25,56548.85,56559.1,458433.0
2026-03-10 04:38:00+00:00,NSE:BANKNIFTY,56556.95,56605.7,56554.1,56602.85,1054143.0
2026-03-10 04:39:00+00:00,NSE:BANKNIFTY,56603.25,56603.25,56572.65,56586.3,660831.0
2026-03-10 04:40:00+00:00,NSE:BANKNIFTY,56586.65,56597.6,56562.85,56596.35,719735.0
2026-03-10 04:41:00+00:00,NSE:BANKNIFTY,56597.2,56600.05,56571.8,56587.0,617465.0
2026-03-10 04:42:00+00:00,NSE:BANKNIFTY,56587.15,56624.15,56586.1,56610.25,628935.0
2026-03-10 04:43:00+00:00,NSE:BANKNIFTY,56605.15,56615.55,56602.55,56604.85,364699.0
2026-03-10 04:44:00+00:00,NSE:BANKNIFTY,56603.2,56676.35,56603.2,56659.0,723048.0
2026-03-10 04:45:00+00:00,NSE:BANKNIFTY,56658.75,56763.0,56655.15,56746.45,844926.0
2026-03-10 04:46:00+00:00,NSE:BANKNIFTY,56742.6,56802.9,56732.95,56802.9,1369002.0
2026-03-10 04:47:00+00:00,NSE:BANKNIFTY,56797.9,56859.9,56793.05,56849.3,1898052.0
2026-03-10 04:48:00+00:00,NSE:BANKNIFTY,56848.15,56861.0,56810.95,56832.55,1769565.0
2026-03-10 04:49:00+00:00,NSE:BANKNIFTY,56836.5,56859.8,56818.75,56849.65,740461.0
2026-03-10 04:50:00+00:00,NSE:BANKNIFTY,56848.4,56861.95,56808.65,56820.5,580678.0
2026-03-10 04:51:00+00:00,NSE:BANKNIFTY,56821.8,56821.8,56767.9,56778.1,606287.0
2026-03-10 04:52:00+00:00,NSE:BANKNIFTY,56777.95,56779.45,56716.7,56737.5,496823.0
2026-03-10 04:53:00+00:00,NSE:BANKNIFTY,56731.25,56734.3,56706.15,56718.35,653513.0
2026-03-10 04:54:00+00:00,NSE:BANKNIFTY,56715.55,56753.15,56715.05,56743.5,373385.0
2026-03-10 04:55:00+00:00,NSE:BANKNIFTY,56745.25,56762.9,56735.9,56745.35,547440.0
2026-03-10 04:56:00+00:00,NSE:BANKNIFTY,56739.4,56750.1,56731.9,56731.9,415256.0
2026-03-10 04:57:00+00:00,NSE:BANKNIFTY,56732.6,56746.75,56708.05,56716.85,430478.0
2026-03-10 04:58:00+00:00,NSE:BANKNIFTY,56714.7,56773.65,56711.0,56773.65,1572671.0
2026-03-10 04:59:00+00:00,NSE:BANKNIFTY,56765.15,56771.05,56728.55,56737.3,803479.0
2026-03-10 05:00:00+00:00,NSE:BANKNIFTY,56736.5,56751.5,56725.45,56748.4,559783.0
2026-03-10 05:01:00+00:00,NSE:BANKNIFTY,56747.55,56782.65,56740.85,56772.85,1005197.0
2026-03-10 05:02:00+00:00,NSE:BANKNIFTY,56771.35,56798.95,56763.3,56794.35,578662.0
2026-03-10 05:03:00+00:00,NSE:BANKNIFTY,56796.1,56828.5,56783.2,56828.5,1188705.0
2026-03-10 05:04:00+00:00,NSE:BANKNIFTY,56826.9,56835.85,56795.0,56805.8,638668.0
2026-03-10 05:05:00+00:00,NSE:BANKNIFTY,56809.5,56813.7,56791.7,56813.7,370550.0
2026-03-10 05:06:00+00:00,NSE:BANKNIFTY,56809.7,56826.25,56806.7,56814.25,489904.0
2026-03-10 05:07:00+00:00,NSE:BANKNIFTY,56812.15,56812.15,56781.85,56794.0,492882.0
2026-03-10 05:08:00+00:00,NSE:BANKNIFTY,56797.4,56798.75,56788.35,56796.25,315568.0
2026-03-10 05:09:00+00:00,NSE:BANKNIFTY,56797.1,56813.85,56787.55,56807.15,438300.0
2026-03-10 05:10:00+00:00,NSE:BANKNIFTY,56808.3,56848.15,56804.1,56832.15,756355.0
2026-03-10 05:11:00+00:00,NSE:BANKNIFTY,56836.65,56861.4,56833.3,56861.4,629122.0
2026-03-10 05:12:00+00:00,NSE:BANKNIFTY,56859.25,56905.55,56859.25,56876.05,1566548.0
2026-03-10 05:13:00+00:00,NSE:BANKNIFTY,56877.55,56891.05,56864.0,56871.9,1204758.0
2026-03-10 05:14:00+00:00,NSE:BANKNIFTY,56870.45,56874.9,56849.4,56871.5,976637.0
2026-03-10 05:15:00+00:00,NSE:BANKNIFTY,56869.7,56917.1,56868.95,56892.05,3851079.0
2026-03-10 05:16:00+00:00,NSE:BANKNIFTY,56895.25,56908.5,56877.75,56908.5,1693950.0
2026-03-10 05:17:00+00:00,NSE:BANKNIFTY,56905.25,56926.6,56901.6,56918.9,796178.0
2026-03-10 05:18:00+00:00,NSE:BANKNIFTY,56909.95,56941.5,56908.15,56937.7,784820.0
2026-03-10 05:19:00+00:00,NSE:BANKNIFTY,56936.2,56936.9,56906.5,56912.3,848850.0
2026-03-10 05:20:00+00:00,NSE:BANKNIFTY,56912.75,56924.65,56900.65,56924.65,678415.0
2026-03-10 05:21:00+00:00,NSE:BANKNIFTY,56925.65,56933.2,56885.55,56885.55,1080228.0
2026-03-10 05:22:00+00:00,NSE:BANKNIFTY,56887.4,56887.8,56843.55,56845.15,1243278.0
2026-03-10 05:23:00+00:00,NSE:BANKNIFTY,56846.1,56846.1,56798.35,56819.25,748798.0
2026-03-10 05:24:00+00:00,NSE:BANKNIFTY,56818.0,56821.1,56796.8,56817.8,1094250.0
2026-03-10 05:25:00+00:00,NSE:BANKNIFTY,56818.05,56835.65,56807.15,56807.6,483380.0
2026-03-10 05:26:00+00:00,NSE:BANKNIFTY,56804.3,56814.05,56776.95,56780.5,431013.0
2026-03-10 05:27:00+00:00,NSE:BANKNIFTY,56780.45,56813.8,56776.05,56804.35,459531.0
2026-03-10 05:28:00+00:00,NSE:BANKNIFTY,56807.15,56820.55,56799.7,56810.35,481757.0
2026-03-10 05:29:00+00:00,NSE:BANKNIFTY,56811.85,56814.05,56798.85,56806.2,301119.0
2026-03-10 05:30:00+00:00,NSE:BANKNIFTY,56804.95,56828.8,56803.65,56825.5,428620.0
2026-03-10 05:31:00+00:00,NSE:BANKNIFTY,56822.05,56837.8,56802.45,56825.4,498044.0
2026-03-10 05:32:00+00:00,NSE:BANKNIFTY,56824.85,56832.75,56786.85,56786.85,426465.0
2026-03-10 05:33:00+00:00,NSE:BANKNIFTY,56782.4,56811.1,56773.15,56809.3,453679.0
2026-03-10 05:34:00+00:00,NSE:BANKNIFTY,56809.1,56829.1,56809.1,56818.2,469120.0
2026-03-10 05:35:00+00:00,NSE:BANKNIFTY,56817.3,56820.45,56801.85,56818.75,446812.0
2026-03-10 05:36:00+00:00,NSE:BANKNIFTY,56821.4,56833.7,56818.3,56831.75,325844.0
2026-03-10 05:37:00+00:00,NSE:BANKNIFTY,56831.45,56839.45,56803.75,56808.4,581143.0
2026-03-10 05:38:00+00:00,NSE:BANKNIFTY,56810.4,56828.8,56809.4,56828.8,661854.0
2026-03-10 05:39:00+00:00,NSE:BANKNIFTY,56826.5,56866.4,56826.15,56862.3,467228.0
2026-03-10 05:40:00+00:00,NSE:BANKNIFTY,56862.45,56868.4,56838.75,56844.4,625525.0
2026-03-10 05:41:00+00:00,NSE:BANKNIFTY,56843.7,56864.55,56843.25,56851.45,560842.0
2026-03-10 05:42:00+00:00,NSE:BANKNIFTY,56854.6,56860.65,56838.7,56856.85,601265.0
2026-03-10 05:43:00+00:00,NSE:BANKNIFTY,56857.95,56868.65,56848.55,56861.75,469736.0
2026-03-10 05:44:00+00:00,NSE:BANKNIFTY,56864.0,56875.65,56854.65,56870.05,570441.0
2026-03-10 05:45:00+00:00,NSE:BANKNIFTY,56872.6,56914.3,56868.4,56914.3,538294.0
2026-03-10 05:46:00+00:00,NSE:BANKNIFTY,56911.4,56911.8,56884.85,56896.2,891989.0
2026-03-10 05:47:00+00:00,NSE:BANKNIFTY,56896.9,56910.5,56871.15,56877.15,525853.0
2026-03-10 05:48:00+00:00,NSE:BANKNIFTY,56875.0,56879.25,56861.65,56875.5,437815.0
2026-03-10 05:49:00+00:00,NSE:BANKNIFTY,56874.7,56875.3,56829.75,56841.5,517972.0
2026-03-10 05:50:00+00:00,NSE:BANKNIFTY,56849.6,56858.05,56824.9,56846.65,1112334.0
2026-03-10 05:51:00+00:00,NSE:BANKNIFTY,56847.8,56893.1,56842.9,56886.1,557920.0
2026-03-10 05:52:00+00:00,NSE:BANKNIFTY,56886.4,56897.3,56876.5,56887.15,595692.0
2026-03-10 05:53:00+00:00,NSE:BANKNIFTY,56886.6,56892.4,56877.85,56878.2,464028.0
2026-03-10 05:54:00+00:00,NSE:BANKNIFTY,56879.55,56904.5,56879.55,56901.65,563440.0
2026-03-10 05:55:00+00:00,NSE:BANKNIFTY,56900.5,56935.05,56879.8,56880.25,670561.0
2026-03-10 05:56:00+00:00,NSE:BANKNIFTY,56881.7,56896.3,56877.45,56883.95,423910.0
2026-03-10 05:57:00+00:00,NSE:BANKNIFTY,56885.8,56888.6,56854.6,56860.85,526324.0
2026-03-10 05:58:00+00:00,NSE:BANKNIFTY,56861.6,56875.1,56856.55,56872.7,280462.0
2026-03-10 05:59:00+00:00,NSE:BANKNIFTY,56871.15,56895.55,56865.15,56894.9,420456.0
2026-03-10 06:00:00+00:00,NSE:BANKNIFTY,56896.8,56922.05,56882.7,56888.95,473024.0
2026-03-10 06:01:00+00:00,NSE:BANKNIFTY,56894.95,56913.6,56892.7,56903.85,255373.0
2026-03-10 06:02:00+00:00,NSE:BANKNIFTY,56906.2,56929.7,56905.4,56929.7,413950.0
2026-03-10 06:03:00+00:00,NSE:BANKNIFTY,56930.4,56948.1,56926.3,56937.45,374045.0
2026-03-10 06:04:00+00:00,NSE:BANKNIFTY,56936.6,56955.95,56924.6,56954.35,933143.0
2026-03-10 06:05:00+00:00,NSE:BANKNIFTY,56953.45,56974.25,56952.4,56964.15,410134.0
2026-03-10 06:06:00+00:00,NSE:BANKNIFTY,56964.0,56964.95,56938.5,56958.15,440879.0
2026-03-10 06:07:00+00:00,NSE:BANKNIFTY,56958.65,56963.3,56943.95,56945.7,248307.0
2026-03-10 06:08:00+00:00,NSE:BANKNIFTY,56942.9,56962.75,56942.4,56958.65,457101.0
2026-03-10 06:09:00+00:00,NSE:BANKNIFTY,56958.35,56987.8,56952.15,56970.05,614313.0
2026-03-10 06:10:00+00:00,NSE:BANKNIFTY,56969.5,56990.8,56961.8,56989.55,876208.0
2026-03-10 06:11:00+00:00,NSE:BANKNIFTY,56990.9,56990.9,56964.0,56977.45,400216.0
2026-03-10 06:12:00+00:00,NSE:BANKNIFTY,56978.4,56988.25,56975.35,56982.05,428418.0
2026-03-10 06:13:00+00:00,NSE:BANKNIFTY,56984.05,56987.8,56965.95,56975.85,440308.0
2026-03-10 06:14:00+00:00,NSE:BANKNIFTY,56976.5,56980.7,56967.0,56977.65,322665.0
2026-03-10 06:15:00+00:00,NSE:BANKNIFTY,56974.65,56986.7,56957.75,56983.15,887219.0
2026-03-10 06:16:00+00:00,NSE:BANKNIFTY,56984.9,56986.4,56939.55,56946.05,368748.0
2026-03-10 06:17:00+00:00,NSE:BANKNIFTY,56942.65,56945.45,56922.55,56927.7,666221.0
2026-03-10 06:18:00+00:00,NSE:BANKNIFTY,56931.1,56931.95,56866.45,56868.6,629216.0
2026-03-10 06:19:00+00:00,NSE:BANKNIFTY,56869.15,56873.2,56850.0,56851.9,879496.0
2026-03-10 06:20:00+00:00,NSE:BANKNIFTY,56853.05,56862.45,56840.3,56854.45,464464.0
2026-03-10 06:21:00+00:00,NSE:BANKNIFTY,56857.35,56858.55,56824.65,56826.9,733555.0
2026-03-10 06:22:00+00:00,NSE:BANKNIFTY,56829.45,56845.7,56817.95,56839.7,987886.0
2026-03-10 06:23:00+00:00,NSE:BANKNIFTY,56843.2,56870.5,56842.95,56866.0,505121.0
2026-03-10 06:24:00+00:00,NSE:BANKNIFTY,56867.05,56898.0,56863.7,56895.4,493556.0
2026-03-10 06:25:00+00:00,NSE:BANKNIFTY,56893.4,56918.55,56892.25,56893.5,513891.0
2026-03-10 06:26:00+00:00,NSE:BANKNIFTY,56891.8,56891.8,56847.6,56849.1,397567.0
2026-03-10 06:27:00+00:00,NSE:BANKNIFTY,56845.95,56876.5,56836.85,56855.95,537363.0
2026-03-10 06:28:00+00:00,NSE:BANKNIFTY,56856.35,56884.1,56852.35,56877.3,529506.0
2026-03-10 06:29:00+00:00,NSE:BANKNIFTY,56876.65,56896.4,56874.6,56888.6,359395.0
2026-03-10 06:30:00+00:00,NSE:BANKNIFTY,56887.35,56897.9,56876.3,56897.9,245050.0
2026-03-10 06:31:00+00:00,NSE:BANKNIFTY,56897.5,56906.95,56892.4,56904.15,350859.0
2026-03-10 06:32:00+00:00,NSE:BANKNIFTY,56903.4,56920.2,56903.4,56918.1,356228.0
2026-03-10 06:33:00+00:00,NSE:BANKNIFTY,56917.35,56924.15,56909.0,56913.35,357308.0
2026-03-10 06:34:00+00:00,NSE:BANKNIFTY,56911.8,56916.85,56904.25,56909.8,393998.0
2026-03-10 06:35:00+00:00,NSE:BANKNIFTY,56910.45,56926.45,56903.65,56917.25,421918.0
2026-03-10 06:36:00+00:00,NSE:BANKNIFTY,56919.75,56927.3,56910.3,56920.55,372845.0
2026-03-10 06:37:00+00:00,NSE:BANKNIFTY,56916.4,56952.15,56916.4,56947.2,614369.0
2026-03-10 06:38:00+00:00,NSE:BANKNIFTY,56948.8,56951.2,56883.7,56905.95,586800.0
2026-03-10 06:39:00+00:00,NSE:BANKNIFTY,56906.3,56914.75,56869.55,56872.85,407075.0
2026-03-10 06:40:00+00:00,NSE:BANKNIFTY,56868.95,56886.05,56854.15,56886.05,721947.0
2026-03-10 06:41:00+00:00,NSE:BANKNIFTY,56885.9,56900.35,56885.55,56893.75,290947.0
2026-03-10 06:42:00+00:00,NSE:BANKNIFTY,56893.9,56896.65,56871.85,56880.15,327751.0
2026-03-10 06:43:00+00:00,NSE:BANKNIFTY,56876.85,56876.85,56838.05,56843.5,305351.0
2026-03-10 06:44:00+00:00,NSE:BANKNIFTY,56839.4,56848.15,56776.7,56780.05,1477480.0
2026-03-10 06:45:00+00:00,NSE:BANKNIFTY,56778.1,56792.05,56735.15,56778.15,1396086.0
2026-03-10 06:46:00+00:00,NSE:BANKNIFTY,56775.4,56807.7,56766.9,56799.35,435010.0
2026-03-10 06:47:00+00:00,NSE:BANKNIFTY,56792.85,56801.8,56773.05,56796.45,395912.0
2026-03-10 06:48:00+00:00,NSE:BANKNIFTY,56796.05,56826.2,56794.35,56813.9,298383.0
2026-03-10 06:49:00+00:00,NSE:BANKNIFTY,56811.05,56820.1,56787.0,56812.7,457184.0
2026-03-10 06:50:00+00:00,NSE:BANKNIFTY,56812.8,56823.1,56797.85,56797.85,504327.0
2026-03-10 06:51:00+00:00,NSE:BANKNIFTY,56797.5,56798.25,56758.6,56761.7,435586.0
2026-03-10 06:52:00+00:00,NSE:BANKNIFTY,56762.7,56762.7,56704.15,56704.15,785179.0
2026-03-10 06:53:00+00:00,NSE:BANKNIFTY,56706.25,56727.95,56702.95,56706.85,977708.0
2026-03-10 06:54:00+00:00,NSE:BANKNIFTY,56707.25,56709.05,56675.85,56688.95,549253.0
2026-03-10 06:55:00+00:00,NSE:BANKNIFTY,56692.5,56717.45,56673.9,56717.45,489374.0
2026-03-10 06:56:00+00:00,NSE:BANKNIFTY,56716.9,56716.9,56678.95,56686.05,513774.0
2026-03-10 06:57:00+00:00,NSE:BANKNIFTY,56686.2,56687.95,56672.95,56678.05,316602.0
2026-03-10 06:58:00+00:00,NSE:BANKNIFTY,56678.8,56685.9,56658.65,56671.6,366859.0
2026-03-10 06:59:00+00:00,NSE:BANKNIFTY,56670.0,56709.2,56665.35,56701.45,679379.0
2026-03-10 07:00:00+00:00,NSE:BANKNIFTY,56699.5,56703.6,56675.0,56684.5,613547.0
2026-03-10 07:01:00+00:00,NSE:BANKNIFTY,56684.3,56696.5,56670.05,56689.5,541721.0
2026-03-10 07:02:00+00:00,NSE:BANKNIFTY,56689.2,56701.3,56676.8,56693.55,690275.0
2026-03-10 07:03:00+00:00,NSE:BANKNIFTY,56700.1,56714.55,56694.2,56704.8,687409.0
2026-03-10 07:04:00+00:00,NSE:BANKNIFTY,56708.9,56719.05,56703.15,56707.65,740839.0
2026-03-10 07:05:00+00:00,NSE:BANKNIFTY,56708.75,56776.7,56701.4,56776.7,672407.0
2026-03-10 07:06:00+00:00,NSE:BANKNIFTY,56770.15,56778.45,56759.45,56762.85,512522.0
2026-03-10 07:07:00+00:00,NSE:BANKNIFTY,56755.45,56756.35,56704.05,56706.55,579513.0
2026-03-10 07:08:00+00:00,NSE:BANKNIFTY,56710.15,56724.85,56705.3,56712.35,516397.0
2026-03-10 07:09:00+00:00,NSE:BANKNIFTY,56715.75,56719.7,56699.15,56704.85,581377.0
2026-03-10 07:10:00+00:00,NSE:BANKNIFTY,56702.25,56725.45,56698.7,56720.4,941516.0
2026-03-10 07:11:00+00:00,NSE:BANKNIFTY,56724.95,56733.5,56694.65,56722.6,1164353.0
2026-03-10 07:12:00+00:00,NSE:BANKNIFTY,56726.6,56736.85,56710.75,56723.85,521777.0
2026-03-10 07:13:00+00:00,NSE:BANKNIFTY,56722.6,56722.6,56702.8,56703.25,460006.0
2026-03-10 07:14:00+00:00,NSE:BANKNIFTY,56698.95,56714.55,56688.15,56710.0,641467.0
2026-03-10 07:15:00+00:00,NSE:BANKNIFTY,56707.5,56734.05,56696.75,56734.05,347143.0
2026-03-10 07:16:00+00:00,NSE:BANKNIFTY,56733.15,56779.95,56729.85,56777.95,1114343.0
2026-03-10 07:17:00+00:00,NSE:BANKNIFTY,56778.55,56778.95,56764.5,56778.35,704937.0
2026-03-10 07:18:00+00:00,NSE:BANKNIFTY,56778.95,56795.4,56776.7,56790.0,935642.0
2026-03-10 07:19:00+00:00,NSE:BANKNIFTY,56790.45,56820.5,56783.55,56818.25,1406499.0
2026-03-10 07:20:00+00:00,NSE:BANKNIFTY,56820.7,56836.05,56805.8,56833.8,873983.0
2026-03-10 07:21:00+00:00,NSE:BANKNIFTY,56836.35,56847.65,56828.25,56831.65,568482.0
2026-03-10 07:22:00+00:00,NSE:BANKNIFTY,56832.1,56832.1,56809.7,56819.85,485423.0
2026-03-10 07:23:00+00:00,NSE:BANKNIFTY,56820.4,56845.3,56790.5,56834.95,588146.0
2026-03-10 07:24:00+00:00,NSE:BANKNIFTY,56836.85,56889.2,56833.25,56886.85,1274796.0
2026-03-10 07:25:00+00:00,NSE:BANKNIFTY,56886.0,56905.65,56865.35,56902.8,1141291.0
2026-03-10 07:26:00+00:00,NSE:BANKNIFTY,56902.3,56932.6,56902.3,56924.5,1097808.0
2026-03-10 07:27:00+00:00,NSE:BANKNIFTY,56925.55,56932.25,56918.4,56924.8,770209.0
2026-03-10 07:28:00+00:00,NSE:BANKNIFTY,56924.1,56930.7,56904.3,56909.2,521831.0
2026-03-10 07:29:00+00:00,NSE:BANKNIFTY,56909.05,56911.9,56881.5,56895.65,446705.0
2026-03-10 07:30:00+00:00,NSE:BANKNIFTY,56893.4,56903.9,56880.0,56882.5,800993.0
2026-03-10 07:31:00+00:00,NSE:BANKNIFTY,56881.45,56906.5,56872.3,56896.95,1338472.0
2026-03-10 07:32:00+00:00,NSE:BANKNIFTY,56893.8,56910.85,56882.1,56904.5,609729.0
2026-03-10 07:33:00+00:00,NSE:BANKNIFTY,56905.8,56929.75,56905.8,56920.3,879614.0
2026-03-10 07:34:00+00:00,NSE:BANKNIFTY,56920.9,56926.15,56905.7,56920.6,880400.0
2026-03-10 07:35:00+00:00,NSE:BANKNIFTY,56920.05,56922.75,56899.75,56902.05,505745.0
2026-03-10 07:36:00+00:00,NSE:BANKNIFTY,56903.35,56911.35,56822.5,56827.1,1503526.0
2026-03-10 07:37:00+00:00,NSE:BANKNIFTY,56824.45,56846.45,56824.0,56836.45,668639.0
2026-03-10 07:38:00+00:00,NSE:BANKNIFTY,56835.55,56849.5,56821.0,56831.75,777173.0
2026-03-10 07:39:00+00:00,NSE:BANKNIFTY,56832.3,56849.05,56826.8,56831.05,568787.0
2026-03-10 07:40:00+00:00,NSE:BANKNIFTY,56841.05,56865.35,56830.7,56852.15,736233.0
2026-03-10 07:41:00+00:00,NSE:BANKNIFTY,56853.8,56853.8,56799.5,56804.05,771534.0
2026-03-10 07:42:00+00:00,NSE:BANKNIFTY,56804.0,56812.75,56783.5,56806.95,799792.0
2026-03-10 07:43:00+00:00,NSE:BANKNIFTY,56805.2,56809.3,56793.2,56806.5,660719.0
2026-03-10 07:44:00+00:00,NSE:BANKNIFTY,56808.4,56832.4,56804.9,56824.35,460265.0
2026-03-10 07:45:00+00:00,NSE:BANKNIFTY,56828.5,56831.4,56808.15,56829.0,340323.0
2026-03-10 07:46:00+00:00,NSE:BANKNIFTY,56825.05,56835.0,56808.1,56824.15,509091.0
2026-03-10 07:47:00+00:00,NSE:BANKNIFTY,56821.65,56828.2,56795.0,56824.05,502115.0
2026-03-10 07:48:00+00:00,NSE:BANKNIFTY,56822.2,56836.25,56814.15,56824.0,549446.0
2026-03-10 07:49:00+00:00,NSE:BANKNIFTY,56824.7,56841.85,56821.4,56835.4,574066.0
2026-03-10 07:50:00+00:00,NSE:BANKNIFTY,56838.95,56851.8,56829.95,56851.8,835330.0
2026-03-10 07:51:00+00:00,NSE:BANKNIFTY,56851.65,56853.95,56826.45,56840.1,610002.0
2026-03-10 07:52:00+00:00,NSE:BANKNIFTY,56839.55,56839.9,56803.0,56812.5,347140.0
2026-03-10 07:53:00+00:00,NSE:BANKNIFTY,56804.1,56804.1,56745.95,56760.1,662844.0
2026-03-10 07:54:00+00:00,NSE:BANKNIFTY,56759.8,56794.6,56753.45,56771.95,554069.0
2026-03-10 07:55:00+00:00,NSE:BANKNIFTY,56768.2,56796.75,56765.75,56772.55,470247.0
2026-03-10 07:56:00+00:00,NSE:BANKNIFTY,56767.05,56786.5,56757.0,56786.5,298015.0
2026-03-10 07:57:00+00:00,NSE:BANKNIFTY,56788.3,56788.3,56760.35,56779.3,295009.0
2026-03-10 07:58:00+00:00,NSE:BANKNIFTY,56780.05,56813.35,56777.6,56809.65,381594.0
2026-03-10 07:59:00+00:00,NSE:BANKNIFTY,56809.6,56817.55,56795.2,56817.3,434337.0
2026-03-10 08:00:00+00:00,NSE:BANKNIFTY,56816.95,56873.55,56816.85,56873.55,844256.0
2026-03-10 08:01:00+00:00,NSE:BANKNIFTY,56874.0,56888.95,56856.85,56886.3,1336299.0
2026-03-10 08:02:00+00:00,NSE:BANKNIFTY,56886.1,56886.1,56863.7,56873.6,518141.0
2026-03-10 08:03:00+00:00,NSE:BANKNIFTY,56874.35,56878.1,56860.55,56863.0,608951.0
2026-03-10 08:04:00+00:00,NSE:BANKNIFTY,56863.2,56876.1,56855.65,56874.9,385732.0
2026-03-10 08:05:00+00:00,NSE:BANKNIFTY,56872.85,56890.0,56840.45,56890.0,1052817.0
2026-03-10 08:06:00+00:00,NSE:BANKNIFTY,56890.3,56896.8,56859.7,56860.2,1445868.0
2026-03-10 08:07:00+00:00,NSE:BANKNIFTY,56849.6,56853.15,56831.8,56848.5,484067.0
2026-03-10 08:08:00+00:00,NSE:BANKNIFTY,56850.9,56928.4,56849.8,56928.4,1242386.0
2026-03-10 08:09:00+00:00,NSE:BANKNIFTY,56923.7,56955.45,56923.7,56927.65,821800.0
2026-03-10 08:10:00+00:00,NSE:BANKNIFTY,56925.85,56935.9,56917.6,56932.2,549027.0
2026-03-10 08:11:00+00:00,NSE:BANKNIFTY,56932.9,56934.65,56893.55,56900.05,379166.0
2026-03-10 08:12:00+00:00,NSE:BANKNIFTY,56901.75,56907.6,56878.25,56894.25,515571.0
2026-03-10 08:13:00+00:00,NSE:BANKNIFTY,56892.9,56897.5,56883.4,56892.85,314873.0
2026-03-10 08:14:00+00:00,NSE:BANKNIFTY,56893.3,56906.45,56886.1,56893.15,426991.0
2026-03-10 08:15:00+00:00,NSE:BANKNIFTY,56889.8,56889.8,56861.8,56869.2,230846.0
2026-03-10 08:16:00+00:00,NSE:BANKNIFTY,56867.85,56894.0,56861.05,56889.15,508502.0
2026-03-10 08:17:00+00:00,NSE:BANKNIFTY,56887.95,56895.25,56875.95,56883.5,636788.0
2026-03-10 08:18:00+00:00,NSE:BANKNIFTY,56885.05,56889.45,56873.0,56880.35,374950.0
2026-03-10 08:19:00+00:00,NSE:BANKNIFTY,56882.0,56907.75,56876.15,56903.5,308886.0
2026-03-10 08:20:00+00:00,NSE:BANKNIFTY,56904.5,56929.9,56897.3,56927.1,318697.0
2026-03-10 08:21:00+00:00,NSE:BANKNIFTY,56926.25,56934.25,56903.35,56913.65,376351.0
2026-03-10 08:22:00+00:00,NSE:BANKNIFTY,56915.6,56941.75,56912.45,56939.65,506575.0
2026-03-10 08:23:00+00:00,NSE:BANKNIFTY,56940.4,56957.25,56934.15,56950.4,772813.0
2026-03-10 08:24:00+00:00,NSE:BANKNIFTY,56947.35,56948.35,56915.75,56924.6,356043.0
2026-03-10 08:25:00+00:00,NSE:BANKNIFTY,56924.2,56938.6,56919.25,56921.8,246828.0
2026-03-10 08:26:00+00:00,NSE:BANKNIFTY,56921.25,56925.1,56914.45,56919.2,313401.0
2026-03-10 08:27:00+00:00,NSE:BANKNIFTY,56918.25,56921.35,56904.4,56921.35,592467.0
2026-03-10 08:28:00+00:00,NSE:BANKNIFTY,56919.1,56928.35,56903.3,56906.05,451283.0
2026-03-10 08:29:00+00:00,NSE:BANKNIFTY,56905.3,56909.85,56891.65,56899.05,352825.0
2026-03-10 08:30:00+00:00,NSE:BANKNIFTY,56897.45,56904.05,56886.0,56890.65,504785.0
2026-03-10 08:31:00+00:00,NSE:BANKNIFTY,56888.85,56889.45,56852.45,56858.15,525305.0
2026-03-10 08:32:00+00:00,NSE:BANKNIFTY,56853.75,56875.9,56853.75,56867.8,509570.0
2026-03-10 08:33:00+00:00,NSE:BANKNIFTY,56867.15,56872.85,56861.0,56870.95,269328.0
2026-03-10 08:34:00+00:00,NSE:BANKNIFTY,56868.95,56911.0,56865.95,56911.0,772769.0
2026-03-10 08:35:00+00:00,NSE:BANKNIFTY,56907.55,56943.8,56907.55,56929.85,738606.0
2026-03-10 08:36:00+00:00,NSE:BANKNIFTY,56926.55,56927.95,56889.2,56897.7,558644.0
2026-03-10 08:37:00+00:00,NSE:BANKNIFTY,56896.4,56927.3,56895.3,56925.95,524893.0
2026-03-10 08:38:00+00:00,NSE:BANKNIFTY,56922.75,56961.2,56918.65,56961.2,803208.0
2026-03-10 08:39:00+00:00,NSE:BANKNIFTY,56963.0,57033.45,56957.1,56988.7,3609702.0
2026-03-10 08:40:00+00:00,NSE:BANKNIFTY,56987.85,57038.75,56985.35,57038.1,843178.0
2026-03-10 08:41:00+00:00,NSE:BANKNIFTY,57037.95,57064.35,57037.95,57062.7,960166.0
2026-03-10 08:42:00+00:00,NSE:BANKNIFTY,57066.6,57080.45,57047.0,57051.75,1030368.0
2026-03-10 08:43:00+00:00,NSE:BANKNIFTY,57051.1,57061.75,57022.8,57056.0,873500.0
2026-03-10 08:44:00+00:00,NSE:BANKNIFTY,57054.8,57086.45,57049.1,57082.9,930751.0
2026-03-10 08:45:00+00:00,NSE:BANKNIFTY,57081.5,57097.05,57044.95,57044.95,952593.0
2026-03-10 08:46:00+00:00,NSE:BANKNIFTY,57045.3,57045.3,57006.15,57023.25,593121.0
2026-03-10 08:47:00+00:00,NSE:BANKNIFTY,57023.8,57041.9,57022.0,57024.3,622622.0
2026-03-10 08:48:00+00:00,NSE:BANKNIFTY,57025.75,57026.15,56994.95,57003.55,562848.0
2026-03-10 08:49:00+00:00,NSE:BANKNIFTY,57001.55,57004.2,56953.9,56979.0,789138.0
2026-03-10 08:50:00+00:00,NSE:BANKNIFTY,56976.75,56980.35,56931.9,56939.9,552675.0
2026-03-10 08:51:00+00:00,NSE:BANKNIFTY,56942.9,56959.55,56921.45,56921.95,523788.0
2026-03-10 08:52:00+00:00,NSE:BANKNIFTY,56918.35,56943.1,56893.9,56922.45,730378.0
2026-03-10 08:53:00+00:00,NSE:BANKNIFTY,56926.25,56944.85,56923.1,56940.75,310135.0
2026-03-10 08:54:00+00:00,NSE:BANKNIFTY,56942.25,56957.2,56924.05,56924.25,465454.0
2026-03-10 08:55:00+00:00,NSE:BANKNIFTY,56921.45,56950.7,56920.95,56944.15,300649.0
2026-03-10 08:56:00+00:00,NSE:BANKNIFTY,56944.2,56944.9,56885.25,56896.95,554571.0
2026-03-10 08:57:00+00:00,NSE:BANKNIFTY,56902.65,56911.0,56881.65,56884.3,450410.0
2026-03-10 08:58:00+00:00,NSE:BANKNIFTY,56880.95,56903.95,56878.95,56888.1,550238.0
2026-03-10 08:59:00+00:00,NSE:BANKNIFTY,56886.05,56928.45,56880.45,56922.4,695712.0
2026-03-10 09:00:00+00:00,NSE:BANKNIFTY,56924.35,56924.35,56905.7,56920.55,319820.0
2026-03-10 09:01:00+00:00,NSE:BANKNIFTY,56922.15,56932.05,56907.7,56918.6,481274.0
2026-03-10 09:02:00+00:00,NSE:BANKNIFTY,56918.9,56923.35,56886.4,56890.55,1349887.0
2026-03-10 09:03:00+00:00,NSE:BANKNIFTY,56892.85,56897.75,56819.75,56820.6,1402481.0
2026-03-10 09:04:00+00:00,NSE:BANKNIFTY,56820.55,56854.75,56790.95,56835.05,927771.0
2026-03-10 09:05:00+00:00,NSE:BANKNIFTY,56836.75,56866.3,56833.4,56854.25,895665.0
2026-03-10 09:06:00+00:00,NSE:BANKNIFTY,56856.1,56875.25,56845.3,56868.15,610697.0
2026-03-10 09:07:00+00:00,NSE:BANKNIFTY,56872.6,56887.15,56868.45,56884.5,752462.0
2026-03-10 09:08:00+00:00,NSE:BANKNIFTY,56885.1,56901.05,56883.4,56897.8,416765.0
2026-03-10 09:09:00+00:00,NSE:BANKNIFTY,56900.05,56910.9,56865.05,56868.7,715757.0
2026-03-10 09:10:00+00:00,NSE:BANKNIFTY,56874.6,56886.3,56847.15,56868.15,455329.0
2026-03-10 09:11:00+00:00,NSE:BANKNIFTY,56868.2,56873.3,56811.75,56818.7,914650.0
2026-03-10 09:12:00+00:00,NSE:BANKNIFTY,56817.3,56856.45,56816.65,56851.95,1094378.0
2026-03-10 09:13:00+00:00,NSE:BANKNIFTY,56853.7,56876.05,56847.2,56856.4,704838.0
2026-03-10 09:14:00+00:00,NSE:BANKNIFTY,56859.75,56873.3,56852.75,56870.65,582364.0
2026-03-10 09:15:00+00:00,NSE:BANKNIFTY,56875.1,56875.1,56833.4,56837.35,741565.0
2026-03-10 09:16:00+00:00,NSE:BANKNIFTY,56840.6,56845.7,56835.2,56838.65,545987.0
2026-03-10 09:17:00+00:00,NSE:BANKNIFTY,56838.8,56842.2,56820.8,56822.85,652593.0
2026-03-10 09:18:00+00:00,NSE:BANKNIFTY,56822.1,56894.75,56808.45,56894.75,1292558.0
2026-03-10 09:19:00+00:00,NSE:BANKNIFTY,56886.9,56921.8,56877.2,56915.55,1082501.0
2026-03-10 09:20:00+00:00,NSE:BANKNIFTY,56912.4,56930.75,56909.5,56920.5,1654106.0
2026-03-10 09:21:00+00:00,NSE:BANKNIFTY,56918.95,56923.35,56889.7,56893.4,396288.0
2026-03-10 09:22:00+00:00,NSE:BANKNIFTY,56889.3,56957.15,56876.0,56955.4,1251775.0
2026-03-10 09:23:00+00:00,NSE:BANKNIFTY,56952.85,56956.65,56920.3,56938.1,656023.0
2026-03-10 09:24:00+00:00,NSE:BANKNIFTY,56948.6,56960.3,56925.55,56941.1,893639.0
2026-03-10 09:25:00+00:00,NSE:BANKNIFTY,56937.95,56946.15,56905.0,56929.75,1256606.0
2026-03-10 09:26:00+00:00,NSE:BANKNIFTY,56929.0,56933.05,56903.95,56928.5,655141.0
2026-03-10 09:27:00+00:00,NSE:BANKNIFTY,56927.65,56944.7,56919.5,56944.0,948276.0
2026-03-10 09:28:00+00:00,NSE:BANKNIFTY,56941.65,56944.75,56920.9,56932.8,510558.0
2026-03-10 09:29:00+00:00,NSE:BANKNIFTY,56930.9,56946.1,56928.5,56946.1,728911.0
2026-03-10 09:30:00+00:00,NSE:BANKNIFTY,56947.15,56950.55,56868.4,56884.15,2363770.0
2026-03-10 09:31:00+00:00,NSE:BANKNIFTY,56888.6,56910.5,56860.25,56869.3,1577712.0
2026-03-10 09:32:00+00:00,NSE:BANKNIFTY,56866.0,56878.15,56851.1,56859.65,1773691.0
2026-03-10 09:33:00+00:00,NSE:BANKNIFTY,56860.45,56924.05,56853.85,56921.45,2203957.0
2026-03-10 09:34:00+00:00,NSE:BANKNIFTY,56917.9,56941.1,56910.85,56932.1,1354363.0
2026-03-10 09:35:00+00:00,NSE:BANKNIFTY,56928.1,56945.1,56919.1,56945.1,1491208.0
2026-03-10 09:36:00+00:00,NSE:BANKNIFTY,56942.45,56973.05,56942.45,56953.4,1666477.0
2026-03-10 09:37:00+00:00,NSE:BANKNIFTY,56953.25,56953.5,56923.85,56935.4,1541325.0
2026-03-10 09:38:00+00:00,NSE:BANKNIFTY,56936.6,56940.6,56923.4,56928.8,1448059.0
2026-03-10 09:39:00+00:00,NSE:BANKNIFTY,56927.95,56936.8,56924.65,56933.85,868186.0
2026-03-10 09:40:00+00:00,NSE:BANKNIFTY,56933.0,56946.65,56905.8,56946.65,1866453.0
2026-03-10 09:41:00+00:00,NSE:BANKNIFTY,56946.3,56976.95,56942.75,56970.3,2308481.0
2026-03-10 09:42:00+00:00,NSE:BANKNIFTY,56970.2,56974.0,56944.3,56951.75,1381034.0
2026-03-10 09:43:00+00:00,NSE:BANKNIFTY,56950.2,56957.35,56921.9,56924.5,2385013.0
2026-03-10 09:44:00+00:00,NSE:BANKNIFTY,56920.35,56935.8,56920.35,56925.55,3121294.0
2026-03-10 09:45:00+00:00,NSE:BANKNIFTY,56923.2,56954.3,56921.9,56950.5,1611853.0
2026-03-10 09:46:00+00:00,NSE:BANKNIFTY,56948.3,56973.8,56945.35,56973.35,1858736.0
2026-03-10 09:47:00+00:00,NSE:BANKNIFTY,56967.15,56990.8,56967.15,56988.6,1282069.0
2026-03-10 09:48:00+00:00,NSE:BANKNIFTY,56986.55,56988.5,56972.1,56981.15,1787413.0
2026-03-10 09:49:00+00:00,NSE:BANKNIFTY,56978.25,56988.7,56962.9,56975.5,1457429.0
2026-03-10 09:50:00+00:00,NSE:BANKNIFTY,56969.4,56975.75,56960.5,56964.5,1883426.0
2026-03-10 09:51:00+00:00,NSE:BANKNIFTY,56961.5,56977.2,56961.5,56971.6,3365517.0
2026-03-10 09:52:00+00:00,NSE:BANKNIFTY,56966.1,56974.0,56939.85,56940.75,2080521.0
2026-03-10 09:53:00+00:00,NSE:BANKNIFTY,56932.3,56984.25,56928.45,56983.6,2658330.0
2026-03-10 09:54:00+00:00,NSE:BANKNIFTY,56982.9,57036.0,56981.15,57027.3,3193057.0
2026-03-10 09:55:00+00:00,NSE:BANKNIFTY,57026.95,57068.9,57020.3,57046.6,2935889.0
2026-03-10 09:56:00+00:00,NSE:BANKNIFTY,57051.35,57068.15,57039.05,57065.4,1645151.0
2026-03-10 09:57:00+00:00,NSE:BANKNIFTY,57065.05,57071.35,57054.65,57061.35,1762625.0
2026-03-10 09:58:00+00:00,NSE:BANKNIFTY,57056.05,57063.3,57040.55,57053.6,1446938.0
2026-03-10 09:59:00+00:00,NSE:BANKNIFTY,57058.65,57063.25,56972.8,57002.1,1271964.0
2026-03-11 03:45:00+00:00,NSE:BANKNIFTY,56901.2,56938.4,56714.5,56733.25,3680223.0
2026-03-11 03:46:00+00:00,NSE:BANKNIFTY,56736.9,56765.45,56723.0,56765.45,2177747.0
2026-03-11 03:47:00+00:00,NSE:BANKNIFTY,56766.8,56813.3,56764.75,56800.7,1534533.0
2026-03-11 03:48:00+00:00,NSE:BANKNIFTY,56803.35,56803.35,56743.4,56765.7,1425838.0
2026-03-11 03:49:00+00:00,NSE:BANKNIFTY,56771.8,56808.35,56768.25,56795.6,1421803.0
2026-03-11 03:50:00+00:00,NSE:BANKNIFTY,56800.3,56858.3,56787.75,56851.5,1591992.0
2026-03-11 03:51:00+00:00,NSE:BANKNIFTY,56855.65,56862.85,56834.1,56844.9,1441386.0
2026-03-11 03:52:00+00:00,NSE:BANKNIFTY,56844.8,56848.5,56783.3,56783.3,1967234.0
2026-03-11 03:53:00+00:00,NSE:BANKNIFTY,56786.85,56797.95,56772.6,56782.75,1040712.0
2026-03-11 03:54:00+00:00,NSE:BANKNIFTY,56781.8,56781.8,56695.6,56703.25,1460734.0
2026-03-11 03:55:00+00:00,NSE:BANKNIFTY,56700.25,56714.35,56653.95,56660.15,1579271.0
2026-03-11 03:56:00+00:00,NSE:BANKNIFTY,56664.15,56680.85,56642.75,56680.85,1088195.0
2026-03-11 03:57:00+00:00,NSE:BANKNIFTY,56685.25,56736.35,56685.25,56704.8,848851.0
2026-03-11 03:58:00+00:00,NSE:BANKNIFTY,56706.8,56712.65,56690.1,56696.7,587322.0
2026-03-11 03:59:00+00:00,NSE:BANKNIFTY,56697.8,56704.5,56676.75,56683.95,828138.0
2026-03-11 04:00:00+00:00,NSE:BANKNIFTY,56683.25,56687.15,56648.0,56648.0,955634.0
2026-03-11 04:01:00+00:00,NSE:BANKNIFTY,56647.55,56668.4,56628.7,56633.7,1323005.0
2026-03-11 04:02:00+00:00,NSE:BANKNIFTY,56635.1,56660.7,56605.15,56612.35,1177842.0
2026-03-11 04:03:00+00:00,NSE:BANKNIFTY,56614.6,56655.8,56610.8,56639.2,473733.0
2026-03-11 04:04:00+00:00,NSE:BANKNIFTY,56641.65,56682.95,56630.8,56679.35,674507.0
2026-03-11 04:05:00+00:00,NSE:BANKNIFTY,56678.35,56690.2,56665.2,56669.8,843507.0
2026-03-11 04:06:00+00:00,NSE:BANKNIFTY,56668.05,56673.75,56623.7,56625.55,1689852.0
2026-03-11 04:07:00+00:00,NSE:BANKNIFTY,56627.25,56640.05,56616.2,56617.85,671122.0
2026-03-11 04:08:00+00:00,NSE:BANKNIFTY,56622.15,56628.75,56611.25,56620.75,664834.0
2026-03-11 04:09:00+00:00,NSE:BANKNIFTY,56625.75,56656.55,56616.15,56650.9,593884.0
2026-03-11 04:10:00+00:00,NSE:BANKNIFTY,56651.95,56654.9,56620.45,56633.6,883045.0
2026-03-11 04:11:00+00:00,NSE:BANKNIFTY,56635.25,56670.25,56635.25,56644.85,737783.0
2026-03-11 04:12:00+00:00,NSE:BANKNIFTY,56647.3,56652.2,56635.8,56648.05,468567.0
2026-03-11 04:13:00+00:00,NSE:BANKNIFTY,56648.8,56684.4,56644.85,56681.2,437663.0
2026-03-11 04:14:00+00:00,NSE:BANKNIFTY,56681.3,56685.95,56664.0,56664.0,456131.0
2026-03-11 04:15:00+00:00,NSE:BANKNIFTY,56664.3,56675.5,56658.5,56669.7,377100.0
2026-03-11 04:16:00+00:00,NSE:BANKNIFTY,56670.2,56676.8,56651.2,56655.75,478296.0
2026-03-11 04:17:00+00:00,NSE:BANKNIFTY,56655.65,56663.55,56646.6,56654.7,518124.0
2026-03-11 04:18:00+00:00,NSE:BANKNIFTY,56655.0,56699.9,56654.0,56693.05,466310.0
2026-03-11 04:19:00+00:00,NSE:BANKNIFTY,56696.0,56729.45,56696.0,56709.35,1249694.0
2026-03-11 04:20:00+00:00,NSE:BANKNIFTY,56710.2,56728.55,56704.3,56710.65,717353.0
2026-03-11 04:21:00+00:00,NSE:BANKNIFTY,56707.8,56712.05,56687.2,56692.55,386033.0
2026-03-11 04:22:00+00:00,NSE:BANKNIFTY,56693.9,56719.75,56689.5,56697.2,468034.0
2026-03-11 04:23:00+00:00,NSE:BANKNIFTY,56699.55,56699.55,56633.4,56633.4,860864.0
2026-03-11 04:24:00+00:00,NSE:BANKNIFTY,56638.15,56646.05,56610.0,56612.2,771253.0
2026-03-11 04:25:00+00:00,NSE:BANKNIFTY,56612.55,56622.1,56592.85,56594.5,1016450.0
2026-03-11 04:26:00+00:00,NSE:BANKNIFTY,56597.95,56632.25,56583.85,56632.25,1145177.0
2026-03-11 04:27:00+00:00,NSE:BANKNIFTY,56634.1,56667.45,56634.1,56648.95,478569.0
2026-03-11 04:28:00+00:00,NSE:BANKNIFTY,56653.25,56656.55,56629.55,56629.55,428004.0
2026-03-11 04:29:00+00:00,NSE:BANKNIFTY,56632.3,56637.8,56616.9,56630.6,793531.0
2026-03-11 04:30:00+00:00,NSE:BANKNIFTY,56631.55,56631.55,56608.35,56609.05,545704.0
2026-03-11 04:31:00+00:00,NSE:BANKNIFTY,56612.45,56616.5,56602.9,56616.5,806748.0
2026-03-11 04:32:00+00:00,NSE:BANKNIFTY,56616.7,56620.05,56588.1,56610.9,604072.0
2026-03-11 04:33:00+00:00,NSE:BANKNIFTY,56618.1,56641.65,56611.85,56636.2,778055.0
2026-03-11 04:34:00+00:00,NSE:BANKNIFTY,56637.85,56645.4,56630.95,56644.4,366805.0
2026-03-11 04:35:00+00:00,NSE:BANKNIFTY,56642.05,56642.7,56620.25,56626.4,492510.0
2026-03-11 04:36:00+00:00,NSE:BANKNIFTY,56630.0,56634.6,56620.3,56620.3,494881.0
2026-03-11 04:37:00+00:00,NSE:BANKNIFTY,56624.6,56626.3,56600.0,56605.65,462008.0
2026-03-11 04:38:00+00:00,NSE:BANKNIFTY,56605.1,56605.1,56571.55,56579.6,446670.0
2026-03-11 04:39:00+00:00,NSE:BANKNIFTY,56576.8,56579.15,56557.3,56559.5,402815.0
2026-03-11 04:40:00+00:00,NSE:BANKNIFTY,56561.5,56574.85,56546.25,56558.65,1381548.0
2026-03-11 04:41:00+00:00,NSE:BANKNIFTY,56558.45,56567.2,56543.1,56546.4,450969.0
2026-03-11 04:42:00+00:00,NSE:BANKNIFTY,56546.45,56548.35,56517.0,56518.8,968203.0
2026-03-11 04:43:00+00:00,NSE:BANKNIFTY,56523.2,56555.25,56521.05,56541.2,395187.0
2026-03-11 04:44:00+00:00,NSE:BANKNIFTY,56540.05,56552.35,56537.5,56542.0,246412.0
2026-03-11 04:45:00+00:00,NSE:BANKNIFTY,56541.7,56546.25,56524.8,56544.95,329642.0
2026-03-11 04:46:00+00:00,NSE:BANKNIFTY,56545.65,56547.3,56529.6,56532.85,276578.0
2026-03-11 04:47:00+00:00,NSE:BANKNIFTY,56535.45,56579.3,56535.45,56575.7,1189983.0
2026-03-11 04:48:00+00:00,NSE:BANKNIFTY,56577.05,56579.05,56556.05,56574.45,342805.0
2026-03-11 04:49:00+00:00,NSE:BANKNIFTY,56573.75,56584.45,56573.2,56577.55,412611.0
2026-03-11 04:50:00+00:00,NSE:BANKNIFTY,56575.9,56578.3,56506.55,56531.65,946513.0
2026-03-11 04:51:00+00:00,NSE:BANKNIFTY,56531.1,56548.25,56517.5,56521.45,252506.0
2026-03-11 04:52:00+00:00,NSE:BANKNIFTY,56526.25,56531.8,56518.7,56527.55,266531.0
2026-03-11 04:53:00+00:00,NSE:BANKNIFTY,56530.1,56566.25,56530.1,56557.45,337050.0
2026-03-11 04:54:00+00:00,NSE:BANKNIFTY,56557.8,56560.9,56544.65,56551.9,285058.0
2026-03-11 04:55:00+00:00,NSE:BANKNIFTY,56553.0,56562.6,56546.25,56557.55,388395.0
2026-03-11 04:56:00+00:00,NSE:BANKNIFTY,56558.5,56571.8,56546.25,56546.25,471114.0
2026-03-11 04:57:00+00:00,NSE:BANKNIFTY,56548.45,56554.9,56534.35,56537.95,222110.0
2026-03-11 04:58:00+00:00,NSE:BANKNIFTY,56540.75,56543.4,56526.25,56532.3,510814.0
2026-03-11 04:59:00+00:00,NSE:BANKNIFTY,56531.6,56552.05,56523.7,56551.0,304481.0
2026-03-11 05:00:00+00:00,NSE:BANKNIFTY,56547.55,56555.45,56536.0,56545.5,254826.0
2026-03-11 05:01:00+00:00,NSE:BANKNIFTY,56546.35,56559.0,56540.9,56544.6,299633.0
2026-03-11 05:02:00+00:00,NSE:BANKNIFTY,56542.4,56550.1,56529.6,56529.6,285556.0
2026-03-11 05:03:00+00:00,NSE:BANKNIFTY,56529.65,56541.45,56518.5,56518.55,409561.0
2026-03-11 05:04:00+00:00,NSE:BANKNIFTY,56517.4,56525.3,56494.65,56519.9,348326.0
2026-03-11 05:05:00+00:00,NSE:BANKNIFTY,56518.0,56527.2,56436.75,56443.0,859197.0
2026-03-11 05:06:00+00:00,NSE:BANKNIFTY,56440.75,56456.25,56419.65,56440.2,1227282.0
2026-03-11 05:07:00+00:00,NSE:BANKNIFTY,56437.9,56442.15,56423.05,56426.75,455666.0
2026-03-11 05:08:00+00:00,NSE:BANKNIFTY,56423.35,56441.0,56420.6,56433.2,368599.0
2026-03-11 05:09:00+00:00,NSE:BANKNIFTY,56428.75,56432.7,56388.8,56391.3,631037.0
2026-03-11 05:10:00+00:00,NSE:BANKNIFTY,56391.75,56397.6,56369.9,56374.35,1298287.0
2026-03-11 05:11:00+00:00,NSE:BANKNIFTY,56374.55,56414.65,56365.95,56406.25,632441.0
2026-03-11 05:12:00+00:00,NSE:BANKNIFTY,56407.2,56416.05,56400.15,56404.1,253913.0
2026-03-11 05:13:00+00:00,NSE:BANKNIFTY,56402.5,56405.15,56379.0,56380.25,561255.0
2026-03-11 05:14:00+00:00,NSE:BANKNIFTY,56382.45,56390.95,56374.5,56386.9,317132.0
2026-03-11 05:15:00+00:00,NSE:BANKNIFTY,56386.6,56389.3,56358.4,56366.9,595990.0
2026-03-11 05:16:00+00:00,NSE:BANKNIFTY,56368.35,56375.55,56325.45,56331.1,1027437.0
2026-03-11 05:17:00+00:00,NSE:BANKNIFTY,56331.35,56382.3,56312.25,56368.75,639644.0
2026-03-11 05:18:00+00:00,NSE:BANKNIFTY,56369.15,56376.1,56355.85,56369.35,385445.0
2026-03-11 05:19:00+00:00,NSE:BANKNIFTY,56367.45,56400.15,56366.85,56390.35,480872.0
2026-03-11 05:20:00+00:00,NSE:BANKNIFTY,56385.75,56399.75,56369.5,56397.15,921631.0
2026-03-11 05:21:00+00:00,NSE:BANKNIFTY,56394.2,56408.05,56378.55,56387.0,812060.0
2026-03-11 05:22:00+00:00,NSE:BANKNIFTY,56387.45,56405.65,56386.3,56392.85,625020.0
2026-03-11 05:23:00+00:00,NSE:BANKNIFTY,56395.8,56398.65,56368.1,56371.05,329951.0
2026-03-11 05:24:00+00:00,NSE:BANKNIFTY,56368.9,56388.75,56366.05,56382.25,429100.0
2026-03-11 05:25:00+00:00,NSE:BANKNIFTY,56383.55,56389.55,56372.7,56384.55,481350.0
2026-03-11 05:26:00+00:00,NSE:BANKNIFTY,56384.7,56395.75,56381.15,56391.1,202619.0
2026-03-11 05:27:00+00:00,NSE:BANKNIFTY,56390.2,56394.7,56378.0,56380.55,295219.0
2026-03-11 05:28:00+00:00,NSE:BANKNIFTY,56381.1,56430.2,56381.1,56430.05,486832.0
2026-03-11 05:29:00+00:00,NSE:BANKNIFTY,56426.95,56437.1,56422.2,56425.15,382726.0
2026-03-11 05:30:00+00:00,NSE:BANKNIFTY,56424.05,56430.0,56399.8,56403.65,317022.0
2026-03-11 05:31:00+00:00,NSE:BANKNIFTY,56404.35,56405.3,56392.45,56393.5,365982.0
2026-03-11 05:32:00+00:00,NSE:BANKNIFTY,56393.7,56418.2,56386.65,56417.55,309724.0
2026-03-11 05:33:00+00:00,NSE:BANKNIFTY,56421.85,56440.7,56418.8,56437.5,517277.0
2026-03-11 05:34:00+00:00,NSE:BANKNIFTY,56440.7,56456.1,56440.7,56453.4,352180.0
2026-03-11 05:35:00+00:00,NSE:BANKNIFTY,56453.95,56456.3,56428.05,56440.35,464812.0
2026-03-11 05:36:00+00:00,NSE:BANKNIFTY,56441.1,56444.65,56420.15,56422.65,309633.0
2026-03-11 05:37:00+00:00,NSE:BANKNIFTY,56426.1,56426.4,56398.5,56400.3,364022.0
2026-03-11 05:38:00+00:00,NSE:BANKNIFTY,56400.8,56416.6,56397.5,56402.15,287227.0
2026-03-11 05:39:00+00:00,NSE:BANKNIFTY,56403.85,56406.1,56391.4,56396.6,323122.0
2026-03-11 05:40:00+00:00,NSE:BANKNIFTY,56399.55,56399.55,56371.35,56384.0,517387.0
2026-03-11 05:41:00+00:00,NSE:BANKNIFTY,56385.0,56395.65,56365.7,56387.4,318501.0
2026-03-11 05:42:00+00:00,NSE:BANKNIFTY,56390.95,56390.95,56367.9,56374.75,344225.0
2026-03-11 05:43:00+00:00,NSE:BANKNIFTY,56375.8,56375.8,56343.25,56344.0,375311.0
2026-03-11 05:44:00+00:00,NSE:BANKNIFTY,56344.15,56344.15,56306.9,56335.65,838283.0
2026-03-11 05:45:00+00:00,NSE:BANKNIFTY,56337.4,56337.55,56316.0,56320.35,262999.0
2026-03-11 05:46:00+00:00,NSE:BANKNIFTY,56322.4,56322.4,56265.15,56269.45,587987.0
2026-03-11 05:47:00+00:00,NSE:BANKNIFTY,56271.9,56303.85,56254.75,56263.0,591027.0
2026-03-11 05:48:00+00:00,NSE:BANKNIFTY,56264.75,56270.6,56237.85,56237.85,337781.0
2026-03-11 05:49:00+00:00,NSE:BANKNIFTY,56233.65,56238.7,56218.1,56226.8,513020.0
2026-03-11 05:50:00+00:00,NSE:BANKNIFTY,56229.75,56229.75,56160.1,56161.85,954972.0
2026-03-11 05:51:00+00:00,NSE:BANKNIFTY,56169.75,56188.35,56155.5,56180.95,628675.0
2026-03-11 05:52:00+00:00,NSE:BANKNIFTY,56181.75,56183.95,56164.25,56171.5,550915.0
2026-03-11 05:53:00+00:00,NSE:BANKNIFTY,56171.65,56173.2,56137.0,56137.6,541540.0
2026-03-11 05:54:00+00:00,NSE:BANKNIFTY,56131.4,56149.7,56113.3,56116.1,831350.0
2026-03-11 05:55:00+00:00,NSE:BANKNIFTY,56118.9,56156.2,56112.6,56156.2,617815.0
2026-03-11 05:56:00+00:00,NSE:BANKNIFTY,56153.6,56164.4,56140.75,56163.65,393459.0
2026-03-11 05:57:00+00:00,NSE:BANKNIFTY,56163.5,56166.4,56148.1,56162.3,251298.0
2026-03-11 05:58:00+00:00,NSE:BANKNIFTY,56166.1,56171.75,56154.95,56163.0,252494.0
2026-03-11 05:59:00+00:00,NSE:BANKNIFTY,56164.4,56169.75,56156.85,56165.1,325162.0
2026-03-11 06:00:00+00:00,NSE:BANKNIFTY,56166.8,56169.35,56147.15,56149.1,303362.0
2026-03-11 06:01:00+00:00,NSE:BANKNIFTY,56149.5,56149.85,56080.15,56085.15,802883.0
2026-03-11 06:02:00+00:00,NSE:BANKNIFTY,56079.4,56097.55,56077.4,56087.25,522633.0
2026-03-11 06:03:00+00:00,NSE:BANKNIFTY,56093.65,56095.25,56044.35,56068.45,1657611.0
2026-03-11 06:04:00+00:00,NSE:BANKNIFTY,56067.9,56071.25,56054.85,56065.6,341405.0
2026-03-11 06:05:00+00:00,NSE:BANKNIFTY,56065.45,56075.05,56026.45,56028.1,1285274.0
2026-03-11 06:06:00+00:00,NSE:BANKNIFTY,56025.6,56066.75,56022.15,56064.75,705379.0
2026-03-11 06:07:00+00:00,NSE:BANKNIFTY,56067.05,56091.3,56056.05,56087.35,652415.0
2026-03-11 06:08:00+00:00,NSE:BANKNIFTY,56087.8,56126.2,56086.2,56106.35,480233.0
2026-03-11 06:09:00+00:00,NSE:BANKNIFTY,56109.1,56116.7,56085.5,56086.2,262885.0
2026-03-11 06:10:00+00:00,NSE:BANKNIFTY,56087.8,56097.85,56080.95,56089.75,281414.0
2026-03-11 06:11:00+00:00,NSE:BANKNIFTY,56093.0,56100.1,56079.35,56085.15,232457.0
2026-03-11 06:12:00+00:00,NSE:BANKNIFTY,56086.55,56087.7,56058.55,56066.0,222927.0
2026-03-11 06:13:00+00:00,NSE:BANKNIFTY,56063.7,56107.25,56051.75,56103.6,345645.0
2026-03-11 06:14:00+00:00,NSE:BANKNIFTY,56105.5,56108.55,56094.75,56107.45,279867.0
2026-03-11 06:15:00+00:00,NSE:BANKNIFTY,56109.0,56112.0,56089.65,56092.4,378170.0
2026-03-11 06:16:00+00:00,NSE:BANKNIFTY,56095.35,56098.8,56087.55,56093.3,198014.0
2026-03-11 06:17:00+00:00,NSE:BANKNIFTY,56094.3,56119.85,56085.95,56088.35,609346.0
2026-03-11 06:18:00+00:00,NSE:BANKNIFTY,56087.45,56098.35,56087.25,56090.05,226588.0
2026-03-11 06:19:00+00:00,NSE:BANKNIFTY,56089.4,56093.45,56061.85,56067.9,337157.0
2026-03-11 06:20:00+00:00,NSE:BANKNIFTY,56067.4,56075.0,56048.3,56053.45,496660.0
2026-03-11 06:21:00+00:00,NSE:BANKNIFTY,56053.55,56057.75,56041.65,56047.05,400587.0
2026-03-11 06:22:00+00:00,NSE:BANKNIFTY,56046.95,56050.25,56018.75,56022.3,496088.0
2026-03-11 06:23:00+00:00,NSE:BANKNIFTY,56021.95,56070.3,56015.4,56067.95,544896.0
2026-03-11 06:24:00+00:00,NSE:BANKNIFTY,56070.0,56089.2,56067.25,56082.8,296958.0
2026-03-11 06:25:00+00:00,NSE:BANKNIFTY,56083.2,56087.65,56044.1,56049.5,554412.0
2026-03-11 06:26:00+00:00,NSE:BANKNIFTY,56050.5,56079.35,56049.35,56060.5,283751.0
2026-03-11 06:27:00+00:00,NSE:BANKNIFTY,56061.15,56069.05,56057.95,56057.95,226098.0
2026-03-11 06:28:00+00:00,NSE:BANKNIFTY,56059.05,56063.15,56040.3,56040.3,276869.0
2026-03-11 06:29:00+00:00,NSE:BANKNIFTY,56039.8,56072.75,56030.2,56058.2,470105.0
2026-03-11 06:30:00+00:00,NSE:BANKNIFTY,56058.6,56062.55,56045.8,56056.7,304233.0
2026-03-11 06:31:00+00:00,NSE:BANKNIFTY,56057.55,56090.45,56054.2,56085.5,305970.0
2026-03-11 06:32:00+00:00,NSE:BANKNIFTY,56084.25,56115.65,56078.45,56110.35,472274.0
2026-03-11 06:33:00+00:00,NSE:BANKNIFTY,56111.65,56133.7,56105.2,56128.25,598090.0
2026-03-11 06:34:00+00:00,NSE:BANKNIFTY,56127.9,56138.9,56122.7,56131.35,448681.0
2026-03-11 06:35:00+00:00,NSE:BANKNIFTY,56134.25,56139.05,56117.1,56122.2,402728.0
2026-03-11 06:36:00+00:00,NSE:BANKNIFTY,56119.25,56120.4,56106.05,56110.85,262097.0
2026-03-11 06:37:00+00:00,NSE:BANKNIFTY,56110.25,56112.75,56079.7,56079.75,468698.0
2026-03-11 06:38:00+00:00,NSE:BANKNIFTY,56075.55,56084.55,56069.15,56069.15,470531.0
2026-03-11 06:39:00+00:00,NSE:BANKNIFTY,56069.3,56102.3,56065.95,56089.05,289192.0
2026-03-11 06:40:00+00:00,NSE:BANKNIFTY,56089.15,56099.75,56087.2,56094.1,189829.0
2026-03-11 06:41:00+00:00,NSE:BANKNIFTY,56095.45,56133.35,56095.45,56127.4,416160.0
2026-03-11 06:42:00+00:00,NSE:BANKNIFTY,56127.15,56136.4,56109.7,56122.7,405252.0
2026-03-11 06:43:00+00:00,NSE:BANKNIFTY,56121.75,56141.25,56096.2,56096.2,377347.0
2026-03-11 06:44:00+00:00,NSE:BANKNIFTY,56096.4,56118.75,56094.95,56110.45,237286.0
2026-03-11 06:45:00+00:00,NSE:BANKNIFTY,56113.2,56120.2,56104.85,56115.55,244026.0
2026-03-11 06:46:00+00:00,NSE:BANKNIFTY,56114.3,56126.55,56112.0,56112.4,180686.0
2026-03-11 06:47:00+00:00,NSE:BANKNIFTY,56115.15,56138.55,56110.95,56121.2,736557.0
2026-03-11 06:48:00+00:00,NSE:BANKNIFTY,56123.4,56128.7,56098.7,56108.85,201011.0
2026-03-11 06:49:00+00:00,NSE:BANKNIFTY,56108.8,56116.5,56099.9,56112.2,214095.0
2026-03-11 06:50:00+00:00,NSE:BANKNIFTY,56112.95,56114.25,56093.05,56099.2,217723.0
2026-03-11 06:51:00+00:00,NSE:BANKNIFTY,56099.75,56136.65,56099.75,56132.15,805844.0
2026-03-11 06:52:00+00:00,NSE:BANKNIFTY,56133.45,56139.65,56102.4,56103.05,290809.0
2026-03-11 06:53:00+00:00,NSE:BANKNIFTY,56103.3,56123.45,56101.45,56119.5,243523.0
2026-03-11 06:54:00+00:00,NSE:BANKNIFTY,56121.6,56130.4,56112.0,56121.35,292376.0
2026-03-11 06:55:00+00:00,NSE:BANKNIFTY,56120.8,56127.1,56096.75,56100.0,560887.0
2026-03-11 06:56:00+00:00,NSE:BANKNIFTY,56099.75,56114.05,56096.8,56109.4,213041.0
2026-03-11 06:57:00+00:00,NSE:BANKNIFTY,56114.0,56122.15,56098.35,56103.65,333498.0
2026-03-11 06:58:00+00:00,NSE:BANKNIFTY,56102.6,56108.9,56090.15,56103.75,270600.0
2026-03-11 06:59:00+00:00,NSE:BANKNIFTY,56105.15,56119.8,56102.55,56113.75,156575.0
2026-03-11 07:00:00+00:00,NSE:BANKNIFTY,56116.7,56144.2,56111.35,56137.2,437359.0
2026-03-11 07:01:00+00:00,NSE:BANKNIFTY,56141.35,56163.15,56140.05,56156.15,648858.0
2026-03-11 07:02:00+00:00,NSE:BANKNIFTY,56158.95,56165.7,56148.0,56161.35,312570.0
2026-03-11 07:03:00+00:00,NSE:BANKNIFTY,56165.05,56165.05,56108.6,56112.4,447336.0
2026-03-11 07:04:00+00:00,NSE:BANKNIFTY,56111.75,56115.25,56052.55,56068.5,439668.0
2026-03-11 07:05:00+00:00,NSE:BANKNIFTY,56069.65,56088.65,56048.65,56049.45,403348.0
2026-03-11 07:06:00+00:00,NSE:BANKNIFTY,56050.0,56059.8,56044.4,56054.55,432841.0
2026-03-11 07:07:00+00:00,NSE:BANKNIFTY,56057.0,56068.85,56047.5,56054.25,339448.0
2026-03-11 07:08:00+00:00,NSE:BANKNIFTY,56055.55,56062.95,56034.85,56034.85,620893.0
2026-03-11 07:09:00+00:00,NSE:BANKNIFTY,56037.15,56039.55,56008.6,56015.7,792209.0
2026-03-11 07:10:00+00:00,NSE:BANKNIFTY,56019.7,56033.65,56005.5,56027.15,337979.0
2026-03-11 07:11:00+00:00,NSE:BANKNIFTY,56030.45,56060.45,56027.3,56057.1,350031.0
2026-03-11 07:12:00+00:00,NSE:BANKNIFTY,56059.65,56079.8,56053.1,56072.15,345291.0
2026-03-11 07:13:00+00:00,NSE:BANKNIFTY,56078.0,56106.45,56076.75,56100.05,331566.0
2026-03-11 07:14:00+00:00,NSE:BANKNIFTY,56105.8,56130.05,56094.2,56123.05,507266.0
2026-03-11 07:15:00+00:00,NSE:BANKNIFTY,56127.7,56127.9,56095.85,56095.85,323264.0
2026-03-11 07:16:00+00:00,NSE:BANKNIFTY,56099.15,56106.6,56093.1,56098.15,253393.0
2026-03-11 07:17:00+00:00,NSE:BANKNIFTY,56102.5,56102.5,56071.85,56079.9,273638.0
2026-03-11 07:18:00+00:00,NSE:BANKNIFTY,56080.4,56082.6,56059.0,56071.55,300817.0
2026-03-11 07:19:00+00:00,NSE:BANKNIFTY,56078.75,56101.85,56073.1,56097.0,347457.0
2026-03-11 07:20:00+00:00,NSE:BANKNIFTY,56103.65,56108.05,56086.8,56099.05,262314.0
2026-03-11 07:21:00+00:00,NSE:BANKNIFTY,56103.35,56106.85,56084.1,56102.5,299659.0
2026-03-11 07:22:00+00:00,NSE:BANKNIFTY,56101.25,56125.1,56100.5,56121.3,343118.0
2026-03-11 07:23:00+00:00,NSE:BANKNIFTY,56123.6,56138.3,56106.85,56108.35,379554.0
2026-03-11 07:24:00+00:00,NSE:BANKNIFTY,56108.65,56108.65,56085.65,56097.15,272809.0
2026-03-11 07:25:00+00:00,NSE:BANKNIFTY,56097.7,56110.55,56096.3,56103.7,269938.0
2026-03-11 07:26:00+00:00,NSE:BANKNIFTY,56105.15,56105.15,56070.1,56074.3,284117.0
2026-03-11 07:27:00+00:00,NSE:BANKNIFTY,56074.85,56074.85,56058.7,56067.7,490095.0
2026-03-11 07:28:00+00:00,NSE:BANKNIFTY,56066.85,56076.85,56059.1,56060.1,485466.0
2026-03-11 07:29:00+00:00,NSE:BANKNIFTY,56062.1,56070.35,56055.25,56056.55,372620.0
2026-03-11 07:30:00+00:00,NSE:BANKNIFTY,56054.7,56087.95,56027.85,56062.35,730292.0
2026-03-11 07:31:00+00:00,NSE:BANKNIFTY,56066.1,56080.0,56044.45,56052.3,301816.0
2026-03-11 07:32:00+00:00,NSE:BANKNIFTY,56049.15,56063.55,56043.25,56052.85,252630.0
2026-03-11 07:33:00+00:00,NSE:BANKNIFTY,56049.4,56049.4,56022.1,56036.3,422960.0
2026-03-11 07:34:00+00:00,NSE:BANKNIFTY,56040.8,56055.55,56035.7,56042.25,438039.0
2026-03-11 07:35:00+00:00,NSE:BANKNIFTY,56044.2,56049.9,56031.75,56042.3,455553.0
2026-03-11 07:36:00+00:00,NSE:BANKNIFTY,56047.3,56076.75,56038.9,56067.9,417626.0
2026-03-11 07:37:00+00:00,NSE:BANKNIFTY,56072.45,56074.05,56045.65,56050.75,390943.0
2026-03-11 07:38:00+00:00,NSE:BANKNIFTY,56053.2,56067.9,56040.35,56055.2,880628.0
2026-03-11 07:39:00+00:00,NSE:BANKNIFTY,56057.65,56067.3,56046.25,56061.0,1566805.0
2026-03-11 07:40:00+00:00,NSE:BANKNIFTY,56063.15,56063.35,56011.6,56014.05,985885.0
2026-03-11 07:41:00+00:00,NSE:BANKNIFTY,56018.7,56029.45,55992.65,56005.65,563715.0
2026-03-11 07:42:00+00:00,NSE:BANKNIFTY,56007.75,56014.45,55990.6,55996.5,1569394.0
2026-03-11 07:43:00+00:00,NSE:BANKNIFTY,56001.65,56001.65,55957.3,55958.55,1111899.0
2026-03-11 07:44:00+00:00,NSE:BANKNIFTY,55954.2,55973.5,55943.5,55952.25,855684.0
2026-03-11 07:45:00+00:00,NSE:BANKNIFTY,55958.3,55958.3,55934.1,55936.0,463176.0
2026-03-11 07:46:00+00:00,NSE:BANKNIFTY,55939.5,55939.5,55911.1,55912.4,702322.0
2026-03-11 07:47:00+00:00,NSE:BANKNIFTY,55910.2,55915.8,55898.2,55903.8,503500.0
2026-03-11 07:48:00+00:00,NSE:BANKNIFTY,55903.55,55948.45,55897.9,55937.15,828882.0
2026-03-11 07:49:00+00:00,NSE:BANKNIFTY,55937.95,55964.9,55935.6,55960.75,406277.0
2026-03-11 07:50:00+00:00,NSE:BANKNIFTY,55961.3,55965.65,55946.15,55946.85,264633.0
2026-03-11 07:51:00+00:00,NSE:BANKNIFTY,55949.15,55955.6,55935.45,55952.2,461881.0
2026-03-11 07:52:00+00:00,NSE:BANKNIFTY,55952.55,55998.8,55951.35,55978.65,1292649.0
2026-03-11 07:53:00+00:00,NSE:BANKNIFTY,55980.6,56003.75,55976.8,55989.05,299920.0
2026-03-11 07:54:00+00:00,NSE:BANKNIFTY,55991.85,56031.05,55990.65,56026.75,500883.0
2026-03-11 07:55:00+00:00,NSE:BANKNIFTY,56027.45,56028.55,56008.0,56024.65,377064.0
2026-03-11 07:56:00+00:00,NSE:BANKNIFTY,56024.25,56051.8,56011.55,56048.35,507167.0
2026-03-11 07:57:00+00:00,NSE:BANKNIFTY,56051.35,56051.35,56015.7,56017.25,300883.0
2026-03-11 07:58:00+00:00,NSE:BANKNIFTY,56015.5,56030.55,56008.55,56026.35,223299.0
2026-03-11 07:59:00+00:00,NSE:BANKNIFTY,56026.75,56064.45,56024.4,56064.45,337572.0
2026-03-11 08:00:00+00:00,NSE:BANKNIFTY,56064.4,56119.75,56062.15,56116.0,578151.0
2026-03-11 08:01:00+00:00,NSE:BANKNIFTY,56117.2,56125.05,56077.8,56077.8,517638.0
2026-03-11 08:02:00+00:00,NSE:BANKNIFTY,56077.05,56079.4,56044.0,56063.1,543864.0
2026-03-11 08:03:00+00:00,NSE:BANKNIFTY,56062.7,56069.25,56043.85,56059.75,613119.0
2026-03-11 08:04:00+00:00,NSE:BANKNIFTY,56059.65,56059.65,56017.2,56023.05,541086.0
2026-03-11 08:05:00+00:00,NSE:BANKNIFTY,56023.0,56027.6,56008.95,56022.4,338222.0
2026-03-11 08:06:00+00:00,NSE:BANKNIFTY,56024.9,56052.85,56022.9,56029.55,836500.0
2026-03-11 08:07:00+00:00,NSE:BANKNIFTY,56027.45,56033.5,56009.2,56010.9,424086.0
2026-03-11 08:08:00+00:00,NSE:BANKNIFTY,56014.95,56014.95,55990.7,55993.8,347451.0
2026-03-11 08:09:00+00:00,NSE:BANKNIFTY,55992.8,56005.15,55989.95,55994.65,203990.0
2026-03-11 08:10:00+00:00,NSE:BANKNIFTY,55994.45,55994.45,55973.4,55979.4,267036.0
2026-03-11 08:11:00+00:00,NSE:BANKNIFTY,55979.75,56001.8,55979.0,55992.85,329886.0
2026-03-11 08:12:00+00:00,NSE:BANKNIFTY,55993.55,56023.05,55993.55,56017.7,442963.0
2026-03-11 08:13:00+00:00,NSE:BANKNIFTY,56017.85,56019.45,55998.6,56003.75,338872.0
2026-03-11 08:14:00+00:00,NSE:BANKNIFTY,56004.9,56006.3,55981.7,55988.6,465691.0
2026-03-11 08:15:00+00:00,NSE:BANKNIFTY,55989.45,55998.2,55979.2,55979.2,389594.0
2026-03-11 08:16:00+00:00,NSE:BANKNIFTY,55981.35,55990.6,55961.45,55969.65,469416.0
2026-03-11 08:17:00+00:00,NSE:BANKNIFTY,55970.85,55973.2,55938.65,55942.35,633037.0
2026-03-11 08:18:00+00:00,NSE:BANKNIFTY,55944.55,55987.0,55935.45,55986.6,810925.0
2026-03-11 08:19:00+00:00,NSE:BANKNIFTY,55986.5,55997.2,55974.35,55974.35,860999.0
2026-03-11 08:20:00+00:00,NSE:BANKNIFTY,55974.45,55974.45,55951.95,55951.95,469470.0
2026-03-11 08:21:00+00:00,NSE:BANKNIFTY,55956.05,55981.2,55950.3,55981.05,605637.0
2026-03-11 08:22:00+00:00,NSE:BANKNIFTY,55981.25,56015.1,55973.6,55994.3,449094.0
2026-03-11 08:23:00+00:00,NSE:BANKNIFTY,55995.25,56002.65,55981.3,55997.8,231997.0
2026-03-11 08:24:00+00:00,NSE:BANKNIFTY,55998.3,56019.25,55998.3,56005.2,258354.0
2026-03-11 08:25:00+00:00,NSE:BANKNIFTY,56007.45,56028.9,56002.45,56015.5,278465.0
2026-03-11 08:26:00+00:00,NSE:BANKNIFTY,56016.5,56017.15,55990.85,55991.75,267750.0
2026-03-11 08:27:00+00:00,NSE:BANKNIFTY,55996.1,55996.4,55978.35,55992.4,546301.0
2026-03-11 08:28:00+00:00,NSE:BANKNIFTY,55994.2,56022.5,55985.85,56013.35,415391.0
2026-03-11 08:29:00+00:00,NSE:BANKNIFTY,56017.5,56031.25,56011.8,56027.1,237064.0
2026-03-11 08:30:00+00:00,NSE:BANKNIFTY,56029.2,56034.0,55999.65,56024.2,404795.0
2026-03-11 08:31:00+00:00,NSE:BANKNIFTY,56019.85,56021.6,55985.6,55986.35,414072.0
2026-03-11 08:32:00+00:00,NSE:BANKNIFTY,55984.8,55986.8,55967.9,55986.25,487223.0
2026-03-11 08:33:00+00:00,NSE:BANKNIFTY,55985.65,56018.35,55985.65,56017.45,251186.0
2026-03-11 08:34:00+00:00,NSE:BANKNIFTY,56016.85,56019.85,55994.55,55998.05,256698.0
2026-03-11 08:35:00+00:00,NSE:BANKNIFTY,55999.65,56000.95,55981.05,55992.55,328197.0
2026-03-11 08:36:00+00:00,NSE:BANKNIFTY,55994.45,56002.7,55992.9,55997.75,296031.0
2026-03-11 08:37:00+00:00,NSE:BANKNIFTY,55998.7,56004.5,55969.6,55970.65,443608.0
2026-03-11 08:38:00+00:00,NSE:BANKNIFTY,55970.35,55970.35,55943.5,55946.6,2733638.0
2026-03-11 08:39:00+00:00,NSE:BANKNIFTY,55946.4,55962.4,55933.9,55937.7,1497710.0
2026-03-11 08:40:00+00:00,NSE:BANKNIFTY,55934.6,55944.5,55926.7,55938.25,709534.0
2026-03-11 08:41:00+00:00,NSE:BANKNIFTY,55941.8,55958.5,55938.25,55946.35,363408.0
2026-03-11 08:42:00+00:00,NSE:BANKNIFTY,55949.95,55952.55,55936.8,55940.4,579079.0
2026-03-11 08:43:00+00:00,NSE:BANKNIFTY,55935.65,55949.5,55929.35,55941.8,546363.0
2026-03-11 08:44:00+00:00,NSE:BANKNIFTY,55943.0,55961.45,55940.4,55950.7,371664.0
2026-03-11 08:45:00+00:00,NSE:BANKNIFTY,55950.85,55961.9,55946.05,55946.7,595753.0
2026-03-11 08:46:00+00:00,NSE:BANKNIFTY,55947.1,55952.05,55916.9,55927.55,554124.0
2026-03-11 08:47:00+00:00,NSE:BANKNIFTY,55927.45,55931.6,55909.7,55910.25,401998.0
2026-03-11 08:48:00+00:00,NSE:BANKNIFTY,55910.85,55914.95,55874.6,55880.55,547478.0
2026-03-11 08:49:00+00:00,NSE:BANKNIFTY,55884.5,55912.05,55879.5,55912.0,752737.0
2026-03-11 08:50:00+00:00,NSE:BANKNIFTY,55915.35,55948.9,55910.05,55925.4,530765.0
2026-03-11 08:51:00+00:00,NSE:BANKNIFTY,55927.75,55927.75,55903.95,55924.9,342586.0
2026-03-11 08:52:00+00:00,NSE:BANKNIFTY,55921.35,55924.9,55891.0,55891.5,218587.0
2026-03-11 08:53:00+00:00,NSE:BANKNIFTY,55892.1,55899.0,55879.8,55881.2,288925.0
2026-03-11 08:54:00+00:00,NSE:BANKNIFTY,55885.85,55903.55,55868.6,55868.6,472765.0
2026-03-11 08:55:00+00:00,NSE:BANKNIFTY,55865.3,55888.2,55855.4,55876.75,741313.0
2026-03-11 08:56:00+00:00,NSE:BANKNIFTY,55883.5,55889.5,55852.35,55856.3,641708.0
2026-03-11 08:57:00+00:00,NSE:BANKNIFTY,55861.1,55941.9,55845.1,55938.65,900234.0
2026-03-11 08:58:00+00:00,NSE:BANKNIFTY,55940.0,55992.9,55938.05,55992.9,1225859.0
2026-03-11 08:59:00+00:00,NSE:BANKNIFTY,55999.95,56064.8,55997.75,56064.2,1093263.0
2026-03-11 09:00:00+00:00,NSE:BANKNIFTY,56066.45,56076.85,55976.7,55980.15,1198059.0
2026-03-11 09:01:00+00:00,NSE:BANKNIFTY,55979.2,55981.05,55941.05,55946.9,694707.0
2026-03-11 09:02:00+00:00,NSE:BANKNIFTY,55949.7,55994.5,55940.15,55979.75,519389.0
2026-03-11 09:03:00+00:00,NSE:BANKNIFTY,55979.9,55984.2,55927.55,55927.55,584158.0
2026-03-11 09:04:00+00:00,NSE:BANKNIFTY,55926.25,55932.15,55910.75,55910.75,358864.0
2026-03-11 09:05:00+00:00,NSE:BANKNIFTY,55911.5,55920.25,55903.85,55918.55,765733.0
2026-03-11 09:06:00+00:00,NSE:BANKNIFTY,55920.7,55927.45,55907.25,55915.3,569572.0
2026-03-11 09:07:00+00:00,NSE:BANKNIFTY,55916.0,55932.55,55904.3,55927.2,336673.0
2026-03-11 09:08:00+00:00,NSE:BANKNIFTY,55926.65,55931.8,55904.55,55912.85,840870.0
2026-03-11 09:09:00+00:00,NSE:BANKNIFTY,55915.3,55953.95,55910.4,55950.25,538896.0
2026-03-11 09:10:00+00:00,NSE:BANKNIFTY,55951.4,55951.4,55905.1,55914.05,490947.0
2026-03-11 09:11:00+00:00,NSE:BANKNIFTY,55916.05,55929.2,55913.3,55922.0,296205.0
2026-03-11 09:12:00+00:00,NSE:BANKNIFTY,55926.5,55934.9,55921.75,55930.95,339832.0
2026-03-11 09:13:00+00:00,NSE:BANKNIFTY,55929.25,55937.25,55911.9,55937.05,415513.0
2026-03-11 09:14:00+00:00,NSE:BANKNIFTY,55937.85,55945.6,55907.85,55921.3,661536.0
2026-03-11 09:15:00+00:00,NSE:BANKNIFTY,55923.7,55928.5,55908.75,55915.05,355598.0
2026-03-11 09:16:00+00:00,NSE:BANKNIFTY,55921.7,55937.1,55911.95,55931.1,463273.0
2026-03-11 09:17:00+00:00,NSE:BANKNIFTY,55934.25,55938.35,55911.45,55911.45,346031.0
2026-03-11 09:18:00+00:00,NSE:BANKNIFTY,55910.2,55929.0,55905.7,55915.35,508638.0
2026-03-11 09:19:00+00:00,NSE:BANKNIFTY,55914.85,55921.25,55901.45,55904.75,1269844.0
2026-03-11 09:20:00+00:00,NSE:BANKNIFTY,55908.65,55928.75,55902.3,55911.1,539580.0
2026-03-11 09:21:00+00:00,NSE:BANKNIFTY,55910.0,55911.9,55894.2,55895.5,358700.0
2026-03-11 09:22:00+00:00,NSE:BANKNIFTY,55895.9,55900.9,55875.0,55876.0,417065.0
2026-03-11 09:23:00+00:00,NSE:BANKNIFTY,55875.85,55889.05,55868.85,55889.05,723399.0
2026-03-11 09:24:00+00:00,NSE:BANKNIFTY,55890.55,55915.3,55890.55,55908.7,559604.0
2026-03-11 09:25:00+00:00,NSE:BANKNIFTY,55908.6,55910.35,55881.0,55888.1,2392614.0
2026-03-11 09:26:00+00:00,NSE:BANKNIFTY,55888.05,55904.65,55879.7,55899.0,518285.0
2026-03-11 09:27:00+00:00,NSE:BANKNIFTY,55900.85,55902.25,55884.3,55893.1,472576.0
2026-03-11 09:28:00+00:00,NSE:BANKNIFTY,55894.05,55898.45,55839.7,55842.85,691200.0
2026-03-11 09:29:00+00:00,NSE:BANKNIFTY,55843.1,55843.6,55796.55,55801.45,845058.0
2026-03-11 09:30:00+00:00,NSE:BANKNIFTY,55802.45,55856.45,55802.25,55852.9,1370240.0
2026-03-11 09:31:00+00:00,NSE:BANKNIFTY,55858.6,55882.65,55848.55,55867.95,978752.0
2026-03-11 09:32:00+00:00,NSE:BANKNIFTY,55870.7,55885.6,55858.3,55866.95,1077916.0
2026-03-11 09:33:00+00:00,NSE:BANKNIFTY,55873.35,55892.0,55867.25,55869.0,1121022.0
2026-03-11 09:34:00+00:00,NSE:BANKNIFTY,55872.5,55874.5,55813.1,55817.15,1404892.0
2026-03-11 09:35:00+00:00,NSE:BANKNIFTY,55820.85,55835.4,55792.2,55806.05,1614441.0
2026-03-11 09:36:00+00:00,NSE:BANKNIFTY,55807.15,55812.3,55772.55,55778.8,1943475.0
2026-03-11 09:37:00+00:00,NSE:BANKNIFTY,55780.95,55782.75,55725.95,55738.2,2061344.0
2026-03-11 09:38:00+00:00,NSE:BANKNIFTY,55738.65,55744.6,55712.15,55741.35,1514501.0
2026-03-11 09:39:00+00:00,NSE:BANKNIFTY,55740.0,55789.05,55736.9,55782.05,1678587.0
2026-03-11 09:40:00+00:00,NSE:BANKNIFTY,55784.35,55801.05,55767.15,55788.0,1734998.0
2026-03-11 09:41:00+00:00,NSE:BANKNIFTY,55786.15,55805.45,55779.7,55782.5,1339994.0
2026-03-11 09:42:00+00:00,NSE:BANKNIFTY,55777.85,55797.55,55762.35,55765.55,1240962.0
2026-03-11 09:43:00+00:00,NSE:BANKNIFTY,55767.9,55769.55,55735.35,55750.55,1727332.0
2026-03-11 09:44:00+00:00,NSE:BANKNIFTY,55750.85,55757.9,55727.6,55745.5,2331880.0
2026-03-11 09:45:00+00:00,NSE:BANKNIFTY,55741.8,55749.15,55703.85,55737.25,2512450.0
2026-03-11 09:46:00+00:00,NSE:BANKNIFTY,55735.7,55765.55,55735.7,55754.0,2615988.0
2026-03-11 09:47:00+00:00,NSE:BANKNIFTY,55755.7,55787.95,55744.4,55763.75,2270944.0
2026-03-11 09:48:00+00:00,NSE:BANKNIFTY,55765.7,55771.6,55741.1,55771.55,2129598.0
2026-03-11 09:49:00+00:00,NSE:BANKNIFTY,55768.75,55797.7,55768.75,55781.85,1677089.0
2026-03-11 09:50:00+00:00,NSE:BANKNIFTY,55779.45,55788.2,55768.7,55770.2,2039829.0
2026-03-11 09:51:00+00:00,NSE:BANKNIFTY,55769.45,55776.45,55755.75,55768.5,2526360.0
2026-03-11 09:52:00+00:00,NSE:BANKNIFTY,55764.5,55777.7,55739.8,55744.45,2312502.0
2026-03-11 09:53:00+00:00,NSE:BANKNIFTY,55744.9,55749.95,55727.85,55742.8,1857784.0
2026-03-11 09:54:00+00:00,NSE:BANKNIFTY,55741.15,55745.2,55717.55,55733.6,1900579.0
2026-03-11 09:55:00+00:00,NSE:BANKNIFTY,55734.05,55743.75,55700.5,55735.45,2931463.0
2026-03-11 09:56:00+00:00,NSE:BANKNIFTY,55734.55,55749.45,55717.35,55729.6,1930723.0
2026-03-11 09:57:00+00:00,NSE:BANKNIFTY,55721.35,55727.3,55643.9,55662.8,8591454.0
2026-03-11 09:58:00+00:00,NSE:BANKNIFTY,55660.7,55686.5,55631.95,55660.8,2279008.0
2026-03-11 09:59:00+00:00,NSE:BANKNIFTY,55659.9,55688.7,55650.0,55666.4,1514731.0
2026-03-12 03:45:00+00:00,NSE:BANKNIFTY,55047.55,55067.35,54831.35,54844.8,9004953.0
2026-03-12 03:46:00+00:00,NSE:BANKNIFTY,54845.1,54882.05,54784.05,54799.5,3643175.0
2026-03-12 03:47:00+00:00,NSE:BANKNIFTY,54787.75,54823.95,54760.55,54792.55,3688493.0
2026-03-12 03:48:00+00:00,NSE:BANKNIFTY,54790.5,54824.65,54775.05,54812.0,2298368.0
2026-03-12 03:49:00+00:00,NSE:BANKNIFTY,54818.1,54835.55,54795.0,54802.65,2156591.0
2026-03-12 03:50:00+00:00,NSE:BANKNIFTY,54797.9,54904.85,54780.6,54904.85,3487367.0
2026-03-12 03:51:00+00:00,NSE:BANKNIFTY,54908.95,54924.3,54860.85,54865.65,1935503.0
2026-03-12 03:52:00+00:00,NSE:BANKNIFTY,54869.2,54904.75,54865.55,54885.75,1080588.0
2026-03-12 03:53:00+00:00,NSE:BANKNIFTY,54890.6,54890.6,54840.1,54876.4,1970872.0
2026-03-12 03:54:00+00:00,NSE:BANKNIFTY,54875.3,54937.95,54875.3,54937.95,2327103.0
2026-03-12 03:55:00+00:00,NSE:BANKNIFTY,54945.7,54977.1,54912.05,54960.9,1612095.0
2026-03-12 03:56:00+00:00,NSE:BANKNIFTY,54963.45,54979.95,54934.4,54975.25,1372732.0
2026-03-12 03:57:00+00:00,NSE:BANKNIFTY,54975.7,55008.4,54961.45,54969.55,968680.0
2026-03-12 03:58:00+00:00,NSE:BANKNIFTY,54977.75,54993.0,54956.3,54964.95,901769.0
2026-03-12 03:59:00+00:00,NSE:BANKNIFTY,54968.65,55010.5,54964.35,55009.55,945515.0
2026-03-12 04:00:00+00:00,NSE:BANKNIFTY,55014.35,55014.35,54953.95,54960.1,1313775.0
2026-03-12 04:01:00+00:00,NSE:BANKNIFTY,54961.85,55011.0,54958.35,55004.35,1009759.0
2026-03-12 04:02:00+00:00,NSE:BANKNIFTY,55008.15,55014.3,54986.1,55005.1,1052029.0
2026-03-12 04:03:00+00:00,NSE:BANKNIFTY,55006.95,55042.4,54987.55,55026.35,1072346.0
2026-03-12 04:04:00+00:00,NSE:BANKNIFTY,55027.35,55036.1,55005.35,55023.6,891392.0
2026-03-12 04:05:00+00:00,NSE:BANKNIFTY,55027.2,55028.0,54962.3,54979.25,1313520.0
2026-03-12 04:06:00+00:00,NSE:BANKNIFTY,54982.35,54999.75,54964.3,54978.05,1949780.0
2026-03-12 04:07:00+00:00,NSE:BANKNIFTY,54979.75,54998.95,54952.95,54991.4,1258303.0
2026-03-12 04:08:00+00:00,NSE:BANKNIFTY,54988.95,55010.85,54952.55,54952.55,796230.0
2026-03-12 04:09:00+00:00,NSE:BANKNIFTY,54956.6,54956.6,54898.15,54905.0,1647095.0
2026-03-12 04:10:00+00:00,NSE:BANKNIFTY,54902.0,54937.95,54894.2,54907.85,2798042.0
2026-03-12 04:11:00+00:00,NSE:BANKNIFTY,54915.3,54926.6,54895.5,54900.6,872525.0
2026-03-12 04:12:00+00:00,NSE:BANKNIFTY,54903.55,54964.8,54893.8,54962.2,1040837.0
2026-03-12 04:13:00+00:00,NSE:BANKNIFTY,54962.75,54981.85,54954.2,54966.2,817302.0
2026-03-12 04:14:00+00:00,NSE:BANKNIFTY,54966.3,54972.2,54940.45,54964.05,1065291.0
2026-03-12 04:15:00+00:00,NSE:BANKNIFTY,54971.2,54987.4,54962.65,54979.7,998924.0
2026-03-12 04:16:00+00:00,NSE:BANKNIFTY,54982.5,54997.7,54952.9,54957.4,1515956.0
2026-03-12 04:17:00+00:00,NSE:BANKNIFTY,54949.3,54975.9,54923.75,54935.95,1031806.0
2026-03-12 04:18:00+00:00,NSE:BANKNIFTY,54941.8,54983.55,54934.55,54975.1,926963.0
2026-03-12 04:19:00+00:00,NSE:BANKNIFTY,54981.65,55012.3,54975.55,55001.95,706952.0
2026-03-12 04:20:00+00:00,NSE:BANKNIFTY,55002.75,55008.9,54979.55,54985.55,1027054.0
2026-03-12 04:21:00+00:00,NSE:BANKNIFTY,54988.2,55024.95,54978.6,55022.05,839005.0
2026-03-12 04:22:00+00:00,NSE:BANKNIFTY,55024.7,55057.45,55022.25,55040.8,1181061.0
2026-03-12 04:23:00+00:00,NSE:BANKNIFTY,55032.3,55051.0,55023.3,55047.35,1215221.0
2026-03-12 04:24:00+00:00,NSE:BANKNIFTY,55048.75,55099.65,55045.05,55098.35,1141120.0
2026-03-12 04:25:00+00:00,NSE:BANKNIFTY,55099.9,55103.75,55073.25,55085.35,884837.0
2026-03-12 04:26:00+00:00,NSE:BANKNIFTY,55088.05,55104.4,55074.8,55094.6,1900096.0
2026-03-12 04:27:00+00:00,NSE:BANKNIFTY,55098.15,55153.35,55095.15,55147.35,816337.0
2026-03-12 04:28:00+00:00,NSE:BANKNIFTY,55150.35,55179.85,55147.35,55174.55,1202905.0
2026-03-12 04:29:00+00:00,NSE:BANKNIFTY,55197.85,55235.35,55178.1,55232.75,1196329.0
2026-03-12 04:30:00+00:00,NSE:BANKNIFTY,55236.95,55239.1,55173.55,55187.55,959408.0
2026-03-12 04:31:00+00:00,NSE:BANKNIFTY,55188.35,55194.45,55163.4,55193.75,987967.0
2026-03-12 04:32:00+00:00,NSE:BANKNIFTY,55188.75,55229.95,55188.75,55201.45,615663.0
2026-03-12 04:33:00+00:00,NSE:BANKNIFTY,55204.1,55216.4,55191.9,55209.4,773543.0
2026-03-12 04:34:00+00:00,NSE:BANKNIFTY,55207.1,55218.4,55196.7,55201.2,430929.0
2026-03-12 04:35:00+00:00,NSE:BANKNIFTY,55204.35,55204.35,55140.45,55140.45,535618.0
2026-03-12 04:36:00+00:00,NSE:BANKNIFTY,55143.35,55153.05,55131.0,55131.55,468993.0
2026-03-12 04:37:00+00:00,NSE:BANKNIFTY,55138.7,55138.7,55086.2,55086.4,641333.0
2026-03-12 04:38:00+00:00,NSE:BANKNIFTY,55094.95,55103.45,55052.8,55060.65,560636.0
2026-03-12 04:39:00+00:00,NSE:BANKNIFTY,55068.25,55087.65,55050.05,55070.65,1470844.0
2026-03-12 04:40:00+00:00,NSE:BANKNIFTY,55080.75,55113.45,55069.9,55100.75,597092.0
2026-03-12 04:41:00+00:00,NSE:BANKNIFTY,55099.65,55099.65,55046.05,55056.65,946351.0
2026-03-12 04:42:00+00:00,NSE:BANKNIFTY,55057.35,55081.55,55036.15,55043.0,530160.0
2026-03-12 04:43:00+00:00,NSE:BANKNIFTY,55044.1,55050.1,55023.9,55036.6,838607.0
2026-03-12 04:44:00+00:00,NSE:BANKNIFTY,55036.2,55040.55,54988.75,55013.25,1565853.0
2026-03-12 04:45:00+00:00,NSE:BANKNIFTY,55013.15,55029.7,54995.35,55021.4,1114293.0
2026-03-12 04:46:00+00:00,NSE:BANKNIFTY,55021.9,55023.9,54991.45,55007.85,671720.0
2026-03-12 04:47:00+00:00,NSE:BANKNIFTY,55008.65,55010.95,54979.2,54983.5,506066.0
2026-03-12 04:48:00+00:00,NSE:BANKNIFTY,54983.8,55042.8,54975.25,55036.2,591140.0
2026-03-12 04:49:00+00:00,NSE:BANKNIFTY,55037.1,55056.45,55029.15,55042.25,803700.0
2026-03-12 04:50:00+00:00,NSE:BANKNIFTY,55044.7,55071.75,55042.15,55057.55,489549.0
2026-03-12 04:51:00+00:00,NSE:BANKNIFTY,55061.05,55099.95,55044.85,55093.55,800200.0
2026-03-12 04:52:00+00:00,NSE:BANKNIFTY,55097.95,55101.15,55043.95,55045.4,3819490.0
2026-03-12 04:53:00+00:00,NSE:BANKNIFTY,55042.85,55049.3,55000.65,55005.65,666315.0
2026-03-12 04:54:00+00:00,NSE:BANKNIFTY,55005.8,55026.0,55003.8,55022.6,278481.0
2026-03-12 04:55:00+00:00,NSE:BANKNIFTY,55030.95,55098.9,55029.25,55097.9,674448.0
2026-03-12 04:56:00+00:00,NSE:BANKNIFTY,55100.95,55177.2,55082.55,55175.6,1920472.0
2026-03-12 04:57:00+00:00,NSE:BANKNIFTY,55172.2,55186.6,55151.95,55157.9,1254615.0
2026-03-12 04:58:00+00:00,NSE:BANKNIFTY,55157.45,55184.05,55126.15,55152.4,933382.0
2026-03-12 04:59:00+00:00,NSE:BANKNIFTY,55153.75,55182.25,55150.65,55182.25,409815.0
2026-03-12 05:00:00+00:00,NSE:BANKNIFTY,55180.4,55185.65,55109.7,55112.95,472165.0
2026-03-12 05:01:00+00:00,NSE:BANKNIFTY,55111.65,55113.75,55078.3,55094.6,539256.0
2026-03-12 05:02:00+00:00,NSE:BANKNIFTY,55099.8,55149.95,55092.25,55148.95,286518.0
2026-03-12 05:03:00+00:00,NSE:BANKNIFTY,55149.8,55199.6,55149.8,55191.9,533036.0
2026-03-12 05:04:00+00:00,NSE:BANKNIFTY,55194.65,55231.2,55177.15,55217.5,886825.0
2026-03-12 05:05:00+00:00,NSE:BANKNIFTY,55216.0,55219.9,55192.2,55195.7,588335.0
2026-03-12 05:06:00+00:00,NSE:BANKNIFTY,55197.1,55237.35,55191.3,55234.3,580559.0
2026-03-12 05:07:00+00:00,NSE:BANKNIFTY,55239.9,55289.25,55238.7,55286.65,1096933.0
2026-03-12 05:08:00+00:00,NSE:BANKNIFTY,55285.65,55301.75,55262.65,55286.35,753316.0
2026-03-12 05:09:00+00:00,NSE:BANKNIFTY,55284.7,55290.75,55266.95,55281.75,400288.0
2026-03-12 05:10:00+00:00,NSE:BANKNIFTY,55285.0,55298.75,55276.25,55281.1,465888.0
2026-03-12 05:11:00+00:00,NSE:BANKNIFTY,55282.05,55282.05,55228.7,55269.9,636390.0
2026-03-12 05:12:00+00:00,NSE:BANKNIFTY,55264.95,55277.55,55220.95,55233.7,380641.0
2026-03-12 05:13:00+00:00,NSE:BANKNIFTY,55232.1,55239.1,55186.3,55186.3,383642.0
2026-03-12 05:14:00+00:00,NSE:BANKNIFTY,55180.8,55215.25,55173.25,55190.0,486771.0
2026-03-12 05:15:00+00:00,NSE:BANKNIFTY,55194.8,55207.2,55185.7,55199.1,335005.0
2026-03-12 05:16:00+00:00,NSE:BANKNIFTY,55200.7,55229.3,55182.3,55189.55,735002.0
2026-03-12 05:17:00+00:00,NSE:BANKNIFTY,55184.3,55223.2,55179.55,55221.55,337891.0
2026-03-12 05:18:00+00:00,NSE:BANKNIFTY,55224.2,55224.9,55193.45,55214.35,435089.0
2026-03-12 05:19:00+00:00,NSE:BANKNIFTY,55211.05,55219.15,55194.1,55208.0,303569.0
2026-03-12 05:20:00+00:00,NSE:BANKNIFTY,55196.9,55207.65,55156.85,55165.85,498210.0
2026-03-12 05:21:00+00:00,NSE:BANKNIFTY,55160.25,55188.1,55157.1,55157.1,496410.0
2026-03-12 05:22:00+00:00,NSE:BANKNIFTY,55156.25,55163.9,55134.4,55141.3,497058.0
2026-03-12 05:23:00+00:00,NSE:BANKNIFTY,55132.5,55218.45,55132.5,55217.7,613349.0
2026-03-12 05:24:00+00:00,NSE:BANKNIFTY,55218.0,55231.7,55189.8,55191.25,658030.0
2026-03-12 05:25:00+00:00,NSE:BANKNIFTY,55182.6,55194.1,55144.55,55154.4,417067.0
2026-03-12 05:26:00+00:00,NSE:BANKNIFTY,55157.55,55195.75,55157.15,55195.75,286630.0
2026-03-12 05:27:00+00:00,NSE:BANKNIFTY,55202.7,55259.55,55202.7,55259.55,871290.0
2026-03-12 05:28:00+00:00,NSE:BANKNIFTY,55256.2,55272.8,55242.25,55272.8,976812.0
2026-03-12 05:29:00+00:00,NSE:BANKNIFTY,55265.3,55308.4,55265.3,55298.85,1000603.0
2026-03-12 05:30:00+00:00,NSE:BANKNIFTY,55296.65,55316.25,55277.15,55287.65,704372.0
2026-03-12 05:31:00+00:00,NSE:BANKNIFTY,55280.7,55317.15,55280.7,55303.6,636359.0
2026-03-12 05:32:00+00:00,NSE:BANKNIFTY,55303.85,55325.25,55294.2,55323.85,1083287.0
2026-03-12 05:33:00+00:00,NSE:BANKNIFTY,55325.2,55345.6,55307.8,55327.45,867043.0
2026-03-12 05:34:00+00:00,NSE:BANKNIFTY,55324.8,55357.05,55324.8,55353.95,855588.0
2026-03-12 05:35:00+00:00,NSE:BANKNIFTY,55353.15,55372.65,55340.45,55343.7,1276257.0
2026-03-12 05:36:00+00:00,NSE:BANKNIFTY,55341.7,55346.45,55295.2,55301.05,549620.0
2026-03-12 05:37:00+00:00,NSE:BANKNIFTY,55304.75,55307.95,55256.35,55279.05,444249.0
2026-03-12 05:38:00+00:00,NSE:BANKNIFTY,55276.8,55287.65,55262.25,55275.35,509069.0
2026-03-12 05:39:00+00:00,NSE:BANKNIFTY,55277.95,55277.95,55251.1,55261.95,466859.0
2026-03-12 05:40:00+00:00,NSE:BANKNIFTY,55260.55,55313.35,55258.7,55312.95,520951.0
2026-03-12 05:41:00+00:00,NSE:BANKNIFTY,55311.95,55324.15,55287.9,55290.3,496672.0
2026-03-12 05:42:00+00:00,NSE:BANKNIFTY,55293.8,55296.1,55258.9,55266.75,380190.0
2026-03-12 05:43:00+00:00,NSE:BANKNIFTY,55265.7,55277.2,55254.8,55266.95,313618.0
2026-03-12 05:44:00+00:00,NSE:BANKNIFTY,55266.75,55284.15,55257.45,55267.7,480961.0
2026-03-12 05:45:00+00:00,NSE:BANKNIFTY,55267.0,55277.25,55263.6,55268.15,499013.0
2026-03-12 05:46:00+00:00,NSE:BANKNIFTY,55272.3,55295.95,55272.3,55282.8,485096.0
2026-03-12 05:47:00+00:00,NSE:BANKNIFTY,55284.05,55288.7,55246.75,55260.95,356467.0
2026-03-12 05:48:00+00:00,NSE:BANKNIFTY,55257.85,55264.55,55094.3,55103.15,1394103.0
2026-03-12 05:49:00+00:00,NSE:BANKNIFTY,55100.7,55167.7,55100.7,55145.65,835136.0
2026-03-12 05:50:00+00:00,NSE:BANKNIFTY,55146.0,55146.45,55095.15,55101.65,373665.0
2026-03-12 05:51:00+00:00,NSE:BANKNIFTY,55099.55,55099.55,55053.35,55058.35,399809.0
2026-03-12 05:52:00+00:00,NSE:BANKNIFTY,55060.7,55081.05,55053.8,55072.05,728801.0
2026-03-12 05:53:00+00:00,NSE:BANKNIFTY,55070.75,55080.85,55058.05,55075.1,298605.0
2026-03-12 05:54:00+00:00,NSE:BANKNIFTY,55070.6,55127.25,55066.65,55126.65,471026.0
2026-03-12 05:55:00+00:00,NSE:BANKNIFTY,55130.25,55130.25,55104.95,55112.4,476745.0
2026-03-12 05:56:00+00:00,NSE:BANKNIFTY,55109.7,55134.0,55108.15,55121.8,275406.0
2026-03-12 05:57:00+00:00,NSE:BANKNIFTY,55120.85,55148.85,55116.35,55122.95,340816.0
2026-03-12 05:58:00+00:00,NSE:BANKNIFTY,55123.75,55150.0,55123.4,55150.0,247706.0
2026-03-12 05:59:00+00:00,NSE:BANKNIFTY,55149.25,55173.85,55138.8,55141.1,352653.0
2026-03-12 06:00:00+00:00,NSE:BANKNIFTY,55140.2,55142.5,55103.5,55115.65,357441.0
2026-03-12 06:01:00+00:00,NSE:BANKNIFTY,55112.95,55117.15,55092.85,55103.9,239476.0
2026-03-12 06:02:00+00:00,NSE:BANKNIFTY,55101.6,55107.25,55071.85,55094.2,246734.0
2026-03-12 06:03:00+00:00,NSE:BANKNIFTY,55096.95,55109.65,55087.5,55098.85,488455.0
2026-03-12 06:04:00+00:00,NSE:BANKNIFTY,55096.6,55124.1,55096.6,55121.55,238665.0
2026-03-12 06:05:00+00:00,NSE:BANKNIFTY,55118.8,55127.35,55097.25,55121.0,243256.0
2026-03-12 06:06:00+00:00,NSE:BANKNIFTY,55119.35,55120.3,55102.05,55109.8,462076.0
2026-03-12 06:07:00+00:00,NSE:BANKNIFTY,55108.7,55117.9,55098.8,55107.85,247778.0
2026-03-12 06:08:00+00:00,NSE:BANKNIFTY,55108.4,55120.95,55085.0,55119.15,457691.0
2026-03-12 06:09:00+00:00,NSE:BANKNIFTY,55121.5,55126.95,55106.25,55126.95,387183.0
2026-03-12 06:10:00+00:00,NSE:BANKNIFTY,55123.95,55150.15,55115.75,55141.45,471103.0
2026-03-12 06:11:00+00:00,NSE:BANKNIFTY,55144.1,55162.15,55103.35,55107.2,525554.0
2026-03-12 06:12:00+00:00,NSE:BANKNIFTY,55105.85,55120.2,55102.85,55111.3,209463.0
2026-03-12 06:13:00+00:00,NSE:BANKNIFTY,55108.7,55146.1,55099.05,55126.65,403118.0
2026-03-12 06:14:00+00:00,NSE:BANKNIFTY,55122.35,55137.75,55110.5,55121.0,387359.0
2026-03-12 06:15:00+00:00,NSE:BANKNIFTY,55121.1,55145.5,55112.35,55140.65,304294.0
2026-03-12 06:16:00+00:00,NSE:BANKNIFTY,55137.85,55150.4,55112.3,55132.0,283970.0
2026-03-12 06:17:00+00:00,NSE:BANKNIFTY,55127.3,55134.85,55110.3,55134.0,370228.0
2026-03-12 06:18:00+00:00,NSE:BANKNIFTY,55129.55,55133.4,55098.05,55099.25,366357.0
2026-03-12 06:19:00+00:00,NSE:BANKNIFTY,55099.1,55099.6,55057.7,55064.95,594068.0
2026-03-12 06:20:00+00:00,NSE:BANKNIFTY,55060.8,55081.15,55054.8,55068.1,319609.0
2026-03-12 06:21:00+00:00,NSE:BANKNIFTY,55069.15,55102.3,55062.1,55071.05,474133.0
2026-03-12 06:22:00+00:00,NSE:BANKNIFTY,55078.05,55086.3,55065.2,55065.6,483285.0
2026-03-12 06:23:00+00:00,NSE:BANKNIFTY,55064.8,55091.15,55047.5,55084.25,403705.0
2026-03-12 06:24:00+00:00,NSE:BANKNIFTY,55085.4,55106.9,55084.35,55094.35,474052.0
2026-03-12 06:25:00+00:00,NSE:BANKNIFTY,55095.55,55102.7,55087.35,55098.5,386548.0
2026-03-12 06:26:00+00:00,NSE:BANKNIFTY,55099.6,55187.1,55099.1,55183.0,2059063.0
2026-03-12 06:27:00+00:00,NSE:BANKNIFTY,55182.0,55187.8,55168.0,55180.45,599223.0
2026-03-12 06:28:00+00:00,NSE:BANKNIFTY,55176.45,55177.6,55163.65,55175.3,311577.0
2026-03-12 06:29:00+00:00,NSE:BANKNIFTY,55174.1,55198.1,55174.1,55183.0,242914.0
2026-03-12 06:30:00+00:00,NSE:BANKNIFTY,55181.35,55207.5,55177.85,55202.95,294415.0
2026-03-12 06:31:00+00:00,NSE:BANKNIFTY,55206.7,55222.85,55199.15,55202.75,522242.0
2026-03-12 06:32:00+00:00,NSE:BANKNIFTY,55207.95,55212.55,55193.25,55200.65,277969.0
2026-03-12 06:33:00+00:00,NSE:BANKNIFTY,55206.35,55221.55,55194.5,55213.7,212739.0
2026-03-12 06:34:00+00:00,NSE:BANKNIFTY,55213.45,55222.65,55198.95,55201.75,250676.0
2026-03-12 06:35:00+00:00,NSE:BANKNIFTY,55204.15,55213.9,55171.75,55171.75,590948.0
2026-03-12 06:36:00+00:00,NSE:BANKNIFTY,55172.45,55186.2,55155.15,55180.2,564053.0
2026-03-12 06:37:00+00:00,NSE:BANKNIFTY,55183.95,55192.5,55143.1,55147.5,521722.0
2026-03-12 06:38:00+00:00,NSE:BANKNIFTY,55144.85,55159.4,55141.05,55144.75,242076.0
2026-03-12 06:39:00+00:00,NSE:BANKNIFTY,55144.1,55172.9,55138.1,55160.7,482779.0
2026-03-12 06:40:00+00:00,NSE:BANKNIFTY,55163.15,55163.15,55139.25,55150.9,341752.0
2026-03-12 06:41:00+00:00,NSE:BANKNIFTY,55152.6,55166.15,55126.75,55126.75,273234.0
2026-03-12 06:42:00+00:00,NSE:BANKNIFTY,55128.85,55169.15,55124.3,55169.15,417914.0
2026-03-12 06:43:00+00:00,NSE:BANKNIFTY,55170.4,55219.55,55170.4,55214.35,893288.0
2026-03-12 06:44:00+00:00,NSE:BANKNIFTY,55212.65,55240.05,55207.4,55232.95,774573.0
2026-03-12 06:45:00+00:00,NSE:BANKNIFTY,55236.25,55236.25,55211.5,55229.25,456325.0
2026-03-12 06:46:00+00:00,NSE:BANKNIFTY,55231.35,55241.55,55189.75,55196.4,436014.0
2026-03-12 06:47:00+00:00,NSE:BANKNIFTY,55192.5,55210.6,55190.6,55209.3,333948.0
2026-03-12 06:48:00+00:00,NSE:BANKNIFTY,55210.55,55235.1,55210.55,55213.05,410171.0
2026-03-12 06:49:00+00:00,NSE:BANKNIFTY,55212.35,55213.65,55191.0,55202.3,306732.0
2026-03-12 06:50:00+00:00,NSE:BANKNIFTY,55203.85,55234.5,55200.55,55226.3,294126.0
2026-03-12 06:51:00+00:00,NSE:BANKNIFTY,55225.65,55289.15,55225.35,55280.05,1388388.0
2026-03-12 06:52:00+00:00,NSE:BANKNIFTY,55281.55,55316.65,55274.45,55291.95,1359811.0
2026-03-12 06:53:00+00:00,NSE:BANKNIFTY,55291.3,55297.4,55253.4,55264.1,1299576.0
2026-03-12 06:54:00+00:00,NSE:BANKNIFTY,55266.35,55290.75,55256.2,55290.7,757081.0
2026-03-12 06:55:00+00:00,NSE:BANKNIFTY,55289.1,55299.45,55279.2,55283.25,736998.0
2026-03-12 06:56:00+00:00,NSE:BANKNIFTY,55279.85,55335.15,55278.8,55325.65,1821906.0
2026-03-12 06:57:00+00:00,NSE:BANKNIFTY,55326.25,55329.9,55294.4,55314.2,507930.0
2026-03-12 06:58:00+00:00,NSE:BANKNIFTY,55312.4,55316.3,55255.6,55259.75,719922.0
2026-03-12 06:59:00+00:00,NSE:BANKNIFTY,55261.65,55271.35,55238.55,55270.4,669037.0
2026-03-12 07:00:00+00:00,NSE:BANKNIFTY,55271.1,55285.45,55255.75,55264.25,321196.0
2026-03-12 07:01:00+00:00,NSE:BANKNIFTY,55262.95,55273.1,55253.95,55272.2,303071.0
2026-03-12 07:02:00+00:00,NSE:BANKNIFTY,55271.6,55274.0,55238.4,55242.0,401267.0
2026-03-12 07:03:00+00:00,NSE:BANKNIFTY,55237.95,55246.05,55219.55,55229.5,318723.0
2026-03-12 07:04:00+00:00,NSE:BANKNIFTY,55225.55,55241.85,55220.65,55224.35,243787.0
2026-03-12 07:05:00+00:00,NSE:BANKNIFTY,55222.1,55226.95,55200.5,55221.65,1517017.0
2026-03-12 07:06:00+00:00,NSE:BANKNIFTY,55220.2,55225.9,55156.9,55160.6,963104.0
2026-03-12 07:07:00+00:00,NSE:BANKNIFTY,55162.75,55191.85,55158.25,55187.25,384853.0
2026-03-12 07:08:00+00:00,NSE:BANKNIFTY,55188.45,55190.3,55146.15,55147.3,381921.0
2026-03-12 07:09:00+00:00,NSE:BANKNIFTY,55147.4,55166.5,55134.7,55162.85,367548.0
2026-03-12 07:10:00+00:00,NSE:BANKNIFTY,55166.4,55168.25,55140.05,55166.95,330213.0
2026-03-12 07:11:00+00:00,NSE:BANKNIFTY,55164.1,55196.05,55161.55,55196.05,329733.0
2026-03-12 07:12:00+00:00,NSE:BANKNIFTY,55191.3,55204.9,55181.8,55188.3,409891.0
2026-03-12 07:13:00+00:00,NSE:BANKNIFTY,55183.25,55204.3,55179.35,55191.1,302999.0
2026-03-12 07:14:00+00:00,NSE:BANKNIFTY,55189.95,55204.1,55170.4,55200.9,335214.0
2026-03-12 07:15:00+00:00,NSE:BANKNIFTY,55201.6,55211.05,55190.85,55191.85,301761.0
2026-03-12 07:16:00+00:00,NSE:BANKNIFTY,55191.2,55237.05,55190.0,55215.25,634411.0
2026-03-12 07:17:00+00:00,NSE:BANKNIFTY,55221.15,55221.15,55201.65,55220.3,370637.0
2026-03-12 07:18:00+00:00,NSE:BANKNIFTY,55219.45,55225.75,55202.65,55206.9,293229.0
2026-03-12 07:19:00+00:00,NSE:BANKNIFTY,55207.2,55207.2,55180.55,55192.65,408169.0
2026-03-12 07:20:00+00:00,NSE:BANKNIFTY,55195.2,55207.6,55180.1,55207.6,233138.0
2026-03-12 07:21:00+00:00,NSE:BANKNIFTY,55208.1,55208.5,55185.65,55191.55,208111.0
2026-03-12 07:22:00+00:00,NSE:BANKNIFTY,55193.4,55194.4,55153.25,55160.4,349843.0
2026-03-12 07:23:00+00:00,NSE:BANKNIFTY,55161.85,55164.8,55137.1,55164.8,307985.0
2026-03-12 07:24:00+00:00,NSE:BANKNIFTY,55158.2,55165.65,55137.2,55150.15,202718.0
2026-03-12 07:25:00+00:00,NSE:BANKNIFTY,55153.95,55165.1,55136.2,55154.25,210193.0
2026-03-12 07:26:00+00:00,NSE:BANKNIFTY,55152.4,55178.85,55150.8,55178.85,416231.0
2026-03-12 07:27:00+00:00,NSE:BANKNIFTY,55179.95,55199.8,55161.45,55172.7,658968.0
2026-03-12 07:28:00+00:00,NSE:BANKNIFTY,55173.8,55190.85,55172.9,55189.5,570011.0
2026-03-12 07:29:00+00:00,NSE:BANKNIFTY,55190.65,55193.45,55168.9,55174.3,612932.0
2026-03-12 07:30:00+00:00,NSE:BANKNIFTY,55174.75,55177.95,55151.6,55156.45,281196.0
2026-03-12 07:31:00+00:00,NSE:BANKNIFTY,55158.95,55175.05,55144.4,55144.4,455831.0
2026-03-12 07:32:00+00:00,NSE:BANKNIFTY,55137.65,55173.3,55125.7,55156.35,734159.0
2026-03-12 07:33:00+00:00,NSE:BANKNIFTY,55159.5,55169.0,55144.95,55166.05,217152.0
2026-03-12 07:34:00+00:00,NSE:BANKNIFTY,55169.5,55183.65,55161.2,55165.65,371569.0
2026-03-12 07:35:00+00:00,NSE:BANKNIFTY,55164.3,55165.1,55084.75,55084.75,576482.0
2026-03-12 07:36:00+00:00,NSE:BANKNIFTY,55082.45,55107.9,55065.35,55081.3,462871.0
2026-03-12 07:37:00+00:00,NSE:BANKNIFTY,55086.75,55117.8,55079.15,55117.8,454040.0
2026-03-12 07:38:00+00:00,NSE:BANKNIFTY,55114.4,55114.9,55090.4,55103.65,225046.0
2026-03-12 07:39:00+00:00,NSE:BANKNIFTY,55103.15,55127.9,55099.9,55112.7,533416.0
2026-03-12 07:40:00+00:00,NSE:BANKNIFTY,55115.4,55130.0,55091.1,55130.0,363324.0
2026-03-12 07:41:00+00:00,NSE:BANKNIFTY,55130.2,55142.1,55126.75,55130.85,330387.0
2026-03-12 07:42:00+00:00,NSE:BANKNIFTY,55130.95,55156.25,55124.35,55140.65,291547.0
2026-03-12 07:43:00+00:00,NSE:BANKNIFTY,55144.05,55174.6,55137.7,55174.6,455797.0
2026-03-12 07:44:00+00:00,NSE:BANKNIFTY,55174.7,55205.3,55168.85,55196.25,385676.0
2026-03-12 07:45:00+00:00,NSE:BANKNIFTY,55204.45,55204.45,55185.85,55192.9,305894.0
2026-03-12 07:46:00+00:00,NSE:BANKNIFTY,55195.55,55207.0,55179.9,55195.15,462816.0
2026-03-12 07:47:00+00:00,NSE:BANKNIFTY,55200.1,55208.6,55191.75,55198.3,359997.0
2026-03-12 07:48:00+00:00,NSE:BANKNIFTY,55202.55,55202.55,55173.65,55178.0,343025.0
2026-03-12 07:49:00+00:00,NSE:BANKNIFTY,55178.8,55202.15,55168.05,55189.1,344438.0
2026-03-12 07:50:00+00:00,NSE:BANKNIFTY,55193.15,55202.65,55183.4,55190.0,702550.0
2026-03-12 07:51:00+00:00,NSE:BANKNIFTY,55193.65,55202.9,55179.65,55198.6,310284.0
2026-03-12 07:52:00+00:00,NSE:BANKNIFTY,55200.55,55269.45,55200.55,55267.4,1023593.0
2026-03-12 07:53:00+00:00,NSE:BANKNIFTY,55263.65,55301.4,55262.9,55297.25,824326.0
2026-03-12 07:54:00+00:00,NSE:BANKNIFTY,55300.9,55338.65,55299.5,55331.15,1078859.0
2026-03-12 07:55:00+00:00,NSE:BANKNIFTY,55331.4,55378.0,55314.3,55372.55,1145146.0
2026-03-12 07:56:00+00:00,NSE:BANKNIFTY,55378.15,55384.2,55347.5,55361.4,703058.0
2026-03-12 07:57:00+00:00,NSE:BANKNIFTY,55358.85,55390.35,55333.55,55385.35,935724.0
2026-03-12 07:58:00+00:00,NSE:BANKNIFTY,55383.5,55416.4,55368.75,55399.8,927059.0
2026-03-12 07:59:00+00:00,NSE:BANKNIFTY,55401.45,55427.5,55364.2,55409.65,707743.0
2026-03-12 08:00:00+00:00,NSE:BANKNIFTY,55408.75,55461.7,55408.75,55459.05,1099273.0
2026-03-12 08:01:00+00:00,NSE:BANKNIFTY,55461.95,55482.5,55441.75,55466.3,953586.0
2026-03-12 08:02:00+00:00,NSE:BANKNIFTY,55467.0,55470.6,55440.15,55443.65,528445.0
2026-03-12 08:03:00+00:00,NSE:BANKNIFTY,55450.15,55523.4,55436.2,55521.7,1863468.0
2026-03-12 08:04:00+00:00,NSE:BANKNIFTY,55513.3,55532.0,55483.75,55497.35,834932.0
2026-03-12 08:05:00+00:00,NSE:BANKNIFTY,55495.9,55526.65,55473.25,55525.9,1066984.0
2026-03-12 08:06:00+00:00,NSE:BANKNIFTY,55526.4,55526.55,55492.7,55506.75,675440.0
2026-03-12 08:07:00+00:00,NSE:BANKNIFTY,55505.4,55515.1,55483.4,55487.7,425218.0
2026-03-12 08:08:00+00:00,NSE:BANKNIFTY,55488.9,55510.3,55487.85,55498.75,790301.0
2026-03-12 08:09:00+00:00,NSE:BANKNIFTY,55502.1,55528.15,55497.7,55525.05,847863.0
2026-03-12 08:10:00+00:00,NSE:BANKNIFTY,55534.0,55609.15,55531.8,55609.15,1631223.0
2026-03-12 08:11:00+00:00,NSE:BANKNIFTY,55610.5,55636.95,55579.4,55581.65,1161340.0
2026-03-12 08:12:00+00:00,NSE:BANKNIFTY,55585.5,55585.5,55515.6,55524.65,916902.0
2026-03-12 08:13:00+00:00,NSE:BANKNIFTY,55523.15,55535.25,55484.1,55517.05,611036.0
2026-03-12 08:14:00+00:00,NSE:BANKNIFTY,55513.35,55527.75,55503.5,55514.4,580661.0
2026-03-12 08:15:00+00:00,NSE:BANKNIFTY,55513.75,55521.85,55467.45,55519.15,683950.0
2026-03-12 08:16:00+00:00,NSE:BANKNIFTY,55520.7,55548.5,55516.5,55523.0,280324.0
2026-03-12 08:17:00+00:00,NSE:BANKNIFTY,55519.85,55546.25,55501.85,55537.0,647142.0
2026-03-12 08:18:00+00:00,NSE:BANKNIFTY,55538.4,55544.2,55522.05,55534.1,1163512.0
2026-03-12 08:19:00+00:00,NSE:BANKNIFTY,55525.55,55527.05,55495.15,55506.45,420738.0
2026-03-12 08:20:00+00:00,NSE:BANKNIFTY,55508.4,55526.8,55487.85,55489.4,397934.0
2026-03-12 08:21:00+00:00,NSE:BANKNIFTY,55490.85,55491.05,55428.8,55466.8,871284.0
2026-03-12 08:22:00+00:00,NSE:BANKNIFTY,55462.35,55466.2,55441.6,55457.25,448783.0
2026-03-12 08:23:00+00:00,NSE:BANKNIFTY,55456.85,55458.95,55430.1,55442.9,324057.0
2026-03-12 08:24:00+00:00,NSE:BANKNIFTY,55446.55,55470.55,55442.4,55456.35,454149.0
2026-03-12 08:25:00+00:00,NSE:BANKNIFTY,55453.35,55454.3,55411.1,55414.85,443391.0
2026-03-12 08:26:00+00:00,NSE:BANKNIFTY,55421.8,55438.4,55407.0,55417.9,377037.0
2026-03-12 08:27:00+00:00,NSE:BANKNIFTY,55412.4,55433.4,55374.95,55381.75,1195108.0
2026-03-12 08:28:00+00:00,NSE:BANKNIFTY,55380.85,55384.9,55363.05,55369.95,606907.0
2026-03-12 08:29:00+00:00,NSE:BANKNIFTY,55371.15,55378.5,55347.8,55353.25,535783.0
2026-03-12 08:30:00+00:00,NSE:BANKNIFTY,55358.2,55396.9,55337.15,55393.9,812339.0
2026-03-12 08:31:00+00:00,NSE:BANKNIFTY,55392.05,55402.8,55382.35,55396.0,762543.0
2026-03-12 08:32:00+00:00,NSE:BANKNIFTY,55393.8,55407.3,55377.55,55398.35,303697.0
2026-03-12 08:33:00+00:00,NSE:BANKNIFTY,55402.9,55407.95,55384.0,55392.3,347949.0
2026-03-12 08:34:00+00:00,NSE:BANKNIFTY,55390.65,55397.35,55372.3,55394.7,483237.0
2026-03-12 08:35:00+00:00,NSE:BANKNIFTY,55393.9,55444.5,55390.8,55416.7,519105.0
2026-03-12 08:36:00+00:00,NSE:BANKNIFTY,55416.65,55417.6,55387.3,55390.75,385014.0
2026-03-12 08:37:00+00:00,NSE:BANKNIFTY,55392.55,55397.25,55329.5,55343.95,533102.0
2026-03-12 08:38:00+00:00,NSE:BANKNIFTY,55342.15,55346.3,55315.7,55329.2,1053654.0
2026-03-12 08:39:00+00:00,NSE:BANKNIFTY,55325.65,55328.8,55281.4,55286.9,704202.0
2026-03-12 08:40:00+00:00,NSE:BANKNIFTY,55289.3,55292.4,55265.5,55270.25,625211.0
2026-03-12 08:41:00+00:00,NSE:BANKNIFTY,55271.2,55279.4,55254.4,55260.9,834110.0
2026-03-12 08:42:00+00:00,NSE:BANKNIFTY,55257.6,55265.5,55243.1,55255.0,558342.0
2026-03-12 08:43:00+00:00,NSE:BANKNIFTY,55252.1,55313.15,55252.1,55306.15,802175.0
2026-03-12 08:44:00+00:00,NSE:BANKNIFTY,55304.35,55393.0,55300.9,55369.55,1090716.0
2026-03-12 08:45:00+00:00,NSE:BANKNIFTY,55368.3,55395.2,55327.25,55379.1,735555.0
2026-03-12 08:46:00+00:00,NSE:BANKNIFTY,55385.3,55418.15,55385.3,55389.6,718043.0
2026-03-12 08:47:00+00:00,NSE:BANKNIFTY,55388.6,55393.3,55344.3,55358.45,477491.0
2026-03-12 08:48:00+00:00,NSE:BANKNIFTY,55355.85,55391.8,55350.2,55389.2,779137.0
2026-03-12 08:49:00+00:00,NSE:BANKNIFTY,55389.9,55408.3,55383.85,55395.3,489690.0
2026-03-12 08:50:00+00:00,NSE:BANKNIFTY,55397.25,55413.5,55375.6,55386.45,458833.0
2026-03-12 08:51:00+00:00,NSE:BANKNIFTY,55385.15,55395.5,55370.8,55394.75,461972.0
2026-03-12 08:52:00+00:00,NSE:BANKNIFTY,55394.05,55408.55,55386.7,55389.85,433045.0
2026-03-12 08:53:00+00:00,NSE:BANKNIFTY,55390.7,55429.95,55389.15,55419.8,471518.0
2026-03-12 08:54:00+00:00,NSE:BANKNIFTY,55418.3,55423.7,55374.1,55382.6,458625.0
2026-03-12 08:55:00+00:00,NSE:BANKNIFTY,55385.35,55395.35,55375.9,55384.15,280371.0
2026-03-12 08:56:00+00:00,NSE:BANKNIFTY,55379.1,55402.55,55371.1,55401.9,337660.0
2026-03-12 08:57:00+00:00,NSE:BANKNIFTY,55399.65,55408.8,55379.1,55383.8,418716.0
2026-03-12 08:58:00+00:00,NSE:BANKNIFTY,55382.55,55382.55,55345.95,55358.15,491236.0
2026-03-12 08:59:00+00:00,NSE:BANKNIFTY,55352.25,55359.9,55310.5,55316.4,474357.0
2026-03-12 09:00:00+00:00,NSE:BANKNIFTY,55314.75,55354.6,55314.75,55354.6,504607.0
2026-03-12 09:01:00+00:00,NSE:BANKNIFTY,55355.6,55372.6,55325.65,55331.9,543894.0
2026-03-12 09:02:00+00:00,NSE:BANKNIFTY,55328.95,55328.95,55294.8,55312.75,608107.0
2026-03-12 09:03:00+00:00,NSE:BANKNIFTY,55311.95,55367.7,55311.9,55336.8,496285.0
2026-03-12 09:04:00+00:00,NSE:BANKNIFTY,55334.85,55364.85,55332.3,55348.9,433384.0
2026-03-12 09:05:00+00:00,NSE:BANKNIFTY,55347.65,55357.6,55333.15,55345.0,917032.0
2026-03-12 09:06:00+00:00,NSE:BANKNIFTY,55345.35,55350.4,55322.8,55324.6,736224.0
2026-03-12 09:07:00+00:00,NSE:BANKNIFTY,55322.7,55323.5,55296.85,55316.0,854419.0
2026-03-12 09:08:00+00:00,NSE:BANKNIFTY,55313.9,55347.85,55304.95,55344.9,1125105.0
2026-03-12 09:09:00+00:00,NSE:BANKNIFTY,55349.35,55350.25,55297.2,55303.6,964876.0
2026-03-12 09:10:00+00:00,NSE:BANKNIFTY,55302.95,55306.2,55254.8,55272.6,978662.0
2026-03-12 09:11:00+00:00,NSE:BANKNIFTY,55269.95,55272.95,55244.25,55248.8,1544537.0
2026-03-12 09:12:00+00:00,NSE:BANKNIFTY,55250.65,55253.7,55225.05,55228.6,461517.0
2026-03-12 09:13:00+00:00,NSE:BANKNIFTY,55226.6,55232.95,55191.75,55202.45,832731.0
2026-03-12 09:14:00+00:00,NSE:BANKNIFTY,55195.55,55204.7,55162.3,55175.1,947509.0
2026-03-12 09:15:00+00:00,NSE:BANKNIFTY,55175.9,55199.15,55147.05,55167.75,1750341.0
2026-03-12 09:16:00+00:00,NSE:BANKNIFTY,55174.85,55189.5,55146.7,55147.55,976047.0
2026-03-12 09:17:00+00:00,NSE:BANKNIFTY,55146.85,55151.25,55136.3,55148.15,739090.0
2026-03-12 09:18:00+00:00,NSE:BANKNIFTY,55146.85,55186.0,55140.55,55180.2,974059.0
2026-03-12 09:19:00+00:00,NSE:BANKNIFTY,55181.1,55205.85,55176.15,55188.5,777427.0
2026-03-12 09:20:00+00:00,NSE:BANKNIFTY,55187.1,55191.55,55069.05,55071.95,1273827.0
2026-03-12 09:21:00+00:00,NSE:BANKNIFTY,55063.4,55070.4,55024.85,55029.2,1334632.0
2026-03-12 09:22:00+00:00,NSE:BANKNIFTY,55030.4,55052.85,55010.75,55048.45,1001758.0
2026-03-12 09:23:00+00:00,NSE:BANKNIFTY,55045.15,55085.7,55037.55,55068.5,908596.0
2026-03-12 09:24:00+00:00,NSE:BANKNIFTY,55077.15,55095.0,55059.0,55066.35,832107.0
2026-03-12 09:25:00+00:00,NSE:BANKNIFTY,55066.15,55069.65,55033.95,55061.95,590399.0
2026-03-12 09:26:00+00:00,NSE:BANKNIFTY,55061.7,55086.4,55055.85,55074.1,554407.0
2026-03-12 09:27:00+00:00,NSE:BANKNIFTY,55075.15,55092.15,55058.55,55067.2,402470.0
2026-03-12 09:28:00+00:00,NSE:BANKNIFTY,55068.1,55082.7,55064.8,55078.3,380736.0
2026-03-12 09:29:00+00:00,NSE:BANKNIFTY,55079.6,55106.6,55071.25,55090.1,529431.0
2026-03-12 09:30:00+00:00,NSE:BANKNIFTY,55087.5,55091.25,55031.55,55051.15,1710341.0
2026-03-12 09:31:00+00:00,NSE:BANKNIFTY,55050.7,55051.8,54998.95,55000.95,951547.0
2026-03-12 09:32:00+00:00,NSE:BANKNIFTY,54998.0,55060.9,54997.0,55033.7,1424085.0
2026-03-12 09:33:00+00:00,NSE:BANKNIFTY,55030.4,55085.3,55030.4,55085.3,1460082.0
2026-03-12 09:34:00+00:00,NSE:BANKNIFTY,55079.85,55132.95,55066.65,55132.95,1698363.0
2026-03-12 09:35:00+00:00,NSE:BANKNIFTY,55133.2,55163.7,55123.65,55153.2,1695051.0
2026-03-12 09:36:00+00:00,NSE:BANKNIFTY,55151.8,55151.8,55107.6,55111.4,1296470.0
2026-03-12 09:37:00+00:00,NSE:BANKNIFTY,55106.0,55130.15,55080.8,55089.8,1590680.0
2026-03-12 09:38:00+00:00,NSE:BANKNIFTY,55089.35,55100.05,55082.55,55100.05,1708685.0
2026-03-12 09:39:00+00:00,NSE:BANKNIFTY,55103.9,55171.1,55103.9,55171.1,1791910.0
2026-03-12 09:40:00+00:00,NSE:BANKNIFTY,55160.85,55213.7,55159.7,55197.95,1617173.0
2026-03-12 09:41:00+00:00,NSE:BANKNIFTY,55195.3,55198.25,55120.05,55120.05,1259773.0
2026-03-12 09:42:00+00:00,NSE:BANKNIFTY,55116.95,55130.25,55053.45,55066.75,1819553.0
2026-03-12 09:43:00+00:00,NSE:BANKNIFTY,55066.4,55092.55,55058.4,55086.25,2418814.0
2026-03-12 09:44:00+00:00,NSE:BANKNIFTY,55081.1,55125.55,55057.5,55064.75,1895885.0
2026-03-12 09:45:00+00:00,NSE:BANKNIFTY,55067.9,55085.55,55062.15,55074.7,2203239.0
2026-03-12 09:46:00+00:00,NSE:BANKNIFTY,55074.1,55097.3,55070.55,55071.35,1384678.0
2026-03-12 09:47:00+00:00,NSE:BANKNIFTY,55075.55,55138.45,55068.2,55138.45,1369114.0
2026-03-12 09:48:00+00:00,NSE:BANKNIFTY,55142.25,55151.95,55120.55,55122.75,1663713.0
2026-03-12 09:49:00+00:00,NSE:BANKNIFTY,55123.2,55133.9,55118.75,55130.05,1222651.0
2026-03-12 09:50:00+00:00,NSE:BANKNIFTY,55131.15,55134.0,55113.8,55120.25,1231278.0
2026-03-12 09:51:00+00:00,NSE:BANKNIFTY,55122.45,55135.3,55091.4,55091.6,4021954.0
2026-03-12 09:52:00+00:00,NSE:BANKNIFTY,55093.2,55124.1,55088.55,55108.35,1515922.0
2026-03-12 09:53:00+00:00,NSE:BANKNIFTY,55107.1,55135.55,55099.5,55126.6,1375935.0
2026-03-12 09:54:00+00:00,NSE:BANKNIFTY,55121.8,55132.35,55105.15,55120.35,1923574.0
2026-03-12 09:55:00+00:00,NSE:BANKNIFTY,55119.8,55140.45,55110.8,55118.1,1733706.0
2026-03-12 09:56:00+00:00,NSE:BANKNIFTY,55118.9,55147.15,55115.65,55140.95,1357341.0
2026-03-12 09:57:00+00:00,NSE:BANKNIFTY,55139.7,55148.85,55117.65,55132.3,1170864.0
2026-03-12 09:58:00+00:00,NSE:BANKNIFTY,55124.9,55130.55,55116.85,55130.45,1325117.0
2026-03-12 09:59:00+00:00,NSE:BANKNIFTY,55129.35,55149.55,55104.25,55133.6,1119286.0
2026-03-13 03:45:00+00:00,NSE:BANKNIFTY,54591.35,54713.75,54556.3,54647.9,5711203.0
2026-03-13 03:46:00+00:00,NSE:BANKNIFTY,54645.75,54653.6,54584.35,54595.25,2636521.0
2026-03-13 03:47:00+00:00,NSE:BANKNIFTY,54591.95,54596.5,54552.8,54555.65,1357359.0
2026-03-13 03:48:00+00:00,NSE:BANKNIFTY,54552.15,54590.15,54513.35,54525.05,1335039.0
2026-03-13 03:49:00+00:00,NSE:BANKNIFTY,54524.15,54545.55,54496.9,54528.25,1175756.0
2026-03-13 03:50:00+00:00,NSE:BANKNIFTY,54529.8,54531.05,54445.95,54448.3,3294863.0
2026-03-13 03:51:00+00:00,NSE:BANKNIFTY,54452.8,54504.4,54426.25,54496.55,1253592.0
2026-03-13 03:52:00+00:00,NSE:BANKNIFTY,54498.45,54508.1,54452.2,54452.2,1102018.0
2026-03-13 03:53:00+00:00,NSE:BANKNIFTY,54455.65,54455.65,54415.35,54437.8,2204602.0
2026-03-13 03:54:00+00:00,NSE:BANKNIFTY,54441.95,54460.3,54420.6,54430.5,922406.0
2026-03-13 03:55:00+00:00,NSE:BANKNIFTY,54437.55,54437.55,54361.6,54388.95,1312886.0
2026-03-13 03:56:00+00:00,NSE:BANKNIFTY,54393.25,54454.6,54393.25,54432.75,1389885.0
2026-03-13 03:57:00+00:00,NSE:BANKNIFTY,54440.1,54481.85,54436.0,54481.0,900532.0
2026-03-13 03:58:00+00:00,NSE:BANKNIFTY,54485.9,54513.2,54465.6,54511.2,1425182.0
2026-03-13 03:59:00+00:00,NSE:BANKNIFTY,54517.3,54537.45,54501.7,54503.9,1046656.0
2026-03-13 04:00:00+00:00,NSE:BANKNIFTY,54509.25,54509.25,54483.0,54497.8,1100019.0
2026-03-13 04:01:00+00:00,NSE:BANKNIFTY,54504.5,54543.6,54497.8,54533.4,971828.0
2026-03-13 04:02:00+00:00,NSE:BANKNIFTY,54535.05,54536.6,54469.95,54485.85,1137488.0
2026-03-13 04:03:00+00:00,NSE:BANKNIFTY,54493.3,54530.85,54493.3,54512.45,657757.0
2026-03-13 04:04:00+00:00,NSE:BANKNIFTY,54517.45,54519.65,54487.2,54496.8,927823.0
2026-03-13 04:05:00+00:00,NSE:BANKNIFTY,54502.45,54502.45,54476.3,54482.25,519002.0
2026-03-13 04:06:00+00:00,NSE:BANKNIFTY,54483.9,54490.95,54465.9,54467.9,628842.0
2026-03-13 04:07:00+00:00,NSE:BANKNIFTY,54468.5,54474.45,54446.1,54466.15,784641.0
2026-03-13 04:08:00+00:00,NSE:BANKNIFTY,54472.4,54524.05,54471.15,54491.55,1144201.0
2026-03-13 04:09:00+00:00,NSE:BANKNIFTY,54494.1,54501.6,54467.55,54486.2,957087.0
2026-03-13 04:10:00+00:00,NSE:BANKNIFTY,54489.45,54503.9,54474.2,54482.85,1296970.0
2026-03-13 04:11:00+00:00,NSE:BANKNIFTY,54483.5,54483.5,54450.8,54460.85,896472.0
2026-03-13 04:12:00+00:00,NSE:BANKNIFTY,54459.2,54462.1,54447.4,54451.65,532613.0
2026-03-13 04:13:00+00:00,NSE:BANKNIFTY,54450.6,54459.25,54437.3,54456.8,1136985.0
2026-03-13 04:14:00+00:00,NSE:BANKNIFTY,54454.0,54463.85,54407.4,54412.85,2267697.0
2026-03-13 04:15:00+00:00,NSE:BANKNIFTY,54416.25,54417.5,54363.05,54366.4,997952.0
2026-03-13 04:16:00+00:00,NSE:BANKNIFTY,54372.4,54372.4,54305.5,54309.25,1115893.0
2026-03-13 04:17:00+00:00,NSE:BANKNIFTY,54309.4,54315.85,54267.2,54279.05,2113797.0
2026-03-13 04:18:00+00:00,NSE:BANKNIFTY,54277.85,54319.7,54263.3,54299.65,1108564.0
2026-03-13 04:19:00+00:00,NSE:BANKNIFTY,54303.1,54317.75,54279.6,54282.3,1143052.0
2026-03-13 04:20:00+00:00,NSE:BANKNIFTY,54281.35,54281.9,54254.0,54257.75,1056178.0
2026-03-13 04:21:00+00:00,NSE:BANKNIFTY,54260.3,54260.8,54216.3,54225.75,1291621.0
2026-03-13 04:22:00+00:00,NSE:BANKNIFTY,54230.25,54230.25,54183.8,54210.9,1273143.0
2026-03-13 04:23:00+00:00,NSE:BANKNIFTY,54214.75,54254.65,54213.7,54254.1,922016.0
2026-03-13 04:24:00+00:00,NSE:BANKNIFTY,54253.45,54255.5,54222.3,54231.25,1081625.0
2026-03-13 04:25:00+00:00,NSE:BANKNIFTY,54233.05,54234.15,54212.55,54229.85,742440.0
2026-03-13 04:26:00+00:00,NSE:BANKNIFTY,54232.45,54257.95,54227.45,54231.25,1064180.0
2026-03-13 04:27:00+00:00,NSE:BANKNIFTY,54234.6,54258.35,54230.3,54234.75,709140.0
2026-03-13 04:28:00+00:00,NSE:BANKNIFTY,54238.85,54238.85,54159.65,54162.6,1705192.0
2026-03-13 04:29:00+00:00,NSE:BANKNIFTY,54155.6,54168.6,54132.9,54136.15,1451721.0
2026-03-13 04:30:00+00:00,NSE:BANKNIFTY,54132.8,54148.35,54129.0,54135.8,1374668.0
2026-03-13 04:31:00+00:00,NSE:BANKNIFTY,54140.1,54155.3,54132.7,54139.0,562200.0
2026-03-13 04:32:00+00:00,NSE:BANKNIFTY,54142.6,54189.35,54140.65,54185.8,703332.0
2026-03-13 04:33:00+00:00,NSE:BANKNIFTY,54188.2,54192.6,54173.8,54191.55,699030.0
2026-03-13 04:34:00+00:00,NSE:BANKNIFTY,54192.4,54208.45,54183.1,54205.4,593491.0
2026-03-13 04:35:00+00:00,NSE:BANKNIFTY,54206.2,54206.2,54150.85,54155.25,1037974.0
2026-03-13 04:36:00+00:00,NSE:BANKNIFTY,54156.4,54156.4,54117.9,54125.6,609450.0
2026-03-13 04:37:00+00:00,NSE:BANKNIFTY,54127.25,54166.65,54121.6,54166.55,517093.0
2026-03-13 04:38:00+00:00,NSE:BANKNIFTY,54171.15,54171.15,54144.15,54162.35,587306.0
2026-03-13 04:39:00+00:00,NSE:BANKNIFTY,54163.0,54167.8,54152.35,54158.15,785036.0
2026-03-13 04:40:00+00:00,NSE:BANKNIFTY,54159.6,54175.4,54157.2,54175.4,441287.0
2026-03-13 04:41:00+00:00,NSE:BANKNIFTY,54179.35,54191.5,54171.0,54178.55,392522.0
2026-03-13 04:42:00+00:00,NSE:BANKNIFTY,54174.8,54180.5,54135.45,54138.95,644992.0
2026-03-13 04:43:00+00:00,NSE:BANKNIFTY,54143.15,54157.25,54136.75,54138.65,729280.0
2026-03-13 04:44:00+00:00,NSE:BANKNIFTY,54138.2,54153.85,54115.2,54148.15,2015305.0
2026-03-13 04:45:00+00:00,NSE:BANKNIFTY,54154.3,54177.85,54134.85,54177.2,1104953.0
2026-03-13 04:46:00+00:00,NSE:BANKNIFTY,54178.05,54178.05,54132.2,54138.9,562545.0
2026-03-13 04:47:00+00:00,NSE:BANKNIFTY,54138.55,54141.5,54109.35,54114.85,647844.0
2026-03-13 04:48:00+00:00,NSE:BANKNIFTY,54118.0,54145.3,54112.5,54140.6,493746.0
2026-03-13 04:49:00+00:00,NSE:BANKNIFTY,54144.3,54146.75,54074.25,54075.3,1167917.0
2026-03-13 04:50:00+00:00,NSE:BANKNIFTY,54073.2,54090.1,54062.4,54066.8,938171.0
2026-03-13 04:51:00+00:00,NSE:BANKNIFTY,54059.6,54069.9,54042.4,54042.85,1458442.0
2026-03-13 04:52:00+00:00,NSE:BANKNIFTY,54045.85,54047.7,54009.55,54028.1,2206433.0
2026-03-13 04:53:00+00:00,NSE:BANKNIFTY,54031.7,54055.85,54025.95,54036.95,1085146.0
2026-03-13 04:54:00+00:00,NSE:BANKNIFTY,54035.0,54048.7,54025.9,54044.3,920215.0
2026-03-13 04:55:00+00:00,NSE:BANKNIFTY,54045.7,54059.75,54035.15,54046.3,1228660.0
2026-03-13 04:56:00+00:00,NSE:BANKNIFTY,54048.15,54061.5,54029.95,54042.1,724072.0
2026-03-13 04:57:00+00:00,NSE:BANKNIFTY,54044.1,54080.45,54039.75,54079.7,763727.0
2026-03-13 04:58:00+00:00,NSE:BANKNIFTY,54075.15,54106.75,54074.05,54099.95,726230.0
2026-03-13 04:59:00+00:00,NSE:BANKNIFTY,54102.05,54118.45,54088.8,54104.7,985775.0
2026-03-13 05:00:00+00:00,NSE:BANKNIFTY,54106.65,54120.55,54096.0,54115.2,488420.0
2026-03-13 05:01:00+00:00,NSE:BANKNIFTY,54116.1,54124.25,54107.25,54120.45,1730463.0
2026-03-13 05:02:00+00:00,NSE:BANKNIFTY,54125.8,54129.5,54093.5,54099.4,755089.0
2026-03-13 05:03:00+00:00,NSE:BANKNIFTY,54098.6,54102.2,54046.55,54046.55,852154.0
2026-03-13 05:04:00+00:00,NSE:BANKNIFTY,54054.45,54058.55,54021.15,54024.65,774635.0
2026-03-13 05:05:00+00:00,NSE:BANKNIFTY,54027.4,54039.85,54010.6,54039.85,810015.0
2026-03-13 05:06:00+00:00,NSE:BANKNIFTY,54039.4,54051.55,54024.5,54040.05,517714.0
2026-03-13 05:07:00+00:00,NSE:BANKNIFTY,54040.55,54050.75,54033.35,54047.9,580530.0
2026-03-13 05:08:00+00:00,NSE:BANKNIFTY,54048.35,54055.9,54024.35,54054.6,750776.0
2026-03-13 05:09:00+00:00,NSE:BANKNIFTY,54054.9,54066.9,54046.05,54062.35,495282.0
2026-03-13 05:10:00+00:00,NSE:BANKNIFTY,54065.25,54065.25,54033.4,54034.9,777245.0
2026-03-13 05:11:00+00:00,NSE:BANKNIFTY,54038.55,54051.7,54031.0,54036.85,526998.0
2026-03-13 05:12:00+00:00,NSE:BANKNIFTY,54037.4,54039.45,54015.7,54024.0,411942.0
2026-03-13 05:13:00+00:00,NSE:BANKNIFTY,54018.9,54023.7,54002.5,54006.35,527893.0
2026-03-13 05:14:00+00:00,NSE:BANKNIFTY,54008.25,54034.15,53990.05,54028.95,661659.0
2026-03-13 05:15:00+00:00,NSE:BANKNIFTY,54031.3,54048.05,54018.15,54030.45,538504.0
2026-03-13 05:16:00+00:00,NSE:BANKNIFTY,54027.65,54027.65,54001.45,54005.55,500348.0
2026-03-13 05:17:00+00:00,NSE:BANKNIFTY,54007.7,54007.7,53962.35,53974.75,1154086.0
2026-03-13 05:18:00+00:00,NSE:BANKNIFTY,53977.9,54011.5,53971.4,54009.0,503714.0
2026-03-13 05:19:00+00:00,NSE:BANKNIFTY,54010.1,54026.0,54010.1,54018.25,415081.0
2026-03-13 05:20:00+00:00,NSE:BANKNIFTY,54015.0,54047.65,54013.5,54047.65,546477.0
2026-03-13 05:21:00+00:00,NSE:BANKNIFTY,54043.1,54098.4,54043.1,54089.35,838676.0
2026-03-13 05:22:00+00:00,NSE:BANKNIFTY,54093.45,54162.0,54089.95,54142.2,1063657.0
2026-03-13 05:23:00+00:00,NSE:BANKNIFTY,54138.35,54178.95,54136.65,54170.8,1527991.0
2026-03-13 05:24:00+00:00,NSE:BANKNIFTY,54165.35,54173.0,54134.25,54136.75,721978.0
2026-03-13 05:25:00+00:00,NSE:BANKNIFTY,54142.9,54144.85,54115.15,54120.25,505646.0
2026-03-13 05:26:00+00:00,NSE:BANKNIFTY,54121.4,54140.8,54111.35,54137.85,802526.0
2026-03-13 05:27:00+00:00,NSE:BANKNIFTY,54135.15,54138.2,54098.55,54101.75,786363.0
2026-03-13 05:28:00+00:00,NSE:BANKNIFTY,54105.45,54139.85,54104.45,54136.05,528950.0
2026-03-13 05:29:00+00:00,NSE:BANKNIFTY,54140.2,54156.7,54130.75,54155.25,1939702.0
2026-03-13 05:30:00+00:00,NSE:BANKNIFTY,54157.75,54160.45,54117.75,54120.8,755301.0
2026-03-13 05:31:00+00:00,NSE:BANKNIFTY,54117.7,54127.25,54112.25,54127.25,334049.0
2026-03-13 05:32:00+00:00,NSE:BANKNIFTY,54125.95,54130.75,54085.95,54093.5,429877.0
2026-03-13 05:33:00+00:00,NSE:BANKNIFTY,54092.65,54117.35,54090.45,54117.35,368974.0
2026-03-13 05:34:00+00:00,NSE:BANKNIFTY,54113.9,54127.3,54093.45,54104.65,409495.0
2026-03-13 05:35:00+00:00,NSE:BANKNIFTY,54102.2,54103.4,54085.95,54098.95,319991.0
2026-03-13 05:36:00+00:00,NSE:BANKNIFTY,54098.65,54104.0,54083.6,54099.3,459804.0
2026-03-13 05:37:00+00:00,NSE:BANKNIFTY,54101.05,54109.15,54081.4,54081.4,409668.0
2026-03-13 05:38:00+00:00,NSE:BANKNIFTY,54093.25,54097.65,54074.6,54076.85,648816.0
2026-03-13 05:39:00+00:00,NSE:BANKNIFTY,54081.55,54082.0,54058.75,54068.4,645393.0
2026-03-13 05:40:00+00:00,NSE:BANKNIFTY,54066.55,54078.0,54054.45,54065.8,366170.0
2026-03-13 05:41:00+00:00,NSE:BANKNIFTY,54066.55,54080.15,54055.8,54074.75,1011896.0
2026-03-13 05:42:00+00:00,NSE:BANKNIFTY,54075.7,54084.55,54067.8,54078.5,358848.0
2026-03-13 05:43:00+00:00,NSE:BANKNIFTY,54074.9,54088.15,54063.0,54073.5,601924.0
2026-03-13 05:44:00+00:00,NSE:BANKNIFTY,54073.35,54079.05,54050.5,54057.35,733678.0
2026-03-13 05:45:00+00:00,NSE:BANKNIFTY,54053.1,54055.9,54020.25,54021.2,797845.0
2026-03-13 05:46:00+00:00,NSE:BANKNIFTY,54019.05,54052.1,54014.05,54052.1,843867.0
2026-03-13 05:47:00+00:00,NSE:BANKNIFTY,54052.6,54071.15,54045.85,54068.55,483619.0
2026-03-13 05:48:00+00:00,NSE:BANKNIFTY,54063.6,54074.55,54051.85,54060.55,364050.0
2026-03-13 05:49:00+00:00,NSE:BANKNIFTY,54059.75,54068.45,54051.5,54056.85,335197.0
2026-03-13 05:50:00+00:00,NSE:BANKNIFTY,54054.35,54054.35,54034.05,54048.35,508498.0
2026-03-13 05:51:00+00:00,NSE:BANKNIFTY,54051.45,54066.0,54043.45,54065.4,249536.0
2026-03-13 05:52:00+00:00,NSE:BANKNIFTY,54069.15,54091.4,54054.0,54058.7,640861.0
2026-03-13 05:53:00+00:00,NSE:BANKNIFTY,54056.6,54066.35,54046.3,54051.35,288738.0
2026-03-13 05:54:00+00:00,NSE:BANKNIFTY,54059.3,54063.75,54044.6,54056.35,495262.0
2026-03-13 05:55:00+00:00,NSE:BANKNIFTY,54058.6,54061.7,54048.8,54059.75,473082.0
2026-03-13 05:56:00+00:00,NSE:BANKNIFTY,54064.95,54078.1,54054.1,54077.95,502354.0
2026-03-13 05:57:00+00:00,NSE:BANKNIFTY,54079.45,54131.65,54068.3,54124.95,1107911.0
2026-03-13 05:58:00+00:00,NSE:BANKNIFTY,54127.9,54160.35,54125.85,54156.35,848362.0
2026-03-13 05:59:00+00:00,NSE:BANKNIFTY,54165.55,54197.7,54156.2,54197.3,1710486.0
2026-03-13 06:00:00+00:00,NSE:BANKNIFTY,54197.05,54199.2,54182.85,54191.25,427496.0
2026-03-13 06:01:00+00:00,NSE:BANKNIFTY,54193.85,54193.85,54158.35,54180.3,410209.0
2026-03-13 06:02:00+00:00,NSE:BANKNIFTY,54187.3,54234.8,54187.3,54217.35,1200917.0
2026-03-13 06:03:00+00:00,NSE:BANKNIFTY,54220.95,54252.5,54212.8,54250.2,1703279.0
2026-03-13 06:04:00+00:00,NSE:BANKNIFTY,54249.95,54250.0,54216.5,54225.7,629497.0
2026-03-13 06:05:00+00:00,NSE:BANKNIFTY,54227.75,54256.05,54225.6,54254.7,597976.0
2026-03-13 06:06:00+00:00,NSE:BANKNIFTY,54255.45,54255.45,54205.95,54208.35,364880.0
2026-03-13 06:07:00+00:00,NSE:BANKNIFTY,54213.6,54215.25,54183.1,54189.35,386549.0
2026-03-13 06:08:00+00:00,NSE:BANKNIFTY,54194.45,54252.65,54194.45,54246.25,441844.0
2026-03-13 06:09:00+00:00,NSE:BANKNIFTY,54253.45,54255.6,54243.5,54245.55,334089.0
2026-03-13 06:10:00+00:00,NSE:BANKNIFTY,54249.3,54253.1,54212.0,54218.35,335672.0
2026-03-13 06:11:00+00:00,NSE:BANKNIFTY,54222.9,54230.3,54205.85,54226.0,328024.0
2026-03-13 06:12:00+00:00,NSE:BANKNIFTY,54230.95,54240.9,54225.25,54235.2,519151.0
2026-03-13 06:13:00+00:00,NSE:BANKNIFTY,54236.4,54258.1,54226.25,54256.35,829685.0
2026-03-13 06:14:00+00:00,NSE:BANKNIFTY,54261.75,54270.2,54230.3,54234.55,662912.0
2026-03-13 06:15:00+00:00,NSE:BANKNIFTY,54241.2,54244.6,54206.15,54217.4,423154.0
2026-03-13 06:16:00+00:00,NSE:BANKNIFTY,54218.95,54218.95,54179.7,54210.95,674819.0
2026-03-13 06:17:00+00:00,NSE:BANKNIFTY,54210.9,54217.9,54197.9,54207.35,461621.0
2026-03-13 06:18:00+00:00,NSE:BANKNIFTY,54206.7,54214.5,54193.8,54210.9,318404.0
2026-03-13 06:19:00+00:00,NSE:BANKNIFTY,54210.2,54221.8,54201.7,54219.8,353075.0
2026-03-13 06:20:00+00:00,NSE:BANKNIFTY,54213.55,54232.8,54204.7,54229.3,516422.0
2026-03-13 06:21:00+00:00,NSE:BANKNIFTY,54232.7,54232.7,54195.8,54209.0,1312335.0
2026-03-13 06:22:00+00:00,NSE:BANKNIFTY,54211.65,54211.65,54189.1,54208.65,260148.0
2026-03-13 06:23:00+00:00,NSE:BANKNIFTY,54212.35,54251.4,54206.3,54243.25,407827.0
2026-03-13 06:24:00+00:00,NSE:BANKNIFTY,54244.65,54246.4,54213.75,54213.95,444039.0
2026-03-13 06:25:00+00:00,NSE:BANKNIFTY,54215.9,54217.75,54184.5,54189.75,517246.0
2026-03-13 06:26:00+00:00,NSE:BANKNIFTY,54190.3,54190.3,54166.15,54179.0,533306.0
2026-03-13 06:27:00+00:00,NSE:BANKNIFTY,54179.75,54179.75,54154.45,54169.45,374253.0
2026-03-13 06:28:00+00:00,NSE:BANKNIFTY,54168.8,54175.0,54138.7,54146.75,1067204.0
2026-03-13 06:29:00+00:00,NSE:BANKNIFTY,54149.0,54149.0,54118.8,54126.4,461505.0
2026-03-13 06:30:00+00:00,NSE:BANKNIFTY,54125.6,54133.8,54109.7,54112.0,288673.0
2026-03-13 06:31:00+00:00,NSE:BANKNIFTY,54112.45,54115.8,54066.5,54071.05,415877.0
2026-03-13 06:32:00+00:00,NSE:BANKNIFTY,54068.7,54074.25,54049.6,54053.2,599742.0
2026-03-13 06:33:00+00:00,NSE:BANKNIFTY,54056.65,54079.2,54052.3,54075.95,369959.0
2026-03-13 06:34:00+00:00,NSE:BANKNIFTY,54076.1,54085.55,54059.1,54079.05,388747.0
2026-03-13 06:35:00+00:00,NSE:BANKNIFTY,54084.55,54084.55,54065.5,54076.0,290016.0
2026-03-13 06:36:00+00:00,NSE:BANKNIFTY,54079.1,54081.35,54069.4,54075.5,344427.0
2026-03-13 06:37:00+00:00,NSE:BANKNIFTY,54081.7,54108.7,54077.85,54102.6,393728.0
2026-03-13 06:38:00+00:00,NSE:BANKNIFTY,54105.6,54115.7,54077.5,54084.35,614437.0
2026-03-13 06:39:00+00:00,NSE:BANKNIFTY,54084.25,54095.75,54073.1,54092.75,365878.0
2026-03-13 06:40:00+00:00,NSE:BANKNIFTY,54098.3,54098.3,54072.65,54077.25,641732.0
2026-03-13 06:41:00+00:00,NSE:BANKNIFTY,54081.3,54082.8,54066.75,54077.15,436534.0
2026-03-13 06:42:00+00:00,NSE:BANKNIFTY,54077.35,54097.8,54072.25,54096.25,350285.0
2026-03-13 06:43:00+00:00,NSE:BANKNIFTY,54097.2,54103.7,54081.35,54084.65,287559.0
2026-03-13 06:44:00+00:00,NSE:BANKNIFTY,54082.4,54092.7,54069.2,54079.45,347896.0
2026-03-13 06:45:00+00:00,NSE:BANKNIFTY,54084.35,54090.75,54068.5,54073.0,393090.0
2026-03-13 06:46:00+00:00,NSE:BANKNIFTY,54074.0,54076.7,54057.4,54059.7,928733.0
2026-03-13 06:47:00+00:00,NSE:BANKNIFTY,54061.15,54075.65,54044.85,54067.8,671291.0
2026-03-13 06:48:00+00:00,NSE:BANKNIFTY,54071.9,54077.05,54060.6,54075.4,524923.0
2026-03-13 06:49:00+00:00,NSE:BANKNIFTY,54076.15,54082.55,54040.9,54040.9,704780.0
2026-03-13 06:50:00+00:00,NSE:BANKNIFTY,54044.45,54044.45,54015.05,54020.85,668577.0
2026-03-13 06:51:00+00:00,NSE:BANKNIFTY,54020.2,54037.85,54019.55,54020.25,617564.0
2026-03-13 06:52:00+00:00,NSE:BANKNIFTY,54024.45,54026.65,53984.2,53984.2,725727.0
2026-03-13 06:53:00+00:00,NSE:BANKNIFTY,53989.0,53989.3,53914.5,53916.55,1813725.0
2026-03-13 06:54:00+00:00,NSE:BANKNIFTY,53918.7,53948.65,53899.3,53899.4,774496.0
2026-03-13 06:55:00+00:00,NSE:BANKNIFTY,53905.6,53914.8,53872.45,53898.1,1173818.0
2026-03-13 06:56:00+00:00,NSE:BANKNIFTY,53899.55,53926.55,53894.85,53925.7,904228.0
2026-03-13 06:57:00+00:00,NSE:BANKNIFTY,53931.05,53934.55,53906.9,53920.95,723551.0
2026-03-13 06:58:00+00:00,NSE:BANKNIFTY,53922.7,53959.6,53914.9,53955.7,510570.0
2026-03-13 06:59:00+00:00,NSE:BANKNIFTY,53957.55,53959.25,53935.1,53935.1,593932.0
2026-03-13 07:00:00+00:00,NSE:BANKNIFTY,53938.75,53940.8,53905.2,53908.7,460200.0
2026-03-13 07:01:00+00:00,NSE:BANKNIFTY,53911.95,53912.05,53812.9,53818.3,2243655.0
2026-03-13 07:02:00+00:00,NSE:BANKNIFTY,53822.45,53843.4,53782.45,53842.75,1368451.0
2026-03-13 07:03:00+00:00,NSE:BANKNIFTY,53838.95,53852.15,53828.8,53833.95,609858.0
2026-03-13 07:04:00+00:00,NSE:BANKNIFTY,53827.2,53842.65,53821.65,53842.65,655845.0
2026-03-13 07:05:00+00:00,NSE:BANKNIFTY,53835.8,53869.7,53823.7,53861.05,961940.0
2026-03-13 07:06:00+00:00,NSE:BANKNIFTY,53860.65,53868.45,53847.85,53848.75,259729.0
2026-03-13 07:07:00+00:00,NSE:BANKNIFTY,53851.9,53855.85,53829.55,53836.0,717038.0
2026-03-13 07:08:00+00:00,NSE:BANKNIFTY,53834.2,53849.5,53802.9,53803.05,535565.0
2026-03-13 07:09:00+00:00,NSE:BANKNIFTY,53800.2,53824.4,53800.2,53823.3,768951.0
2026-03-13 07:10:00+00:00,NSE:BANKNIFTY,53819.2,53832.45,53814.95,53827.1,311121.0
2026-03-13 07:11:00+00:00,NSE:BANKNIFTY,53824.05,53825.95,53765.85,53773.15,805324.0
2026-03-13 07:12:00+00:00,NSE:BANKNIFTY,53773.3,53809.05,53773.3,53804.4,806419.0
2026-03-13 07:13:00+00:00,NSE:BANKNIFTY,53800.9,53809.4,53792.75,53806.5,679065.0
2026-03-13 07:14:00+00:00,NSE:BANKNIFTY,53801.55,53816.85,53795.1,53795.1,622744.0
2026-03-13 07:15:00+00:00,NSE:BANKNIFTY,53794.95,53838.4,53780.45,53838.4,410485.0
2026-03-13 07:16:00+00:00,NSE:BANKNIFTY,53835.7,53885.15,53833.6,53882.3,487009.0
2026-03-13 07:17:00+00:00,NSE:BANKNIFTY,53883.25,53884.2,53861.65,53872.25,424883.0
2026-03-13 07:18:00+00:00,NSE:BANKNIFTY,53869.3,53907.5,53868.35,53894.55,470172.0
2026-03-13 07:19:00+00:00,NSE:BANKNIFTY,53893.2,53916.5,53892.7,53914.45,450340.0
2026-03-13 07:20:00+00:00,NSE:BANKNIFTY,53914.4,53936.0,53904.3,53936.0,528675.0
2026-03-13 07:21:00+00:00,NSE:BANKNIFTY,53938.3,53951.25,53924.4,53928.95,359472.0
2026-03-13 07:22:00+00:00,NSE:BANKNIFTY,53934.85,53934.85,53895.2,53895.75,837093.0
2026-03-13 07:23:00+00:00,NSE:BANKNIFTY,53898.85,53900.35,53871.6,53881.8,520118.0
2026-03-13 07:24:00+00:00,NSE:BANKNIFTY,53881.1,53918.45,53870.6,53914.15,969071.0
2026-03-13 07:25:00+00:00,NSE:BANKNIFTY,53912.7,53933.75,53900.25,53912.7,917306.0
2026-03-13 07:26:00+00:00,NSE:BANKNIFTY,53910.7,53919.05,53894.35,53899.45,436118.0
2026-03-13 07:27:00+00:00,NSE:BANKNIFTY,53896.8,53901.0,53879.45,53901.0,345417.0
2026-03-13 07:28:00+00:00,NSE:BANKNIFTY,53898.8,53941.3,53897.55,53939.95,359431.0
2026-03-13 07:29:00+00:00,NSE:BANKNIFTY,53941.95,53995.25,53939.95,53967.8,506658.0
2026-03-13 07:30:00+00:00,NSE:BANKNIFTY,53963.95,53965.2,53945.3,53950.2,787473.0
2026-03-13 07:31:00+00:00,NSE:BANKNIFTY,53944.35,53944.35,53923.05,53941.25,389757.0
2026-03-13 07:32:00+00:00,NSE:BANKNIFTY,53939.15,53960.05,53937.05,53952.05,435641.0
2026-03-13 07:33:00+00:00,NSE:BANKNIFTY,53951.05,53954.55,53920.05,53920.05,487618.0
2026-03-13 07:34:00+00:00,NSE:BANKNIFTY,53925.35,53928.1,53901.65,53927.95,317449.0
2026-03-13 07:35:00+00:00,NSE:BANKNIFTY,53928.85,53941.85,53912.5,53912.5,293836.0
2026-03-13 07:36:00+00:00,NSE:BANKNIFTY,53918.8,53929.65,53904.8,53924.85,639274.0
2026-03-13 07:37:00+00:00,NSE:BANKNIFTY,53923.3,53925.3,53900.9,53925.05,537564.0
2026-03-13 07:38:00+00:00,NSE:BANKNIFTY,53925.95,53931.6,53875.3,53876.7,518487.0
2026-03-13 07:39:00+00:00,NSE:BANKNIFTY,53881.15,53894.6,53860.2,53871.9,395065.0
2026-03-13 07:40:00+00:00,NSE:BANKNIFTY,53874.0,53874.0,53832.0,53836.95,520719.0
2026-03-13 07:41:00+00:00,NSE:BANKNIFTY,53839.3,53889.25,53822.95,53888.4,472697.0
2026-03-13 07:42:00+00:00,NSE:BANKNIFTY,53888.25,53889.5,53855.5,53861.0,274401.0
2026-03-13 07:43:00+00:00,NSE:BANKNIFTY,53865.2,53867.65,53827.1,53827.1,1490785.0
2026-03-13 07:44:00+00:00,NSE:BANKNIFTY,53829.05,53844.9,53817.2,53820.8,1306376.0
2026-03-13 07:45:00+00:00,NSE:BANKNIFTY,53826.15,53839.55,53798.2,53806.5,406452.0
2026-03-13 07:46:00+00:00,NSE:BANKNIFTY,53809.8,53826.75,53804.6,53824.85,397804.0
2026-03-13 07:47:00+00:00,NSE:BANKNIFTY,53827.4,53865.5,53826.55,53860.4,2737432.0
2026-03-13 07:48:00+00:00,NSE:BANKNIFTY,53859.75,53860.9,53820.9,53830.15,748421.0
2026-03-13 07:49:00+00:00,NSE:BANKNIFTY,53828.1,53841.3,53818.7,53823.5,878727.0
2026-03-13 07:50:00+00:00,NSE:BANKNIFTY,53826.4,53851.05,53814.3,53846.95,664276.0
2026-03-13 07:51:00+00:00,NSE:BANKNIFTY,53847.6,53856.6,53838.55,53843.2,391383.0
2026-03-13 07:52:00+00:00,NSE:BANKNIFTY,53839.9,53847.0,53832.3,53845.0,470034.0
2026-03-13 07:53:00+00:00,NSE:BANKNIFTY,53844.15,53845.6,53825.95,53827.25,441477.0
2026-03-13 07:54:00+00:00,NSE:BANKNIFTY,53829.55,53834.95,53733.65,53743.6,1321843.0
2026-03-13 07:55:00+00:00,NSE:BANKNIFTY,53749.55,53773.95,53737.7,53764.65,539500.0
2026-03-13 07:56:00+00:00,NSE:BANKNIFTY,53771.75,53796.3,53771.75,53788.4,611771.0
2026-03-13 07:57:00+00:00,NSE:BANKNIFTY,53789.5,53827.0,53779.8,53822.55,567902.0
2026-03-13 07:58:00+00:00,NSE:BANKNIFTY,53830.15,53861.0,53821.0,53853.45,655385.0
2026-03-13 07:59:00+00:00,NSE:BANKNIFTY,53857.45,53857.45,53840.8,53849.5,264330.0
2026-03-13 08:00:00+00:00,NSE:BANKNIFTY,53851.75,53861.65,53830.8,53861.65,635257.0
2026-03-13 08:01:00+00:00,NSE:BANKNIFTY,53862.9,53880.25,53855.85,53855.85,819793.0
2026-03-13 08:02:00+00:00,NSE:BANKNIFTY,53855.65,53855.65,53822.0,53834.45,389597.0
2026-03-13 08:03:00+00:00,NSE:BANKNIFTY,53836.5,53837.4,53798.85,53798.85,555576.0
2026-03-13 08:04:00+00:00,NSE:BANKNIFTY,53804.4,53812.2,53798.55,53799.9,436665.0
2026-03-13 08:05:00+00:00,NSE:BANKNIFTY,53803.0,53806.3,53753.9,53757.9,682264.0
2026-03-13 08:06:00+00:00,NSE:BANKNIFTY,53761.0,53785.6,53757.75,53772.45,461862.0
2026-03-13 08:07:00+00:00,NSE:BANKNIFTY,53773.8,53776.85,53741.85,53747.55,419706.0
2026-03-13 08:08:00+00:00,NSE:BANKNIFTY,53748.95,53754.3,53722.15,53728.05,458623.0
2026-03-13 08:09:00+00:00,NSE:BANKNIFTY,53730.7,53748.5,53718.7,53732.45,503625.0
2026-03-13 08:10:00+00:00,NSE:BANKNIFTY,53735.1,53742.9,53721.4,53725.1,672274.0
2026-03-13 08:11:00+00:00,NSE:BANKNIFTY,53727.35,53727.35,53685.2,53716.45,1192452.0
2026-03-13 08:12:00+00:00,NSE:BANKNIFTY,53719.65,53772.15,53717.15,53768.15,618668.0
2026-03-13 08:13:00+00:00,NSE:BANKNIFTY,53773.5,53773.5,53753.3,53763.6,953778.0
2026-03-13 08:14:00+00:00,NSE:BANKNIFTY,53767.2,53778.1,53747.35,53766.95,1238032.0
2026-03-13 08:15:00+00:00,NSE:BANKNIFTY,53771.1,53773.6,53747.75,53758.65,1434611.0
2026-03-13 08:16:00+00:00,NSE:BANKNIFTY,53759.55,53761.65,53746.15,53755.75,964993.0
2026-03-13 08:17:00+00:00,NSE:BANKNIFTY,53759.75,53786.35,53748.8,53775.45,695359.0
2026-03-13 08:18:00+00:00,NSE:BANKNIFTY,53781.2,53783.3,53757.3,53775.8,1757643.0
2026-03-13 08:19:00+00:00,NSE:BANKNIFTY,53780.55,53788.15,53768.05,53775.95,636653.0
2026-03-13 08:20:00+00:00,NSE:BANKNIFTY,53775.0,53789.7,53764.75,53770.95,665800.0
2026-03-13 08:21:00+00:00,NSE:BANKNIFTY,53769.85,53769.85,53723.15,53723.15,680408.0
2026-03-13 08:22:00+00:00,NSE:BANKNIFTY,53728.7,53779.2,53686.7,53771.95,1492365.0
2026-03-13 08:23:00+00:00,NSE:BANKNIFTY,53774.35,53776.95,53745.0,53769.7,359605.0
2026-03-13 08:24:00+00:00,NSE:BANKNIFTY,53768.65,53771.05,53736.85,53737.7,373925.0
2026-03-13 08:25:00+00:00,NSE:BANKNIFTY,53742.75,53758.0,53734.2,53736.6,468622.0
2026-03-13 08:26:00+00:00,NSE:BANKNIFTY,53741.55,53759.45,53720.3,53726.2,435669.0
2026-03-13 08:27:00+00:00,NSE:BANKNIFTY,53730.85,53741.8,53715.15,53715.15,489168.0
2026-03-13 08:28:00+00:00,NSE:BANKNIFTY,53720.1,53724.95,53691.55,53702.9,765811.0
2026-03-13 08:29:00+00:00,NSE:BANKNIFTY,53701.6,53706.7,53675.7,53695.4,754525.0
2026-03-13 08:30:00+00:00,NSE:BANKNIFTY,53698.75,53731.0,53691.0,53726.6,633665.0
2026-03-13 08:31:00+00:00,NSE:BANKNIFTY,53725.55,53734.55,53717.25,53726.3,454438.0
2026-03-13 08:32:00+00:00,NSE:BANKNIFTY,53722.8,53765.25,53722.6,53758.7,681181.0
2026-03-13 08:33:00+00:00,NSE:BANKNIFTY,53761.1,53782.45,53747.6,53752.05,500288.0
2026-03-13 08:34:00+00:00,NSE:BANKNIFTY,53751.4,53765.95,53741.3,53742.15,1035257.0
2026-03-13 08:35:00+00:00,NSE:BANKNIFTY,53745.6,53787.1,53740.6,53770.05,1090920.0
2026-03-13 08:36:00+00:00,NSE:BANKNIFTY,53771.9,53839.6,53771.9,53821.8,1053144.0
2026-03-13 08:37:00+00:00,NSE:BANKNIFTY,53825.45,53840.0,53815.35,53823.2,806743.0
2026-03-13 08:38:00+00:00,NSE:BANKNIFTY,53828.15,53844.45,53823.4,53838.3,698323.0
2026-03-13 08:39:00+00:00,NSE:BANKNIFTY,53844.25,53858.45,53834.65,53840.95,489865.0
2026-03-13 08:40:00+00:00,NSE:BANKNIFTY,53846.7,53851.05,53819.05,53850.6,566830.0
2026-03-13 08:41:00+00:00,NSE:BANKNIFTY,53846.2,53850.65,53820.75,53842.0,565681.0
2026-03-13 08:42:00+00:00,NSE:BANKNIFTY,53846.5,53850.05,53831.6,53837.25,629667.0
2026-03-13 08:43:00+00:00,NSE:BANKNIFTY,53835.6,53861.25,53824.65,53854.7,659275.0
2026-03-13 08:44:00+00:00,NSE:BANKNIFTY,53860.2,53915.1,53860.2,53909.6,2691524.0
2026-03-13 08:45:00+00:00,NSE:BANKNIFTY,53913.85,53932.5,53859.35,53861.15,647796.0
2026-03-13 08:46:00+00:00,NSE:BANKNIFTY,53868.25,53879.2,53848.4,53854.95,847206.0
2026-03-13 08:47:00+00:00,NSE:BANKNIFTY,53852.85,53881.35,53850.2,53868.75,453192.0
2026-03-13 08:48:00+00:00,NSE:BANKNIFTY,53866.75,53876.4,53853.7,53853.7,608986.0
2026-03-13 08:49:00+00:00,NSE:BANKNIFTY,53855.35,53935.95,53855.35,53935.95,1143431.0
2026-03-13 08:50:00+00:00,NSE:BANKNIFTY,53935.85,53999.85,53931.2,53989.6,1306172.0
2026-03-13 08:51:00+00:00,NSE:BANKNIFTY,53979.4,54008.95,53958.3,53958.3,1386801.0
2026-03-13 08:52:00+00:00,NSE:BANKNIFTY,53955.1,53968.5,53924.7,53967.55,585497.0
2026-03-13 08:53:00+00:00,NSE:BANKNIFTY,53968.2,53978.25,53947.55,53965.2,539800.0
2026-03-13 08:54:00+00:00,NSE:BANKNIFTY,53961.65,53974.35,53949.8,53959.9,539364.0
2026-03-13 08:55:00+00:00,NSE:BANKNIFTY,53960.95,53975.25,53955.0,53958.45,495706.0
2026-03-13 08:56:00+00:00,NSE:BANKNIFTY,53956.4,53959.95,53929.85,53955.55,944466.0
2026-03-13 08:57:00+00:00,NSE:BANKNIFTY,53953.85,53982.5,53949.2,53966.5,520906.0
2026-03-13 08:58:00+00:00,NSE:BANKNIFTY,53962.85,53999.85,53955.6,53994.75,711402.0
2026-03-13 08:59:00+00:00,NSE:BANKNIFTY,53993.15,54002.35,53946.7,53946.7,682117.0
2026-03-13 09:00:00+00:00,NSE:BANKNIFTY,53943.6,54011.3,53943.6,53998.0,2048768.0
2026-03-13 09:01:00+00:00,NSE:BANKNIFTY,53994.55,54010.5,53976.05,54010.5,665637.0
2026-03-13 09:02:00+00:00,NSE:BANKNIFTY,54012.75,54061.9,54009.4,54061.15,1104030.0
2026-03-13 09:03:00+00:00,NSE:BANKNIFTY,54057.95,54106.25,54055.35,54088.9,1859621.0
2026-03-13 09:04:00+00:00,NSE:BANKNIFTY,54090.75,54107.0,54056.9,54056.9,1039808.0
2026-03-13 09:05:00+00:00,NSE:BANKNIFTY,54057.5,54070.25,53978.35,54025.75,1519016.0
2026-03-13 09:06:00+00:00,NSE:BANKNIFTY,54021.65,54054.65,54021.5,54033.15,545175.0
2026-03-13 09:07:00+00:00,NSE:BANKNIFTY,54026.2,54036.85,53985.85,54024.25,651111.0
2026-03-13 09:08:00+00:00,NSE:BANKNIFTY,54031.0,54060.35,54015.7,54019.05,919799.0
2026-03-13 09:09:00+00:00,NSE:BANKNIFTY,54013.5,54022.3,53958.0,53960.35,643255.0
2026-03-13 09:10:00+00:00,NSE:BANKNIFTY,53955.1,54006.05,53953.2,53989.1,602064.0
2026-03-13 09:11:00+00:00,NSE:BANKNIFTY,53991.3,53999.45,53970.95,53988.75,671191.0
2026-03-13 09:12:00+00:00,NSE:BANKNIFTY,53984.45,53994.65,53963.95,53974.35,801814.0
2026-03-13 09:13:00+00:00,NSE:BANKNIFTY,53970.6,53994.0,53967.55,53985.7,927384.0
2026-03-13 09:14:00+00:00,NSE:BANKNIFTY,53982.6,54011.4,53977.85,54002.75,659549.0
2026-03-13 09:15:00+00:00,NSE:BANKNIFTY,54002.55,54011.65,53978.9,53982.9,965657.0
2026-03-13 09:16:00+00:00,NSE:BANKNIFTY,53979.25,53984.35,53912.45,53915.85,1131794.0
2026-03-13 09:17:00+00:00,NSE:BANKNIFTY,53915.05,53946.05,53888.35,53936.5,1323960.0
2026-03-13 09:18:00+00:00,NSE:BANKNIFTY,53936.25,53951.8,53928.0,53935.15,623372.0
2026-03-13 09:19:00+00:00,NSE:BANKNIFTY,53940.3,53955.0,53913.45,53919.35,689973.0
2026-03-13 09:20:00+00:00,NSE:BANKNIFTY,53919.25,53975.5,53917.45,53971.0,653265.0
2026-03-13 09:21:00+00:00,NSE:BANKNIFTY,53974.2,53974.2,53948.5,53955.05,510023.0
2026-03-13 09:22:00+00:00,NSE:BANKNIFTY,53957.35,53961.85,53926.85,53930.0,812318.0
2026-03-13 09:23:00+00:00,NSE:BANKNIFTY,53930.35,53930.7,53884.15,53884.15,1096879.0
2026-03-13 09:24:00+00:00,NSE:BANKNIFTY,53891.4,53905.65,53874.45,53880.35,867888.0
2026-03-13 09:25:00+00:00,NSE:BANKNIFTY,53882.55,53890.25,53843.25,53848.15,1068786.0
2026-03-13 09:26:00+00:00,NSE:BANKNIFTY,53848.4,53848.4,53807.25,53810.85,970459.0
2026-03-13 09:27:00+00:00,NSE:BANKNIFTY,53814.15,53826.4,53793.3,53826.2,726923.0
2026-03-13 09:28:00+00:00,NSE:BANKNIFTY,53828.4,53847.15,53817.6,53836.4,942429.0
2026-03-13 09:29:00+00:00,NSE:BANKNIFTY,53846.9,53865.7,53829.0,53859.15,566253.0
2026-03-13 09:30:00+00:00,NSE:BANKNIFTY,53867.7,53904.3,53842.0,53894.3,1310264.0
2026-03-13 09:31:00+00:00,NSE:BANKNIFTY,53896.05,53896.05,53845.9,53863.3,1071539.0
2026-03-13 09:32:00+00:00,NSE:BANKNIFTY,53859.9,53866.7,53843.5,53849.5,1825841.0
2026-03-13 09:33:00+00:00,NSE:BANKNIFTY,53852.35,53852.35,53813.6,53823.6,1218362.0
2026-03-13 09:34:00+00:00,NSE:BANKNIFTY,53824.35,53832.85,53769.4,53772.35,1125932.0
2026-03-13 09:35:00+00:00,NSE:BANKNIFTY,53773.9,53779.65,53752.45,53766.5,1348046.0
2026-03-13 09:36:00+00:00,NSE:BANKNIFTY,53766.2,53769.4,53749.2,53755.5,893814.0
2026-03-13 09:37:00+00:00,NSE:BANKNIFTY,53759.2,53786.35,53739.55,53785.15,1287781.0
2026-03-13 09:38:00+00:00,NSE:BANKNIFTY,53784.45,53784.45,53751.05,53752.75,3374238.0
2026-03-13 09:39:00+00:00,NSE:BANKNIFTY,53750.85,53751.35,53732.05,53745.05,1059258.0
2026-03-13 09:40:00+00:00,NSE:BANKNIFTY,53753.75,53756.6,53730.45,53742.15,1829843.0
2026-03-13 09:41:00+00:00,NSE:BANKNIFTY,53741.9,53761.8,53732.05,53756.45,2041728.0
2026-03-13 09:42:00+00:00,NSE:BANKNIFTY,53757.3,53795.0,53754.4,53778.95,1645565.0
2026-03-13 09:43:00+00:00,NSE:BANKNIFTY,53783.7,53799.35,53771.9,53782.1,1307767.0
2026-03-13 09:44:00+00:00,NSE:BANKNIFTY,53790.9,53793.5,53774.85,53781.3,1355902.0
2026-03-13 09:45:00+00:00,NSE:BANKNIFTY,53780.2,53788.15,53760.05,53772.1,1791332.0
2026-03-13 09:46:00+00:00,NSE:BANKNIFTY,53771.6,53771.6,53744.8,53753.25,2514491.0
2026-03-13 09:47:00+00:00,NSE:BANKNIFTY,53752.0,53771.9,53744.6,53766.4,1872014.0
2026-03-13 09:48:00+00:00,NSE:BANKNIFTY,53767.55,53773.0,53745.3,53767.6,1945181.0
2026-03-13 09:49:00+00:00,NSE:BANKNIFTY,53769.8,53776.75,53757.85,53769.55,1690204.0
2026-03-13 09:50:00+00:00,NSE:BANKNIFTY,53765.7,53767.95,53747.7,53754.3,1685223.0
2026-03-13 09:51:00+00:00,NSE:BANKNIFTY,53752.5,53752.95,53726.6,53733.8,1496888.0
2026-03-13 09:52:00+00:00,NSE:BANKNIFTY,53732.75,53742.25,53714.15,53727.7,1452211.0
2026-03-13 09:53:00+00:00,NSE:BANKNIFTY,53724.35,53726.95,53700.6,53700.6,1426811.0
2026-03-13 09:54:00+00:00,NSE:BANKNIFTY,53701.9,53708.55,53684.05,53697.3,1638235.0
2026-03-13 09:55:00+00:00,NSE:BANKNIFTY,53697.15,53725.1,53694.85,53715.45,2643802.0
2026-03-13 09:56:00+00:00,NSE:BANKNIFTY,53720.2,53740.15,53712.9,53731.85,1450335.0
2026-03-13 09:57:00+00:00,NSE:BANKNIFTY,53728.85,53737.85,53714.75,53723.2,1473963.0
2026-03-13 09:58:00+00:00,NSE:BANKNIFTY,53714.0,53730.5,53713.0,53728.3,1429400.0
2026-03-13 09:59:00+00:00,NSE:BANKNIFTY,53731.15,53770.9,53716.5,53770.9,1446261.0
2026-03-16 03:45:00+00:00,NSE:BANKNIFTY,53719.95,53947.3,53630.6,53691.3,7141166.0
2026-03-16 03:46:00+00:00,NSE:BANKNIFTY,53722.35,53814.75,53722.35,53737.3,3161371.0
2026-03-16 03:47:00+00:00,NSE:BANKNIFTY,53740.25,53806.95,53733.9,53763.15,2416527.0
2026-03-16 03:48:00+00:00,NSE:BANKNIFTY,53760.75,53794.0,53738.55,53782.55,2968002.0
2026-03-16 03:49:00+00:00,NSE:BANKNIFTY,53782.25,53838.75,53756.1,53810.4,3552172.0
2026-03-16 03:50:00+00:00,NSE:BANKNIFTY,53815.0,53852.45,53777.15,53791.75,2972747.0
2026-03-16 03:51:00+00:00,NSE:BANKNIFTY,53793.2,53808.2,53750.3,53768.85,2962850.0
2026-03-16 03:52:00+00:00,NSE:BANKNIFTY,53762.35,53804.3,53731.65,53782.35,1924397.0
2026-03-16 03:53:00+00:00,NSE:BANKNIFTY,53771.45,53842.35,53769.3,53796.35,1359104.0
2026-03-16 03:54:00+00:00,NSE:BANKNIFTY,53796.8,53820.15,53732.15,53753.2,1341132.0
2026-03-16 03:55:00+00:00,NSE:BANKNIFTY,53752.75,53773.8,53687.35,53709.8,1272157.0
2026-03-16 03:56:00+00:00,NSE:BANKNIFTY,53710.05,53733.5,53684.4,53698.6,1933987.0
2026-03-16 03:57:00+00:00,NSE:BANKNIFTY,53694.8,53738.7,53677.3,53691.0,2489697.0
2026-03-16 03:58:00+00:00,NSE:BANKNIFTY,53703.9,53775.35,53703.9,53766.3,1467254.0
2026-03-16 03:59:00+00:00,NSE:BANKNIFTY,53763.9,53822.2,53759.5,53794.15,1255500.0
2026-03-16 04:00:00+00:00,NSE:BANKNIFTY,53801.25,53902.75,53801.25,53879.6,1424349.0
2026-03-16 04:01:00+00:00,NSE:BANKNIFTY,53883.1,53951.75,53868.9,53950.15,2287595.0
2026-03-16 04:02:00+00:00,NSE:BANKNIFTY,53947.2,53961.65,53923.55,53944.8,1246164.0
2026-03-16 04:03:00+00:00,NSE:BANKNIFTY,53944.05,54033.65,53944.05,54002.95,1912988.0
2026-03-16 04:04:00+00:00,NSE:BANKNIFTY,54000.4,54053.7,54000.4,54038.5,1704118.0
2026-03-16 04:05:00+00:00,NSE:BANKNIFTY,54042.45,54051.15,54011.9,54018.8,1523557.0
2026-03-16 04:06:00+00:00,NSE:BANKNIFTY,54018.3,54088.2,54010.7,54080.2,985034.0
2026-03-16 04:07:00+00:00,NSE:BANKNIFTY,54081.55,54117.3,54044.5,54113.8,1380380.0
2026-03-16 04:08:00+00:00,NSE:BANKNIFTY,54111.25,54129.1,54101.3,54114.15,1095123.0
2026-03-16 04:09:00+00:00,NSE:BANKNIFTY,54116.3,54116.35,54039.55,54044.55,1000694.0
2026-03-16 04:10:00+00:00,NSE:BANKNIFTY,54042.35,54102.6,54040.05,54101.75,2016647.0
2026-03-16 04:11:00+00:00,NSE:BANKNIFTY,54100.05,54148.95,54097.05,54146.05,1402140.0
2026-03-16 04:12:00+00:00,NSE:BANKNIFTY,54145.95,54170.5,54125.65,54126.5,1803035.0
2026-03-16 04:13:00+00:00,NSE:BANKNIFTY,54123.35,54123.35,54072.8,54083.3,1164879.0
2026-03-16 04:14:00+00:00,NSE:BANKNIFTY,54082.45,54084.6,54034.45,54048.35,926167.0
2026-03-16 04:15:00+00:00,NSE:BANKNIFTY,54051.25,54116.5,54049.75,54100.25,863079.0
2026-03-16 04:16:00+00:00,NSE:BANKNIFTY,54104.0,54135.85,54095.85,54096.95,925547.0
2026-03-16 04:17:00+00:00,NSE:BANKNIFTY,54101.15,54101.15,54040.75,54042.55,677112.0
2026-03-16 04:18:00+00:00,NSE:BANKNIFTY,54040.15,54072.0,54037.5,54060.05,717523.0
2026-03-16 04:19:00+00:00,NSE:BANKNIFTY,54059.45,54076.8,54053.7,54057.95,647115.0
2026-03-16 04:20:00+00:00,NSE:BANKNIFTY,54059.25,54072.9,54041.35,54048.25,947067.0
2026-03-16 04:21:00+00:00,NSE:BANKNIFTY,54050.9,54082.95,54027.3,54073.45,780881.0
2026-03-16 04:22:00+00:00,NSE:BANKNIFTY,54070.05,54104.4,54065.05,54078.85,732047.0
2026-03-16 04:23:00+00:00,NSE:BANKNIFTY,54077.6,54085.85,54034.1,54035.4,568999.0
2026-03-16 04:24:00+00:00,NSE:BANKNIFTY,54038.1,54043.15,53998.8,54003.1,675099.0
2026-03-16 04:25:00+00:00,NSE:BANKNIFTY,54000.55,54026.8,53997.4,54017.65,577082.0
2026-03-16 04:26:00+00:00,NSE:BANKNIFTY,54018.35,54018.35,53976.45,53983.6,644117.0
2026-03-16 04:27:00+00:00,NSE:BANKNIFTY,53985.15,54021.95,53976.0,53982.9,950971.0
2026-03-16 04:28:00+00:00,NSE:BANKNIFTY,53981.15,53986.75,53949.2,53950.7,646760.0
2026-03-16 04:29:00+00:00,NSE:BANKNIFTY,53945.8,53945.8,53875.9,53879.15,1464611.0
2026-03-16 04:30:00+00:00,NSE:BANKNIFTY,53880.85,53928.75,53880.85,53920.7,835079.0
2026-03-16 04:31:00+00:00,NSE:BANKNIFTY,53925.15,53942.3,53875.0,53875.75,965001.0
2026-03-16 04:32:00+00:00,NSE:BANKNIFTY,53874.8,53911.7,53869.2,53882.6,775690.0
2026-03-16 04:33:00+00:00,NSE:BANKNIFTY,53881.0,53896.15,53867.45,53872.75,958411.0
2026-03-16 04:34:00+00:00,NSE:BANKNIFTY,53875.05,53960.85,53875.05,53956.55,697865.0
2026-03-16 04:35:00+00:00,NSE:BANKNIFTY,53955.7,54011.05,53955.7,54011.05,746199.0
2026-03-16 04:36:00+00:00,NSE:BANKNIFTY,54008.65,54010.35,53976.65,53983.8,512263.0
2026-03-16 04:37:00+00:00,NSE:BANKNIFTY,53981.5,53988.45,53949.5,53952.95,564103.0
2026-03-16 04:38:00+00:00,NSE:BANKNIFTY,53949.7,53954.85,53917.25,53936.1,600134.0
2026-03-16 04:39:00+00:00,NSE:BANKNIFTY,53937.25,53937.25,53896.35,53900.1,526884.0
2026-03-16 04:40:00+00:00,NSE:BANKNIFTY,53901.6,53917.7,53883.4,53886.15,866622.0
2026-03-16 04:41:00+00:00,NSE:BANKNIFTY,53884.05,53893.0,53870.8,53873.0,1021947.0
2026-03-16 04:42:00+00:00,NSE:BANKNIFTY,53871.55,53871.55,53849.75,53856.2,605721.0
2026-03-16 04:43:00+00:00,NSE:BANKNIFTY,53857.0,53869.8,53820.4,53824.75,1011575.0
2026-03-16 04:44:00+00:00,NSE:BANKNIFTY,53822.4,53830.05,53800.9,53829.55,957146.0
2026-03-16 04:45:00+00:00,NSE:BANKNIFTY,53824.55,53827.05,53793.2,53802.85,1090632.0
2026-03-16 04:46:00+00:00,NSE:BANKNIFTY,53800.9,53810.0,53757.55,53779.8,1793271.0
2026-03-16 04:47:00+00:00,NSE:BANKNIFTY,53779.4,53787.0,53741.7,53741.7,829774.0
2026-03-16 04:48:00+00:00,NSE:BANKNIFTY,53746.7,53772.6,53724.75,53761.9,1245458.0
2026-03-16 04:49:00+00:00,NSE:BANKNIFTY,53766.25,53766.25,53727.45,53731.8,747246.0
2026-03-16 04:50:00+00:00,NSE:BANKNIFTY,53730.55,53731.2,53639.15,53647.0,995849.0
2026-03-16 04:51:00+00:00,NSE:BANKNIFTY,53646.05,53656.5,53606.0,53642.5,1390278.0
2026-03-16 04:52:00+00:00,NSE:BANKNIFTY,53647.2,53651.0,53624.25,53648.6,867303.0
2026-03-16 04:53:00+00:00,NSE:BANKNIFTY,53653.15,53666.5,53620.45,53626.35,733694.0
2026-03-16 04:54:00+00:00,NSE:BANKNIFTY,53632.95,53635.8,53602.6,53607.35,1117248.0
2026-03-16 04:55:00+00:00,NSE:BANKNIFTY,53609.9,53620.0,53571.6,53588.95,1895730.0
2026-03-16 04:56:00+00:00,NSE:BANKNIFTY,53590.8,53607.65,53570.8,53574.85,838335.0
2026-03-16 04:57:00+00:00,NSE:BANKNIFTY,53573.6,53577.2,53532.8,53545.9,790939.0
2026-03-16 04:58:00+00:00,NSE:BANKNIFTY,53550.4,53554.85,53519.4,53524.5,461040.0
2026-03-16 04:59:00+00:00,NSE:BANKNIFTY,53524.9,53532.15,53489.55,53493.0,669372.0
2026-03-16 05:00:00+00:00,NSE:BANKNIFTY,53495.55,53598.0,53492.6,53582.15,1793990.0
2026-03-16 05:01:00+00:00,NSE:BANKNIFTY,53582.1,53630.6,53582.1,53627.85,1439426.0
2026-03-16 05:02:00+00:00,NSE:BANKNIFTY,53628.2,53629.6,53600.15,53601.5,1137717.0
2026-03-16 05:03:00+00:00,NSE:BANKNIFTY,53597.9,53597.9,53567.0,53567.0,623547.0
2026-03-16 05:04:00+00:00,NSE:BANKNIFTY,53566.2,53580.1,53558.65,53570.85,579902.0
2026-03-16 05:05:00+00:00,NSE:BANKNIFTY,53572.7,53596.75,53554.95,53596.4,1181485.0
2026-03-16 05:06:00+00:00,NSE:BANKNIFTY,53599.8,53611.3,53579.45,53593.6,718574.0
2026-03-16 05:07:00+00:00,NSE:BANKNIFTY,53597.35,53613.85,53588.9,53602.8,579822.0
2026-03-16 05:08:00+00:00,NSE:BANKNIFTY,53603.65,53635.55,53603.65,53610.95,531220.0
2026-03-16 05:09:00+00:00,NSE:BANKNIFTY,53610.85,53620.45,53583.0,53590.3,447725.0
2026-03-16 05:10:00+00:00,NSE:BANKNIFTY,53588.65,53598.15,53571.4,53587.3,451276.0
2026-03-16 05:11:00+00:00,NSE:BANKNIFTY,53587.05,53603.8,53559.65,53580.05,1222618.0
2026-03-16 05:12:00+00:00,NSE:BANKNIFTY,53583.1,53585.95,53552.15,53557.55,573810.0
2026-03-16 05:13:00+00:00,NSE:BANKNIFTY,53557.8,53561.75,53529.55,53541.65,454062.0
2026-03-16 05:14:00+00:00,NSE:BANKNIFTY,53539.9,53548.75,53514.75,53525.5,554880.0
2026-03-16 05:15:00+00:00,NSE:BANKNIFTY,53524.3,53524.3,53492.65,53508.35,461024.0
2026-03-16 05:16:00+00:00,NSE:BANKNIFTY,53508.75,53541.5,53504.05,53533.35,1066802.0
2026-03-16 05:17:00+00:00,NSE:BANKNIFTY,53532.8,53567.45,53528.95,53537.0,477727.0
2026-03-16 05:18:00+00:00,NSE:BANKNIFTY,53533.0,53540.05,53498.45,53502.25,575392.0
2026-03-16 05:19:00+00:00,NSE:BANKNIFTY,53501.85,53501.85,53438.95,53449.3,551267.0
2026-03-16 05:20:00+00:00,NSE:BANKNIFTY,53445.6,53459.0,53398.65,53401.35,1410361.0
2026-03-16 05:21:00+00:00,NSE:BANKNIFTY,53402.5,53437.6,53393.9,53397.1,1134470.0
2026-03-16 05:22:00+00:00,NSE:BANKNIFTY,53398.1,53404.1,53369.7,53374.95,806329.0
2026-03-16 05:23:00+00:00,NSE:BANKNIFTY,53374.85,53383.2,53309.9,53330.7,1975489.0
2026-03-16 05:24:00+00:00,NSE:BANKNIFTY,53332.2,53342.1,53321.25,53323.25,933396.0
2026-03-16 05:25:00+00:00,NSE:BANKNIFTY,53325.25,53343.55,53287.4,53290.3,1203351.0
2026-03-16 05:26:00+00:00,NSE:BANKNIFTY,53292.5,53309.15,53258.15,53265.85,1470672.0
2026-03-16 05:27:00+00:00,NSE:BANKNIFTY,53272.95,53356.9,53268.75,53356.9,1284473.0
2026-03-16 05:28:00+00:00,NSE:BANKNIFTY,53359.7,53406.15,53359.15,53373.5,1227605.0
2026-03-16 05:29:00+00:00,NSE:BANKNIFTY,53377.15,53425.15,53377.15,53421.65,856718.0
2026-03-16 05:30:00+00:00,NSE:BANKNIFTY,53424.35,53427.7,53379.05,53379.05,717336.0
2026-03-16 05:31:00+00:00,NSE:BANKNIFTY,53376.8,53426.85,53367.4,53426.0,682554.0
2026-03-16 05:32:00+00:00,NSE:BANKNIFTY,53426.95,53440.65,53412.85,53421.85,600676.0
2026-03-16 05:33:00+00:00,NSE:BANKNIFTY,53423.8,53457.8,53416.2,53457.8,597257.0
2026-03-16 05:34:00+00:00,NSE:BANKNIFTY,53462.4,53474.1,53450.6,53459.35,667211.0
2026-03-16 05:35:00+00:00,NSE:BANKNIFTY,53458.85,53476.4,53426.05,53463.15,834526.0
2026-03-16 05:36:00+00:00,NSE:BANKNIFTY,53465.0,53499.8,53460.2,53499.1,838730.0
2026-03-16 05:37:00+00:00,NSE:BANKNIFTY,53502.7,53543.7,53502.7,53543.7,950339.0
2026-03-16 05:38:00+00:00,NSE:BANKNIFTY,53540.25,53558.6,53536.45,53540.65,812384.0
2026-03-16 05:39:00+00:00,NSE:BANKNIFTY,53543.4,53572.45,53520.65,53563.15,929283.0
2026-03-16 05:40:00+00:00,NSE:BANKNIFTY,53568.6,53618.5,53558.4,53558.4,1117633.0
2026-03-16 05:41:00+00:00,NSE:BANKNIFTY,53562.1,53563.1,53520.4,53522.5,601555.0
2026-03-16 05:42:00+00:00,NSE:BANKNIFTY,53526.55,53560.6,53524.05,53560.6,489136.0
2026-03-16 05:43:00+00:00,NSE:BANKNIFTY,53564.2,53578.0,53541.4,53571.1,521453.0
2026-03-16 05:44:00+00:00,NSE:BANKNIFTY,53573.15,53599.4,53570.15,53593.55,831636.0
2026-03-16 05:45:00+00:00,NSE:BANKNIFTY,53595.0,53663.3,53583.6,53656.45,1107248.0
2026-03-16 05:46:00+00:00,NSE:BANKNIFTY,53665.2,53695.75,53658.2,53685.05,1034374.0
2026-03-16 05:47:00+00:00,NSE:BANKNIFTY,53685.3,53739.8,53679.85,53731.4,1036340.0
2026-03-16 05:48:00+00:00,NSE:BANKNIFTY,53733.95,53765.15,53699.95,53765.15,858279.0
2026-03-16 05:49:00+00:00,NSE:BANKNIFTY,53772.25,53859.8,53772.25,53853.85,1250996.0
2026-03-16 05:50:00+00:00,NSE:BANKNIFTY,53854.6,53855.8,53788.5,53847.5,1059078.0
2026-03-16 05:51:00+00:00,NSE:BANKNIFTY,53844.55,53889.9,53844.55,53889.9,1292462.0
2026-03-16 05:52:00+00:00,NSE:BANKNIFTY,53887.45,53897.2,53839.95,53847.4,719148.0
2026-03-16 05:53:00+00:00,NSE:BANKNIFTY,53849.1,53879.85,53821.55,53827.2,840634.0
2026-03-16 05:54:00+00:00,NSE:BANKNIFTY,53829.15,53867.65,53808.9,53841.8,726107.0
2026-03-16 05:55:00+00:00,NSE:BANKNIFTY,53830.45,53842.3,53788.55,53791.15,700686.0
2026-03-16 05:56:00+00:00,NSE:BANKNIFTY,53792.7,53836.25,53790.55,53801.2,569945.0
2026-03-16 05:57:00+00:00,NSE:BANKNIFTY,53802.1,53818.35,53784.95,53818.35,687393.0
2026-03-16 05:58:00+00:00,NSE:BANKNIFTY,53817.0,53821.9,53787.9,53799.55,368550.0
2026-03-16 05:59:00+00:00,NSE:BANKNIFTY,53803.35,53804.75,53764.8,53802.75,362834.0
2026-03-16 06:00:00+00:00,NSE:BANKNIFTY,53804.95,53815.3,53783.55,53802.85,728574.0
2026-03-16 06:01:00+00:00,NSE:BANKNIFTY,53807.25,53873.85,53806.6,53851.45,1151432.0
2026-03-16 06:02:00+00:00,NSE:BANKNIFTY,53856.35,53923.65,53853.25,53908.65,1086826.0
2026-03-16 06:03:00+00:00,NSE:BANKNIFTY,53906.95,53915.0,53888.0,53893.5,775569.0
2026-03-16 06:04:00+00:00,NSE:BANKNIFTY,53894.65,53897.85,53878.85,53887.8,669877.0
2026-03-16 06:05:00+00:00,NSE:BANKNIFTY,53889.2,53913.35,53869.45,53874.8,422435.0
2026-03-16 06:06:00+00:00,NSE:BANKNIFTY,53877.7,53881.75,53828.0,53835.6,575591.0
2026-03-16 06:07:00+00:00,NSE:BANKNIFTY,53834.8,53838.25,53807.85,53822.65,665539.0
2026-03-16 06:08:00+00:00,NSE:BANKNIFTY,53821.7,53848.7,53806.85,53814.8,399367.0
2026-03-16 06:09:00+00:00,NSE:BANKNIFTY,53817.45,53820.25,53771.4,53789.05,476662.0
2026-03-16 06:10:00+00:00,NSE:BANKNIFTY,53785.65,53797.95,53774.45,53786.0,299219.0
2026-03-16 06:11:00+00:00,NSE:BANKNIFTY,53788.85,53804.6,53788.35,53798.0,314953.0
2026-03-16 06:12:00+00:00,NSE:BANKNIFTY,53798.05,53828.6,53781.45,53825.9,551341.0
2026-03-16 06:13:00+00:00,NSE:BANKNIFTY,53827.45,53835.0,53781.0,53782.85,451195.0
2026-03-16 06:14:00+00:00,NSE:BANKNIFTY,53782.1,53787.45,53742.5,53747.15,855979.0
2026-03-16 06:15:00+00:00,NSE:BANKNIFTY,53748.9,53785.55,53741.65,53777.8,465614.0
2026-03-16 06:16:00+00:00,NSE:BANKNIFTY,53777.9,53779.3,53740.6,53745.3,395192.0
2026-03-16 06:17:00+00:00,NSE:BANKNIFTY,53744.45,53757.8,53736.3,53748.95,408594.0
2026-03-16 06:18:00+00:00,NSE:BANKNIFTY,53747.6,53765.15,53730.85,53762.5,501992.0
2026-03-16 06:19:00+00:00,NSE:BANKNIFTY,53756.95,53776.75,53755.05,53755.95,292740.0
2026-03-16 06:20:00+00:00,NSE:BANKNIFTY,53756.7,53772.3,53752.3,53763.75,456941.0
2026-03-16 06:21:00+00:00,NSE:BANKNIFTY,53762.7,53778.05,53731.9,53734.45,492163.0
2026-03-16 06:22:00+00:00,NSE:BANKNIFTY,53732.2,53742.1,53696.9,53740.75,426618.0
2026-03-16 06:23:00+00:00,NSE:BANKNIFTY,53744.85,53749.5,53730.55,53733.3,204778.0
2026-03-16 06:24:00+00:00,NSE:BANKNIFTY,53733.6,53746.95,53727.45,53729.45,343321.0
2026-03-16 06:25:00+00:00,NSE:BANKNIFTY,53728.25,53728.25,53699.3,53699.75,764831.0
2026-03-16 06:26:00+00:00,NSE:BANKNIFTY,53695.05,53725.15,53687.95,53723.25,398725.0
2026-03-16 06:27:00+00:00,NSE:BANKNIFTY,53724.2,53769.2,53722.75,53760.75,467093.0
2026-03-16 06:28:00+00:00,NSE:BANKNIFTY,53760.3,53763.7,53713.2,53716.4,341399.0
2026-03-16 06:29:00+00:00,NSE:BANKNIFTY,53714.55,53730.9,53710.45,53718.95,398838.0
2026-03-16 06:30:00+00:00,NSE:BANKNIFTY,53721.7,53786.45,53716.0,53772.0,489142.0
2026-03-16 06:31:00+00:00,NSE:BANKNIFTY,53771.65,53799.05,53771.65,53792.55,502882.0
2026-03-16 06:32:00+00:00,NSE:BANKNIFTY,53791.55,53801.85,53785.5,53795.75,347460.0
2026-03-16 06:33:00+00:00,NSE:BANKNIFTY,53797.45,53813.9,53792.7,53801.5,464565.0
2026-03-16 06:34:00+00:00,NSE:BANKNIFTY,53803.55,53806.8,53710.85,53710.85,910919.0
2026-03-16 06:35:00+00:00,NSE:BANKNIFTY,53713.05,53738.1,53713.05,53717.85,299926.0
2026-03-16 06:36:00+00:00,NSE:BANKNIFTY,53717.1,53717.1,53680.2,53708.0,481352.0
2026-03-16 06:37:00+00:00,NSE:BANKNIFTY,53706.7,53710.75,53685.95,53705.85,226879.0
2026-03-16 06:38:00+00:00,NSE:BANKNIFTY,53705.8,53721.95,53703.2,53710.3,508996.0
2026-03-16 06:39:00+00:00,NSE:BANKNIFTY,53710.35,53710.35,53684.55,53685.5,421127.0
2026-03-16 06:40:00+00:00,NSE:BANKNIFTY,53685.2,53687.25,53651.75,53660.05,572260.0
2026-03-16 06:41:00+00:00,NSE:BANKNIFTY,53660.45,53707.35,53656.5,53697.85,355943.0
2026-03-16 06:42:00+00:00,NSE:BANKNIFTY,53697.25,53725.95,53697.25,53723.75,539624.0
2026-03-16 06:43:00+00:00,NSE:BANKNIFTY,53727.35,53750.35,53725.5,53725.9,386406.0
2026-03-16 06:44:00+00:00,NSE:BANKNIFTY,53725.95,53727.6,53676.5,53692.3,478682.0
2026-03-16 06:45:00+00:00,NSE:BANKNIFTY,53693.0,53696.15,53677.05,53679.1,311985.0
2026-03-16 06:46:00+00:00,NSE:BANKNIFTY,53680.2,53689.3,53661.75,53668.75,315783.0
2026-03-16 06:47:00+00:00,NSE:BANKNIFTY,53669.65,53705.5,53668.75,53691.9,541566.0
2026-03-16 06:48:00+00:00,NSE:BANKNIFTY,53691.2,53693.65,53672.65,53677.1,522068.0
2026-03-16 06:49:00+00:00,NSE:BANKNIFTY,53680.85,53707.55,53680.85,53705.2,243110.0
2026-03-16 06:50:00+00:00,NSE:BANKNIFTY,53705.65,53716.05,53696.75,53704.35,399940.0
2026-03-16 06:51:00+00:00,NSE:BANKNIFTY,53703.2,53709.15,53684.65,53686.4,498079.0
2026-03-16 06:52:00+00:00,NSE:BANKNIFTY,53684.35,53688.65,53672.65,53674.55,369561.0
2026-03-16 06:53:00+00:00,NSE:BANKNIFTY,53676.55,53697.85,53673.15,53679.55,399281.0
2026-03-16 06:54:00+00:00,NSE:BANKNIFTY,53677.85,53743.8,53673.3,53742.55,880597.0
2026-03-16 06:55:00+00:00,NSE:BANKNIFTY,53740.8,53740.9,53714.45,53735.15,626028.0
2026-03-16 06:56:00+00:00,NSE:BANKNIFTY,53735.35,53752.45,53729.3,53729.3,448849.0
2026-03-16 06:57:00+00:00,NSE:BANKNIFTY,53733.55,53734.95,53717.05,53728.4,215015.0
2026-03-16 06:58:00+00:00,NSE:BANKNIFTY,53730.4,53736.7,53708.65,53734.7,401249.0
2026-03-16 06:59:00+00:00,NSE:BANKNIFTY,53733.6,53778.9,53733.25,53745.45,639026.0
2026-03-16 07:00:00+00:00,NSE:BANKNIFTY,53744.55,53744.55,53709.15,53731.55,429315.0
2026-03-16 07:01:00+00:00,NSE:BANKNIFTY,53731.5,53742.6,53713.65,53719.4,562220.0
2026-03-16 07:02:00+00:00,NSE:BANKNIFTY,53718.65,53746.55,53715.65,53724.0,602780.0
2026-03-16 07:03:00+00:00,NSE:BANKNIFTY,53725.8,53739.95,53695.75,53695.75,819445.0
2026-03-16 07:04:00+00:00,NSE:BANKNIFTY,53699.0,53702.85,53634.5,53649.1,1009313.0
2026-03-16 07:05:00+00:00,NSE:BANKNIFTY,53648.4,53652.35,53574.25,53574.55,1124950.0
2026-03-16 07:06:00+00:00,NSE:BANKNIFTY,53571.95,53646.0,53569.65,53646.0,540192.0
2026-03-16 07:07:00+00:00,NSE:BANKNIFTY,53647.3,53668.15,53636.8,53664.9,636769.0
2026-03-16 07:08:00+00:00,NSE:BANKNIFTY,53664.2,53691.65,53663.95,53666.6,591221.0
2026-03-16 07:09:00+00:00,NSE:BANKNIFTY,53667.45,53688.8,53667.45,53680.55,398117.0
2026-03-16 07:10:00+00:00,NSE:BANKNIFTY,53682.75,53685.5,53660.0,53661.05,849508.0
2026-03-16 07:11:00+00:00,NSE:BANKNIFTY,53662.4,53694.45,53662.0,53689.6,429772.0
2026-03-16 07:12:00+00:00,NSE:BANKNIFTY,53691.6,53708.0,53673.3,53675.3,712016.0
2026-03-16 07:13:00+00:00,NSE:BANKNIFTY,53675.35,53715.4,53672.15,53714.7,539334.0
2026-03-16 07:14:00+00:00,NSE:BANKNIFTY,53714.15,53715.8,53679.6,53695.5,412086.0
2026-03-16 07:15:00+00:00,NSE:BANKNIFTY,53694.05,53694.05,53619.65,53619.65,541406.0
2026-03-16 07:16:00+00:00,NSE:BANKNIFTY,53622.7,53637.35,53586.45,53593.2,976719.0
2026-03-16 07:17:00+00:00,NSE:BANKNIFTY,53595.5,53601.25,53582.25,53591.95,543778.0
2026-03-16 07:18:00+00:00,NSE:BANKNIFTY,53591.6,53593.95,53555.8,53557.65,783281.0
2026-03-16 07:19:00+00:00,NSE:BANKNIFTY,53558.05,53561.65,53542.1,53553.3,753579.0
2026-03-16 07:20:00+00:00,NSE:BANKNIFTY,53553.6,53568.65,53542.8,53545.95,628879.0
2026-03-16 07:21:00+00:00,NSE:BANKNIFTY,53546.3,53566.75,53530.95,53537.45,934337.0
2026-03-16 07:22:00+00:00,NSE:BANKNIFTY,53538.2,53583.45,53536.7,53583.45,312074.0
2026-03-16 07:23:00+00:00,NSE:BANKNIFTY,53580.2,53630.45,53575.2,53622.8,973267.0
2026-03-16 07:24:00+00:00,NSE:BANKNIFTY,53623.3,53634.05,53616.3,53618.75,501803.0
2026-03-16 07:25:00+00:00,NSE:BANKNIFTY,53618.25,53618.55,53593.65,53602.95,456986.0
2026-03-16 07:26:00+00:00,NSE:BANKNIFTY,53605.3,53625.95,53605.3,53612.65,349977.0
2026-03-16 07:27:00+00:00,NSE:BANKNIFTY,53611.75,53615.35,53587.2,53594.55,236916.0
2026-03-16 07:28:00+00:00,NSE:BANKNIFTY,53595.6,53598.75,53578.2,53580.05,340238.0
2026-03-16 07:29:00+00:00,NSE:BANKNIFTY,53579.35,53615.7,53579.35,53610.15,263634.0
2026-03-16 07:30:00+00:00,NSE:BANKNIFTY,53612.0,53620.0,53601.25,53608.35,301697.0
2026-03-16 07:31:00+00:00,NSE:BANKNIFTY,53611.35,53659.3,53610.5,53654.35,678115.0
2026-03-16 07:32:00+00:00,NSE:BANKNIFTY,53655.45,53714.95,53655.05,53708.9,596948.0
2026-03-16 07:33:00+00:00,NSE:BANKNIFTY,53710.8,53715.7,53695.2,53695.2,453589.0
2026-03-16 07:34:00+00:00,NSE:BANKNIFTY,53698.4,53715.5,53604.05,53604.05,655589.0
2026-03-16 07:35:00+00:00,NSE:BANKNIFTY,53596.8,53597.1,53518.55,53554.75,1547204.0
2026-03-16 07:36:00+00:00,NSE:BANKNIFTY,53554.0,53592.4,53554.0,53580.95,467446.0
2026-03-16 07:37:00+00:00,NSE:BANKNIFTY,53582.95,53586.25,53565.05,53575.0,240990.0
2026-03-16 07:38:00+00:00,NSE:BANKNIFTY,53570.6,53593.6,53551.35,53582.8,644103.0
2026-03-16 07:39:00+00:00,NSE:BANKNIFTY,53585.35,53629.15,53582.7,53593.55,908096.0
2026-03-16 07:40:00+00:00,NSE:BANKNIFTY,53591.4,53591.4,53565.25,53576.3,442565.0
2026-03-16 07:41:00+00:00,NSE:BANKNIFTY,53575.45,53614.8,53566.9,53609.7,771477.0
2026-03-16 07:42:00+00:00,NSE:BANKNIFTY,53609.5,53649.5,53606.35,53606.7,382294.0
2026-03-16 07:43:00+00:00,NSE:BANKNIFTY,53606.95,53607.95,53585.35,53596.0,268644.0
2026-03-16 07:44:00+00:00,NSE:BANKNIFTY,53595.3,53601.95,53572.6,53579.6,320847.0
2026-03-16 07:45:00+00:00,NSE:BANKNIFTY,53578.1,53635.4,53578.1,53614.7,769694.0
2026-03-16 07:46:00+00:00,NSE:BANKNIFTY,53614.6,53633.1,53607.9,53626.9,449780.0
2026-03-16 07:47:00+00:00,NSE:BANKNIFTY,53627.95,53647.9,53622.5,53644.5,374854.0
2026-03-16 07:48:00+00:00,NSE:BANKNIFTY,53643.75,53644.0,53614.65,53626.95,328158.0
2026-03-16 07:49:00+00:00,NSE:BANKNIFTY,53625.3,53638.15,53621.75,53637.3,503562.0
2026-03-16 07:50:00+00:00,NSE:BANKNIFTY,53636.65,53651.5,53621.4,53646.9,319273.0
2026-03-16 07:51:00+00:00,NSE:BANKNIFTY,53647.3,53677.8,53632.3,53669.1,457329.0
2026-03-16 07:52:00+00:00,NSE:BANKNIFTY,53667.4,53706.7,53667.4,53702.1,597010.0
2026-03-16 07:53:00+00:00,NSE:BANKNIFTY,53701.3,53723.35,53688.1,53696.05,890287.0
2026-03-16 07:54:00+00:00,NSE:BANKNIFTY,53697.95,53697.95,53661.65,53668.8,625744.0
2026-03-16 07:55:00+00:00,NSE:BANKNIFTY,53671.25,53705.15,53669.95,53693.6,608740.0
2026-03-16 07:56:00+00:00,NSE:BANKNIFTY,53689.15,53712.65,53678.65,53678.65,592223.0
2026-03-16 07:57:00+00:00,NSE:BANKNIFTY,53677.1,53681.3,53651.1,53653.95,431743.0
2026-03-16 07:58:00+00:00,NSE:BANKNIFTY,53653.3,53657.25,53633.1,53647.2,629376.0
2026-03-16 07:59:00+00:00,NSE:BANKNIFTY,53646.3,53661.7,53633.6,53638.85,551735.0
2026-03-16 08:00:00+00:00,NSE:BANKNIFTY,53638.9,53671.95,53635.45,53668.85,466524.0
2026-03-16 08:01:00+00:00,NSE:BANKNIFTY,53665.75,53684.0,53632.05,53632.05,3649864.0
2026-03-16 08:02:00+00:00,NSE:BANKNIFTY,53630.1,53644.85,53618.35,53636.4,1031142.0
2026-03-16 08:03:00+00:00,NSE:BANKNIFTY,53632.45,53637.05,53594.3,53630.85,2331240.0
2026-03-16 08:04:00+00:00,NSE:BANKNIFTY,53626.0,53637.0,53609.8,53622.1,477957.0
2026-03-16 08:05:00+00:00,NSE:BANKNIFTY,53620.7,53632.1,53611.7,53626.0,888866.0
2026-03-16 08:06:00+00:00,NSE:BANKNIFTY,53625.15,53645.75,53619.95,53630.8,1126266.0
2026-03-16 08:07:00+00:00,NSE:BANKNIFTY,53634.05,53660.55,53634.05,53638.0,1631283.0
2026-03-16 08:08:00+00:00,NSE:BANKNIFTY,53639.9,53660.35,53624.6,53657.2,613668.0
2026-03-16 08:09:00+00:00,NSE:BANKNIFTY,53656.65,53661.8,53635.65,53660.5,911778.0
2026-03-16 08:10:00+00:00,NSE:BANKNIFTY,53657.5,53677.35,53646.7,53675.65,1222222.0
2026-03-16 08:11:00+00:00,NSE:BANKNIFTY,53676.05,53705.2,53662.65,53694.7,2219233.0
2026-03-16 08:12:00+00:00,NSE:BANKNIFTY,53695.75,53695.75,53651.35,53654.85,598668.0
2026-03-16 08:13:00+00:00,NSE:BANKNIFTY,53653.3,53676.85,53648.35,53662.1,1047417.0
2026-03-16 08:14:00+00:00,NSE:BANKNIFTY,53661.6,53662.45,53607.4,53609.9,504968.0
2026-03-16 08:15:00+00:00,NSE:BANKNIFTY,53608.75,53623.4,53585.5,53591.4,348289.0
2026-03-16 08:16:00+00:00,NSE:BANKNIFTY,53590.55,53605.55,53568.5,53601.75,348183.0
2026-03-16 08:17:00+00:00,NSE:BANKNIFTY,53601.15,53625.7,53601.15,53620.4,320036.0
2026-03-16 08:18:00+00:00,NSE:BANKNIFTY,53619.6,53622.2,53590.65,53590.7,498434.0
2026-03-16 08:19:00+00:00,NSE:BANKNIFTY,53590.75,53623.15,53583.0,53598.1,573577.0
2026-03-16 08:20:00+00:00,NSE:BANKNIFTY,53599.55,53600.8,53563.4,53570.35,490200.0
2026-03-16 08:21:00+00:00,NSE:BANKNIFTY,53569.0,53599.05,53563.3,53593.1,458766.0
2026-03-16 08:22:00+00:00,NSE:BANKNIFTY,53593.9,53647.35,53593.9,53647.35,942840.0
2026-03-16 08:23:00+00:00,NSE:BANKNIFTY,53646.2,53680.7,53646.2,53668.75,1180764.0
2026-03-16 08:24:00+00:00,NSE:BANKNIFTY,53666.15,53683.85,53636.9,53639.0,661884.0
2026-03-16 08:25:00+00:00,NSE:BANKNIFTY,53627.3,53647.6,53627.3,53633.1,460919.0
2026-03-16 08:26:00+00:00,NSE:BANKNIFTY,53632.85,53658.25,53615.95,53656.7,711613.0
2026-03-16 08:27:00+00:00,NSE:BANKNIFTY,53655.95,53660.15,53632.85,53651.35,488207.0
2026-03-16 08:28:00+00:00,NSE:BANKNIFTY,53649.9,53656.0,53634.55,53656.0,460883.0
2026-03-16 08:29:00+00:00,NSE:BANKNIFTY,53655.35,53665.7,53644.15,53653.0,359489.0
2026-03-16 08:30:00+00:00,NSE:BANKNIFTY,53652.05,53665.5,53649.0,53656.8,303013.0
2026-03-16 08:31:00+00:00,NSE:BANKNIFTY,53655.35,53656.35,53629.15,53632.5,299337.0
2026-03-16 08:32:00+00:00,NSE:BANKNIFTY,53631.85,53639.35,53620.05,53629.8,313945.0
2026-03-16 08:33:00+00:00,NSE:BANKNIFTY,53622.9,53645.2,53621.4,53643.2,479743.0
2026-03-16 08:34:00+00:00,NSE:BANKNIFTY,53642.85,53656.0,53629.25,53635.3,740208.0
2026-03-16 08:35:00+00:00,NSE:BANKNIFTY,53634.8,53656.4,53628.7,53653.15,468276.0
2026-03-16 08:36:00+00:00,NSE:BANKNIFTY,53652.85,53656.0,53611.75,53614.65,773927.0
2026-03-16 08:37:00+00:00,NSE:BANKNIFTY,53611.0,53642.05,53601.55,53639.5,377172.0
2026-03-16 08:38:00+00:00,NSE:BANKNIFTY,53637.2,53645.4,53623.3,53627.45,409136.0
2026-03-16 08:39:00+00:00,NSE:BANKNIFTY,53628.0,53663.85,53626.6,53650.25,708683.0
2026-03-16 08:40:00+00:00,NSE:BANKNIFTY,53645.75,53664.75,53645.15,53659.55,574920.0
2026-03-16 08:41:00+00:00,NSE:BANKNIFTY,53655.6,53776.2,53649.45,53776.2,1503841.0
2026-03-16 08:42:00+00:00,NSE:BANKNIFTY,53776.5,53780.25,53760.65,53775.85,825564.0
2026-03-16 08:43:00+00:00,NSE:BANKNIFTY,53776.3,53783.25,53732.45,53733.45,583186.0
2026-03-16 08:44:00+00:00,NSE:BANKNIFTY,53735.4,53745.2,53714.15,53716.35,599462.0
2026-03-16 08:45:00+00:00,NSE:BANKNIFTY,53714.9,53734.65,53698.6,53699.75,638007.0
2026-03-16 08:46:00+00:00,NSE:BANKNIFTY,53699.9,53704.15,53670.0,53676.25,299524.0
2026-03-16 08:47:00+00:00,NSE:BANKNIFTY,53676.8,53722.1,53675.95,53722.1,464728.0
2026-03-16 08:48:00+00:00,NSE:BANKNIFTY,53719.1,53855.7,53719.05,53855.4,1649594.0
2026-03-16 08:49:00+00:00,NSE:BANKNIFTY,53854.9,53921.35,53853.1,53914.45,3017948.0
2026-03-16 08:50:00+00:00,NSE:BANKNIFTY,53913.6,53960.75,53909.65,53950.7,1592747.0
2026-03-16 08:51:00+00:00,NSE:BANKNIFTY,53945.85,54031.35,53945.85,53968.6,2010006.0
2026-03-16 08:52:00+00:00,NSE:BANKNIFTY,53971.95,54057.05,53971.95,54049.45,1353646.0
2026-03-16 08:53:00+00:00,NSE:BANKNIFTY,54048.6,54100.65,54048.6,54095.9,1811359.0
2026-03-16 08:54:00+00:00,NSE:BANKNIFTY,54089.65,54183.65,54088.6,54154.55,2063554.0
2026-03-16 08:55:00+00:00,NSE:BANKNIFTY,54153.6,54212.5,54113.35,54113.35,2288168.0
2026-03-16 08:56:00+00:00,NSE:BANKNIFTY,54114.8,54181.95,54064.05,54174.55,1750241.0
2026-03-16 08:57:00+00:00,NSE:BANKNIFTY,54180.1,54218.1,54165.4,54200.35,1837903.0
2026-03-16 08:58:00+00:00,NSE:BANKNIFTY,54195.2,54242.25,54161.95,54204.0,1809784.0
2026-03-16 08:59:00+00:00,NSE:BANKNIFTY,54202.35,54243.45,54172.85,54193.9,1483212.0
2026-03-16 09:00:00+00:00,NSE:BANKNIFTY,54194.85,54227.25,54155.25,54155.25,1787232.0
2026-03-16 09:01:00+00:00,NSE:BANKNIFTY,54155.55,54225.4,54149.8,54206.75,1937762.0
2026-03-16 09:02:00+00:00,NSE:BANKNIFTY,54204.2,54240.75,54204.2,54226.15,1139325.0
2026-03-16 09:03:00+00:00,NSE:BANKNIFTY,54217.75,54282.05,54217.75,54237.85,1919401.0
2026-03-16 09:04:00+00:00,NSE:BANKNIFTY,54234.45,54295.0,54228.0,54262.55,2526568.0
2026-03-16 09:05:00+00:00,NSE:BANKNIFTY,54263.15,54288.1,54240.4,54281.15,3443655.0
2026-03-16 09:06:00+00:00,NSE:BANKNIFTY,54272.45,54320.6,54268.8,54280.2,1876274.0
2026-03-16 09:07:00+00:00,NSE:BANKNIFTY,54288.0,54357.95,54288.0,54319.85,1596895.0
2026-03-16 09:08:00+00:00,NSE:BANKNIFTY,54320.95,54362.1,54316.1,54326.15,1639151.0
2026-03-16 09:09:00+00:00,NSE:BANKNIFTY,54331.65,54433.2,54326.85,54407.2,1984385.0
2026-03-16 09:10:00+00:00,NSE:BANKNIFTY,54413.25,54469.6,54386.65,54419.85,2310288.0
2026-03-16 09:11:00+00:00,NSE:BANKNIFTY,54424.65,54429.15,54335.85,54335.85,1707583.0
2026-03-16 09:12:00+00:00,NSE:BANKNIFTY,54344.9,54374.6,54337.15,54369.7,1360955.0
2026-03-16 09:13:00+00:00,NSE:BANKNIFTY,54374.75,54446.95,54370.5,54417.4,1792391.0
2026-03-16 09:14:00+00:00,NSE:BANKNIFTY,54424.0,54483.85,54400.45,54416.65,1597760.0
2026-03-16 09:15:00+00:00,NSE:BANKNIFTY,54426.0,54448.8,54405.35,54422.5,1693331.0
2026-03-16 09:16:00+00:00,NSE:BANKNIFTY,54425.0,54438.35,54377.0,54433.25,1760141.0
2026-03-16 09:17:00+00:00,NSE:BANKNIFTY,54433.7,54511.35,54433.7,54481.35,1804560.0
2026-03-16 09:18:00+00:00,NSE:BANKNIFTY,54489.35,54524.95,54475.55,54504.75,1632056.0
2026-03-16 09:19:00+00:00,NSE:BANKNIFTY,54509.65,54551.1,54476.6,54527.85,1450219.0
2026-03-16 09:20:00+00:00,NSE:BANKNIFTY,54536.05,54561.1,54472.4,54481.45,1585355.0
2026-03-16 09:21:00+00:00,NSE:BANKNIFTY,54490.8,54533.25,54490.8,54506.0,1822106.0
2026-03-16 09:22:00+00:00,NSE:BANKNIFTY,54508.5,54576.75,54492.35,54562.75,1680003.0
2026-03-16 09:23:00+00:00,NSE:BANKNIFTY,54563.1,54664.15,54563.1,54624.3,2333171.0
2026-03-16 09:24:00+00:00,NSE:BANKNIFTY,54629.1,54630.8,54539.6,54541.65,1667432.0
2026-03-16 09:25:00+00:00,NSE:BANKNIFTY,54542.95,54566.15,54474.9,54490.9,1550154.0
2026-03-16 09:26:00+00:00,NSE:BANKNIFTY,54493.4,54527.45,54464.1,54473.95,1144126.0
2026-03-16 09:27:00+00:00,NSE:BANKNIFTY,54477.0,54554.1,54477.0,54482.7,1713957.0
2026-03-16 09:28:00+00:00,NSE:BANKNIFTY,54491.7,54521.1,54476.1,54510.95,1254918.0
2026-03-16 09:29:00+00:00,NSE:BANKNIFTY,54508.3,54540.9,54479.0,54493.1,1848019.0
2026-03-16 09:30:00+00:00,NSE:BANKNIFTY,54488.9,54505.45,54389.3,54398.4,2590085.0
2026-03-16 09:31:00+00:00,NSE:BANKNIFTY,54398.3,54416.6,54362.3,54363.0,2161428.0
2026-03-16 09:32:00+00:00,NSE:BANKNIFTY,54366.6,54373.4,54330.3,54340.5,2133572.0
2026-03-16 09:33:00+00:00,NSE:BANKNIFTY,54344.3,54401.1,54344.3,54381.6,1860950.0
2026-03-16 09:34:00+00:00,NSE:BANKNIFTY,54386.7,54395.4,54335.05,54335.05,1732232.0
2026-03-16 09:35:00+00:00,NSE:BANKNIFTY,54333.3,54392.75,54333.3,54383.65,2007945.0
2026-03-16 09:36:00+00:00,NSE:BANKNIFTY,54385.85,54497.7,54385.85,54497.0,2640008.0
2026-03-16 09:37:00+00:00,NSE:BANKNIFTY,54491.45,54491.45,54447.65,54462.1,1318563.0
2026-03-16 09:38:00+00:00,NSE:BANKNIFTY,54465.35,54493.75,54442.9,54442.9,2060989.0
2026-03-16 09:39:00+00:00,NSE:BANKNIFTY,54444.35,54527.1,54444.35,54514.65,2130820.0
2026-03-16 09:40:00+00:00,NSE:BANKNIFTY,54522.85,54584.5,54510.6,54564.85,2837262.0
2026-03-16 09:41:00+00:00,NSE:BANKNIFTY,54567.5,54595.5,54553.0,54584.0,2123356.0
2026-03-16 09:42:00+00:00,NSE:BANKNIFTY,54586.7,54605.25,54496.05,54510.9,2006749.0
2026-03-16 09:43:00+00:00,NSE:BANKNIFTY,54515.55,54522.05,54457.55,54475.45,1840321.0
2026-03-16 09:44:00+00:00,NSE:BANKNIFTY,54484.95,54513.1,54474.4,54492.55,2633075.0
2026-03-16 09:45:00+00:00,NSE:BANKNIFTY,54493.55,54496.1,54445.5,54447.35,2077710.0
2026-03-16 09:46:00+00:00,NSE:BANKNIFTY,54453.1,54455.65,54399.7,54419.7,1678625.0
2026-03-16 09:47:00+00:00,NSE:BANKNIFTY,54420.95,54438.2,54404.75,54419.65,1322523.0
2026-03-16 09:48:00+00:00,NSE:BANKNIFTY,54423.6,54425.3,54390.65,54393.65,1892908.0
2026-03-16 09:49:00+00:00,NSE:BANKNIFTY,54398.5,54405.7,54334.15,54349.65,2023337.0
2026-03-16 09:50:00+00:00,NSE:BANKNIFTY,54350.3,54360.6,54338.2,54348.3,2026437.0
2026-03-16 09:51:00+00:00,NSE:BANKNIFTY,54350.8,54365.9,54331.95,54339.3,1839628.0
2026-03-16 09:52:00+00:00,NSE:BANKNIFTY,54341.65,54347.85,54326.3,54338.35,1882201.0
2026-03-16 09:53:00+00:00,NSE:BANKNIFTY,54338.5,54338.5,54307.7,54312.95,1588078.0
2026-03-16 09:54:00+00:00,NSE:BANKNIFTY,54314.0,54314.0,54245.35,54252.5,2034924.0
2026-03-16 09:55:00+00:00,NSE:BANKNIFTY,54250.75,54256.15,54228.85,54242.9,2475043.0
2026-03-16 09:56:00+00:00,NSE:BANKNIFTY,54241.95,54269.1,54238.15,54250.9,1488222.0
2026-03-16 09:57:00+00:00,NSE:BANKNIFTY,54242.5,54273.65,54242.5,54273.15,1816097.0
2026-03-16 09:58:00+00:00,NSE:BANKNIFTY,54276.95,54295.2,54263.6,54269.7,1516424.0
2026-03-16 09:59:00+00:00,NSE:BANKNIFTY,54286.0,54314.85,54254.1,54287.75,1247865.0
2026-03-17 03:45:00+00:00,NSE:BANKNIFTY,54651.0,54651.0,54468.85,54488.6,6114317.0
2026-03-17 03:46:00+00:00,NSE:BANKNIFTY,54477.65,54477.65,54357.25,54400.25,3259499.0
2026-03-17 03:47:00+00:00,NSE:BANKNIFTY,54392.9,54395.9,54252.9,54275.55,2882019.0
2026-03-17 03:48:00+00:00,NSE:BANKNIFTY,54279.7,54300.8,54233.55,54273.15,1366511.0
2026-03-17 03:49:00+00:00,NSE:BANKNIFTY,54272.1,54356.45,54265.2,54316.05,1702755.0
2026-03-17 03:50:00+00:00,NSE:BANKNIFTY,54299.45,54301.45,54233.15,54242.75,1574405.0
2026-03-17 03:51:00+00:00,NSE:BANKNIFTY,54238.95,54255.25,54210.85,54254.8,1215829.0
2026-03-17 03:52:00+00:00,NSE:BANKNIFTY,54258.95,54341.65,54238.9,54285.65,1123164.0
2026-03-17 03:53:00+00:00,NSE:BANKNIFTY,54281.9,54288.75,54199.7,54239.7,1510223.0
2026-03-17 03:54:00+00:00,NSE:BANKNIFTY,54238.7,54253.8,54194.05,54196.45,1055061.0
2026-03-17 03:55:00+00:00,NSE:BANKNIFTY,54199.45,54224.85,54162.85,54184.6,804444.0
2026-03-17 03:56:00+00:00,NSE:BANKNIFTY,54184.55,54202.55,54146.7,54182.35,945876.0
2026-03-17 03:57:00+00:00,NSE:BANKNIFTY,54181.5,54189.4,54119.05,54152.45,773999.0
2026-03-17 03:58:00+00:00,NSE:BANKNIFTY,54148.35,54196.55,54145.0,54179.5,754996.0
2026-03-17 03:59:00+00:00,NSE:BANKNIFTY,54178.4,54227.65,54157.2,54176.95,1015681.0
2026-03-17 04:00:00+00:00,NSE:BANKNIFTY,54180.45,54202.45,54135.55,54141.75,771513.0
2026-03-17 04:01:00+00:00,NSE:BANKNIFTY,54142.6,54159.45,54113.15,54147.75,904077.0
2026-03-17 04:02:00+00:00,NSE:BANKNIFTY,54140.05,54164.8,54119.9,54164.8,543828.0
2026-03-17 04:03:00+00:00,NSE:BANKNIFTY,54161.2,54205.1,54161.2,54200.15,632729.0
2026-03-17 04:04:00+00:00,NSE:BANKNIFTY,54196.1,54235.65,54196.1,54201.2,1115738.0
2026-03-17 04:05:00+00:00,NSE:BANKNIFTY,54210.6,54307.0,54199.85,54282.85,1164057.0
2026-03-17 04:06:00+00:00,NSE:BANKNIFTY,54283.35,54321.85,54278.35,54321.85,528804.0
2026-03-17 04:07:00+00:00,NSE:BANKNIFTY,54319.95,54330.2,54267.65,54278.5,757517.0
2026-03-17 04:08:00+00:00,NSE:BANKNIFTY,54282.75,54297.3,54257.65,54267.3,483748.0
2026-03-17 04:09:00+00:00,NSE:BANKNIFTY,54270.2,54332.35,54261.0,54322.1,674594.0
2026-03-17 04:10:00+00:00,NSE:BANKNIFTY,54323.95,54362.8,54308.45,54345.4,1118276.0
2026-03-17 04:11:00+00:00,NSE:BANKNIFTY,54342.7,54366.4,54329.25,54338.85,938312.0
2026-03-17 04:12:00+00:00,NSE:BANKNIFTY,54341.55,54346.75,54263.5,54265.2,943346.0
2026-03-17 04:13:00+00:00,NSE:BANKNIFTY,54263.0,54274.6,54242.25,54272.95,573248.0
2026-03-17 04:14:00+00:00,NSE:BANKNIFTY,54278.1,54320.35,54277.55,54314.0,439782.0
2026-03-17 04:15:00+00:00,NSE:BANKNIFTY,54315.85,54334.4,54275.05,54275.05,758864.0
2026-03-17 04:16:00+00:00,NSE:BANKNIFTY,54273.95,54352.5,54249.4,54341.9,493342.0
2026-03-17 04:17:00+00:00,NSE:BANKNIFTY,54341.8,54390.8,54341.25,54380.25,524210.0
2026-03-17 04:18:00+00:00,NSE:BANKNIFTY,54386.65,54388.55,54359.2,54378.4,794339.0
2026-03-17 04:19:00+00:00,NSE:BANKNIFTY,54376.35,54405.1,54367.65,54405.1,541397.0
2026-03-17 04:20:00+00:00,NSE:BANKNIFTY,54403.0,54403.4,54365.35,54375.2,553594.0
2026-03-17 04:21:00+00:00,NSE:BANKNIFTY,54373.6,54381.45,54351.3,54355.75,845119.0
2026-03-17 04:22:00+00:00,NSE:BANKNIFTY,54346.1,54356.3,54311.45,54348.45,944199.0
2026-03-17 04:23:00+00:00,NSE:BANKNIFTY,54355.25,54376.05,54353.8,54362.05,515080.0
2026-03-17 04:24:00+00:00,NSE:BANKNIFTY,54362.7,54382.25,54345.05,54364.65,278353.0
2026-03-17 04:25:00+00:00,NSE:BANKNIFTY,54363.35,54369.15,54333.95,54336.2,482957.0
2026-03-17 04:26:00+00:00,NSE:BANKNIFTY,54338.4,54342.25,54313.5,54324.3,2052005.0
2026-03-17 04:27:00+00:00,NSE:BANKNIFTY,54329.2,54348.45,54325.8,54333.6,305418.0
2026-03-17 04:28:00+00:00,NSE:BANKNIFTY,54335.35,54397.35,54335.35,54385.0,570746.0
2026-03-17 04:29:00+00:00,NSE:BANKNIFTY,54387.4,54399.2,54351.3,54398.05,454919.0
2026-03-17 04:30:00+00:00,NSE:BANKNIFTY,54395.75,54427.7,54395.75,54417.5,743884.0
2026-03-17 04:31:00+00:00,NSE:BANKNIFTY,54419.05,54450.8,54417.65,54448.95,838879.0
2026-03-17 04:32:00+00:00,NSE:BANKNIFTY,54447.6,54488.35,54441.5,54483.95,739719.0
2026-03-17 04:33:00+00:00,NSE:BANKNIFTY,54481.55,54486.7,54431.0,54446.25,750461.0
2026-03-17 04:34:00+00:00,NSE:BANKNIFTY,54445.15,54468.5,54417.65,54439.35,520206.0
2026-03-17 04:35:00+00:00,NSE:BANKNIFTY,54439.95,54480.0,54438.6,54475.2,697927.0
2026-03-17 04:36:00+00:00,NSE:BANKNIFTY,54476.35,54494.8,54468.2,54490.8,625259.0
2026-03-17 04:37:00+00:00,NSE:BANKNIFTY,54487.7,54510.5,54481.05,54494.65,761340.0
2026-03-17 04:38:00+00:00,NSE:BANKNIFTY,54493.7,54493.7,54406.95,54423.2,940653.0
2026-03-17 04:39:00+00:00,NSE:BANKNIFTY,54421.25,54450.95,54420.65,54447.0,657889.0
2026-03-17 04:40:00+00:00,NSE:BANKNIFTY,54446.7,54455.05,54427.15,54443.45,604365.0
2026-03-17 04:41:00+00:00,NSE:BANKNIFTY,54447.7,54466.55,54432.65,54463.5,355832.0
2026-03-17 04:42:00+00:00,NSE:BANKNIFTY,54468.65,54499.5,54451.95,54463.95,670931.0
2026-03-17 04:43:00+00:00,NSE:BANKNIFTY,54466.8,54471.05,54433.7,54434.2,365024.0
2026-03-17 04:44:00+00:00,NSE:BANKNIFTY,54435.65,54482.5,54423.5,54482.2,583181.0
2026-03-17 04:45:00+00:00,NSE:BANKNIFTY,54483.45,54524.9,54483.45,54523.0,560384.0
2026-03-17 04:46:00+00:00,NSE:BANKNIFTY,54521.4,54526.6,54509.85,54525.35,516363.0
2026-03-17 04:47:00+00:00,NSE:BANKNIFTY,54519.35,54553.8,54511.9,54524.65,688418.0
2026-03-17 04:48:00+00:00,NSE:BANKNIFTY,54525.55,54535.2,54518.95,54520.0,640147.0
2026-03-17 04:49:00+00:00,NSE:BANKNIFTY,54519.65,54559.75,54517.0,54555.3,421870.0
2026-03-17 04:50:00+00:00,NSE:BANKNIFTY,54554.75,54591.25,54517.55,54590.4,1211568.0
2026-03-17 04:51:00+00:00,NSE:BANKNIFTY,54589.35,54620.1,54583.6,54617.15,592736.0
2026-03-17 04:52:00+00:00,NSE:BANKNIFTY,54619.25,54653.1,54617.5,54651.55,769928.0
2026-03-17 04:53:00+00:00,NSE:BANKNIFTY,54650.9,54678.9,54637.6,54672.85,1174202.0
2026-03-17 04:54:00+00:00,NSE:BANKNIFTY,54685.1,54695.4,54636.05,54643.65,848999.0
2026-03-17 04:55:00+00:00,NSE:BANKNIFTY,54641.2,54647.0,54593.4,54597.7,974449.0
2026-03-17 04:56:00+00:00,NSE:BANKNIFTY,54595.65,54615.75,54578.0,54581.75,740540.0
2026-03-17 04:57:00+00:00,NSE:BANKNIFTY,54584.45,54596.6,54551.35,54552.35,854360.0
2026-03-17 04:58:00+00:00,NSE:BANKNIFTY,54550.4,54588.9,54530.65,54532.3,597507.0
2026-03-17 04:59:00+00:00,NSE:BANKNIFTY,54530.25,54534.65,54453.45,54453.45,822006.0
2026-03-17 05:00:00+00:00,NSE:BANKNIFTY,54456.45,54456.45,54385.2,54386.6,1103122.0
2026-03-17 05:01:00+00:00,NSE:BANKNIFTY,54388.15,54434.3,54382.8,54425.95,703640.0
2026-03-17 05:02:00+00:00,NSE:BANKNIFTY,54426.4,54439.05,54400.65,54400.65,427366.0
2026-03-17 05:03:00+00:00,NSE:BANKNIFTY,54398.65,54400.6,54345.65,54366.4,688286.0
2026-03-17 05:04:00+00:00,NSE:BANKNIFTY,54365.05,54377.35,54338.35,54338.35,529510.0
2026-03-17 05:05:00+00:00,NSE:BANKNIFTY,54330.0,54363.05,54318.7,54332.15,706996.0
2026-03-17 05:06:00+00:00,NSE:BANKNIFTY,54329.8,54331.7,54309.95,54316.25,573412.0
2026-03-17 05:07:00+00:00,NSE:BANKNIFTY,54304.4,54369.4,54292.6,54368.65,748523.0
2026-03-17 05:08:00+00:00,NSE:BANKNIFTY,54370.65,54407.65,54363.85,54395.05,369498.0
2026-03-17 05:09:00+00:00,NSE:BANKNIFTY,54394.2,54417.85,54371.55,54414.85,412704.0
2026-03-17 05:10:00+00:00,NSE:BANKNIFTY,54414.3,54415.65,54370.3,54383.45,1077758.0
2026-03-17 05:11:00+00:00,NSE:BANKNIFTY,54384.05,54384.7,54339.4,54348.3,547254.0
2026-03-17 05:12:00+00:00,NSE:BANKNIFTY,54348.95,54372.9,54348.65,54369.85,298208.0
2026-03-17 05:13:00+00:00,NSE:BANKNIFTY,54374.4,54406.6,54374.15,54386.5,208050.0
2026-03-17 05:14:00+00:00,NSE:BANKNIFTY,54387.8,54400.4,54373.05,54391.8,627320.0
2026-03-17 05:15:00+00:00,NSE:BANKNIFTY,54394.3,54402.1,54388.5,54392.85,238658.0
2026-03-17 05:16:00+00:00,NSE:BANKNIFTY,54396.35,54441.45,54389.15,54428.6,515588.0
2026-03-17 05:17:00+00:00,NSE:BANKNIFTY,54427.6,54428.7,54373.9,54403.25,484809.0
2026-03-17 05:18:00+00:00,NSE:BANKNIFTY,54407.75,54442.25,54402.85,54442.25,573985.0
2026-03-17 05:19:00+00:00,NSE:BANKNIFTY,54444.7,54523.85,54444.7,54521.55,1018181.0
2026-03-17 05:20:00+00:00,NSE:BANKNIFTY,54522.45,54548.0,54512.15,54512.6,705254.0
2026-03-17 05:21:00+00:00,NSE:BANKNIFTY,54510.15,54548.25,54497.2,54546.0,565032.0
2026-03-17 05:22:00+00:00,NSE:BANKNIFTY,54547.0,54552.25,54532.15,54539.05,1301464.0
2026-03-17 05:23:00+00:00,NSE:BANKNIFTY,54540.4,54555.7,54527.45,54529.75,443996.0
2026-03-17 05:24:00+00:00,NSE:BANKNIFTY,54532.55,54544.15,54516.85,54516.9,607965.0
2026-03-17 05:25:00+00:00,NSE:BANKNIFTY,54516.45,54552.4,54512.75,54552.4,575560.0
2026-03-17 05:26:00+00:00,NSE:BANKNIFTY,54551.05,54574.55,54540.25,54549.8,558899.0
2026-03-17 05:27:00+00:00,NSE:BANKNIFTY,54551.3,54551.7,54495.9,54502.9,686411.0
2026-03-17 05:28:00+00:00,NSE:BANKNIFTY,54505.0,54544.05,54503.4,54528.85,567979.0
2026-03-17 05:29:00+00:00,NSE:BANKNIFTY,54535.45,54543.5,54530.45,54534.3,370090.0
2026-03-17 05:30:00+00:00,NSE:BANKNIFTY,54533.9,54540.15,54501.2,54522.0,351751.0
2026-03-17 05:31:00+00:00,NSE:BANKNIFTY,54526.9,54538.25,54519.7,54531.85,325370.0
2026-03-17 05:32:00+00:00,NSE:BANKNIFTY,54531.4,54556.15,54523.95,54523.95,503379.0
2026-03-17 05:33:00+00:00,NSE:BANKNIFTY,54526.15,54526.15,54484.1,54517.05,391966.0
2026-03-17 05:34:00+00:00,NSE:BANKNIFTY,54513.85,54517.4,54495.05,54499.15,314984.0
2026-03-17 05:35:00+00:00,NSE:BANKNIFTY,54496.9,54517.85,54496.9,54514.55,301785.0
2026-03-17 05:36:00+00:00,NSE:BANKNIFTY,54515.4,54518.55,54487.45,54495.65,352484.0
2026-03-17 05:37:00+00:00,NSE:BANKNIFTY,54493.5,54506.65,54479.2,54481.55,234536.0
2026-03-17 05:38:00+00:00,NSE:BANKNIFTY,54483.8,54489.85,54412.7,54412.7,702903.0
2026-03-17 05:39:00+00:00,NSE:BANKNIFTY,54410.2,54436.9,54409.3,54425.55,411310.0
2026-03-17 05:40:00+00:00,NSE:BANKNIFTY,54427.8,54442.0,54409.95,54440.4,795689.0
2026-03-17 05:41:00+00:00,NSE:BANKNIFTY,54441.65,54459.15,54439.5,54455.1,193886.0
2026-03-17 05:42:00+00:00,NSE:BANKNIFTY,54455.5,54469.1,54433.55,54433.55,301114.0
2026-03-17 05:43:00+00:00,NSE:BANKNIFTY,54428.75,54433.7,54382.0,54382.0,841883.0
2026-03-17 05:44:00+00:00,NSE:BANKNIFTY,54376.05,54393.25,54365.25,54368.8,450555.0
2026-03-17 05:45:00+00:00,NSE:BANKNIFTY,54369.7,54398.9,54347.95,54352.75,476741.0
2026-03-17 05:46:00+00:00,NSE:BANKNIFTY,54367.1,54367.1,54331.05,54331.05,272830.0
2026-03-17 05:47:00+00:00,NSE:BANKNIFTY,54333.85,54333.85,54307.9,54312.05,408004.0
2026-03-17 05:48:00+00:00,NSE:BANKNIFTY,54311.8,54346.5,54307.8,54337.95,383393.0
2026-03-17 05:49:00+00:00,NSE:BANKNIFTY,54337.65,54366.5,54322.75,54322.75,527595.0
2026-03-17 05:50:00+00:00,NSE:BANKNIFTY,54323.4,54345.65,54321.05,54341.3,397512.0
2026-03-17 05:51:00+00:00,NSE:BANKNIFTY,54341.8,54351.9,54264.35,54281.5,827643.0
2026-03-17 05:52:00+00:00,NSE:BANKNIFTY,54282.0,54316.7,54278.65,54297.65,370870.0
2026-03-17 05:53:00+00:00,NSE:BANKNIFTY,54297.35,54297.45,54261.65,54283.75,462919.0
2026-03-17 05:54:00+00:00,NSE:BANKNIFTY,54282.6,54285.3,54247.8,54257.8,549464.0
2026-03-17 05:55:00+00:00,NSE:BANKNIFTY,54257.05,54267.65,54204.4,54204.4,993140.0
2026-03-17 05:56:00+00:00,NSE:BANKNIFTY,54198.95,54217.05,54185.65,54203.25,1957263.0
2026-03-17 05:57:00+00:00,NSE:BANKNIFTY,54201.5,54220.35,54195.05,54203.9,294042.0
2026-03-17 05:58:00+00:00,NSE:BANKNIFTY,54204.8,54243.2,54201.75,54208.5,568686.0
2026-03-17 05:59:00+00:00,NSE:BANKNIFTY,54207.5,54230.65,54200.9,54225.1,527977.0
2026-03-17 06:00:00+00:00,NSE:BANKNIFTY,54227.45,54260.75,54227.45,54236.75,622786.0
2026-03-17 06:01:00+00:00,NSE:BANKNIFTY,54237.6,54274.0,54237.4,54256.3,327127.0
2026-03-17 06:02:00+00:00,NSE:BANKNIFTY,54252.0,54257.0,54228.15,54240.85,554429.0
2026-03-17 06:03:00+00:00,NSE:BANKNIFTY,54242.8,54275.05,54225.75,54225.75,336123.0
2026-03-17 06:04:00+00:00,NSE:BANKNIFTY,54224.6,54238.25,54204.15,54209.85,478165.0
2026-03-17 06:05:00+00:00,NSE:BANKNIFTY,54210.55,54237.8,54202.55,54204.15,499621.0
2026-03-17 06:06:00+00:00,NSE:BANKNIFTY,54202.55,54214.45,54182.8,54209.85,591520.0
2026-03-17 06:07:00+00:00,NSE:BANKNIFTY,54209.2,54251.75,54209.2,54249.9,937032.0
2026-03-17 06:08:00+00:00,NSE:BANKNIFTY,54256.0,54313.95,54252.9,54304.45,668948.0
2026-03-17 06:09:00+00:00,NSE:BANKNIFTY,54301.45,54304.35,54270.95,54270.95,619629.0
2026-03-17 06:10:00+00:00,NSE:BANKNIFTY,54270.1,54310.3,54268.85,54292.7,375884.0
2026-03-17 06:11:00+00:00,NSE:BANKNIFTY,54294.0,54310.5,54288.4,54307.65,205420.0
2026-03-17 06:12:00+00:00,NSE:BANKNIFTY,54306.8,54322.9,54294.7,54296.0,715696.0
2026-03-17 06:13:00+00:00,NSE:BANKNIFTY,54297.45,54320.45,54295.85,54313.85,263037.0
2026-03-17 06:14:00+00:00,NSE:BANKNIFTY,54313.15,54316.15,54259.4,54294.5,276400.0
2026-03-17 06:15:00+00:00,NSE:BANKNIFTY,54293.45,54303.05,54290.65,54298.8,128395.0
2026-03-17 06:16:00+00:00,NSE:BANKNIFTY,54300.25,54328.7,54296.65,54326.25,592238.0
2026-03-17 06:17:00+00:00,NSE:BANKNIFTY,54324.85,54348.65,54312.15,54315.9,289387.0
2026-03-17 06:18:00+00:00,NSE:BANKNIFTY,54314.45,54315.4,54268.65,54268.65,228663.0
2026-03-17 06:19:00+00:00,NSE:BANKNIFTY,54268.75,54293.45,54268.75,54284.3,332147.0
2026-03-17 06:20:00+00:00,NSE:BANKNIFTY,54282.25,54330.25,54277.35,54322.0,272430.0
2026-03-17 06:21:00+00:00,NSE:BANKNIFTY,54324.0,54375.1,54318.55,54352.4,359254.0
2026-03-17 06:22:00+00:00,NSE:BANKNIFTY,54352.8,54369.65,54347.9,54366.9,236135.0
2026-03-17 06:23:00+00:00,NSE:BANKNIFTY,54366.0,54368.0,54322.05,54325.65,324494.0
2026-03-17 06:24:00+00:00,NSE:BANKNIFTY,54326.3,54337.35,54309.2,54312.4,218907.0
2026-03-17 06:25:00+00:00,NSE:BANKNIFTY,54315.25,54320.05,54287.45,54287.45,354428.0
2026-03-17 06:26:00+00:00,NSE:BANKNIFTY,54285.75,54288.75,54241.9,54255.95,780752.0
2026-03-17 06:27:00+00:00,NSE:BANKNIFTY,54249.95,54291.7,54249.95,54284.15,242640.0
2026-03-17 06:28:00+00:00,NSE:BANKNIFTY,54282.4,54312.4,54277.95,54309.65,317757.0
2026-03-17 06:29:00+00:00,NSE:BANKNIFTY,54309.2,54338.95,54306.25,54330.8,354306.0
2026-03-17 06:30:00+00:00,NSE:BANKNIFTY,54331.55,54335.55,54299.9,54300.35,370946.0
2026-03-17 06:31:00+00:00,NSE:BANKNIFTY,54303.6,54354.15,54293.85,54350.6,656701.0
2026-03-17 06:32:00+00:00,NSE:BANKNIFTY,54349.4,54355.7,54337.65,54354.85,820198.0
2026-03-17 06:33:00+00:00,NSE:BANKNIFTY,54346.45,54356.5,54324.7,54326.3,227952.0
2026-03-17 06:34:00+00:00,NSE:BANKNIFTY,54325.5,54340.15,54319.0,54329.0,272141.0
2026-03-17 06:35:00+00:00,NSE:BANKNIFTY,54324.1,54354.55,54318.45,54350.4,333971.0
2026-03-17 06:36:00+00:00,NSE:BANKNIFTY,54349.3,54365.3,54342.5,54355.15,229215.0
2026-03-17 06:37:00+00:00,NSE:BANKNIFTY,54356.05,54373.95,54343.4,54362.5,268576.0
2026-03-17 06:38:00+00:00,NSE:BANKNIFTY,54364.3,54384.5,54362.85,54375.35,332228.0
2026-03-17 06:39:00+00:00,NSE:BANKNIFTY,54373.9,54375.35,54359.9,54375.35,379180.0
2026-03-17 06:40:00+00:00,NSE:BANKNIFTY,54373.75,54385.95,54357.15,54385.15,208885.0
2026-03-17 06:41:00+00:00,NSE:BANKNIFTY,54385.55,54407.55,54381.7,54395.7,363585.0
2026-03-17 06:42:00+00:00,NSE:BANKNIFTY,54396.8,54403.0,54390.95,54396.35,192662.0
2026-03-17 06:43:00+00:00,NSE:BANKNIFTY,54397.6,54419.9,54391.1,54411.7,440634.0
2026-03-17 06:44:00+00:00,NSE:BANKNIFTY,54410.2,54413.4,54386.65,54392.55,283013.0
2026-03-17 06:45:00+00:00,NSE:BANKNIFTY,54393.8,54410.75,54359.25,54365.65,339027.0
2026-03-17 06:46:00+00:00,NSE:BANKNIFTY,54365.45,54365.45,54330.95,54331.05,357789.0
2026-03-17 06:47:00+00:00,NSE:BANKNIFTY,54331.0,54332.85,54296.85,54330.7,475980.0
2026-03-17 06:48:00+00:00,NSE:BANKNIFTY,54332.95,54343.5,54310.6,54314.8,344253.0
2026-03-17 06:49:00+00:00,NSE:BANKNIFTY,54313.6,54314.9,54281.8,54286.65,517134.0
2026-03-17 06:50:00+00:00,NSE:BANKNIFTY,54283.85,54325.7,54279.05,54325.15,226234.0
2026-03-17 06:51:00+00:00,NSE:BANKNIFTY,54322.15,54336.45,54316.0,54329.75,430665.0
2026-03-17 06:52:00+00:00,NSE:BANKNIFTY,54328.55,54346.6,54318.55,54342.7,364421.0
2026-03-17 06:53:00+00:00,NSE:BANKNIFTY,54342.45,54350.15,54321.55,54324.9,223368.0
2026-03-17 06:54:00+00:00,NSE:BANKNIFTY,54326.25,54327.35,54283.65,54283.65,598382.0
2026-03-17 06:55:00+00:00,NSE:BANKNIFTY,54279.95,54315.0,54279.25,54309.05,597673.0
2026-03-17 06:56:00+00:00,NSE:BANKNIFTY,54308.55,54316.85,54300.7,54308.7,337643.0
2026-03-17 06:57:00+00:00,NSE:BANKNIFTY,54300.35,54312.15,54297.1,54305.6,268626.0
2026-03-17 06:58:00+00:00,NSE:BANKNIFTY,54306.75,54307.25,54270.85,54276.15,621526.0
2026-03-17 06:59:00+00:00,NSE:BANKNIFTY,54281.7,54326.55,54276.2,54323.75,210843.0
2026-03-17 07:00:00+00:00,NSE:BANKNIFTY,54325.75,54329.5,54284.55,54291.85,529580.0
2026-03-17 07:01:00+00:00,NSE:BANKNIFTY,54290.8,54292.0,54260.65,54281.85,498010.0
2026-03-17 07:02:00+00:00,NSE:BANKNIFTY,54281.65,54304.3,54281.65,54299.05,273141.0
2026-03-17 07:03:00+00:00,NSE:BANKNIFTY,54297.95,54323.1,54294.6,54318.95,385217.0
2026-03-17 07:04:00+00:00,NSE:BANKNIFTY,54318.75,54340.35,54318.3,54334.75,595851.0
2026-03-17 07:05:00+00:00,NSE:BANKNIFTY,54335.95,54378.8,54331.1,54377.6,818418.0
2026-03-17 07:06:00+00:00,NSE:BANKNIFTY,54377.8,54392.7,54362.7,54365.35,293274.0
2026-03-17 07:07:00+00:00,NSE:BANKNIFTY,54362.3,54368.85,54354.7,54360.1,345908.0
2026-03-17 07:08:00+00:00,NSE:BANKNIFTY,54361.65,54362.7,54340.6,54357.15,383279.0
2026-03-17 07:09:00+00:00,NSE:BANKNIFTY,54352.85,54390.3,54352.5,54366.45,201270.0
2026-03-17 07:10:00+00:00,NSE:BANKNIFTY,54359.45,54360.65,54336.6,54340.9,308868.0
2026-03-17 07:11:00+00:00,NSE:BANKNIFTY,54339.85,54341.9,54317.3,54340.6,206692.0
2026-03-17 07:12:00+00:00,NSE:BANKNIFTY,54340.3,54364.5,54329.55,54364.5,230643.0
2026-03-17 07:13:00+00:00,NSE:BANKNIFTY,54361.1,54443.2,54340.05,54432.55,1066433.0
2026-03-17 07:14:00+00:00,NSE:BANKNIFTY,54429.85,54438.6,54419.25,54438.55,193316.0
2026-03-17 07:15:00+00:00,NSE:BANKNIFTY,54434.65,54470.25,54416.45,54436.65,764999.0
2026-03-17 07:16:00+00:00,NSE:BANKNIFTY,54432.7,54438.9,54423.95,54428.05,185891.0
2026-03-17 07:17:00+00:00,NSE:BANKNIFTY,54427.2,54434.6,54421.0,54433.95,276857.0
2026-03-17 07:18:00+00:00,NSE:BANKNIFTY,54435.9,54445.55,54426.75,54445.3,421302.0
2026-03-17 07:19:00+00:00,NSE:BANKNIFTY,54443.65,54495.55,54436.0,54493.1,517932.0
2026-03-17 07:20:00+00:00,NSE:BANKNIFTY,54494.15,54506.9,54475.35,54489.5,738065.0
2026-03-17 07:21:00+00:00,NSE:BANKNIFTY,54486.5,54496.3,54471.95,54479.65,348912.0
2026-03-17 07:22:00+00:00,NSE:BANKNIFTY,54478.15,54481.2,54443.75,54452.2,409172.0
2026-03-17 07:23:00+00:00,NSE:BANKNIFTY,54451.55,54470.4,54440.45,54441.95,214811.0
2026-03-17 07:24:00+00:00,NSE:BANKNIFTY,54442.65,54457.75,54430.75,54443.7,309911.0
2026-03-17 07:25:00+00:00,NSE:BANKNIFTY,54444.55,54448.4,54423.8,54434.8,284572.0
2026-03-17 07:26:00+00:00,NSE:BANKNIFTY,54437.3,54470.05,54426.45,54466.5,487858.0
2026-03-17 07:27:00+00:00,NSE:BANKNIFTY,54466.2,54483.15,54455.45,54458.8,352829.0
2026-03-17 07:28:00+00:00,NSE:BANKNIFTY,54460.35,54484.75,54455.35,54480.35,230257.0
2026-03-17 07:29:00+00:00,NSE:BANKNIFTY,54480.3,54492.7,54463.05,54468.5,535228.0
2026-03-17 07:30:00+00:00,NSE:BANKNIFTY,54471.8,54486.55,54466.9,54484.95,758582.0
2026-03-17 07:31:00+00:00,NSE:BANKNIFTY,54485.2,54504.8,54472.45,54492.95,477880.0
2026-03-17 07:32:00+00:00,NSE:BANKNIFTY,54494.1,54507.6,54484.35,54496.05,517050.0
2026-03-17 07:33:00+00:00,NSE:BANKNIFTY,54499.6,54556.1,54499.1,54538.2,1421717.0
2026-03-17 07:34:00+00:00,NSE:BANKNIFTY,54533.25,54533.25,54505.4,54512.45,364132.0
2026-03-17 07:35:00+00:00,NSE:BANKNIFTY,54515.65,54529.95,54510.0,54512.3,304342.0
2026-03-17 07:36:00+00:00,NSE:BANKNIFTY,54512.55,54514.25,54434.4,54449.15,1528762.0
2026-03-17 07:37:00+00:00,NSE:BANKNIFTY,54446.0,54503.65,54443.7,54493.4,968791.0
2026-03-17 07:38:00+00:00,NSE:BANKNIFTY,54494.05,54538.6,54492.75,54535.8,735273.0
2026-03-17 07:39:00+00:00,NSE:BANKNIFTY,54536.4,54564.45,54530.75,54561.7,392861.0
2026-03-17 07:40:00+00:00,NSE:BANKNIFTY,54560.8,54585.45,54556.75,54568.5,288508.0
2026-03-17 07:41:00+00:00,NSE:BANKNIFTY,54572.6,54581.45,54560.95,54564.45,502244.0
2026-03-17 07:42:00+00:00,NSE:BANKNIFTY,54561.25,54586.4,54561.25,54567.15,378888.0
2026-03-17 07:43:00+00:00,NSE:BANKNIFTY,54571.6,54578.55,54551.65,54573.35,277032.0
2026-03-17 07:44:00+00:00,NSE:BANKNIFTY,54572.75,54594.65,54570.4,54592.6,475797.0
2026-03-17 07:45:00+00:00,NSE:BANKNIFTY,54596.75,54652.4,54596.75,54645.65,1159366.0
2026-03-17 07:46:00+00:00,NSE:BANKNIFTY,54646.55,54665.95,54637.1,54637.1,882838.0
2026-03-17 07:47:00+00:00,NSE:BANKNIFTY,54639.25,54642.55,54615.05,54630.0,338402.0
2026-03-17 07:48:00+00:00,NSE:BANKNIFTY,54631.5,54658.1,54630.5,54644.3,721485.0
2026-03-17 07:49:00+00:00,NSE:BANKNIFTY,54644.0,54651.75,54619.2,54642.15,441476.0
2026-03-17 07:50:00+00:00,NSE:BANKNIFTY,54642.95,54655.1,54636.3,54649.0,642646.0
2026-03-17 07:51:00+00:00,NSE:BANKNIFTY,54647.35,54654.55,54618.55,54618.55,493155.0
2026-03-17 07:52:00+00:00,NSE:BANKNIFTY,54619.2,54646.1,54617.55,54632.0,521709.0
2026-03-17 07:53:00+00:00,NSE:BANKNIFTY,54630.5,54630.5,54591.85,54595.7,421132.0
2026-03-17 07:54:00+00:00,NSE:BANKNIFTY,54595.25,54611.05,54592.2,54596.45,626854.0
2026-03-17 07:55:00+00:00,NSE:BANKNIFTY,54599.3,54602.7,54571.65,54573.8,652827.0
2026-03-17 07:56:00+00:00,NSE:BANKNIFTY,54574.3,54598.05,54565.4,54567.35,597251.0
2026-03-17 07:57:00+00:00,NSE:BANKNIFTY,54564.7,54573.9,54550.0,54567.35,610568.0
2026-03-17 07:58:00+00:00,NSE:BANKNIFTY,54568.65,54596.55,54565.65,54585.95,349639.0
2026-03-17 07:59:00+00:00,NSE:BANKNIFTY,54588.1,54598.8,54579.45,54582.25,227043.0
2026-03-17 08:00:00+00:00,NSE:BANKNIFTY,54583.35,54668.0,54579.3,54668.0,1248721.0
2026-03-17 08:01:00+00:00,NSE:BANKNIFTY,54665.55,54711.95,54662.25,54665.85,786347.0
2026-03-17 08:02:00+00:00,NSE:BANKNIFTY,54665.7,54711.0,54664.05,54698.25,1284753.0
2026-03-17 08:03:00+00:00,NSE:BANKNIFTY,54701.7,54707.95,54664.0,54664.0,618343.0
2026-03-17 08:04:00+00:00,NSE:BANKNIFTY,54665.95,54665.95,54620.1,54628.65,400764.0
2026-03-17 08:05:00+00:00,NSE:BANKNIFTY,54630.1,54644.1,54629.35,54629.35,211471.0
2026-03-17 08:06:00+00:00,NSE:BANKNIFTY,54631.05,54642.35,54618.95,54618.95,302140.0
2026-03-17 08:07:00+00:00,NSE:BANKNIFTY,54615.6,54617.05,54601.1,54612.55,388358.0
2026-03-17 08:08:00+00:00,NSE:BANKNIFTY,54609.75,54636.05,54606.75,54610.25,427767.0
2026-03-17 08:09:00+00:00,NSE:BANKNIFTY,54610.2,54611.8,54532.85,54546.05,592925.0
2026-03-17 08:10:00+00:00,NSE:BANKNIFTY,54544.95,54578.05,54544.75,54561.0,390185.0
2026-03-17 08:11:00+00:00,NSE:BANKNIFTY,54556.25,54556.75,54540.05,54545.0,302699.0
2026-03-17 08:12:00+00:00,NSE:BANKNIFTY,54542.8,54555.8,54518.75,54551.65,464837.0
2026-03-17 08:13:00+00:00,NSE:BANKNIFTY,54552.05,54593.9,54548.45,54585.25,524050.0
2026-03-17 08:14:00+00:00,NSE:BANKNIFTY,54585.7,54592.45,54563.0,54575.25,493243.0
2026-03-17 08:15:00+00:00,NSE:BANKNIFTY,54574.9,54604.8,54574.9,54599.9,637612.0
2026-03-17 08:16:00+00:00,NSE:BANKNIFTY,54600.5,54630.4,54599.9,54623.6,369273.0
2026-03-17 08:17:00+00:00,NSE:BANKNIFTY,54624.8,54637.85,54618.05,54623.5,346670.0
2026-03-17 08:18:00+00:00,NSE:BANKNIFTY,54624.05,54626.0,54591.55,54606.0,345008.0
2026-03-17 08:19:00+00:00,NSE:BANKNIFTY,54608.3,54652.25,54604.35,54651.85,510470.0
2026-03-17 08:20:00+00:00,NSE:BANKNIFTY,54651.2,54686.1,54640.0,54641.25,1042574.0
2026-03-17 08:21:00+00:00,NSE:BANKNIFTY,54640.45,54662.2,54622.6,54632.5,487883.0
2026-03-17 08:22:00+00:00,NSE:BANKNIFTY,54634.95,54669.7,54623.8,54653.4,598327.0
2026-03-17 08:23:00+00:00,NSE:BANKNIFTY,54652.1,54656.9,54623.05,54629.45,341713.0
2026-03-17 08:24:00+00:00,NSE:BANKNIFTY,54628.8,54643.2,54616.4,54619.6,500549.0
2026-03-17 08:25:00+00:00,NSE:BANKNIFTY,54618.4,54629.0,54611.1,54629.0,331395.0
2026-03-17 08:26:00+00:00,NSE:BANKNIFTY,54629.65,54635.55,54619.85,54620.25,472678.0
2026-03-17 08:27:00+00:00,NSE:BANKNIFTY,54619.1,54636.85,54618.7,54618.7,282059.0
2026-03-17 08:28:00+00:00,NSE:BANKNIFTY,54618.95,54621.95,54569.55,54575.85,496212.0
2026-03-17 08:29:00+00:00,NSE:BANKNIFTY,54576.55,54618.9,54576.55,54609.1,295636.0
2026-03-17 08:30:00+00:00,NSE:BANKNIFTY,54609.85,54646.8,54608.2,54642.9,399209.0
2026-03-17 08:31:00+00:00,NSE:BANKNIFTY,54642.35,54666.45,54623.45,54623.5,434302.0
2026-03-17 08:32:00+00:00,NSE:BANKNIFTY,54624.6,54636.9,54603.0,54629.55,480076.0
2026-03-17 08:33:00+00:00,NSE:BANKNIFTY,54628.55,54721.9,54628.55,54714.45,1511437.0
2026-03-17 08:34:00+00:00,NSE:BANKNIFTY,54715.7,54715.7,54689.2,54692.15,985957.0
2026-03-17 08:35:00+00:00,NSE:BANKNIFTY,54695.6,54704.85,54665.9,54665.9,991787.0
2026-03-17 08:36:00+00:00,NSE:BANKNIFTY,54666.2,54674.85,54626.0,54670.1,732973.0
2026-03-17 08:37:00+00:00,NSE:BANKNIFTY,54663.65,54684.8,54660.45,54683.2,375727.0
2026-03-17 08:38:00+00:00,NSE:BANKNIFTY,54683.15,54706.7,54664.4,54706.7,539312.0
2026-03-17 08:39:00+00:00,NSE:BANKNIFTY,54706.3,54722.45,54696.2,54703.9,867788.0
2026-03-17 08:40:00+00:00,NSE:BANKNIFTY,54711.05,54755.85,54705.7,54750.75,990959.0
2026-03-17 08:41:00+00:00,NSE:BANKNIFTY,54751.2,54773.75,54751.2,54755.45,566825.0
2026-03-17 08:42:00+00:00,NSE:BANKNIFTY,54761.9,54788.05,54731.85,54776.2,1466109.0
2026-03-17 08:43:00+00:00,NSE:BANKNIFTY,54776.65,54799.95,54765.7,54789.25,1751928.0
2026-03-17 08:44:00+00:00,NSE:BANKNIFTY,54789.1,54789.1,54770.75,54779.05,576561.0
2026-03-17 08:45:00+00:00,NSE:BANKNIFTY,54780.0,54790.25,54769.25,54780.4,464758.0
2026-03-17 08:46:00+00:00,NSE:BANKNIFTY,54783.25,54783.25,54622.5,54655.95,2450871.0
2026-03-17 08:47:00+00:00,NSE:BANKNIFTY,54656.4,54728.3,54649.25,54665.75,1130062.0
2026-03-17 08:48:00+00:00,NSE:BANKNIFTY,54668.4,54701.35,54663.35,54664.75,448104.0
2026-03-17 08:49:00+00:00,NSE:BANKNIFTY,54668.55,54676.8,54654.1,54659.7,376733.0
2026-03-17 08:50:00+00:00,NSE:BANKNIFTY,54663.15,54697.55,54663.15,54676.6,444452.0
2026-03-17 08:51:00+00:00,NSE:BANKNIFTY,54677.0,54677.0,54623.9,54641.95,826372.0
2026-03-17 08:52:00+00:00,NSE:BANKNIFTY,54637.25,54648.25,54607.4,54610.0,564972.0
2026-03-17 08:53:00+00:00,NSE:BANKNIFTY,54610.15,54634.7,54580.7,54586.55,686817.0
2026-03-17 08:54:00+00:00,NSE:BANKNIFTY,54586.9,54626.55,54580.35,54608.4,632602.0
2026-03-17 08:55:00+00:00,NSE:BANKNIFTY,54613.55,54635.3,54592.6,54604.6,611098.0
2026-03-17 08:56:00+00:00,NSE:BANKNIFTY,54601.25,54610.8,54568.4,54577.5,773198.0
2026-03-17 08:57:00+00:00,NSE:BANKNIFTY,54574.95,54633.1,54573.85,54620.3,864505.0
2026-03-17 08:58:00+00:00,NSE:BANKNIFTY,54622.35,54656.15,54618.15,54639.7,585381.0
2026-03-17 08:59:00+00:00,NSE:BANKNIFTY,54636.25,54664.4,54635.05,54653.15,411720.0
2026-03-17 09:00:00+00:00,NSE:BANKNIFTY,54654.3,54711.35,54654.3,54693.15,828790.0
2026-03-17 09:01:00+00:00,NSE:BANKNIFTY,54691.4,54702.8,54675.0,54701.9,431241.0
2026-03-17 09:02:00+00:00,NSE:BANKNIFTY,54699.45,54721.0,54698.4,54718.65,284185.0
2026-03-17 09:03:00+00:00,NSE:BANKNIFTY,54718.55,54718.55,54682.5,54708.0,464179.0
2026-03-17 09:04:00+00:00,NSE:BANKNIFTY,54708.8,54721.5,54699.1,54715.3,540735.0
2026-03-17 09:05:00+00:00,NSE:BANKNIFTY,54715.8,54733.0,54694.05,54729.7,986978.0
2026-03-17 09:06:00+00:00,NSE:BANKNIFTY,54731.05,54755.05,54728.05,54728.6,592786.0
2026-03-17 09:07:00+00:00,NSE:BANKNIFTY,54719.45,54724.85,54695.1,54715.05,407446.0
2026-03-17 09:08:00+00:00,NSE:BANKNIFTY,54713.7,54765.65,54710.75,54751.9,691799.0
2026-03-17 09:09:00+00:00,NSE:BANKNIFTY,54752.6,54753.45,54728.2,54744.1,583103.0
2026-03-17 09:10:00+00:00,NSE:BANKNIFTY,54745.35,54772.75,54735.85,54755.4,962175.0
2026-03-17 09:11:00+00:00,NSE:BANKNIFTY,54760.2,54779.9,54758.85,54779.9,657679.0
2026-03-17 09:12:00+00:00,NSE:BANKNIFTY,54777.6,54810.25,54741.6,54741.6,878610.0
2026-03-17 09:13:00+00:00,NSE:BANKNIFTY,54739.95,54754.95,54731.85,54731.85,657482.0
2026-03-17 09:14:00+00:00,NSE:BANKNIFTY,54733.55,54740.15,54724.9,54733.0,490325.0
2026-03-17 09:15:00+00:00,NSE:BANKNIFTY,54735.85,54757.25,54721.4,54728.4,455553.0
2026-03-17 09:16:00+00:00,NSE:BANKNIFTY,54727.35,54754.05,54715.9,54746.1,333136.0
2026-03-17 09:17:00+00:00,NSE:BANKNIFTY,54746.6,54760.9,54738.85,54741.55,613047.0
2026-03-17 09:18:00+00:00,NSE:BANKNIFTY,54738.5,54740.1,54692.7,54728.9,1073926.0
2026-03-17 09:19:00+00:00,NSE:BANKNIFTY,54728.2,54789.5,54715.55,54789.5,1615903.0
2026-03-17 09:20:00+00:00,NSE:BANKNIFTY,54791.35,54820.8,54787.15,54803.2,1216676.0
2026-03-17 09:21:00+00:00,NSE:BANKNIFTY,54805.15,54808.6,54766.25,54802.75,814511.0
2026-03-17 09:22:00+00:00,NSE:BANKNIFTY,54801.1,54814.4,54792.05,54806.8,698591.0
2026-03-17 09:23:00+00:00,NSE:BANKNIFTY,54806.65,54827.5,54795.2,54799.35,521248.0
2026-03-17 09:24:00+00:00,NSE:BANKNIFTY,54800.8,54841.55,54782.2,54838.15,1308226.0
2026-03-17 09:25:00+00:00,NSE:BANKNIFTY,54839.25,54860.3,54839.15,54848.25,1088969.0
2026-03-17 09:26:00+00:00,NSE:BANKNIFTY,54848.3,54881.85,54847.15,54876.85,1598905.0
2026-03-17 09:27:00+00:00,NSE:BANKNIFTY,54875.4,54908.9,54864.0,54904.85,1511097.0
2026-03-17 09:28:00+00:00,NSE:BANKNIFTY,54904.5,54945.7,54894.25,54941.15,2113608.0
2026-03-17 09:29:00+00:00,NSE:BANKNIFTY,54949.65,54995.7,54943.3,54994.55,1398634.0
2026-03-17 09:30:00+00:00,NSE:BANKNIFTY,54996.0,54996.0,54881.8,54913.85,2712552.0
2026-03-17 09:31:00+00:00,NSE:BANKNIFTY,54904.25,54925.35,54862.1,54924.35,3055004.0
2026-03-17 09:32:00+00:00,NSE:BANKNIFTY,54915.75,54935.95,54857.9,54863.05,2359539.0
2026-03-17 09:33:00+00:00,NSE:BANKNIFTY,54858.4,54867.2,54800.3,54811.5,2127817.0
2026-03-17 09:34:00+00:00,NSE:BANKNIFTY,54814.45,54841.7,54784.4,54841.7,1518861.0
2026-03-17 09:35:00+00:00,NSE:BANKNIFTY,54845.45,54861.55,54825.4,54833.75,1236462.0
2026-03-17 09:36:00+00:00,NSE:BANKNIFTY,54834.5,54864.8,54826.1,54859.4,1603051.0
2026-03-17 09:37:00+00:00,NSE:BANKNIFTY,54864.2,54911.25,54853.9,54908.55,1356416.0
2026-03-17 09:38:00+00:00,NSE:BANKNIFTY,54910.25,54915.45,54860.1,54884.7,2213872.0
2026-03-17 09:39:00+00:00,NSE:BANKNIFTY,54885.65,54937.1,54875.4,54885.15,1826579.0
2026-03-17 09:40:00+00:00,NSE:BANKNIFTY,54882.7,54882.7,54815.5,54835.15,2022228.0
2026-03-17 09:41:00+00:00,NSE:BANKNIFTY,54835.05,54851.95,54828.65,54829.65,751168.0
2026-03-17 09:42:00+00:00,NSE:BANKNIFTY,54830.1,54870.0,54815.65,54869.9,1293407.0
2026-03-17 09:43:00+00:00,NSE:BANKNIFTY,54872.35,54938.6,54867.7,54938.5,1954292.0
2026-03-17 09:44:00+00:00,NSE:BANKNIFTY,54939.1,54965.7,54931.95,54961.65,1174840.0
2026-03-17 09:45:00+00:00,NSE:BANKNIFTY,54958.9,54960.1,54882.45,54890.05,2239865.0
2026-03-17 09:46:00+00:00,NSE:BANKNIFTY,54886.1,54886.6,54847.65,54850.95,2258907.0
2026-03-17 09:47:00+00:00,NSE:BANKNIFTY,54851.8,54856.45,54816.0,54843.0,1967379.0
2026-03-17 09:48:00+00:00,NSE:BANKNIFTY,54838.35,54875.95,54826.25,54848.4,1806772.0
2026-03-17 09:49:00+00:00,NSE:BANKNIFTY,54851.95,54873.0,54821.1,54856.8,2329788.0
2026-03-17 09:50:00+00:00,NSE:BANKNIFTY,54858.85,54906.95,54848.45,54894.1,2479671.0
2026-03-17 09:51:00+00:00,NSE:BANKNIFTY,54891.0,54894.1,54856.95,54874.85,1738588.0
2026-03-17 09:52:00+00:00,NSE:BANKNIFTY,54877.85,54878.15,54858.35,54864.65,1367254.0
2026-03-17 09:53:00+00:00,NSE:BANKNIFTY,54864.4,54873.4,54857.1,54872.6,1009731.0
2026-03-17 09:54:00+00:00,NSE:BANKNIFTY,54874.1,54874.1,54852.2,54854.7,1568041.0
2026-03-17 09:55:00+00:00,NSE:BANKNIFTY,54855.35,54855.35,54828.35,54834.1,1886478.0
2026-03-17 09:56:00+00:00,NSE:BANKNIFTY,54835.2,54837.1,54820.15,54828.15,1046242.0
2026-03-17 09:57:00+00:00,NSE:BANKNIFTY,54831.45,54849.2,54823.35,54841.25,976474.0
2026-03-17 09:58:00+00:00,NSE:BANKNIFTY,54844.4,54859.75,54830.95,54840.45,1512746.0
2026-03-17 09:59:00+00:00,NSE:BANKNIFTY,54842.5,54860.1,54824.55,54838.75,1502676.0
2026-03-18 03:45:00+00:00,NSE:BANKNIFTY,54961.2,54998.0,54812.8,54932.2,4644379.0
2026-03-18 03:46:00+00:00,NSE:BANKNIFTY,54936.8,55009.6,54932.6,55006.7,2532296.0
2026-03-18 03:47:00+00:00,NSE:BANKNIFTY,55004.4,55109.3,55002.85,55072.45,2604584.0
2026-03-18 03:48:00+00:00,NSE:BANKNIFTY,55075.5,55080.25,55037.7,55066.05,1578366.0
2026-03-18 03:49:00+00:00,NSE:BANKNIFTY,55068.2,55093.65,55056.45,55080.4,2018452.0
2026-03-18 03:50:00+00:00,NSE:BANKNIFTY,55076.35,55101.2,55053.7,55059.0,1530048.0
2026-03-18 03:51:00+00:00,NSE:BANKNIFTY,55062.6,55062.6,55007.85,55014.7,1755352.0
2026-03-18 03:52:00+00:00,NSE:BANKNIFTY,55012.9,55030.2,54970.6,54972.55,931868.0
2026-03-18 03:53:00+00:00,NSE:BANKNIFTY,54971.3,55012.35,54966.6,54987.95,1202304.0
2026-03-18 03:54:00+00:00,NSE:BANKNIFTY,54985.75,54992.2,54896.5,54904.1,1426481.0
2026-03-18 03:55:00+00:00,NSE:BANKNIFTY,54902.1,54943.55,54862.9,54942.55,1283630.0
2026-03-18 03:56:00+00:00,NSE:BANKNIFTY,54942.6,54955.75,54911.0,54921.6,857777.0
2026-03-18 03:57:00+00:00,NSE:BANKNIFTY,54924.95,54975.5,54919.5,54975.5,761005.0
2026-03-18 03:58:00+00:00,NSE:BANKNIFTY,54972.05,54988.7,54963.05,54982.1,571507.0
2026-03-18 03:59:00+00:00,NSE:BANKNIFTY,54978.65,54984.5,54963.4,54974.65,698936.0
2026-03-18 04:00:00+00:00,NSE:BANKNIFTY,54970.3,55006.05,54970.3,54994.25,730354.0
2026-03-18 04:01:00+00:00,NSE:BANKNIFTY,54991.85,55030.9,54991.85,55025.25,764010.0
2026-03-18 04:02:00+00:00,NSE:BANKNIFTY,55028.6,55046.95,55016.8,55027.1,925398.0
2026-03-18 04:03:00+00:00,NSE:BANKNIFTY,55028.65,55035.35,55011.2,55032.65,1394538.0
2026-03-18 04:04:00+00:00,NSE:BANKNIFTY,55028.3,55044.95,55025.6,55033.4,842348.0
2026-03-18 04:05:00+00:00,NSE:BANKNIFTY,55036.3,55043.5,55019.45,55042.0,586518.0
2026-03-18 04:06:00+00:00,NSE:BANKNIFTY,55039.15,55044.5,54998.15,55003.95,640064.0
2026-03-18 04:07:00+00:00,NSE:BANKNIFTY,55003.6,55011.4,54984.25,55011.4,714674.0
2026-03-18 04:08:00+00:00,NSE:BANKNIFTY,55009.2,55027.25,54995.85,54999.95,551844.0
2026-03-18 04:09:00+00:00,NSE:BANKNIFTY,54996.35,54996.35,54966.3,54984.85,821317.0
2026-03-18 04:10:00+00:00,NSE:BANKNIFTY,54988.8,54995.25,54978.75,54978.75,503084.0
2026-03-18 04:11:00+00:00,NSE:BANKNIFTY,54982.9,54999.25,54977.1,54982.55,754720.0
2026-03-18 04:12:00+00:00,NSE:BANKNIFTY,54982.25,55006.8,54966.15,54988.45,670394.0
2026-03-18 04:13:00+00:00,NSE:BANKNIFTY,54988.8,55012.4,54986.2,54986.2,1072406.0
2026-03-18 04:14:00+00:00,NSE:BANKNIFTY,54985.75,54989.9,54961.95,54972.85,531119.0
2026-03-18 04:15:00+00:00,NSE:BANKNIFTY,54969.1,54974.3,54934.85,54938.55,961853.0
2026-03-18 04:16:00+00:00,NSE:BANKNIFTY,54938.1,54942.0,54909.35,54910.85,725860.0
2026-03-18 04:17:00+00:00,NSE:BANKNIFTY,54907.7,54946.35,54907.7,54923.6,844775.0
2026-03-18 04:18:00+00:00,NSE:BANKNIFTY,54920.3,54938.65,54910.6,54935.05,719352.0
2026-03-18 04:19:00+00:00,NSE:BANKNIFTY,54933.5,54986.5,54933.5,54982.5,807588.0
2026-03-18 04:20:00+00:00,NSE:BANKNIFTY,54984.25,55036.6,54984.25,55036.45,785241.0
2026-03-18 04:21:00+00:00,NSE:BANKNIFTY,55030.7,55045.55,55000.75,55008.85,494966.0
2026-03-18 04:22:00+00:00,NSE:BANKNIFTY,55004.5,55010.1,54942.85,54946.95,589784.0
2026-03-18 04:23:00+00:00,NSE:BANKNIFTY,54947.55,54962.1,54944.4,54953.55,322853.0
2026-03-18 04:24:00+00:00,NSE:BANKNIFTY,54950.5,54959.1,54929.0,54938.45,562567.0
2026-03-18 04:25:00+00:00,NSE:BANKNIFTY,54934.75,54939.85,54882.4,54892.7,809817.0
2026-03-18 04:26:00+00:00,NSE:BANKNIFTY,54891.5,54898.35,54830.85,54841.9,1185329.0
2026-03-18 04:27:00+00:00,NSE:BANKNIFTY,54834.15,54842.7,54804.4,54809.7,982859.0
2026-03-18 04:28:00+00:00,NSE:BANKNIFTY,54811.15,54845.1,54811.0,54845.1,613161.0
2026-03-18 04:29:00+00:00,NSE:BANKNIFTY,54842.85,54885.2,54842.85,54879.35,1035639.0
2026-03-18 04:30:00+00:00,NSE:BANKNIFTY,54879.4,54886.85,54852.2,54866.45,382395.0
2026-03-18 04:31:00+00:00,NSE:BANKNIFTY,54864.05,54883.6,54864.05,54867.2,502937.0
2026-03-18 04:32:00+00:00,NSE:BANKNIFTY,54866.9,54867.05,54818.95,54830.5,464351.0
2026-03-18 04:33:00+00:00,NSE:BANKNIFTY,54825.0,54828.75,54790.7,54798.45,723396.0
2026-03-18 04:34:00+00:00,NSE:BANKNIFTY,54797.9,54798.8,54780.1,54792.45,637875.0
2026-03-18 04:35:00+00:00,NSE:BANKNIFTY,54791.75,54795.9,54748.2,54757.35,948000.0
2026-03-18 04:36:00+00:00,NSE:BANKNIFTY,54748.95,54785.65,54733.75,54780.0,648554.0
2026-03-18 04:37:00+00:00,NSE:BANKNIFTY,54782.45,54802.15,54777.75,54798.65,663901.0
2026-03-18 04:38:00+00:00,NSE:BANKNIFTY,54800.75,54803.6,54770.6,54776.0,393759.0
2026-03-18 04:39:00+00:00,NSE:BANKNIFTY,54780.75,54790.8,54743.05,54743.05,410104.0
2026-03-18 04:40:00+00:00,NSE:BANKNIFTY,54744.3,54748.1,54707.95,54714.4,624804.0
2026-03-18 04:41:00+00:00,NSE:BANKNIFTY,54718.85,54725.95,54695.55,54716.25,462462.0
2026-03-18 04:42:00+00:00,NSE:BANKNIFTY,54713.95,54717.8,54700.35,54704.6,625255.0
2026-03-18 04:43:00+00:00,NSE:BANKNIFTY,54705.9,54745.05,54689.1,54745.05,541593.0
2026-03-18 04:44:00+00:00,NSE:BANKNIFTY,54744.55,54792.8,54738.9,54787.25,545329.0
2026-03-18 04:45:00+00:00,NSE:BANKNIFTY,54790.5,54793.95,54769.45,54792.55,442066.0
2026-03-18 04:46:00+00:00,NSE:BANKNIFTY,54790.55,54823.55,54782.9,54816.8,396863.0
2026-03-18 04:47:00+00:00,NSE:BANKNIFTY,54823.15,54842.6,54817.7,54835.75,231506.0
2026-03-18 04:48:00+00:00,NSE:BANKNIFTY,54839.05,54871.75,54839.05,54867.75,463483.0
2026-03-18 04:49:00+00:00,NSE:BANKNIFTY,54872.25,54893.55,54867.75,54890.35,385582.0
2026-03-18 04:50:00+00:00,NSE:BANKNIFTY,54895.1,54902.6,54882.4,54888.05,489955.0
2026-03-18 04:51:00+00:00,NSE:BANKNIFTY,54888.85,54904.65,54876.8,54904.65,326977.0
2026-03-18 04:52:00+00:00,NSE:BANKNIFTY,54903.7,54935.4,54903.15,54914.2,470438.0
2026-03-18 04:53:00+00:00,NSE:BANKNIFTY,54916.25,54957.05,54910.8,54953.25,574242.0
2026-03-18 04:54:00+00:00,NSE:BANKNIFTY,54956.25,54975.55,54950.75,54972.5,463448.0
2026-03-18 04:55:00+00:00,NSE:BANKNIFTY,54973.1,54978.95,54955.55,54977.9,410979.0
2026-03-18 04:56:00+00:00,NSE:BANKNIFTY,54979.5,54985.1,54958.45,54983.3,479608.0
2026-03-18 04:57:00+00:00,NSE:BANKNIFTY,54982.5,54982.5,54911.15,54911.15,1314456.0
2026-03-18 04:58:00+00:00,NSE:BANKNIFTY,54912.65,54943.05,54900.55,54940.4,531031.0
2026-03-18 04:59:00+00:00,NSE:BANKNIFTY,54938.5,54948.2,54928.75,54946.0,442735.0
2026-03-18 05:00:00+00:00,NSE:BANKNIFTY,54945.85,54946.2,54919.35,54919.65,334159.0
2026-03-18 05:01:00+00:00,NSE:BANKNIFTY,54922.85,54955.55,54920.95,54946.15,447179.0
2026-03-18 05:02:00+00:00,NSE:BANKNIFTY,54951.25,54982.35,54947.6,54978.2,330808.0
2026-03-18 05:03:00+00:00,NSE:BANKNIFTY,54976.85,54987.85,54969.7,54976.5,393606.0
2026-03-18 05:04:00+00:00,NSE:BANKNIFTY,54983.5,54984.65,54939.75,54966.0,792399.0
2026-03-18 05:05:00+00:00,NSE:BANKNIFTY,54967.75,54972.95,54945.75,54945.75,259579.0
2026-03-18 05:06:00+00:00,NSE:BANKNIFTY,54952.05,54979.1,54949.15,54974.35,402578.0
2026-03-18 05:07:00+00:00,NSE:BANKNIFTY,54978.05,54995.8,54974.4,54986.35,437968.0
2026-03-18 05:08:00+00:00,NSE:BANKNIFTY,54993.3,55005.6,54988.8,54995.3,455060.0
2026-03-18 05:09:00+00:00,NSE:BANKNIFTY,54994.15,54996.35,54955.8,54958.7,469128.0
2026-03-18 05:10:00+00:00,NSE:BANKNIFTY,54962.6,54984.4,54953.35,54981.4,572520.0
2026-03-18 05:11:00+00:00,NSE:BANKNIFTY,54981.7,54987.95,54945.15,54945.15,366838.0
2026-03-18 05:12:00+00:00,NSE:BANKNIFTY,54950.15,54953.6,54935.2,54935.2,443908.0
2026-03-18 05:13:00+00:00,NSE:BANKNIFTY,54936.3,54938.25,54913.35,54937.0,442573.0
2026-03-18 05:14:00+00:00,NSE:BANKNIFTY,54938.3,54939.2,54904.85,54919.1,336774.0
2026-03-18 05:15:00+00:00,NSE:BANKNIFTY,54925.15,54941.7,54916.9,54938.25,294079.0
2026-03-18 05:16:00+00:00,NSE:BANKNIFTY,54939.6,54959.75,54923.0,54925.7,334033.0
2026-03-18 05:17:00+00:00,NSE:BANKNIFTY,54921.7,54927.4,54904.05,54920.2,469953.0
2026-03-18 05:18:00+00:00,NSE:BANKNIFTY,54921.5,54954.05,54921.5,54954.0,356215.0
2026-03-18 05:19:00+00:00,NSE:BANKNIFTY,54952.3,54959.05,54930.55,54943.7,680204.0
2026-03-18 05:20:00+00:00,NSE:BANKNIFTY,54949.45,54964.45,54923.2,54929.1,585891.0
2026-03-18 05:21:00+00:00,NSE:BANKNIFTY,54924.15,54961.2,54924.15,54956.3,463195.0
2026-03-18 05:22:00+00:00,NSE:BANKNIFTY,54956.95,54960.8,54944.15,54953.95,535290.0
2026-03-18 05:23:00+00:00,NSE:BANKNIFTY,54954.15,54972.25,54947.6,54972.25,342248.0
2026-03-18 05:24:00+00:00,NSE:BANKNIFTY,54977.2,55011.7,54974.05,55004.85,960102.0
2026-03-18 05:25:00+00:00,NSE:BANKNIFTY,55010.15,55034.15,55006.3,55034.15,529498.0
2026-03-18 05:26:00+00:00,NSE:BANKNIFTY,55034.3,55044.7,55029.75,55036.2,374548.0
2026-03-18 05:27:00+00:00,NSE:BANKNIFTY,55036.3,55044.0,55022.35,55028.75,377733.0
2026-03-18 05:28:00+00:00,NSE:BANKNIFTY,55029.45,55036.7,55000.7,55005.05,488396.0
2026-03-18 05:29:00+00:00,NSE:BANKNIFTY,55008.9,55018.35,54996.65,55011.9,557264.0
2026-03-18 05:30:00+00:00,NSE:BANKNIFTY,55016.5,55028.2,55008.6,55023.8,470256.0
2026-03-18 05:31:00+00:00,NSE:BANKNIFTY,55028.3,55029.75,54995.05,54999.35,394658.0
2026-03-18 05:32:00+00:00,NSE:BANKNIFTY,54999.75,55015.65,54989.8,55005.25,539952.0
2026-03-18 05:33:00+00:00,NSE:BANKNIFTY,55005.35,55012.8,54997.3,55001.85,356702.0
2026-03-18 05:34:00+00:00,NSE:BANKNIFTY,55000.35,55026.25,54995.2,55015.8,587791.0
2026-03-18 05:35:00+00:00,NSE:BANKNIFTY,55020.8,55020.8,54985.55,54989.65,513990.0
2026-03-18 05:36:00+00:00,NSE:BANKNIFTY,54992.2,55000.4,54979.25,54992.7,479344.0
2026-03-18 05:37:00+00:00,NSE:BANKNIFTY,54993.35,54996.85,54970.7,54970.75,475346.0
2026-03-18 05:38:00+00:00,NSE:BANKNIFTY,54975.45,54996.85,54965.0,54985.8,325632.0
2026-03-18 05:39:00+00:00,NSE:BANKNIFTY,54986.1,55015.55,54984.45,55001.2,449316.0
2026-03-18 05:40:00+00:00,NSE:BANKNIFTY,55007.5,55031.15,54996.55,55030.6,549448.0
2026-03-18 05:41:00+00:00,NSE:BANKNIFTY,55034.05,55034.95,54990.9,54992.5,410834.0
2026-03-18 05:42:00+00:00,NSE:BANKNIFTY,54990.35,55010.55,54985.65,55005.95,313139.0
2026-03-18 05:43:00+00:00,NSE:BANKNIFTY,55005.05,55018.1,54996.5,55007.0,246167.0
2026-03-18 05:44:00+00:00,NSE:BANKNIFTY,55008.25,55062.0,55008.25,55043.4,391205.0
2026-03-18 05:45:00+00:00,NSE:BANKNIFTY,55040.1,55041.6,55008.4,55017.9,492935.0
2026-03-18 05:46:00+00:00,NSE:BANKNIFTY,55011.3,55020.45,54994.85,55003.55,337756.0
2026-03-18 05:47:00+00:00,NSE:BANKNIFTY,55002.8,55008.1,54990.75,54990.75,333320.0
2026-03-18 05:48:00+00:00,NSE:BANKNIFTY,54994.65,55002.3,54985.75,54992.65,513542.0
2026-03-18 05:49:00+00:00,NSE:BANKNIFTY,54992.5,55013.35,54991.2,55013.35,243653.0
2026-03-18 05:50:00+00:00,NSE:BANKNIFTY,55010.0,55023.2,55004.7,55021.4,198216.0
2026-03-18 05:51:00+00:00,NSE:BANKNIFTY,55022.1,55055.75,55016.95,55046.45,312729.0
2026-03-18 05:52:00+00:00,NSE:BANKNIFTY,55048.7,55078.55,55043.4,55043.4,663662.0
2026-03-18 05:53:00+00:00,NSE:BANKNIFTY,55049.25,55055.2,55032.5,55052.2,262144.0
2026-03-18 05:54:00+00:00,NSE:BANKNIFTY,55050.65,55096.85,55049.85,55093.35,496941.0
2026-03-18 05:55:00+00:00,NSE:BANKNIFTY,55092.4,55099.1,55078.85,55083.85,254308.0
2026-03-18 05:56:00+00:00,NSE:BANKNIFTY,55083.7,55092.9,55053.2,55067.95,346400.0
2026-03-18 05:57:00+00:00,NSE:BANKNIFTY,55066.5,55138.5,55066.5,55138.35,778399.0
2026-03-18 05:58:00+00:00,NSE:BANKNIFTY,55139.6,55170.8,55116.75,55169.3,691453.0
2026-03-18 05:59:00+00:00,NSE:BANKNIFTY,55166.4,55173.5,55151.7,55161.35,382423.0
2026-03-18 06:00:00+00:00,NSE:BANKNIFTY,55158.75,55163.25,55132.35,55157.7,415768.0
2026-03-18 06:01:00+00:00,NSE:BANKNIFTY,55153.2,55188.3,55153.2,55174.25,699048.0
2026-03-18 06:02:00+00:00,NSE:BANKNIFTY,55175.7,55199.7,55175.7,55192.5,452274.0
2026-03-18 06:03:00+00:00,NSE:BANKNIFTY,55189.0,55218.8,55180.8,55182.6,903711.0
2026-03-18 06:04:00+00:00,NSE:BANKNIFTY,55181.7,55213.1,55181.7,55205.65,459819.0
2026-03-18 06:05:00+00:00,NSE:BANKNIFTY,55204.45,55206.05,55161.95,55167.4,551357.0
2026-03-18 06:06:00+00:00,NSE:BANKNIFTY,55166.75,55204.35,55166.75,55197.55,543636.0
2026-03-18 06:07:00+00:00,NSE:BANKNIFTY,55194.05,55233.2,55194.05,55219.75,1131988.0
2026-03-18 06:08:00+00:00,NSE:BANKNIFTY,55216.15,55250.65,55210.95,55250.65,506692.0
2026-03-18 06:09:00+00:00,NSE:BANKNIFTY,55252.6,55264.25,55245.35,55252.75,780151.0
2026-03-18 06:10:00+00:00,NSE:BANKNIFTY,55253.3,55269.9,55250.5,55266.9,991241.0
2026-03-18 06:11:00+00:00,NSE:BANKNIFTY,55265.75,55296.5,55264.6,55295.85,554496.0
2026-03-18 06:12:00+00:00,NSE:BANKNIFTY,55302.7,55328.3,55276.9,55286.7,575313.0
2026-03-18 06:13:00+00:00,NSE:BANKNIFTY,55290.95,55310.45,55271.75,55309.65,499860.0
2026-03-18 06:14:00+00:00,NSE:BANKNIFTY,55313.1,55332.55,55278.0,55286.55,647732.0
2026-03-18 06:15:00+00:00,NSE:BANKNIFTY,55287.55,55299.3,55263.4,55268.6,434052.0
2026-03-18 06:16:00+00:00,NSE:BANKNIFTY,55267.65,55269.05,55247.65,55249.0,313857.0
2026-03-18 06:17:00+00:00,NSE:BANKNIFTY,55251.7,55269.05,55243.6,55257.95,490102.0
2026-03-18 06:18:00+00:00,NSE:BANKNIFTY,55263.25,55272.05,55252.9,55258.3,503717.0
2026-03-18 06:19:00+00:00,NSE:BANKNIFTY,55260.2,55263.65,55242.6,55242.75,242124.0
2026-03-18 06:20:00+00:00,NSE:BANKNIFTY,55242.45,55265.45,55240.15,55258.6,275371.0
2026-03-18 06:21:00+00:00,NSE:BANKNIFTY,55261.05,55271.1,55254.5,55268.4,234348.0
2026-03-18 06:22:00+00:00,NSE:BANKNIFTY,55270.6,55271.3,55243.6,55250.4,334212.0
2026-03-18 06:23:00+00:00,NSE:BANKNIFTY,55253.0,55260.05,55245.75,55255.35,202281.0
2026-03-18 06:24:00+00:00,NSE:BANKNIFTY,55254.3,55303.3,55254.3,55297.45,325328.0
2026-03-18 06:25:00+00:00,NSE:BANKNIFTY,55299.7,55303.5,55284.05,55293.75,264977.0
2026-03-18 06:26:00+00:00,NSE:BANKNIFTY,55294.6,55307.1,55274.45,55302.45,316407.0
2026-03-18 06:27:00+00:00,NSE:BANKNIFTY,55301.6,55308.9,55286.95,55306.85,242950.0
2026-03-18 06:28:00+00:00,NSE:BANKNIFTY,55304.25,55308.3,55294.55,55302.1,243503.0
2026-03-18 06:29:00+00:00,NSE:BANKNIFTY,55302.6,55302.65,55284.55,55285.45,401461.0
2026-03-18 06:30:00+00:00,NSE:BANKNIFTY,55290.85,55294.45,55281.25,55288.55,362793.0
2026-03-18 06:31:00+00:00,NSE:BANKNIFTY,55289.1,55298.1,55259.1,55259.1,575453.0
2026-03-18 06:32:00+00:00,NSE:BANKNIFTY,55261.65,55267.55,55248.3,55253.3,591393.0
2026-03-18 06:33:00+00:00,NSE:BANKNIFTY,55255.2,55262.4,55244.65,55248.2,432070.0
2026-03-18 06:34:00+00:00,NSE:BANKNIFTY,55252.85,55269.9,55248.75,55253.4,315441.0
2026-03-18 06:35:00+00:00,NSE:BANKNIFTY,55256.4,55263.75,55248.6,55257.1,223090.0
2026-03-18 06:36:00+00:00,NSE:BANKNIFTY,55262.25,55269.2,55240.85,55247.3,300845.0
2026-03-18 06:37:00+00:00,NSE:BANKNIFTY,55246.85,55246.85,55195.25,55195.25,481414.0
2026-03-18 06:38:00+00:00,NSE:BANKNIFTY,55198.65,55228.65,55198.65,55226.45,266635.0
2026-03-18 06:39:00+00:00,NSE:BANKNIFTY,55231.9,55233.8,55199.25,55201.7,346956.0
2026-03-18 06:40:00+00:00,NSE:BANKNIFTY,55207.35,55225.2,55196.4,55209.2,597153.0
2026-03-18 06:41:00+00:00,NSE:BANKNIFTY,55212.0,55230.5,55202.5,55221.1,219803.0
2026-03-18 06:42:00+00:00,NSE:BANKNIFTY,55217.6,55220.85,55198.45,55220.5,223917.0
2026-03-18 06:43:00+00:00,NSE:BANKNIFTY,55222.0,55247.1,55218.9,55234.9,691937.0
2026-03-18 06:44:00+00:00,NSE:BANKNIFTY,55234.8,55236.45,55203.85,55226.1,305479.0
2026-03-18 06:45:00+00:00,NSE:BANKNIFTY,55226.7,55233.3,55215.55,55228.55,193929.0
2026-03-18 06:46:00+00:00,NSE:BANKNIFTY,55226.2,55248.2,55226.2,55235.5,256675.0
2026-03-18 06:47:00+00:00,NSE:BANKNIFTY,55235.75,55236.25,55220.85,55233.45,379997.0
2026-03-18 06:48:00+00:00,NSE:BANKNIFTY,55230.15,55265.6,55229.85,55261.5,330626.0
2026-03-18 06:49:00+00:00,NSE:BANKNIFTY,55261.15,55287.4,55255.8,55283.35,1224557.0
2026-03-18 06:50:00+00:00,NSE:BANKNIFTY,55283.1,55293.6,55277.8,55287.3,890587.0
2026-03-18 06:51:00+00:00,NSE:BANKNIFTY,55282.6,55288.5,55255.4,55273.85,413796.0
2026-03-18 06:52:00+00:00,NSE:BANKNIFTY,55273.2,55288.5,55268.8,55272.3,223896.0
2026-03-18 06:53:00+00:00,NSE:BANKNIFTY,55276.95,55278.45,55237.7,55240.45,267037.0
2026-03-18 06:54:00+00:00,NSE:BANKNIFTY,55249.35,55269.05,55238.9,55256.55,644458.0
2026-03-18 06:55:00+00:00,NSE:BANKNIFTY,55260.45,55264.2,55224.85,55235.8,481314.0
2026-03-18 06:56:00+00:00,NSE:BANKNIFTY,55234.35,55235.5,55160.25,55173.9,858469.0
2026-03-18 06:57:00+00:00,NSE:BANKNIFTY,55161.75,55212.15,55160.4,55167.45,732776.0
2026-03-18 06:58:00+00:00,NSE:BANKNIFTY,55167.55,55177.15,55153.5,55171.05,336125.0
2026-03-18 06:59:00+00:00,NSE:BANKNIFTY,55180.1,55190.15,55162.45,55176.05,409746.0
2026-03-18 07:00:00+00:00,NSE:BANKNIFTY,55174.5,55220.6,55172.1,55215.5,428938.0
2026-03-18 07:01:00+00:00,NSE:BANKNIFTY,55219.0,55223.2,55202.7,55216.6,412824.0
2026-03-18 07:02:00+00:00,NSE:BANKNIFTY,55218.3,55230.5,55206.45,55228.95,362679.0
2026-03-18 07:03:00+00:00,NSE:BANKNIFTY,55227.4,55244.15,55217.1,55224.45,386262.0
2026-03-18 07:04:00+00:00,NSE:BANKNIFTY,55227.6,55242.4,55222.0,55222.0,209432.0
2026-03-18 07:05:00+00:00,NSE:BANKNIFTY,55221.85,55225.75,55208.0,55215.95,440748.0
2026-03-18 07:06:00+00:00,NSE:BANKNIFTY,55219.85,55222.05,55175.2,55175.2,301566.0
2026-03-18 07:07:00+00:00,NSE:BANKNIFTY,55171.6,55171.6,55145.45,55163.2,543081.0
2026-03-18 07:08:00+00:00,NSE:BANKNIFTY,55168.8,55204.9,55168.8,55199.7,303058.0
2026-03-18 07:09:00+00:00,NSE:BANKNIFTY,55196.8,55202.85,55181.6,55182.45,254608.0
2026-03-18 07:10:00+00:00,NSE:BANKNIFTY,55185.65,55189.35,55172.6,55175.4,220762.0
2026-03-18 07:11:00+00:00,NSE:BANKNIFTY,55168.8,55179.75,55157.7,55176.15,326557.0
2026-03-18 07:12:00+00:00,NSE:BANKNIFTY,55176.85,55183.65,55166.6,55183.5,243804.0
2026-03-18 07:13:00+00:00,NSE:BANKNIFTY,55181.7,55187.9,55171.45,55172.65,234263.0
2026-03-18 07:14:00+00:00,NSE:BANKNIFTY,55172.55,55181.2,55164.3,55170.95,423870.0
2026-03-18 07:15:00+00:00,NSE:BANKNIFTY,55171.1,55173.7,55143.45,55144.8,365930.0
2026-03-18 07:16:00+00:00,NSE:BANKNIFTY,55143.15,55148.85,55123.15,55136.4,550904.0
2026-03-18 07:17:00+00:00,NSE:BANKNIFTY,55139.1,55139.95,55127.25,55129.75,234461.0
2026-03-18 07:18:00+00:00,NSE:BANKNIFTY,55130.85,55146.4,55125.25,55144.4,209010.0
2026-03-18 07:19:00+00:00,NSE:BANKNIFTY,55142.6,55169.8,55140.0,55169.8,228226.0
2026-03-18 07:20:00+00:00,NSE:BANKNIFTY,55163.1,55184.45,55163.1,55182.65,297556.0
2026-03-18 07:21:00+00:00,NSE:BANKNIFTY,55182.1,55186.4,55164.85,55174.85,203198.0
2026-03-18 07:22:00+00:00,NSE:BANKNIFTY,55172.2,55191.5,55172.2,55184.9,194676.0
2026-03-18 07:23:00+00:00,NSE:BANKNIFTY,55182.55,55188.45,55157.0,55166.8,276986.0
2026-03-18 07:24:00+00:00,NSE:BANKNIFTY,55165.35,55173.35,55143.3,55152.5,467856.0
2026-03-18 07:25:00+00:00,NSE:BANKNIFTY,55152.65,55156.65,55145.75,55146.3,197553.0
2026-03-18 07:26:00+00:00,NSE:BANKNIFTY,55150.35,55169.05,55146.85,55168.15,182050.0
2026-03-18 07:27:00+00:00,NSE:BANKNIFTY,55169.9,55173.6,55151.45,55151.75,307697.0
2026-03-18 07:28:00+00:00,NSE:BANKNIFTY,55150.4,55162.25,55150.4,55162.25,356517.0
2026-03-18 07:29:00+00:00,NSE:BANKNIFTY,55159.0,55166.4,55151.45,55155.65,220164.0
2026-03-18 07:30:00+00:00,NSE:BANKNIFTY,55152.05,55187.9,55152.05,55182.75,430477.0
2026-03-18 07:31:00+00:00,NSE:BANKNIFTY,55187.45,55214.55,55183.3,55213.05,285654.0
2026-03-18 07:32:00+00:00,NSE:BANKNIFTY,55210.9,55210.9,55160.65,55165.45,555253.0
2026-03-18 07:33:00+00:00,NSE:BANKNIFTY,55167.3,55190.65,55153.05,55185.35,543757.0
2026-03-18 07:34:00+00:00,NSE:BANKNIFTY,55190.1,55211.65,55186.1,55210.7,432523.0
2026-03-18 07:35:00+00:00,NSE:BANKNIFTY,55211.15,55213.85,55192.5,55192.9,466686.0
2026-03-18 07:36:00+00:00,NSE:BANKNIFTY,55197.05,55203.3,55162.45,55169.4,259534.0
2026-03-18 07:37:00+00:00,NSE:BANKNIFTY,55165.3,55171.25,55145.7,55159.1,838187.0
2026-03-18 07:38:00+00:00,NSE:BANKNIFTY,55158.05,55162.15,55141.0,55149.15,276079.0
2026-03-18 07:39:00+00:00,NSE:BANKNIFTY,55144.7,55166.5,55144.7,55163.4,349197.0
2026-03-18 07:40:00+00:00,NSE:BANKNIFTY,55159.75,55179.2,55155.25,55178.1,292886.0
2026-03-18 07:41:00+00:00,NSE:BANKNIFTY,55177.8,55216.35,55177.8,55211.15,428490.0
2026-03-18 07:42:00+00:00,NSE:BANKNIFTY,55211.9,55234.15,55201.3,55228.65,1802366.0
2026-03-18 07:43:00+00:00,NSE:BANKNIFTY,55226.95,55234.65,55216.25,55226.3,307183.0
2026-03-18 07:44:00+00:00,NSE:BANKNIFTY,55225.2,55234.6,55216.9,55233.95,227142.0
2026-03-18 07:45:00+00:00,NSE:BANKNIFTY,55232.4,55252.2,55222.35,55249.65,360843.0
2026-03-18 07:46:00+00:00,NSE:BANKNIFTY,55248.1,55248.9,55219.95,55236.55,361394.0
2026-03-18 07:47:00+00:00,NSE:BANKNIFTY,55236.7,55259.55,55231.95,55259.55,984134.0
2026-03-18 07:48:00+00:00,NSE:BANKNIFTY,55261.95,55290.4,55245.8,55245.8,1166383.0
2026-03-18 07:49:00+00:00,NSE:BANKNIFTY,55246.75,55258.05,55225.25,55226.25,340354.0
2026-03-18 07:50:00+00:00,NSE:BANKNIFTY,55227.95,55299.15,55227.95,55292.7,736422.0
2026-03-18 07:51:00+00:00,NSE:BANKNIFTY,55297.7,55313.95,55285.05,55313.95,565302.0
2026-03-18 07:52:00+00:00,NSE:BANKNIFTY,55313.25,55323.45,55305.65,55314.35,307853.0
2026-03-18 07:53:00+00:00,NSE:BANKNIFTY,55316.5,55319.9,55306.95,55309.2,298385.0
2026-03-18 07:54:00+00:00,NSE:BANKNIFTY,55312.25,55314.4,55300.7,55313.65,432201.0
2026-03-18 07:55:00+00:00,NSE:BANKNIFTY,55310.15,55339.7,55310.15,55319.95,936180.0
2026-03-18 07:56:00+00:00,NSE:BANKNIFTY,55326.55,55326.55,55296.4,55297.75,376141.0
2026-03-18 07:57:00+00:00,NSE:BANKNIFTY,55298.8,55318.85,55290.55,55306.25,363714.0
2026-03-18 07:58:00+00:00,NSE:BANKNIFTY,55308.45,55314.6,55303.75,55314.25,167220.0
2026-03-18 07:59:00+00:00,NSE:BANKNIFTY,55313.6,55330.9,55308.7,55328.9,375927.0
2026-03-18 08:00:00+00:00,NSE:BANKNIFTY,55326.8,55333.0,55315.85,55319.0,317679.0
2026-03-18 08:01:00+00:00,NSE:BANKNIFTY,55320.75,55335.15,55314.1,55334.6,276197.0
2026-03-18 08:02:00+00:00,NSE:BANKNIFTY,55334.85,55344.75,55312.2,55322.9,400659.0
2026-03-18 08:03:00+00:00,NSE:BANKNIFTY,55328.9,55385.6,55318.75,55384.4,641924.0
2026-03-18 08:04:00+00:00,NSE:BANKNIFTY,55386.65,55396.15,55369.05,55393.5,625661.0
2026-03-18 08:05:00+00:00,NSE:BANKNIFTY,55403.2,55403.2,55345.1,55372.2,802959.0
2026-03-18 08:06:00+00:00,NSE:BANKNIFTY,55368.8,55389.15,55355.5,55387.95,510431.0
2026-03-18 08:07:00+00:00,NSE:BANKNIFTY,55387.1,55405.55,55382.85,55388.1,499293.0
2026-03-18 08:08:00+00:00,NSE:BANKNIFTY,55393.0,55393.15,55369.65,55378.7,410025.0
2026-03-18 08:09:00+00:00,NSE:BANKNIFTY,55382.85,55398.7,55375.85,55394.5,370977.0
2026-03-18 08:10:00+00:00,NSE:BANKNIFTY,55390.9,55400.25,55371.4,55372.55,411414.0
2026-03-18 08:11:00+00:00,NSE:BANKNIFTY,55374.6,55395.4,55370.45,55389.0,344902.0
2026-03-18 08:12:00+00:00,NSE:BANKNIFTY,55385.8,55393.5,55371.45,55378.4,351296.0
2026-03-18 08:13:00+00:00,NSE:BANKNIFTY,55381.15,55401.55,55378.95,55396.0,190267.0
2026-03-18 08:14:00+00:00,NSE:BANKNIFTY,55399.35,55427.5,55383.55,55426.2,504444.0
2026-03-18 08:15:00+00:00,NSE:BANKNIFTY,55428.15,55428.15,55384.45,55398.65,471021.0
2026-03-18 08:16:00+00:00,NSE:BANKNIFTY,55398.7,55400.1,55355.85,55360.75,668035.0
2026-03-18 08:17:00+00:00,NSE:BANKNIFTY,55361.4,55365.25,55346.6,55355.0,315789.0
2026-03-18 08:18:00+00:00,NSE:BANKNIFTY,55362.8,55374.45,55354.1,55370.95,424901.0
2026-03-18 08:19:00+00:00,NSE:BANKNIFTY,55370.05,55376.1,55360.7,55362.85,294737.0
2026-03-18 08:20:00+00:00,NSE:BANKNIFTY,55361.2,55380.85,55342.45,55376.6,527482.0
2026-03-18 08:21:00+00:00,NSE:BANKNIFTY,55378.75,55381.65,55356.75,55370.65,363904.0
2026-03-18 08:22:00+00:00,NSE:BANKNIFTY,55367.8,55386.75,55367.8,55386.75,450656.0
2026-03-18 08:23:00+00:00,NSE:BANKNIFTY,55387.2,55414.9,55386.55,55408.55,300897.0
2026-03-18 08:24:00+00:00,NSE:BANKNIFTY,55406.35,55423.15,55401.0,55410.6,321732.0
2026-03-18 08:25:00+00:00,NSE:BANKNIFTY,55408.05,55448.2,55408.05,55428.9,662049.0
2026-03-18 08:26:00+00:00,NSE:BANKNIFTY,55424.1,55436.9,55412.2,55434.95,264831.0
2026-03-18 08:27:00+00:00,NSE:BANKNIFTY,55425.65,55442.45,55421.45,55435.0,416855.0
2026-03-18 08:28:00+00:00,NSE:BANKNIFTY,55436.05,55456.7,55436.05,55443.4,455521.0
2026-03-18 08:29:00+00:00,NSE:BANKNIFTY,55441.8,55450.9,55425.55,55432.6,327212.0
2026-03-18 08:30:00+00:00,NSE:BANKNIFTY,55429.85,55443.0,55422.4,55442.0,479591.0
2026-03-18 08:31:00+00:00,NSE:BANKNIFTY,55436.35,55467.15,55436.35,55462.15,324303.0
2026-03-18 08:32:00+00:00,NSE:BANKNIFTY,55457.8,55462.4,55432.3,55442.9,809912.0
2026-03-18 08:33:00+00:00,NSE:BANKNIFTY,55441.5,55447.3,55427.5,55427.5,275855.0
2026-03-18 08:34:00+00:00,NSE:BANKNIFTY,55426.25,55427.15,55385.4,55401.45,1037048.0
2026-03-18 08:35:00+00:00,NSE:BANKNIFTY,55397.9,55404.3,55391.3,55394.75,268851.0
2026-03-18 08:36:00+00:00,NSE:BANKNIFTY,55391.2,55394.2,55376.9,55387.0,336325.0
2026-03-18 08:37:00+00:00,NSE:BANKNIFTY,55384.6,55389.5,55356.25,55356.75,361703.0
2026-03-18 08:38:00+00:00,NSE:BANKNIFTY,55354.95,55372.2,55343.35,55371.1,457250.0
2026-03-18 08:39:00+00:00,NSE:BANKNIFTY,55367.45,55398.45,55367.45,55398.45,312329.0
2026-03-18 08:40:00+00:00,NSE:BANKNIFTY,55395.55,55417.85,55395.55,55412.8,546857.0
2026-03-18 08:41:00+00:00,NSE:BANKNIFTY,55411.05,55417.25,55399.1,55402.75,377033.0
2026-03-18 08:42:00+00:00,NSE:BANKNIFTY,55402.95,55406.1,55385.35,55391.65,330527.0
2026-03-18 08:43:00+00:00,NSE:BANKNIFTY,55390.3,55393.55,55364.05,55366.65,320566.0
2026-03-18 08:44:00+00:00,NSE:BANKNIFTY,55366.2,55382.15,55364.95,55377.15,448909.0
2026-03-18 08:45:00+00:00,NSE:BANKNIFTY,55375.7,55375.7,55346.85,55362.6,644962.0
2026-03-18 08:46:00+00:00,NSE:BANKNIFTY,55358.8,55379.9,55357.8,55379.9,321758.0
2026-03-18 08:47:00+00:00,NSE:BANKNIFTY,55384.65,55422.8,55381.2,55421.7,347389.0
2026-03-18 08:48:00+00:00,NSE:BANKNIFTY,55419.5,55451.75,55419.5,55433.35,563253.0
2026-03-18 08:49:00+00:00,NSE:BANKNIFTY,55431.7,55440.3,55427.75,55433.65,287264.0
2026-03-18 08:50:00+00:00,NSE:BANKNIFTY,55435.4,55458.5,55420.25,55457.0,703131.0
2026-03-18 08:51:00+00:00,NSE:BANKNIFTY,55460.1,55488.5,55457.1,55477.7,1166269.0
2026-03-18 08:52:00+00:00,NSE:BANKNIFTY,55476.0,55487.25,55459.15,55484.85,449593.0
2026-03-18 08:53:00+00:00,NSE:BANKNIFTY,55485.35,55503.1,55482.8,55489.9,460778.0
2026-03-18 08:54:00+00:00,NSE:BANKNIFTY,55490.9,55525.7,55488.0,55516.6,866342.0
2026-03-18 08:55:00+00:00,NSE:BANKNIFTY,55515.45,55533.9,55507.8,55530.7,1145825.0
2026-03-18 08:56:00+00:00,NSE:BANKNIFTY,55531.8,55554.15,55530.8,55547.95,537002.0
2026-03-18 08:57:00+00:00,NSE:BANKNIFTY,55545.95,55552.1,55489.55,55507.85,457387.0
2026-03-18 08:58:00+00:00,NSE:BANKNIFTY,55503.75,55518.45,55494.85,55495.55,253925.0
2026-03-18 08:59:00+00:00,NSE:BANKNIFTY,55498.75,55498.75,55470.85,55470.85,343103.0
2026-03-18 09:00:00+00:00,NSE:BANKNIFTY,55475.5,55475.9,55460.1,55462.0,277862.0
2026-03-18 09:01:00+00:00,NSE:BANKNIFTY,55463.4,55492.05,55425.2,55425.2,467463.0
2026-03-18 09:02:00+00:00,NSE:BANKNIFTY,55430.15,55444.9,55419.55,55435.8,431663.0
2026-03-18 09:03:00+00:00,NSE:BANKNIFTY,55436.1,55436.1,55397.9,55397.9,477790.0
2026-03-18 09:04:00+00:00,NSE:BANKNIFTY,55401.25,55422.2,55382.85,55385.35,525425.0
2026-03-18 09:05:00+00:00,NSE:BANKNIFTY,55383.8,55398.05,55368.6,55393.9,865164.0
2026-03-18 09:06:00+00:00,NSE:BANKNIFTY,55394.9,55397.5,55366.25,55371.3,944391.0
2026-03-18 09:07:00+00:00,NSE:BANKNIFTY,55372.05,55379.35,55345.15,55378.65,741406.0
2026-03-18 09:08:00+00:00,NSE:BANKNIFTY,55378.1,55406.3,55373.0,55373.0,615616.0
2026-03-18 09:09:00+00:00,NSE:BANKNIFTY,55379.7,55386.35,55367.05,55383.95,352779.0
2026-03-18 09:10:00+00:00,NSE:BANKNIFTY,55384.05,55419.0,55379.9,55408.85,486925.0
2026-03-18 09:11:00+00:00,NSE:BANKNIFTY,55406.65,55406.65,55373.25,55385.6,422887.0
2026-03-18 09:12:00+00:00,NSE:BANKNIFTY,55383.2,55396.85,55368.2,55374.5,736097.0
2026-03-18 09:13:00+00:00,NSE:BANKNIFTY,55373.35,55373.35,55347.6,55365.75,590211.0
2026-03-18 09:14:00+00:00,NSE:BANKNIFTY,55367.5,55367.5,55337.45,55338.75,580728.0
2026-03-18 09:15:00+00:00,NSE:BANKNIFTY,55340.05,55348.05,55321.5,55338.8,577159.0
2026-03-18 09:16:00+00:00,NSE:BANKNIFTY,55340.05,55405.9,55339.45,55396.3,700206.0
2026-03-18 09:17:00+00:00,NSE:BANKNIFTY,55396.8,55397.7,55369.05,55376.05,325935.0
2026-03-18 09:18:00+00:00,NSE:BANKNIFTY,55377.95,55385.3,55351.7,55356.6,421060.0
2026-03-18 09:19:00+00:00,NSE:BANKNIFTY,55358.15,55387.7,55353.25,55383.2,588506.0
2026-03-18 09:20:00+00:00,NSE:BANKNIFTY,55379.9,55398.75,55373.3,55390.05,582759.0
2026-03-18 09:21:00+00:00,NSE:BANKNIFTY,55393.2,55401.55,55352.7,55352.7,446120.0
2026-03-18 09:22:00+00:00,NSE:BANKNIFTY,55354.9,55365.4,55348.85,55352.45,484293.0
2026-03-18 09:23:00+00:00,NSE:BANKNIFTY,55353.0,55353.0,55312.4,55318.2,789446.0
2026-03-18 09:24:00+00:00,NSE:BANKNIFTY,55321.2,55341.65,55313.25,55328.45,520827.0
2026-03-18 09:25:00+00:00,NSE:BANKNIFTY,55331.6,55358.2,55321.95,55352.1,520113.0
2026-03-18 09:26:00+00:00,NSE:BANKNIFTY,55350.25,55363.35,55328.15,55337.1,607327.0
2026-03-18 09:27:00+00:00,NSE:BANKNIFTY,55336.3,55365.0,55334.45,55338.0,530005.0
2026-03-18 09:28:00+00:00,NSE:BANKNIFTY,55341.9,55365.95,55340.4,55358.9,321261.0
2026-03-18 09:29:00+00:00,NSE:BANKNIFTY,55363.2,55375.95,55351.4,55370.45,623109.0
2026-03-18 09:30:00+00:00,NSE:BANKNIFTY,55371.95,55397.3,55298.6,55314.35,1272038.0
2026-03-18 09:31:00+00:00,NSE:BANKNIFTY,55314.4,55336.5,55303.4,55336.1,885000.0
2026-03-18 09:32:00+00:00,NSE:BANKNIFTY,55337.25,55360.45,55336.3,55339.05,1080417.0
2026-03-18 09:33:00+00:00,NSE:BANKNIFTY,55338.1,55347.05,55315.7,55331.45,926926.0
2026-03-18 09:34:00+00:00,NSE:BANKNIFTY,55333.0,55351.95,55333.0,55351.95,742011.0
2026-03-18 09:35:00+00:00,NSE:BANKNIFTY,55349.65,55358.85,55333.85,55358.85,1224733.0
2026-03-18 09:36:00+00:00,NSE:BANKNIFTY,55356.85,55362.65,55334.8,55348.55,917784.0
2026-03-18 09:37:00+00:00,NSE:BANKNIFTY,55353.65,55358.15,55337.1,55346.3,908071.0
2026-03-18 09:38:00+00:00,NSE:BANKNIFTY,55350.75,55378.4,55349.0,55374.35,889584.0
2026-03-18 09:39:00+00:00,NSE:BANKNIFTY,55379.35,55379.35,55346.95,55352.2,759421.0
2026-03-18 09:40:00+00:00,NSE:BANKNIFTY,55353.55,55364.45,55342.15,55347.85,915658.0
2026-03-18 09:41:00+00:00,NSE:BANKNIFTY,55357.4,55359.25,55342.15,55343.4,1156429.0
2026-03-18 09:42:00+00:00,NSE:BANKNIFTY,55347.1,55360.25,55342.35,55346.8,682721.0
2026-03-18 09:43:00+00:00,NSE:BANKNIFTY,55351.55,55359.95,55340.7,55341.4,719603.0
2026-03-18 09:44:00+00:00,NSE:BANKNIFTY,55347.95,55353.25,55336.25,55342.8,819187.0
2026-03-18 09:45:00+00:00,NSE:BANKNIFTY,55346.85,55348.05,55321.25,55324.05,1327852.0
2026-03-18 09:46:00+00:00,NSE:BANKNIFTY,55327.55,55338.45,55319.35,55338.45,1043066.0
2026-03-18 09:47:00+00:00,NSE:BANKNIFTY,55339.75,55341.95,55325.75,55327.65,1007353.0
2026-03-18 09:48:00+00:00,NSE:BANKNIFTY,55331.0,55331.65,55312.5,55319.05,1442967.0
2026-03-18 09:49:00+00:00,NSE:BANKNIFTY,55321.85,55323.25,55295.85,55302.15,1258858.0
2026-03-18 09:50:00+00:00,NSE:BANKNIFTY,55304.05,55304.05,55276.2,55280.45,1537093.0
2026-03-18 09:51:00+00:00,NSE:BANKNIFTY,55284.2,55294.9,55237.7,55245.65,1675100.0
2026-03-18 09:52:00+00:00,NSE:BANKNIFTY,55247.85,55258.1,55229.75,55256.85,1431329.0
2026-03-18 09:53:00+00:00,NSE:BANKNIFTY,55264.0,55297.2,55254.25,55285.55,1661642.0
2026-03-18 09:54:00+00:00,NSE:BANKNIFTY,55294.1,55294.1,55279.7,55287.9,1374749.0
2026-03-18 09:55:00+00:00,NSE:BANKNIFTY,55288.1,55348.05,55287.3,55331.25,2313609.0
2026-03-18 09:56:00+00:00,NSE:BANKNIFTY,55332.8,55341.4,55316.35,55325.75,1241654.0
2026-03-18 09:57:00+00:00,NSE:BANKNIFTY,55322.2,55329.15,55307.55,55320.45,1175444.0
2026-03-18 09:58:00+00:00,NSE:BANKNIFTY,55319.7,55329.2,55295.55,55321.35,1377002.0
2026-03-18 09:59:00+00:00,NSE:BANKNIFTY,55320.7,55340.65,55295.15,55324.5,754031.0
2026-03-19 03:45:00+00:00,NSE:BANKNIFTY,53573.6,54067.65,53437.25,53959.5,22231549.0
2026-03-19 03:46:00+00:00,NSE:BANKNIFTY,53945.5,53945.5,53716.85,53824.8,7837230.0
2026-03-19 03:47:00+00:00,NSE:BANKNIFTY,53819.15,53827.6,53763.75,53771.1,4186587.0
2026-03-19 03:48:00+00:00,NSE:BANKNIFTY,53777.45,53799.75,53757.6,53771.3,4548631.0
2026-03-19 03:49:00+00:00,NSE:BANKNIFTY,53781.6,53798.6,53746.0,53746.1,5025222.0
2026-03-19 03:50:00+00:00,NSE:BANKNIFTY,53745.05,53750.1,53698.35,53706.1,3838306.0
2026-03-19 03:51:00+00:00,NSE:BANKNIFTY,53711.2,53765.35,53692.85,53763.15,3139268.0
2026-03-19 03:52:00+00:00,NSE:BANKNIFTY,53762.55,53872.3,53742.35,53865.65,4115768.0
2026-03-19 03:53:00+00:00,NSE:BANKNIFTY,53878.9,53935.7,53874.95,53923.55,3043825.0
2026-03-19 03:54:00+00:00,NSE:BANKNIFTY,53924.95,54001.3,53910.55,54001.3,2297251.0
2026-03-19 03:55:00+00:00,NSE:BANKNIFTY,54000.6,54056.95,53982.1,54051.15,3704940.0
2026-03-19 03:56:00+00:00,NSE:BANKNIFTY,54048.25,54110.55,54031.4,54099.4,2593912.0
2026-03-19 03:57:00+00:00,NSE:BANKNIFTY,54090.95,54090.95,53997.05,54010.4,2704644.0
2026-03-19 03:58:00+00:00,NSE:BANKNIFTY,54005.75,54064.65,53995.6,54039.2,1718503.0
2026-03-19 03:59:00+00:00,NSE:BANKNIFTY,54036.3,54044.55,53980.65,53996.9,3544775.0
2026-03-19 04:00:00+00:00,NSE:BANKNIFTY,53992.85,53992.85,53892.9,53928.3,2135480.0
2026-03-19 04:01:00+00:00,NSE:BANKNIFTY,53924.4,53929.55,53866.9,53917.45,1937751.0
2026-03-19 04:02:00+00:00,NSE:BANKNIFTY,53914.9,53945.75,53900.75,53936.0,1133188.0
2026-03-19 04:03:00+00:00,NSE:BANKNIFTY,53934.25,53946.4,53904.35,53908.8,629174.0
2026-03-19 04:04:00+00:00,NSE:BANKNIFTY,53907.3,53912.1,53867.45,53884.7,1122702.0
2026-03-19 04:05:00+00:00,NSE:BANKNIFTY,53884.85,53904.15,53852.8,53866.35,1381379.0
2026-03-19 04:06:00+00:00,NSE:BANKNIFTY,53866.1,53912.05,53855.6,53877.45,2003347.0
2026-03-19 04:07:00+00:00,NSE:BANKNIFTY,53877.4,53880.95,53852.6,53861.6,2598936.0
2026-03-19 04:08:00+00:00,NSE:BANKNIFTY,53863.6,53863.6,53802.95,53820.9,2431597.0
2026-03-19 04:09:00+00:00,NSE:BANKNIFTY,53819.3,53827.5,53788.5,53795.15,2472430.0
2026-03-19 04:10:00+00:00,NSE:BANKNIFTY,53803.8,53835.3,53796.0,53825.95,1816051.0
2026-03-19 04:11:00+00:00,NSE:BANKNIFTY,53828.5,53843.85,53816.1,53822.15,1103706.0
2026-03-19 04:12:00+00:00,NSE:BANKNIFTY,53821.5,53826.1,53805.8,53819.3,1025539.0
2026-03-19 04:13:00+00:00,NSE:BANKNIFTY,53822.95,53824.6,53802.3,53812.65,890317.0
2026-03-19 04:14:00+00:00,NSE:BANKNIFTY,53812.3,53829.05,53802.3,53813.5,1059436.0
2026-03-19 04:15:00+00:00,NSE:BANKNIFTY,53811.4,53815.65,53751.3,53751.3,1326149.0
2026-03-19 04:16:00+00:00,NSE:BANKNIFTY,53748.5,53751.2,53681.65,53692.25,2416981.0
2026-03-19 04:17:00+00:00,NSE:BANKNIFTY,53691.15,53691.15,53658.05,53686.05,2396422.0
2026-03-19 04:18:00+00:00,NSE:BANKNIFTY,53682.55,53703.5,53649.55,53663.75,2780619.0
2026-03-19 04:19:00+00:00,NSE:BANKNIFTY,53658.65,53663.15,53639.15,53640.95,1856315.0
2026-03-19 04:20:00+00:00,NSE:BANKNIFTY,53635.35,53637.8,53598.0,53601.2,2207502.0
2026-03-19 04:21:00+00:00,NSE:BANKNIFTY,53598.8,53635.4,53562.95,53633.7,2276159.0
2026-03-19 04:22:00+00:00,NSE:BANKNIFTY,53635.6,53722.8,53631.85,53712.65,1867794.0
2026-03-19 04:23:00+00:00,NSE:BANKNIFTY,53711.95,53716.7,53620.45,53629.25,3460534.0
2026-03-19 04:24:00+00:00,NSE:BANKNIFTY,53628.85,53654.4,53599.55,53626.1,1372100.0
2026-03-19 04:25:00+00:00,NSE:BANKNIFTY,53627.25,53640.4,53617.3,53635.05,889978.0
2026-03-19 04:26:00+00:00,NSE:BANKNIFTY,53633.55,53674.35,53628.75,53655.8,976013.0
2026-03-19 04:27:00+00:00,NSE:BANKNIFTY,53652.2,53660.2,53632.5,53646.15,831024.0
2026-03-19 04:28:00+00:00,NSE:BANKNIFTY,53645.35,53670.25,53643.9,53654.4,547901.0
2026-03-19 04:29:00+00:00,NSE:BANKNIFTY,53658.15,53658.65,53616.05,53645.4,826101.0
2026-03-19 04:30:00+00:00,NSE:BANKNIFTY,53646.15,53647.05,53611.8,53613.4,2161811.0
2026-03-19 04:31:00+00:00,NSE:BANKNIFTY,53612.85,53644.4,53602.8,53630.15,1594541.0
2026-03-19 04:32:00+00:00,NSE:BANKNIFTY,53632.05,53632.05,53600.1,53625.15,795448.0
2026-03-19 04:33:00+00:00,NSE:BANKNIFTY,53629.8,53684.1,53626.45,53681.4,798389.0
2026-03-19 04:34:00+00:00,NSE:BANKNIFTY,53683.65,53710.95,53680.5,53685.6,1059888.0
2026-03-19 04:35:00+00:00,NSE:BANKNIFTY,53692.7,53703.8,53681.15,53697.2,562469.0
2026-03-19 04:36:00+00:00,NSE:BANKNIFTY,53695.1,53712.1,53685.25,53703.95,563088.0
2026-03-19 04:37:00+00:00,NSE:BANKNIFTY,53702.7,53713.8,53676.8,53701.7,367806.0
2026-03-19 04:38:00+00:00,NSE:BANKNIFTY,53702.65,53702.65,53667.85,53675.35,637937.0
2026-03-19 04:39:00+00:00,NSE:BANKNIFTY,53672.2,53709.45,53672.2,53684.65,739319.0
2026-03-19 04:40:00+00:00,NSE:BANKNIFTY,53684.45,53688.9,53664.7,53672.15,658065.0
2026-03-19 04:41:00+00:00,NSE:BANKNIFTY,53671.75,53679.9,53637.55,53651.05,1083063.0
2026-03-19 04:42:00+00:00,NSE:BANKNIFTY,53646.9,53674.55,53645.05,53652.8,815207.0
2026-03-19 04:43:00+00:00,NSE:BANKNIFTY,53653.45,53661.9,53635.05,53647.35,3365702.0
2026-03-19 04:44:00+00:00,NSE:BANKNIFTY,53648.4,53662.25,53640.55,53643.25,915629.0
2026-03-19 04:45:00+00:00,NSE:BANKNIFTY,53639.9,53639.9,53598.35,53621.8,1653836.0
2026-03-19 04:46:00+00:00,NSE:BANKNIFTY,53617.15,53617.15,53579.1,53594.6,1107057.0
2026-03-19 04:47:00+00:00,NSE:BANKNIFTY,53592.9,53592.9,53553.35,53588.05,2297894.0
2026-03-19 04:48:00+00:00,NSE:BANKNIFTY,53585.0,53596.8,53551.85,53568.85,1057622.0
2026-03-19 04:49:00+00:00,NSE:BANKNIFTY,53569.0,53578.35,53554.9,53576.1,598209.0
2026-03-19 04:50:00+00:00,NSE:BANKNIFTY,53576.4,53597.2,53570.1,53591.4,870907.0
2026-03-19 04:51:00+00:00,NSE:BANKNIFTY,53592.85,53625.05,53571.95,53603.15,951407.0
2026-03-19 04:52:00+00:00,NSE:BANKNIFTY,53606.85,53652.45,53587.65,53652.45,1246070.0
2026-03-19 04:53:00+00:00,NSE:BANKNIFTY,53649.95,53652.05,53621.35,53651.45,499158.0
2026-03-19 04:54:00+00:00,NSE:BANKNIFTY,53651.8,53682.65,53626.15,53682.65,563820.0
2026-03-19 04:55:00+00:00,NSE:BANKNIFTY,53683.1,53717.65,53677.95,53717.65,1156721.0
2026-03-19 04:56:00+00:00,NSE:BANKNIFTY,53716.55,53746.55,53716.55,53740.45,1260495.0
2026-03-19 04:57:00+00:00,NSE:BANKNIFTY,53740.5,53759.05,53736.7,53756.6,587246.0
2026-03-19 04:58:00+00:00,NSE:BANKNIFTY,53758.0,53791.9,53753.3,53755.25,876995.0
2026-03-19 04:59:00+00:00,NSE:BANKNIFTY,53753.2,53759.1,53736.0,53741.95,702708.0
2026-03-19 05:00:00+00:00,NSE:BANKNIFTY,53742.9,53778.05,53742.9,53768.7,718839.0
2026-03-19 05:01:00+00:00,NSE:BANKNIFTY,53767.15,53770.8,53744.95,53761.75,836527.0
2026-03-19 05:02:00+00:00,NSE:BANKNIFTY,53760.95,53798.95,53751.15,53790.8,1369879.0
2026-03-19 05:03:00+00:00,NSE:BANKNIFTY,53792.95,53792.95,53752.55,53772.9,778923.0
2026-03-19 05:04:00+00:00,NSE:BANKNIFTY,53775.05,53794.2,53760.8,53762.6,507126.0
2026-03-19 05:05:00+00:00,NSE:BANKNIFTY,53760.2,53774.45,53754.0,53765.2,690102.0
2026-03-19 05:06:00+00:00,NSE:BANKNIFTY,53753.3,53801.05,53748.1,53801.05,793194.0
2026-03-19 05:07:00+00:00,NSE:BANKNIFTY,53798.25,53836.9,53782.6,53835.25,1403395.0
2026-03-19 05:08:00+00:00,NSE:BANKNIFTY,53833.25,53850.45,53818.55,53828.65,772511.0
2026-03-19 05:09:00+00:00,NSE:BANKNIFTY,53824.8,53900.15,53817.15,53895.45,1460828.0
2026-03-19 05:10:00+00:00,NSE:BANKNIFTY,53890.55,53898.5,53866.3,53879.0,636844.0
2026-03-19 05:11:00+00:00,NSE:BANKNIFTY,53878.65,53878.65,53860.1,53860.7,514742.0
2026-03-19 05:12:00+00:00,NSE:BANKNIFTY,53850.65,53875.6,53846.95,53875.6,546994.0
2026-03-19 05:13:00+00:00,NSE:BANKNIFTY,53873.0,53873.5,53829.55,53833.1,870434.0
2026-03-19 05:14:00+00:00,NSE:BANKNIFTY,53834.5,53905.45,53833.9,53902.8,706753.0
2026-03-19 05:15:00+00:00,NSE:BANKNIFTY,53901.1,53901.1,53860.75,53881.25,447669.0
2026-03-19 05:16:00+00:00,NSE:BANKNIFTY,53880.95,53900.1,53879.6,53887.9,635167.0
2026-03-19 05:17:00+00:00,NSE:BANKNIFTY,53887.75,53900.85,53882.15,53898.6,424871.0
2026-03-19 05:18:00+00:00,NSE:BANKNIFTY,53899.7,53902.7,53849.5,53849.5,771564.0
2026-03-19 05:19:00+00:00,NSE:BANKNIFTY,53848.7,53851.45,53827.7,53840.3,449009.0
2026-03-19 05:20:00+00:00,NSE:BANKNIFTY,53841.05,53887.3,53839.9,53886.2,1284997.0
2026-03-19 05:21:00+00:00,NSE:BANKNIFTY,53890.05,53892.0,53874.25,53883.4,657583.0
2026-03-19 05:22:00+00:00,NSE:BANKNIFTY,53883.3,53897.2,53877.55,53892.9,393767.0
2026-03-19 05:23:00+00:00,NSE:BANKNIFTY,53893.25,53906.2,53884.75,53898.0,328931.0
2026-03-19 05:24:00+00:00,NSE:BANKNIFTY,53898.3,53918.8,53886.65,53912.1,344151.0
2026-03-19 05:25:00+00:00,NSE:BANKNIFTY,53912.6,53914.75,53897.95,53902.5,284792.0
2026-03-19 05:26:00+00:00,NSE:BANKNIFTY,53902.8,53905.95,53891.55,53902.35,329086.0
2026-03-19 05:27:00+00:00,NSE:BANKNIFTY,53904.25,53959.15,53901.25,53922.55,843483.0
2026-03-19 05:28:00+00:00,NSE:BANKNIFTY,53917.8,53931.35,53902.15,53905.25,1834753.0
2026-03-19 05:29:00+00:00,NSE:BANKNIFTY,53907.05,53907.05,53859.05,53864.0,843338.0
2026-03-19 05:30:00+00:00,NSE:BANKNIFTY,53858.1,53872.05,53826.65,53829.95,638572.0
2026-03-19 05:31:00+00:00,NSE:BANKNIFTY,53828.45,53841.05,53810.6,53830.15,902695.0
2026-03-19 05:32:00+00:00,NSE:BANKNIFTY,53827.75,53861.0,53820.25,53849.7,1030874.0
2026-03-19 05:33:00+00:00,NSE:BANKNIFTY,53849.85,53849.85,53819.2,53831.9,517435.0
2026-03-19 05:34:00+00:00,NSE:BANKNIFTY,53829.1,53844.15,53813.95,53829.1,578122.0
2026-03-19 05:35:00+00:00,NSE:BANKNIFTY,53831.75,53836.85,53812.6,53829.45,460551.0
2026-03-19 05:36:00+00:00,NSE:BANKNIFTY,53828.8,53847.0,53824.7,53832.9,264882.0
2026-03-19 05:37:00+00:00,NSE:BANKNIFTY,53843.1,53862.15,53836.45,53838.85,374318.0
2026-03-19 05:38:00+00:00,NSE:BANKNIFTY,53837.1,53839.1,53818.95,53827.65,403520.0
2026-03-19 05:39:00+00:00,NSE:BANKNIFTY,53824.75,53841.35,53812.7,53817.85,610547.0
2026-03-19 05:40:00+00:00,NSE:BANKNIFTY,53821.0,53849.9,53807.45,53834.4,471248.0
2026-03-19 05:41:00+00:00,NSE:BANKNIFTY,53842.25,53845.6,53830.75,53842.5,237193.0
2026-03-19 05:42:00+00:00,NSE:BANKNIFTY,53841.1,53845.25,53815.7,53825.3,362961.0
2026-03-19 05:43:00+00:00,NSE:BANKNIFTY,53825.1,53864.85,53818.0,53860.25,1205175.0
2026-03-19 05:44:00+00:00,NSE:BANKNIFTY,53858.1,53862.9,53739.45,53760.6,1857470.0
2026-03-19 05:45:00+00:00,NSE:BANKNIFTY,53761.5,53761.5,53721.5,53724.75,796260.0
2026-03-19 05:46:00+00:00,NSE:BANKNIFTY,53724.1,53735.15,53690.1,53693.0,861367.0
2026-03-19 05:47:00+00:00,NSE:BANKNIFTY,53694.6,53705.6,53675.85,53704.4,984780.0
2026-03-19 05:48:00+00:00,NSE:BANKNIFTY,53706.95,53735.85,53705.25,53720.85,587708.0
2026-03-19 05:49:00+00:00,NSE:BANKNIFTY,53723.05,53727.05,53709.7,53720.3,625463.0
2026-03-19 05:50:00+00:00,NSE:BANKNIFTY,53723.05,53730.05,53713.55,53719.7,588667.0
2026-03-19 05:51:00+00:00,NSE:BANKNIFTY,53715.85,53756.05,53707.9,53750.7,908669.0
2026-03-19 05:52:00+00:00,NSE:BANKNIFTY,53753.2,53786.25,53745.75,53750.1,909865.0
2026-03-19 05:53:00+00:00,NSE:BANKNIFTY,53749.05,53777.35,53743.9,53777.35,689756.0
2026-03-19 05:54:00+00:00,NSE:BANKNIFTY,53776.75,53810.45,53776.75,53798.75,713119.0
2026-03-19 05:55:00+00:00,NSE:BANKNIFTY,53795.85,53802.0,53781.7,53800.55,306273.0
2026-03-19 05:56:00+00:00,NSE:BANKNIFTY,53801.9,53805.95,53784.1,53794.0,377746.0
2026-03-19 05:57:00+00:00,NSE:BANKNIFTY,53794.6,53811.8,53785.45,53796.65,637071.0
2026-03-19 05:58:00+00:00,NSE:BANKNIFTY,53795.9,53802.95,53771.15,53778.9,462438.0
2026-03-19 05:59:00+00:00,NSE:BANKNIFTY,53778.35,53780.05,53754.45,53771.8,423262.0
2026-03-19 06:00:00+00:00,NSE:BANKNIFTY,53772.95,53793.55,53757.9,53791.85,526284.0
2026-03-19 06:01:00+00:00,NSE:BANKNIFTY,53792.0,53821.6,53782.55,53821.35,577563.0
2026-03-19 06:02:00+00:00,NSE:BANKNIFTY,53823.05,53835.25,53813.2,53819.7,455063.0
2026-03-19 06:03:00+00:00,NSE:BANKNIFTY,53817.7,53833.35,53790.75,53801.05,573490.0
2026-03-19 06:04:00+00:00,NSE:BANKNIFTY,53798.65,53833.4,53792.2,53823.9,420810.0
2026-03-19 06:05:00+00:00,NSE:BANKNIFTY,53818.8,53823.95,53810.75,53821.4,270893.0
2026-03-19 06:06:00+00:00,NSE:BANKNIFTY,53823.85,53854.0,53823.85,53840.1,293647.0
2026-03-19 06:07:00+00:00,NSE:BANKNIFTY,53841.9,53853.1,53833.9,53840.9,294610.0
2026-03-19 06:08:00+00:00,NSE:BANKNIFTY,53839.65,53853.95,53838.6,53846.05,270277.0
2026-03-19 06:09:00+00:00,NSE:BANKNIFTY,53845.6,53851.5,53837.6,53850.05,315820.0
2026-03-19 06:10:00+00:00,NSE:BANKNIFTY,53847.55,53847.75,53817.65,53834.1,309249.0
2026-03-19 06:11:00+00:00,NSE:BANKNIFTY,53831.65,53842.45,53824.5,53833.8,402695.0
2026-03-19 06:12:00+00:00,NSE:BANKNIFTY,53830.85,53848.95,53830.85,53845.2,814298.0
2026-03-19 06:13:00+00:00,NSE:BANKNIFTY,53844.8,53855.5,53839.55,53848.6,988530.0
2026-03-19 06:14:00+00:00,NSE:BANKNIFTY,53850.35,53866.25,53850.2,53851.55,388295.0
2026-03-19 06:15:00+00:00,NSE:BANKNIFTY,53851.35,53851.35,53832.85,53840.65,476642.0
2026-03-19 06:16:00+00:00,NSE:BANKNIFTY,53842.25,53899.3,53839.7,53891.7,884273.0
2026-03-19 06:17:00+00:00,NSE:BANKNIFTY,53895.2,53910.65,53890.15,53907.6,568040.0
2026-03-19 06:18:00+00:00,NSE:BANKNIFTY,53907.1,53919.05,53905.35,53915.75,672082.0
2026-03-19 06:19:00+00:00,NSE:BANKNIFTY,53916.15,53916.15,53881.1,53897.8,555535.0
2026-03-19 06:20:00+00:00,NSE:BANKNIFTY,53894.7,53911.3,53890.9,53911.3,634000.0
2026-03-19 06:21:00+00:00,NSE:BANKNIFTY,53907.85,53927.1,53903.65,53921.0,471812.0
2026-03-19 06:22:00+00:00,NSE:BANKNIFTY,53919.2,53951.3,53913.7,53947.2,606561.0
2026-03-19 06:23:00+00:00,NSE:BANKNIFTY,53946.4,53953.55,53921.8,53921.8,305844.0
2026-03-19 06:24:00+00:00,NSE:BANKNIFTY,53923.9,53932.05,53915.35,53915.9,404283.0
2026-03-19 06:25:00+00:00,NSE:BANKNIFTY,53916.7,53928.8,53901.9,53916.4,403652.0
2026-03-19 06:26:00+00:00,NSE:BANKNIFTY,53914.8,53918.4,53898.95,53901.55,247993.0
2026-03-19 06:27:00+00:00,NSE:BANKNIFTY,53898.6,53917.8,53896.5,53911.35,302285.0
2026-03-19 06:28:00+00:00,NSE:BANKNIFTY,53909.9,53911.0,53894.25,53911.0,229530.0
2026-03-19 06:29:00+00:00,NSE:BANKNIFTY,53910.35,53914.5,53884.4,53886.75,993497.0
2026-03-19 06:30:00+00:00,NSE:BANKNIFTY,53888.3,53898.1,53877.25,53886.3,523477.0
2026-03-19 06:31:00+00:00,NSE:BANKNIFTY,53882.6,53893.15,53878.45,53880.65,418564.0
2026-03-19 06:32:00+00:00,NSE:BANKNIFTY,53883.9,53908.25,53880.5,53904.1,361029.0
2026-03-19 06:33:00+00:00,NSE:BANKNIFTY,53904.3,53913.15,53876.2,53881.05,327324.0
2026-03-19 06:34:00+00:00,NSE:BANKNIFTY,53880.6,53881.65,53864.2,53871.8,473885.0
2026-03-19 06:35:00+00:00,NSE:BANKNIFTY,53873.7,53884.5,53868.8,53883.35,414523.0
2026-03-19 06:36:00+00:00,NSE:BANKNIFTY,53886.85,53920.6,53885.55,53920.6,715729.0
2026-03-19 06:37:00+00:00,NSE:BANKNIFTY,53914.1,53925.15,53893.2,53899.55,483767.0
2026-03-19 06:38:00+00:00,NSE:BANKNIFTY,53897.3,53900.9,53877.0,53894.35,664162.0
2026-03-19 06:39:00+00:00,NSE:BANKNIFTY,53890.45,53926.6,53890.45,53919.9,531475.0
2026-03-19 06:40:00+00:00,NSE:BANKNIFTY,53915.85,53938.75,53910.65,53932.4,366036.0
2026-03-19 06:41:00+00:00,NSE:BANKNIFTY,53936.95,53975.3,53922.25,53967.85,526477.0
2026-03-19 06:42:00+00:00,NSE:BANKNIFTY,53967.6,54014.25,53962.65,53994.2,536891.0
2026-03-19 06:43:00+00:00,NSE:BANKNIFTY,53997.9,54013.55,53992.0,54013.55,640696.0
2026-03-19 06:44:00+00:00,NSE:BANKNIFTY,54011.0,54054.7,54000.65,54040.7,826296.0
2026-03-19 06:45:00+00:00,NSE:BANKNIFTY,54042.2,54045.2,54023.9,54032.25,358343.0
2026-03-19 06:46:00+00:00,NSE:BANKNIFTY,54038.45,54064.8,54031.25,54050.45,538755.0
2026-03-19 06:47:00+00:00,NSE:BANKNIFTY,54049.7,54088.65,54031.7,54085.75,628425.0
2026-03-19 06:48:00+00:00,NSE:BANKNIFTY,54085.05,54105.75,54079.7,54101.9,741097.0
2026-03-19 06:49:00+00:00,NSE:BANKNIFTY,54104.35,54105.3,54075.0,54079.3,324808.0
2026-03-19 06:50:00+00:00,NSE:BANKNIFTY,54076.4,54079.75,54025.9,54035.05,474566.0
2026-03-19 06:51:00+00:00,NSE:BANKNIFTY,54036.0,54036.0,54007.25,54026.6,465664.0
2026-03-19 06:52:00+00:00,NSE:BANKNIFTY,54023.3,54026.0,54004.1,54013.85,461965.0
2026-03-19 06:53:00+00:00,NSE:BANKNIFTY,54015.05,54024.65,53996.65,54000.1,332454.0
2026-03-19 06:54:00+00:00,NSE:BANKNIFTY,53998.15,54006.25,53989.7,54005.55,343743.0
2026-03-19 06:55:00+00:00,NSE:BANKNIFTY,54001.5,54031.9,53998.3,54031.6,522703.0
2026-03-19 06:56:00+00:00,NSE:BANKNIFTY,54032.3,54045.0,54011.2,54023.85,438921.0
2026-03-19 06:57:00+00:00,NSE:BANKNIFTY,54024.7,54034.9,54007.9,54013.35,498549.0
2026-03-19 06:58:00+00:00,NSE:BANKNIFTY,54011.5,54013.05,53984.2,53998.3,305895.0
2026-03-19 06:59:00+00:00,NSE:BANKNIFTY,53998.5,54029.4,53994.8,54024.05,404326.0
2026-03-19 07:00:00+00:00,NSE:BANKNIFTY,54024.85,54056.5,54021.4,54033.7,573646.0
2026-03-19 07:01:00+00:00,NSE:BANKNIFTY,54036.25,54045.55,54006.5,54010.05,415712.0
2026-03-19 07:02:00+00:00,NSE:BANKNIFTY,54009.0,54022.9,54004.95,54016.7,314216.0
2026-03-19 07:03:00+00:00,NSE:BANKNIFTY,54020.9,54021.65,53999.5,54017.55,377984.0
2026-03-19 07:04:00+00:00,NSE:BANKNIFTY,54016.2,54055.6,54015.75,54045.8,312324.0
2026-03-19 07:05:00+00:00,NSE:BANKNIFTY,54047.05,54067.65,54032.65,54066.85,241649.0
2026-03-19 07:06:00+00:00,NSE:BANKNIFTY,54063.8,54079.95,54053.1,54075.45,487828.0
2026-03-19 07:07:00+00:00,NSE:BANKNIFTY,54076.9,54102.55,54070.5,54097.9,729221.0
2026-03-19 07:08:00+00:00,NSE:BANKNIFTY,54097.25,54116.45,54089.0,54112.1,341110.0
2026-03-19 07:09:00+00:00,NSE:BANKNIFTY,54115.25,54126.65,54093.2,54098.6,380148.0
2026-03-19 07:10:00+00:00,NSE:BANKNIFTY,54100.35,54101.6,54064.7,54069.85,377077.0
2026-03-19 07:11:00+00:00,NSE:BANKNIFTY,54067.3,54071.45,54043.35,54052.8,326978.0
2026-03-19 07:12:00+00:00,NSE:BANKNIFTY,54050.8,54057.7,54041.7,54045.95,294908.0
2026-03-19 07:13:00+00:00,NSE:BANKNIFTY,54042.0,54044.45,54018.25,54029.95,418346.0
2026-03-19 07:14:00+00:00,NSE:BANKNIFTY,54028.05,54034.7,54017.75,54030.2,585123.0
2026-03-19 07:15:00+00:00,NSE:BANKNIFTY,54030.9,54048.75,54025.7,54048.75,596583.0
2026-03-19 07:16:00+00:00,NSE:BANKNIFTY,54043.45,54056.5,54028.6,54031.0,352290.0
2026-03-19 07:17:00+00:00,NSE:BANKNIFTY,54030.7,54042.15,54022.3,54028.2,861847.0
2026-03-19 07:18:00+00:00,NSE:BANKNIFTY,54026.35,54042.25,54017.4,54035.75,286263.0
2026-03-19 07:19:00+00:00,NSE:BANKNIFTY,54037.0,54121.2,54034.75,54116.45,1635929.0
2026-03-19 07:20:00+00:00,NSE:BANKNIFTY,54113.75,54135.5,54103.45,54117.15,649363.0
2026-03-19 07:21:00+00:00,NSE:BANKNIFTY,54111.05,54115.85,54089.6,54103.65,433382.0
2026-03-19 07:22:00+00:00,NSE:BANKNIFTY,54103.0,54112.65,54082.35,54083.5,467154.0
2026-03-19 07:23:00+00:00,NSE:BANKNIFTY,54088.25,54108.9,54076.7,54095.7,509613.0
2026-03-19 07:24:00+00:00,NSE:BANKNIFTY,54091.1,54141.85,54091.1,54141.55,497577.0
2026-03-19 07:25:00+00:00,NSE:BANKNIFTY,54143.45,54150.3,54118.7,54134.6,471640.0
2026-03-19 07:26:00+00:00,NSE:BANKNIFTY,54133.9,54144.1,54110.8,54121.15,234988.0
2026-03-19 07:27:00+00:00,NSE:BANKNIFTY,54119.65,54133.25,54114.45,54125.25,287247.0
2026-03-19 07:28:00+00:00,NSE:BANKNIFTY,54126.25,54134.9,54107.45,54133.4,306251.0
2026-03-19 07:29:00+00:00,NSE:BANKNIFTY,54131.35,54138.4,54127.1,54130.2,284587.0
2026-03-19 07:30:00+00:00,NSE:BANKNIFTY,54128.6,54135.6,54119.7,54134.6,562178.0
2026-03-19 07:31:00+00:00,NSE:BANKNIFTY,54131.15,54135.8,54102.85,54105.4,243584.0
2026-03-19 07:32:00+00:00,NSE:BANKNIFTY,54101.85,54110.2,54095.65,54097.55,884371.0
2026-03-19 07:33:00+00:00,NSE:BANKNIFTY,54096.9,54096.9,54080.35,54086.3,368631.0
2026-03-19 07:34:00+00:00,NSE:BANKNIFTY,54085.25,54089.15,54035.35,54049.9,609256.0
2026-03-19 07:35:00+00:00,NSE:BANKNIFTY,54048.9,54057.35,54039.15,54056.35,441017.0
2026-03-19 07:36:00+00:00,NSE:BANKNIFTY,54055.0,54068.35,54034.8,54068.35,316827.0
2026-03-19 07:37:00+00:00,NSE:BANKNIFTY,54064.45,54064.45,54040.45,54051.6,379974.0
2026-03-19 07:38:00+00:00,NSE:BANKNIFTY,54054.4,54054.75,54030.5,54040.8,489593.0
2026-03-19 07:39:00+00:00,NSE:BANKNIFTY,54039.6,54054.3,54034.85,54043.65,396242.0
2026-03-19 07:40:00+00:00,NSE:BANKNIFTY,54043.85,54101.2,54021.55,54021.55,1594856.0
2026-03-19 07:41:00+00:00,NSE:BANKNIFTY,54006.95,54046.65,54004.75,54032.3,737338.0
2026-03-19 07:42:00+00:00,NSE:BANKNIFTY,54035.0,54035.0,53993.8,53993.8,965956.0
2026-03-19 07:43:00+00:00,NSE:BANKNIFTY,53993.95,53999.55,53963.35,53967.25,789676.0
2026-03-19 07:44:00+00:00,NSE:BANKNIFTY,53968.05,53968.05,53923.95,53933.15,1368724.0
2026-03-19 07:45:00+00:00,NSE:BANKNIFTY,53932.2,53944.35,53924.1,53943.25,830387.0
2026-03-19 07:46:00+00:00,NSE:BANKNIFTY,53942.0,53970.3,53938.8,53967.4,683346.0
2026-03-19 07:47:00+00:00,NSE:BANKNIFTY,53964.4,53968.3,53944.85,53964.0,509548.0
2026-03-19 07:48:00+00:00,NSE:BANKNIFTY,53960.75,53965.75,53937.35,53963.65,460799.0
2026-03-19 07:49:00+00:00,NSE:BANKNIFTY,53963.6,53974.25,53955.15,53964.1,370965.0
2026-03-19 07:50:00+00:00,NSE:BANKNIFTY,53964.5,53985.85,53962.65,53980.6,291241.0
2026-03-19 07:51:00+00:00,NSE:BANKNIFTY,53974.55,53979.55,53964.05,53969.55,429703.0
2026-03-19 07:52:00+00:00,NSE:BANKNIFTY,53968.75,53985.3,53948.3,53965.85,582669.0
2026-03-19 07:53:00+00:00,NSE:BANKNIFTY,53967.75,53967.75,53932.9,53932.9,286449.0
2026-03-19 07:54:00+00:00,NSE:BANKNIFTY,53935.0,53940.9,53916.8,53920.05,526739.0
2026-03-19 07:55:00+00:00,NSE:BANKNIFTY,53917.85,53938.2,53911.4,53912.8,1070022.0
2026-03-19 07:56:00+00:00,NSE:BANKNIFTY,53915.05,53924.2,53890.9,53890.9,478352.0
2026-03-19 07:57:00+00:00,NSE:BANKNIFTY,53892.85,53894.05,53861.1,53867.2,1643159.0
2026-03-19 07:58:00+00:00,NSE:BANKNIFTY,53869.35,53890.8,53860.35,53863.9,442735.0
2026-03-19 07:59:00+00:00,NSE:BANKNIFTY,53861.05,53871.75,53850.4,53861.2,521217.0
2026-03-19 08:00:00+00:00,NSE:BANKNIFTY,53862.6,53905.05,53854.5,53895.6,1083891.0
2026-03-19 08:01:00+00:00,NSE:BANKNIFTY,53900.6,53915.0,53892.15,53901.5,403204.0
2026-03-19 08:02:00+00:00,NSE:BANKNIFTY,53900.9,53900.9,53869.45,53882.0,503749.0
2026-03-19 08:03:00+00:00,NSE:BANKNIFTY,53880.65,53894.6,53870.5,53890.65,335453.0
2026-03-19 08:04:00+00:00,NSE:BANKNIFTY,53888.7,53888.7,53863.25,53863.25,325379.0
2026-03-19 08:05:00+00:00,NSE:BANKNIFTY,53867.85,53879.05,53864.4,53879.05,279528.0
2026-03-19 08:06:00+00:00,NSE:BANKNIFTY,53879.55,53902.1,53871.25,53896.35,459725.0
2026-03-19 08:07:00+00:00,NSE:BANKNIFTY,53896.25,53916.8,53886.45,53916.0,270560.0
2026-03-19 08:08:00+00:00,NSE:BANKNIFTY,53915.35,53931.05,53909.05,53929.65,286195.0
2026-03-19 08:09:00+00:00,NSE:BANKNIFTY,53932.05,53953.2,53925.7,53952.95,432501.0
2026-03-19 08:10:00+00:00,NSE:BANKNIFTY,53952.7,53968.9,53937.2,53939.35,507134.0
2026-03-19 08:11:00+00:00,NSE:BANKNIFTY,53936.8,53959.5,53931.8,53956.95,491508.0
2026-03-19 08:12:00+00:00,NSE:BANKNIFTY,53957.9,53977.2,53957.9,53971.15,350294.0
2026-03-19 08:13:00+00:00,NSE:BANKNIFTY,53972.8,53975.25,53950.8,53951.95,262409.0
2026-03-19 08:14:00+00:00,NSE:BANKNIFTY,53953.75,53959.25,53925.75,53932.45,434028.0
2026-03-19 08:15:00+00:00,NSE:BANKNIFTY,53930.55,53940.7,53924.75,53933.85,343750.0
2026-03-19 08:16:00+00:00,NSE:BANKNIFTY,53935.9,53938.1,53913.35,53916.55,396333.0
2026-03-19 08:17:00+00:00,NSE:BANKNIFTY,53918.65,53935.3,53892.7,53929.15,336659.0
2026-03-19 08:18:00+00:00,NSE:BANKNIFTY,53932.3,53933.25,53895.3,53901.8,462350.0
2026-03-19 08:19:00+00:00,NSE:BANKNIFTY,53903.8,53906.15,53890.2,53895.6,315581.0
2026-03-19 08:20:00+00:00,NSE:BANKNIFTY,53892.85,53909.4,53890.0,53904.8,343034.0
2026-03-19 08:21:00+00:00,NSE:BANKNIFTY,53902.2,53913.4,53902.2,53903.95,332877.0
2026-03-19 08:22:00+00:00,NSE:BANKNIFTY,53906.65,53909.45,53889.6,53903.85,428511.0
2026-03-19 08:23:00+00:00,NSE:BANKNIFTY,53903.4,53913.7,53884.95,53884.95,290406.0
2026-03-19 08:24:00+00:00,NSE:BANKNIFTY,53886.7,53909.4,53871.4,53907.3,328119.0
2026-03-19 08:25:00+00:00,NSE:BANKNIFTY,53905.9,53913.4,53889.1,53890.9,411904.0
2026-03-19 08:26:00+00:00,NSE:BANKNIFTY,53893.8,53908.45,53860.95,53862.55,623135.0
2026-03-19 08:27:00+00:00,NSE:BANKNIFTY,53865.25,53866.7,53827.1,53828.45,777995.0
2026-03-19 08:28:00+00:00,NSE:BANKNIFTY,53823.1,53848.6,53822.1,53837.4,346435.0
2026-03-19 08:29:00+00:00,NSE:BANKNIFTY,53836.55,53842.45,53814.3,53824.35,557498.0
2026-03-19 08:30:00+00:00,NSE:BANKNIFTY,53825.7,53852.5,53818.95,53845.2,783928.0
2026-03-19 08:31:00+00:00,NSE:BANKNIFTY,53845.7,53846.85,53823.2,53833.55,339047.0
2026-03-19 08:32:00+00:00,NSE:BANKNIFTY,53829.6,53846.15,53819.25,53821.2,475749.0
2026-03-19 08:33:00+00:00,NSE:BANKNIFTY,53821.9,53823.95,53748.85,53777.65,1501184.0
2026-03-19 08:34:00+00:00,NSE:BANKNIFTY,53776.0,53782.45,53739.45,53762.95,487018.0
2026-03-19 08:35:00+00:00,NSE:BANKNIFTY,53762.5,53765.9,53736.0,53741.95,696607.0
2026-03-19 08:36:00+00:00,NSE:BANKNIFTY,53747.45,53758.05,53727.7,53737.2,844648.0
2026-03-19 08:37:00+00:00,NSE:BANKNIFTY,53735.55,53753.15,53732.7,53739.95,703808.0
2026-03-19 08:38:00+00:00,NSE:BANKNIFTY,53741.25,53752.35,53737.75,53737.75,421789.0
2026-03-19 08:39:00+00:00,NSE:BANKNIFTY,53742.6,53742.9,53688.2,53688.2,899877.0
2026-03-19 08:40:00+00:00,NSE:BANKNIFTY,53692.05,53696.55,53680.8,53692.25,1656441.0
2026-03-19 08:41:00+00:00,NSE:BANKNIFTY,53689.65,53717.1,53689.3,53706.45,635227.0
2026-03-19 08:42:00+00:00,NSE:BANKNIFTY,53702.7,53705.9,53660.15,53673.0,633556.0
2026-03-19 08:43:00+00:00,NSE:BANKNIFTY,53675.9,53711.3,53672.1,53685.25,1066446.0
2026-03-19 08:44:00+00:00,NSE:BANKNIFTY,53683.7,53717.3,53671.0,53700.3,667253.0
2026-03-19 08:45:00+00:00,NSE:BANKNIFTY,53701.95,53748.7,53687.35,53743.25,1054248.0
2026-03-19 08:46:00+00:00,NSE:BANKNIFTY,53736.3,53740.5,53704.2,53709.65,371877.0
2026-03-19 08:47:00+00:00,NSE:BANKNIFTY,53714.7,53767.7,53709.95,53767.6,504577.0
2026-03-19 08:48:00+00:00,NSE:BANKNIFTY,53765.5,53793.35,53762.85,53763.15,551244.0
2026-03-19 08:49:00+00:00,NSE:BANKNIFTY,53763.9,53763.9,53733.75,53747.75,314232.0
2026-03-19 08:50:00+00:00,NSE:BANKNIFTY,53748.25,53748.35,53714.35,53724.4,409735.0
2026-03-19 08:51:00+00:00,NSE:BANKNIFTY,53722.9,53731.7,53694.05,53695.15,531153.0
2026-03-19 08:52:00+00:00,NSE:BANKNIFTY,53697.4,53719.55,53688.45,53708.95,822136.0
2026-03-19 08:53:00+00:00,NSE:BANKNIFTY,53711.25,53742.0,53704.6,53739.4,408192.0
2026-03-19 08:54:00+00:00,NSE:BANKNIFTY,53744.15,53762.5,53736.8,53746.35,500921.0
2026-03-19 08:55:00+00:00,NSE:BANKNIFTY,53745.25,53750.95,53714.35,53717.85,628682.0
2026-03-19 08:56:00+00:00,NSE:BANKNIFTY,53719.25,53722.6,53688.15,53694.6,506590.0
2026-03-19 08:57:00+00:00,NSE:BANKNIFTY,53687.6,53713.2,53684.05,53712.8,855607.0
2026-03-19 08:58:00+00:00,NSE:BANKNIFTY,53712.5,53715.55,53686.0,53691.1,456280.0
2026-03-19 08:59:00+00:00,NSE:BANKNIFTY,53691.9,53707.65,53680.9,53686.9,444901.0
2026-03-19 09:00:00+00:00,NSE:BANKNIFTY,53691.3,53711.4,53685.8,53690.55,566477.0
2026-03-19 09:01:00+00:00,NSE:BANKNIFTY,53692.2,53706.5,53683.45,53697.2,400738.0
2026-03-19 09:02:00+00:00,NSE:BANKNIFTY,53697.55,53736.35,53675.85,53734.5,928630.0
2026-03-19 09:03:00+00:00,NSE:BANKNIFTY,53728.65,53729.15,53708.0,53726.6,475567.0
2026-03-19 09:04:00+00:00,NSE:BANKNIFTY,53722.95,53726.95,53687.35,53713.45,538318.0
2026-03-19 09:05:00+00:00,NSE:BANKNIFTY,53712.1,53731.85,53703.35,53707.2,1442342.0
2026-03-19 09:06:00+00:00,NSE:BANKNIFTY,53704.15,53711.85,53681.7,53689.15,588569.0
2026-03-19 09:07:00+00:00,NSE:BANKNIFTY,53691.35,53702.3,53684.45,53686.25,627912.0
2026-03-19 09:08:00+00:00,NSE:BANKNIFTY,53687.75,53697.85,53656.7,53660.75,611133.0
2026-03-19 09:09:00+00:00,NSE:BANKNIFTY,53658.65,53668.35,53638.8,53638.8,655728.0
2026-03-19 09:10:00+00:00,NSE:BANKNIFTY,53639.7,53670.2,53638.85,53666.7,1172226.0
2026-03-19 09:11:00+00:00,NSE:BANKNIFTY,53667.55,53667.55,53648.9,53651.7,938608.0
2026-03-19 09:12:00+00:00,NSE:BANKNIFTY,53652.35,53652.8,53607.65,53631.2,1301082.0
2026-03-19 09:13:00+00:00,NSE:BANKNIFTY,53632.2,53632.2,53602.95,53621.35,1659992.0
2026-03-19 09:14:00+00:00,NSE:BANKNIFTY,53625.0,53709.0,53625.0,53698.9,1773401.0
2026-03-19 09:15:00+00:00,NSE:BANKNIFTY,53696.85,53714.75,53687.7,53702.0,841807.0
2026-03-19 09:16:00+00:00,NSE:BANKNIFTY,53700.55,53742.05,53688.0,53700.1,876148.0
2026-03-19 09:17:00+00:00,NSE:BANKNIFTY,53705.6,53710.3,53650.6,53665.15,576351.0
2026-03-19 09:18:00+00:00,NSE:BANKNIFTY,53661.05,53665.3,53608.9,53622.15,1618248.0
2026-03-19 09:19:00+00:00,NSE:BANKNIFTY,53617.75,53655.6,53615.6,53645.65,823354.0
2026-03-19 09:20:00+00:00,NSE:BANKNIFTY,53642.75,53651.7,53615.55,53642.85,832533.0
2026-03-19 09:21:00+00:00,NSE:BANKNIFTY,53639.9,53644.55,53620.65,53629.85,529753.0
2026-03-19 09:22:00+00:00,NSE:BANKNIFTY,53627.25,53631.5,53611.0,53616.25,541913.0
2026-03-19 09:23:00+00:00,NSE:BANKNIFTY,53618.9,53623.45,53539.0,53539.0,1041241.0
2026-03-19 09:24:00+00:00,NSE:BANKNIFTY,53539.85,53553.45,53532.8,53551.25,795752.0
2026-03-19 09:25:00+00:00,NSE:BANKNIFTY,53550.55,53571.45,53426.85,53428.4,3189159.0
2026-03-19 09:26:00+00:00,NSE:BANKNIFTY,53420.6,53435.2,53350.8,53385.95,3601711.0
2026-03-19 09:27:00+00:00,NSE:BANKNIFTY,53381.15,53395.0,53354.75,53364.6,1665248.0
2026-03-19 09:28:00+00:00,NSE:BANKNIFTY,53361.9,53380.25,53345.8,53348.75,1432170.0
2026-03-19 09:29:00+00:00,NSE:BANKNIFTY,53346.75,53366.45,53274.65,53284.85,2182020.0
2026-03-19 09:30:00+00:00,NSE:BANKNIFTY,53287.25,53307.95,53240.6,53307.95,4199392.0
2026-03-19 09:31:00+00:00,NSE:BANKNIFTY,53305.9,53435.75,53299.4,53423.7,3006239.0
2026-03-19 09:32:00+00:00,NSE:BANKNIFTY,53434.3,53492.85,53432.8,53465.5,2728632.0
2026-03-19 09:33:00+00:00,NSE:BANKNIFTY,53464.7,53472.2,53436.8,53437.4,1803968.0
2026-03-19 09:34:00+00:00,NSE:BANKNIFTY,53436.1,53468.9,53429.1,53442.2,2011217.0
2026-03-19 09:35:00+00:00,NSE:BANKNIFTY,53437.0,53448.75,53332.65,53338.1,1867753.0
2026-03-19 09:36:00+00:00,NSE:BANKNIFTY,53337.05,53391.55,53322.3,53389.9,2036324.0
2026-03-19 09:37:00+00:00,NSE:BANKNIFTY,53383.85,53400.7,53309.3,53309.3,1682680.0
2026-03-19 09:38:00+00:00,NSE:BANKNIFTY,53311.6,53332.15,53291.65,53332.15,1806755.0
2026-03-19 09:39:00+00:00,NSE:BANKNIFTY,53325.65,53335.2,53312.35,53312.9,2020896.0
2026-03-19 09:40:00+00:00,NSE:BANKNIFTY,53325.15,53371.2,53303.25,53360.7,2361597.0
2026-03-19 09:41:00+00:00,NSE:BANKNIFTY,53360.35,53435.2,53347.5,53433.95,2149726.0
2026-03-19 09:42:00+00:00,NSE:BANKNIFTY,53431.05,53453.0,53396.3,53403.8,2008686.0
2026-03-19 09:43:00+00:00,NSE:BANKNIFTY,53404.9,53415.25,53379.3,53389.0,1621104.0
2026-03-19 09:44:00+00:00,NSE:BANKNIFTY,53389.3,53389.3,53350.25,53384.4,1988699.0
2026-03-19 09:45:00+00:00,NSE:BANKNIFTY,53382.25,53428.9,53366.2,53394.1,1678024.0
2026-03-19 09:46:00+00:00,NSE:BANKNIFTY,53394.0,53407.55,53379.55,53407.55,1635281.0
2026-03-19 09:47:00+00:00,NSE:BANKNIFTY,53403.95,53452.4,53397.9,53452.4,1593630.0
2026-03-19 09:48:00+00:00,NSE:BANKNIFTY,53451.8,53541.55,53438.6,53538.6,2319333.0
2026-03-19 09:49:00+00:00,NSE:BANKNIFTY,53537.95,53556.8,53526.55,53556.8,1529993.0
2026-03-19 09:50:00+00:00,NSE:BANKNIFTY,53555.75,53642.7,53551.7,53640.25,2159961.0
2026-03-19 09:51:00+00:00,NSE:BANKNIFTY,53640.8,53662.6,53584.0,53630.85,2212984.0
2026-03-19 09:52:00+00:00,NSE:BANKNIFTY,53622.2,53645.45,53595.7,53599.2,1537155.0
2026-03-19 09:53:00+00:00,NSE:BANKNIFTY,53589.9,53622.6,53585.65,53613.0,1275221.0
2026-03-19 09:54:00+00:00,NSE:BANKNIFTY,53614.55,53645.45,53596.4,53640.45,2137120.0
2026-03-19 09:55:00+00:00,NSE:BANKNIFTY,53640.35,53671.0,53631.6,53667.35,2516984.0
2026-03-19 09:56:00+00:00,NSE:BANKNIFTY,53665.85,53682.7,53652.55,53666.7,1566636.0
2026-03-19 09:57:00+00:00,NSE:BANKNIFTY,53668.0,53675.8,53620.7,53631.0,1465504.0
2026-03-19 09:58:00+00:00,NSE:BANKNIFTY,53627.75,53663.35,53613.1,53663.35,1206400.0
2026-03-19 09:59:00+00:00,NSE:BANKNIFTY,53655.75,53699.85,53648.15,53693.0,1542361.0
2026-03-20 03:45:00+00:00,NSE:BANKNIFTY,53677.6,54005.7,53657.5,53966.15,10941900.0
2026-03-20 03:46:00+00:00,NSE:BANKNIFTY,53967.9,54080.0,53967.15,54076.5,5553684.0
2026-03-20 03:47:00+00:00,NSE:BANKNIFTY,54085.15,54107.25,54043.55,54084.35,3362308.0
2026-03-20 03:48:00+00:00,NSE:BANKNIFTY,54086.2,54206.95,54080.1,54181.45,3884211.0
2026-03-20 03:49:00+00:00,NSE:BANKNIFTY,54178.75,54204.45,54138.45,54195.4,2236921.0
2026-03-20 03:50:00+00:00,NSE:BANKNIFTY,54198.5,54257.75,54198.5,54237.2,3165380.0
2026-03-20 03:51:00+00:00,NSE:BANKNIFTY,54240.7,54240.7,54106.8,54108.7,2338576.0
2026-03-20 03:52:00+00:00,NSE:BANKNIFTY,54106.45,54180.3,54058.85,54165.8,2728135.0
2026-03-20 03:53:00+00:00,NSE:BANKNIFTY,54178.75,54207.1,54176.5,54193.2,2455565.0
2026-03-20 03:54:00+00:00,NSE:BANKNIFTY,54195.3,54195.3,54150.3,54177.2,1627070.0
2026-03-20 03:55:00+00:00,NSE:BANKNIFTY,54179.25,54218.25,54173.95,54197.35,1943783.0
2026-03-20 03:56:00+00:00,NSE:BANKNIFTY,54193.95,54202.55,54155.4,54176.85,1278266.0
2026-03-20 03:57:00+00:00,NSE:BANKNIFTY,54179.4,54215.85,54174.7,54205.05,1975720.0
2026-03-20 03:58:00+00:00,NSE:BANKNIFTY,54205.7,54218.25,54194.35,54200.4,1694737.0
2026-03-20 03:59:00+00:00,NSE:BANKNIFTY,54205.5,54223.65,54192.75,54207.35,1706364.0
2026-03-20 04:00:00+00:00,NSE:BANKNIFTY,54211.85,54246.3,54208.0,54209.5,1254961.0
2026-03-20 04:01:00+00:00,NSE:BANKNIFTY,54210.3,54242.25,54205.9,54235.6,901883.0
2026-03-20 04:02:00+00:00,NSE:BANKNIFTY,54239.4,54369.2,54234.65,54362.9,1809948.0
2026-03-20 04:03:00+00:00,NSE:BANKNIFTY,54363.7,54370.15,54339.2,54350.7,1639424.0
2026-03-20 04:04:00+00:00,NSE:BANKNIFTY,54347.95,54366.85,54334.55,54364.1,1266950.0
2026-03-20 04:05:00+00:00,NSE:BANKNIFTY,54362.4,54382.45,54302.1,54308.95,1360700.0
2026-03-20 04:06:00+00:00,NSE:BANKNIFTY,54306.65,54324.05,54288.2,54316.3,1475628.0
2026-03-20 04:07:00+00:00,NSE:BANKNIFTY,54318.8,54329.7,54248.0,54251.4,1353482.0
2026-03-20 04:08:00+00:00,NSE:BANKNIFTY,54252.55,54267.2,54239.15,54247.65,1493086.0
2026-03-20 04:09:00+00:00,NSE:BANKNIFTY,54247.75,54297.8,54247.75,54261.8,1314376.0
2026-03-20 04:10:00+00:00,NSE:BANKNIFTY,54264.25,54264.25,54214.25,54226.55,1174524.0
2026-03-20 04:11:00+00:00,NSE:BANKNIFTY,54227.65,54232.15,54199.6,54222.75,1303033.0
2026-03-20 04:12:00+00:00,NSE:BANKNIFTY,54221.05,54233.9,54210.7,54221.0,858468.0
2026-03-20 04:13:00+00:00,NSE:BANKNIFTY,54222.85,54227.1,54178.5,54187.4,733792.0
2026-03-20 04:14:00+00:00,NSE:BANKNIFTY,54185.0,54227.65,54154.3,54157.45,1913607.0
2026-03-20 04:15:00+00:00,NSE:BANKNIFTY,54152.75,54176.95,54151.7,54167.9,1140277.0
2026-03-20 04:16:00+00:00,NSE:BANKNIFTY,54166.15,54169.8,54133.05,54151.5,1393104.0
2026-03-20 04:17:00+00:00,NSE:BANKNIFTY,54152.5,54216.85,54152.5,54175.4,1788453.0
2026-03-20 04:18:00+00:00,NSE:BANKNIFTY,54179.8,54211.1,54153.7,54198.1,985899.0
2026-03-20 04:19:00+00:00,NSE:BANKNIFTY,54196.3,54202.45,54160.2,54188.75,986795.0
2026-03-20 04:20:00+00:00,NSE:BANKNIFTY,54195.1,54209.9,54193.95,54205.9,969029.0
2026-03-20 04:21:00+00:00,NSE:BANKNIFTY,54205.65,54205.65,54150.4,54171.05,1014187.0
2026-03-20 04:22:00+00:00,NSE:BANKNIFTY,54174.2,54182.35,54162.55,54162.95,557984.0
2026-03-20 04:23:00+00:00,NSE:BANKNIFTY,54158.3,54166.4,54105.25,54112.05,664750.0
2026-03-20 04:24:00+00:00,NSE:BANKNIFTY,54111.45,54117.05,54098.65,54115.45,576742.0
2026-03-20 04:25:00+00:00,NSE:BANKNIFTY,54112.1,54149.25,54109.0,54149.25,524936.0
2026-03-20 04:26:00+00:00,NSE:BANKNIFTY,54147.25,54176.05,54133.6,54133.95,892063.0
2026-03-20 04:27:00+00:00,NSE:BANKNIFTY,54131.25,54138.5,54114.8,54122.25,809944.0
2026-03-20 04:28:00+00:00,NSE:BANKNIFTY,54123.1,54137.95,54096.0,54103.5,710744.0
2026-03-20 04:29:00+00:00,NSE:BANKNIFTY,54104.4,54171.5,54102.75,54143.15,753106.0
2026-03-20 04:30:00+00:00,NSE:BANKNIFTY,54142.25,54145.25,54119.85,54131.45,559527.0
2026-03-20 04:31:00+00:00,NSE:BANKNIFTY,54132.25,54134.7,54071.05,54107.55,1239668.0
2026-03-20 04:32:00+00:00,NSE:BANKNIFTY,54109.6,54122.4,54067.0,54086.35,648121.0
2026-03-20 04:33:00+00:00,NSE:BANKNIFTY,54089.25,54105.95,54061.85,54064.8,579603.0
2026-03-20 04:34:00+00:00,NSE:BANKNIFTY,54066.3,54074.55,54044.2,54064.35,419674.0
2026-03-20 04:35:00+00:00,NSE:BANKNIFTY,54065.3,54104.1,54052.85,54104.1,658430.0
2026-03-20 04:36:00+00:00,NSE:BANKNIFTY,54107.65,54119.05,54085.55,54096.05,719222.0
2026-03-20 04:37:00+00:00,NSE:BANKNIFTY,54096.45,54096.45,54059.15,54061.2,566451.0
2026-03-20 04:38:00+00:00,NSE:BANKNIFTY,54064.55,54064.55,54036.95,54041.55,648876.0
2026-03-20 04:39:00+00:00,NSE:BANKNIFTY,54039.45,54072.35,54027.0,54072.35,774398.0
2026-03-20 04:40:00+00:00,NSE:BANKNIFTY,54065.65,54082.35,54055.5,54055.5,509407.0
2026-03-20 04:41:00+00:00,NSE:BANKNIFTY,54054.3,54069.35,54041.8,54062.05,630205.0
2026-03-20 04:42:00+00:00,NSE:BANKNIFTY,54064.0,54072.35,54037.65,54038.65,659437.0
2026-03-20 04:43:00+00:00,NSE:BANKNIFTY,54040.85,54048.2,54018.7,54034.1,462720.0
2026-03-20 04:44:00+00:00,NSE:BANKNIFTY,54035.95,54045.3,54015.45,54015.45,436920.0
2026-03-20 04:45:00+00:00,NSE:BANKNIFTY,54017.1,54021.15,53984.9,53989.0,637697.0
2026-03-20 04:46:00+00:00,NSE:BANKNIFTY,53989.85,54015.95,53984.25,53993.65,658568.0
2026-03-20 04:47:00+00:00,NSE:BANKNIFTY,53994.0,53994.0,53952.35,53959.15,854154.0
2026-03-20 04:48:00+00:00,NSE:BANKNIFTY,53959.85,53973.6,53918.75,53929.4,769277.0
2026-03-20 04:49:00+00:00,NSE:BANKNIFTY,53932.55,53974.55,53911.8,53969.05,1097100.0
2026-03-20 04:50:00+00:00,NSE:BANKNIFTY,53971.25,53996.8,53960.4,53970.7,640829.0
2026-03-20 04:51:00+00:00,NSE:BANKNIFTY,53966.6,53966.6,53930.95,53941.7,633881.0
2026-03-20 04:52:00+00:00,NSE:BANKNIFTY,53941.8,53949.0,53935.3,53943.2,492205.0
2026-03-20 04:53:00+00:00,NSE:BANKNIFTY,53944.0,54004.65,53942.5,53984.9,983789.0
2026-03-20 04:54:00+00:00,NSE:BANKNIFTY,53981.55,53997.1,53959.55,53993.8,409287.0
2026-03-20 04:55:00+00:00,NSE:BANKNIFTY,53990.25,54023.6,53980.35,54013.85,879038.0
2026-03-20 04:56:00+00:00,NSE:BANKNIFTY,54013.7,54047.65,54006.65,54046.35,525776.0
2026-03-20 04:57:00+00:00,NSE:BANKNIFTY,54044.05,54044.05,54005.1,54020.1,707766.0
2026-03-20 04:58:00+00:00,NSE:BANKNIFTY,54019.75,54041.9,54007.55,54027.7,767995.0
2026-03-20 04:59:00+00:00,NSE:BANKNIFTY,54028.35,54034.0,54006.8,54027.9,567795.0
2026-03-20 05:00:00+00:00,NSE:BANKNIFTY,54029.0,54071.4,54024.15,54059.3,675174.0
2026-03-20 05:01:00+00:00,NSE:BANKNIFTY,54060.5,54082.65,54029.4,54036.15,684413.0
2026-03-20 05:02:00+00:00,NSE:BANKNIFTY,54035.6,54074.05,54035.45,54066.05,407044.0
2026-03-20 05:03:00+00:00,NSE:BANKNIFTY,54065.65,54079.3,54059.85,54068.15,331206.0
2026-03-20 05:04:00+00:00,NSE:BANKNIFTY,54068.95,54083.95,54050.65,54053.8,689063.0
2026-03-20 05:05:00+00:00,NSE:BANKNIFTY,54053.45,54073.0,54051.35,54063.45,556882.0
2026-03-20 05:06:00+00:00,NSE:BANKNIFTY,54062.0,54080.8,54058.45,54076.75,284118.0
2026-03-20 05:07:00+00:00,NSE:BANKNIFTY,54075.85,54082.95,54035.9,54051.0,992023.0
2026-03-20 05:08:00+00:00,NSE:BANKNIFTY,54046.25,54070.55,54041.1,54059.95,573782.0
2026-03-20 05:09:00+00:00,NSE:BANKNIFTY,54059.2,54061.65,54043.6,54061.6,385336.0
2026-03-20 05:10:00+00:00,NSE:BANKNIFTY,54059.8,54083.3,54053.2,54074.4,858649.0
2026-03-20 05:11:00+00:00,NSE:BANKNIFTY,54074.8,54085.6,54057.25,54072.85,614651.0
2026-03-20 05:12:00+00:00,NSE:BANKNIFTY,54072.5,54110.0,54070.55,54082.85,671384.0
2026-03-20 05:13:00+00:00,NSE:BANKNIFTY,54084.45,54085.45,54062.7,54066.05,334550.0
2026-03-20 05:14:00+00:00,NSE:BANKNIFTY,54065.95,54072.4,54053.0,54063.1,689377.0
2026-03-20 05:15:00+00:00,NSE:BANKNIFTY,54060.85,54096.15,54059.15,54096.15,830622.0
2026-03-20 05:16:00+00:00,NSE:BANKNIFTY,54095.1,54154.2,54091.65,54132.2,1818682.0
2026-03-20 05:17:00+00:00,NSE:BANKNIFTY,54135.25,54135.25,54070.45,54072.7,788696.0
2026-03-20 05:18:00+00:00,NSE:BANKNIFTY,54074.7,54077.65,54031.4,54035.95,595801.0
2026-03-20 05:19:00+00:00,NSE:BANKNIFTY,54036.6,54098.8,54032.1,54098.8,494731.0
2026-03-20 05:20:00+00:00,NSE:BANKNIFTY,54098.1,54106.45,54094.45,54100.85,499703.0
2026-03-20 05:21:00+00:00,NSE:BANKNIFTY,54098.85,54121.9,54087.75,54098.3,720374.0
2026-03-20 05:22:00+00:00,NSE:BANKNIFTY,54097.65,54112.0,54087.55,54104.85,829199.0
2026-03-20 05:23:00+00:00,NSE:BANKNIFTY,54104.4,54142.1,54101.9,54128.5,674713.0
2026-03-20 05:24:00+00:00,NSE:BANKNIFTY,54129.7,54148.45,54114.0,54143.0,837805.0
2026-03-20 05:25:00+00:00,NSE:BANKNIFTY,54142.55,54143.45,54123.75,54126.4,605512.0
2026-03-20 05:26:00+00:00,NSE:BANKNIFTY,54125.75,54140.75,54068.85,54081.1,658549.0
2026-03-20 05:27:00+00:00,NSE:BANKNIFTY,54080.2,54082.7,54038.3,54068.1,974451.0
2026-03-20 05:28:00+00:00,NSE:BANKNIFTY,54066.45,54066.45,54036.95,54060.2,599146.0
2026-03-20 05:29:00+00:00,NSE:BANKNIFTY,54063.1,54101.55,54053.35,54096.9,616905.0
2026-03-20 05:30:00+00:00,NSE:BANKNIFTY,54094.1,54116.25,54085.1,54107.8,454824.0
2026-03-20 05:31:00+00:00,NSE:BANKNIFTY,54108.45,54112.9,54079.5,54111.95,662289.0
2026-03-20 05:32:00+00:00,NSE:BANKNIFTY,54111.5,54113.2,54083.5,54084.45,387609.0
2026-03-20 05:33:00+00:00,NSE:BANKNIFTY,54084.3,54093.75,54060.55,54064.7,674233.0
2026-03-20 05:34:00+00:00,NSE:BANKNIFTY,54066.6,54071.4,54036.65,54049.1,711862.0
2026-03-20 05:35:00+00:00,NSE:BANKNIFTY,54047.8,54066.5,54038.15,54063.0,347212.0
2026-03-20 05:36:00+00:00,NSE:BANKNIFTY,54061.25,54065.9,54032.75,54040.15,844177.0
2026-03-20 05:37:00+00:00,NSE:BANKNIFTY,54043.05,54099.8,54033.7,54098.8,676730.0
2026-03-20 05:38:00+00:00,NSE:BANKNIFTY,54098.4,54100.15,54074.8,54087.3,571849.0
2026-03-20 05:39:00+00:00,NSE:BANKNIFTY,54089.85,54089.85,54078.8,54078.95,484685.0
2026-03-20 05:40:00+00:00,NSE:BANKNIFTY,54079.8,54100.9,54079.8,54085.9,740595.0
2026-03-20 05:41:00+00:00,NSE:BANKNIFTY,54085.8,54085.95,54047.35,54062.45,363823.0
2026-03-20 05:42:00+00:00,NSE:BANKNIFTY,54062.2,54075.55,54036.6,54070.55,1106328.0
2026-03-20 05:43:00+00:00,NSE:BANKNIFTY,54070.5,54087.0,54059.05,54064.8,277346.0
2026-03-20 05:44:00+00:00,NSE:BANKNIFTY,54063.15,54096.95,54063.15,54092.4,910501.0
2026-03-20 05:45:00+00:00,NSE:BANKNIFTY,54092.3,54134.85,54076.9,54128.6,729409.0
2026-03-20 05:46:00+00:00,NSE:BANKNIFTY,54129.5,54129.5,54116.9,54125.3,345552.0
2026-03-20 05:47:00+00:00,NSE:BANKNIFTY,54124.2,54136.8,54108.95,54133.25,1461562.0
2026-03-20 05:48:00+00:00,NSE:BANKNIFTY,54135.4,54155.15,54116.7,54155.15,868943.0
2026-03-20 05:49:00+00:00,NSE:BANKNIFTY,54153.65,54157.85,54133.15,54153.25,977367.0
2026-03-20 05:50:00+00:00,NSE:BANKNIFTY,54151.75,54178.75,54144.65,54147.9,1413993.0
2026-03-20 05:51:00+00:00,NSE:BANKNIFTY,54150.55,54240.65,54149.8,54240.6,1873597.0
2026-03-20 05:52:00+00:00,NSE:BANKNIFTY,54238.55,54249.3,54198.3,54202.2,704360.0
2026-03-20 05:53:00+00:00,NSE:BANKNIFTY,54201.65,54218.25,54195.65,54207.25,718472.0
2026-03-20 05:54:00+00:00,NSE:BANKNIFTY,54206.25,54209.1,54184.35,54184.35,874574.0
2026-03-20 05:55:00+00:00,NSE:BANKNIFTY,54187.45,54191.6,54165.65,54168.65,854263.0
2026-03-20 05:56:00+00:00,NSE:BANKNIFTY,54169.65,54177.2,54165.45,54177.2,680983.0
2026-03-20 05:57:00+00:00,NSE:BANKNIFTY,54174.1,54182.0,54167.65,54177.05,297151.0
2026-03-20 05:58:00+00:00,NSE:BANKNIFTY,54175.1,54180.65,54108.2,54114.35,581762.0
2026-03-20 05:59:00+00:00,NSE:BANKNIFTY,54113.65,54126.8,54099.7,54121.65,547196.0
2026-03-20 06:00:00+00:00,NSE:BANKNIFTY,54120.85,54152.85,54120.75,54146.1,537895.0
2026-03-20 06:01:00+00:00,NSE:BANKNIFTY,54146.4,54154.45,54136.55,54151.3,571297.0
2026-03-20 06:02:00+00:00,NSE:BANKNIFTY,54150.4,54156.05,54143.5,54144.85,458690.0
2026-03-20 06:03:00+00:00,NSE:BANKNIFTY,54145.35,54151.45,54131.0,54131.45,569331.0
2026-03-20 06:04:00+00:00,NSE:BANKNIFTY,54127.0,54127.0,54101.35,54104.7,591281.0
2026-03-20 06:05:00+00:00,NSE:BANKNIFTY,54101.5,54108.4,54074.4,54105.25,859215.0
2026-03-20 06:06:00+00:00,NSE:BANKNIFTY,54105.0,54118.4,54085.35,54094.0,454501.0
2026-03-20 06:07:00+00:00,NSE:BANKNIFTY,54093.95,54103.0,54086.75,54098.95,340422.0
2026-03-20 06:08:00+00:00,NSE:BANKNIFTY,54094.05,54105.2,54074.15,54081.6,1163533.0
2026-03-20 06:09:00+00:00,NSE:BANKNIFTY,54077.6,54102.4,54075.0,54075.0,973247.0
2026-03-20 06:10:00+00:00,NSE:BANKNIFTY,54078.6,54087.2,54058.3,54058.3,505151.0
2026-03-20 06:11:00+00:00,NSE:BANKNIFTY,54056.9,54065.6,54038.35,54046.75,556098.0
2026-03-20 06:12:00+00:00,NSE:BANKNIFTY,54047.05,54054.9,54021.5,54031.45,1092040.0
2026-03-20 06:13:00+00:00,NSE:BANKNIFTY,54029.65,54032.75,54010.65,54017.35,460252.0
2026-03-20 06:14:00+00:00,NSE:BANKNIFTY,54020.0,54044.45,54012.3,54015.7,410260.0
2026-03-20 06:15:00+00:00,NSE:BANKNIFTY,54015.55,54030.8,54001.2,54020.75,313919.0
2026-03-20 06:16:00+00:00,NSE:BANKNIFTY,54021.1,54029.4,54007.75,54027.95,360118.0
2026-03-20 06:17:00+00:00,NSE:BANKNIFTY,54025.3,54026.35,54005.75,54007.6,624544.0
2026-03-20 06:18:00+00:00,NSE:BANKNIFTY,54007.15,54011.9,53993.3,53993.3,947293.0
2026-03-20 06:19:00+00:00,NSE:BANKNIFTY,53993.85,54032.45,53988.85,54012.1,371217.0
2026-03-20 06:20:00+00:00,NSE:BANKNIFTY,54014.6,54014.6,53962.6,53962.6,844321.0
2026-03-20 06:21:00+00:00,NSE:BANKNIFTY,53963.45,53963.45,53937.1,53949.15,623729.0
2026-03-20 06:22:00+00:00,NSE:BANKNIFTY,53950.45,53976.45,53946.65,53975.05,498869.0
2026-03-20 06:23:00+00:00,NSE:BANKNIFTY,53978.2,53980.65,53938.4,53938.55,796275.0
2026-03-20 06:24:00+00:00,NSE:BANKNIFTY,53944.3,53961.4,53938.0,53948.25,388022.0
2026-03-20 06:25:00+00:00,NSE:BANKNIFTY,53946.65,53946.65,53930.7,53937.0,586890.0
2026-03-20 06:26:00+00:00,NSE:BANKNIFTY,53935.2,53935.2,53908.85,53924.05,1160863.0
2026-03-20 06:27:00+00:00,NSE:BANKNIFTY,53927.25,53932.95,53894.4,53902.05,667724.0
2026-03-20 06:28:00+00:00,NSE:BANKNIFTY,53903.85,53905.45,53887.35,53894.85,493842.0
2026-03-20 06:29:00+00:00,NSE:BANKNIFTY,53896.9,53945.2,53887.9,53939.6,592996.0
2026-03-20 06:30:00+00:00,NSE:BANKNIFTY,53939.2,53961.35,53895.15,53898.1,627822.0
2026-03-20 06:31:00+00:00,NSE:BANKNIFTY,53895.55,53908.6,53885.6,53886.9,984308.0
2026-03-20 06:32:00+00:00,NSE:BANKNIFTY,53888.7,53892.45,53871.05,53886.8,863331.0
2026-03-20 06:33:00+00:00,NSE:BANKNIFTY,53884.65,53884.8,53849.15,53868.3,389943.0
2026-03-20 06:34:00+00:00,NSE:BANKNIFTY,53868.45,53868.8,53850.8,53855.65,669677.0
2026-03-20 06:35:00+00:00,NSE:BANKNIFTY,53855.0,53895.85,53845.8,53889.25,626306.0
2026-03-20 06:36:00+00:00,NSE:BANKNIFTY,53890.75,53890.75,53860.9,53867.95,361765.0
2026-03-20 06:37:00+00:00,NSE:BANKNIFTY,53869.85,53871.1,53842.2,53849.95,664831.0
2026-03-20 06:38:00+00:00,NSE:BANKNIFTY,53849.9,53851.9,53805.2,53808.65,843921.0
2026-03-20 06:39:00+00:00,NSE:BANKNIFTY,53806.55,53807.45,53782.6,53782.6,1138992.0
2026-03-20 06:40:00+00:00,NSE:BANKNIFTY,53785.0,53826.25,53777.05,53825.3,924132.0
2026-03-20 06:41:00+00:00,NSE:BANKNIFTY,53826.75,53840.55,53815.2,53816.3,619892.0
2026-03-20 06:42:00+00:00,NSE:BANKNIFTY,53816.6,53823.1,53783.9,53783.9,735991.0
2026-03-20 06:43:00+00:00,NSE:BANKNIFTY,53786.55,53825.05,53770.5,53809.35,548097.0
2026-03-20 06:44:00+00:00,NSE:BANKNIFTY,53808.15,53837.25,53806.5,53833.85,666425.0
2026-03-20 06:45:00+00:00,NSE:BANKNIFTY,53834.3,53834.3,53790.5,53799.7,710502.0
2026-03-20 06:46:00+00:00,NSE:BANKNIFTY,53800.15,53809.15,53765.75,53777.3,702297.0
2026-03-20 06:47:00+00:00,NSE:BANKNIFTY,53776.6,53794.7,53770.75,53772.85,485602.0
2026-03-20 06:48:00+00:00,NSE:BANKNIFTY,53774.0,53774.0,53730.05,53753.5,1154483.0
2026-03-20 06:49:00+00:00,NSE:BANKNIFTY,53753.1,53771.6,53709.0,53715.0,1018771.0
2026-03-20 06:50:00+00:00,NSE:BANKNIFTY,53720.0,53726.85,53704.75,53722.65,989649.0
2026-03-20 06:51:00+00:00,NSE:BANKNIFTY,53727.15,53740.75,53687.8,53704.25,855039.0
2026-03-20 06:52:00+00:00,NSE:BANKNIFTY,53701.25,53706.25,53676.7,53678.9,591047.0
2026-03-20 06:53:00+00:00,NSE:BANKNIFTY,53678.95,53680.1,53659.4,53662.6,415674.0
2026-03-20 06:54:00+00:00,NSE:BANKNIFTY,53666.5,53676.5,53644.9,53649.65,508502.0
2026-03-20 06:55:00+00:00,NSE:BANKNIFTY,53646.15,53651.0,53626.85,53635.65,1132472.0
2026-03-20 06:56:00+00:00,NSE:BANKNIFTY,53638.45,53647.2,53606.35,53611.4,725586.0
2026-03-20 06:57:00+00:00,NSE:BANKNIFTY,53606.2,53638.95,53596.05,53596.05,651328.0
2026-03-20 06:58:00+00:00,NSE:BANKNIFTY,53596.65,53606.6,53575.8,53606.6,594919.0
2026-03-20 06:59:00+00:00,NSE:BANKNIFTY,53607.2,53634.45,53598.35,53624.45,528771.0
2026-03-20 07:00:00+00:00,NSE:BANKNIFTY,53622.5,53622.5,53563.55,53565.95,762523.0
2026-03-20 07:01:00+00:00,NSE:BANKNIFTY,53564.45,53566.1,53529.05,53531.3,610903.0
2026-03-20 07:02:00+00:00,NSE:BANKNIFTY,53529.45,53628.9,53509.2,53614.0,896592.0
2026-03-20 07:03:00+00:00,NSE:BANKNIFTY,53611.2,53670.55,53608.3,53660.7,914392.0
2026-03-20 07:04:00+00:00,NSE:BANKNIFTY,53657.9,53674.15,53650.5,53672.0,434047.0
2026-03-20 07:05:00+00:00,NSE:BANKNIFTY,53670.75,53700.85,53653.15,53696.95,473492.0
2026-03-20 07:06:00+00:00,NSE:BANKNIFTY,53698.95,53704.5,53672.6,53699.6,583753.0
2026-03-20 07:07:00+00:00,NSE:BANKNIFTY,53698.0,53715.1,53694.8,53702.0,613903.0
2026-03-20 07:08:00+00:00,NSE:BANKNIFTY,53702.7,53740.05,53701.3,53727.3,851250.0
2026-03-20 07:09:00+00:00,NSE:BANKNIFTY,53730.15,53738.4,53706.05,53728.5,481544.0
2026-03-20 07:10:00+00:00,NSE:BANKNIFTY,53727.9,53741.8,53712.1,53733.65,853955.0
2026-03-20 07:11:00+00:00,NSE:BANKNIFTY,53735.55,53761.8,53731.55,53758.85,1095775.0
2026-03-20 07:12:00+00:00,NSE:BANKNIFTY,53757.5,53779.15,53741.85,53770.3,790227.0
2026-03-20 07:13:00+00:00,NSE:BANKNIFTY,53771.25,53802.25,53769.35,53799.1,1417640.0
2026-03-20 07:14:00+00:00,NSE:BANKNIFTY,53799.15,53821.7,53785.0,53785.0,1176625.0
2026-03-20 07:15:00+00:00,NSE:BANKNIFTY,53787.05,53821.9,53774.8,53821.9,685668.0
2026-03-20 07:16:00+00:00,NSE:BANKNIFTY,53825.4,53843.1,53817.25,53817.25,809124.0
2026-03-20 07:17:00+00:00,NSE:BANKNIFTY,53817.4,53848.5,53806.75,53839.85,588568.0
2026-03-20 07:18:00+00:00,NSE:BANKNIFTY,53838.9,53841.65,53822.45,53839.5,411308.0
2026-03-20 07:19:00+00:00,NSE:BANKNIFTY,53840.25,53846.6,53807.75,53812.7,645726.0
2026-03-20 07:20:00+00:00,NSE:BANKNIFTY,53813.05,53814.5,53772.85,53778.65,482856.0
2026-03-20 07:21:00+00:00,NSE:BANKNIFTY,53775.05,53796.0,53769.2,53791.35,300849.0
2026-03-20 07:22:00+00:00,NSE:BANKNIFTY,53789.1,53800.55,53785.35,53793.25,839646.0
2026-03-20 07:23:00+00:00,NSE:BANKNIFTY,53791.65,53853.7,53774.45,53836.35,984778.0
2026-03-20 07:24:00+00:00,NSE:BANKNIFTY,53837.6,53856.6,53819.3,53828.9,583548.0
2026-03-20 07:25:00+00:00,NSE:BANKNIFTY,53822.65,53848.75,53819.05,53844.65,715495.0
2026-03-20 07:26:00+00:00,NSE:BANKNIFTY,53846.55,53907.95,53846.55,53899.35,972612.0
2026-03-20 07:27:00+00:00,NSE:BANKNIFTY,53896.4,53910.8,53847.85,53867.05,998818.0
2026-03-20 07:28:00+00:00,NSE:BANKNIFTY,53865.35,53865.35,53815.35,53829.5,346396.0
2026-03-20 07:29:00+00:00,NSE:BANKNIFTY,53826.05,53831.75,53790.95,53797.05,484123.0
2026-03-20 07:30:00+00:00,NSE:BANKNIFTY,53795.85,53800.9,53759.05,53796.85,647549.0
2026-03-20 07:31:00+00:00,NSE:BANKNIFTY,53794.15,53826.55,53786.5,53794.1,550230.0
2026-03-20 07:32:00+00:00,NSE:BANKNIFTY,53791.6,53824.7,53786.4,53824.7,667138.0
2026-03-20 07:33:00+00:00,NSE:BANKNIFTY,53822.75,53849.95,53809.7,53844.75,522456.0
2026-03-20 07:34:00+00:00,NSE:BANKNIFTY,53844.7,53858.4,53839.95,53851.6,539898.0
2026-03-20 07:35:00+00:00,NSE:BANKNIFTY,53851.5,53929.8,53844.2,53920.95,976093.0
2026-03-20 07:36:00+00:00,NSE:BANKNIFTY,53920.1,53922.45,53890.3,53922.45,680776.0
2026-03-20 07:37:00+00:00,NSE:BANKNIFTY,53920.1,53920.1,53848.2,53858.0,764874.0
2026-03-20 07:38:00+00:00,NSE:BANKNIFTY,53856.85,53892.0,53852.95,53880.65,428063.0
2026-03-20 07:39:00+00:00,NSE:BANKNIFTY,53882.4,53898.55,53860.95,53891.45,1246121.0
2026-03-20 07:40:00+00:00,NSE:BANKNIFTY,53889.35,53889.35,53835.35,53850.9,547097.0
2026-03-20 07:41:00+00:00,NSE:BANKNIFTY,53849.85,53863.2,53844.7,53849.6,349697.0
2026-03-20 07:42:00+00:00,NSE:BANKNIFTY,53851.7,53880.7,53849.55,53872.15,1112971.0
2026-03-20 07:43:00+00:00,NSE:BANKNIFTY,53869.6,53869.6,53831.4,53845.15,637529.0
2026-03-20 07:44:00+00:00,NSE:BANKNIFTY,53843.15,53863.3,53830.5,53850.15,845657.0
2026-03-20 07:45:00+00:00,NSE:BANKNIFTY,53847.05,53900.6,53847.05,53890.15,1239703.0
2026-03-20 07:46:00+00:00,NSE:BANKNIFTY,53889.3,53936.3,53889.3,53924.55,1022889.0
2026-03-20 07:47:00+00:00,NSE:BANKNIFTY,53924.0,53927.85,53877.0,53877.0,921609.0
2026-03-20 07:48:00+00:00,NSE:BANKNIFTY,53873.55,53892.15,53865.15,53876.15,625558.0
2026-03-20 07:49:00+00:00,NSE:BANKNIFTY,53876.35,53878.4,53862.5,53874.45,315290.0
2026-03-20 07:50:00+00:00,NSE:BANKNIFTY,53874.8,53884.85,53821.7,53849.45,615007.0
2026-03-20 07:51:00+00:00,NSE:BANKNIFTY,53847.9,53877.9,53847.9,53862.95,328515.0
2026-03-20 07:52:00+00:00,NSE:BANKNIFTY,53864.85,53902.85,53864.85,53901.7,531526.0
2026-03-20 07:53:00+00:00,NSE:BANKNIFTY,53900.45,53905.65,53887.4,53888.8,337779.0
2026-03-20 07:54:00+00:00,NSE:BANKNIFTY,53885.9,53890.35,53861.6,53885.7,486969.0
2026-03-20 07:55:00+00:00,NSE:BANKNIFTY,53886.9,53922.4,53878.1,53919.25,599519.0
2026-03-20 07:56:00+00:00,NSE:BANKNIFTY,53920.8,53965.9,53916.15,53963.35,631784.0
2026-03-20 07:57:00+00:00,NSE:BANKNIFTY,53965.75,53966.15,53909.95,53915.35,656922.0
2026-03-20 07:58:00+00:00,NSE:BANKNIFTY,53916.25,53948.65,53910.15,53929.75,465804.0
2026-03-20 07:59:00+00:00,NSE:BANKNIFTY,53931.75,53931.75,53897.2,53907.1,295358.0
2026-03-20 08:00:00+00:00,NSE:BANKNIFTY,53908.8,53925.85,53902.1,53906.45,548426.0
2026-03-20 08:01:00+00:00,NSE:BANKNIFTY,53905.25,53905.25,53853.9,53881.85,802629.0
2026-03-20 08:02:00+00:00,NSE:BANKNIFTY,53879.6,53892.7,53859.85,53880.3,368046.0
2026-03-20 08:03:00+00:00,NSE:BANKNIFTY,53881.0,53881.0,53859.35,53866.45,523416.0
2026-03-20 08:04:00+00:00,NSE:BANKNIFTY,53866.6,53888.45,53830.8,53835.3,590777.0
2026-03-20 08:05:00+00:00,NSE:BANKNIFTY,53837.05,53854.85,53820.95,53853.6,687602.0
2026-03-20 08:06:00+00:00,NSE:BANKNIFTY,53860.15,53882.05,53860.15,53879.85,549432.0
2026-03-20 08:07:00+00:00,NSE:BANKNIFTY,53878.4,53891.95,53861.45,53875.9,619694.0
2026-03-20 08:08:00+00:00,NSE:BANKNIFTY,53876.05,53893.7,53857.9,53890.5,658418.0
2026-03-20 08:09:00+00:00,NSE:BANKNIFTY,53892.0,53897.05,53863.55,53873.45,730938.0
2026-03-20 08:10:00+00:00,NSE:BANKNIFTY,53878.25,53878.95,53846.15,53853.8,505502.0
2026-03-20 08:11:00+00:00,NSE:BANKNIFTY,53855.4,53855.4,53768.4,53783.45,790776.0
2026-03-20 08:12:00+00:00,NSE:BANKNIFTY,53790.0,53821.35,53784.5,53808.6,967242.0
2026-03-20 08:13:00+00:00,NSE:BANKNIFTY,53810.45,53810.45,53783.3,53807.35,507273.0
2026-03-20 08:14:00+00:00,NSE:BANKNIFTY,53807.3,53828.55,53775.3,53776.6,563143.0
2026-03-20 08:15:00+00:00,NSE:BANKNIFTY,53781.5,53785.75,53759.8,53761.2,431990.0
2026-03-20 08:16:00+00:00,NSE:BANKNIFTY,53755.5,53769.75,53747.75,53762.85,443616.0
2026-03-20 08:17:00+00:00,NSE:BANKNIFTY,53759.75,53763.8,53719.3,53730.05,574002.0
2026-03-20 08:18:00+00:00,NSE:BANKNIFTY,53732.1,53742.85,53707.85,53713.15,527738.0
2026-03-20 08:19:00+00:00,NSE:BANKNIFTY,53718.2,53733.75,53707.05,53714.15,538360.0
2026-03-20 08:20:00+00:00,NSE:BANKNIFTY,53713.35,53724.25,53695.3,53704.0,523698.0
2026-03-20 08:21:00+00:00,NSE:BANKNIFTY,53703.45,53711.6,53695.2,53701.6,468305.0
2026-03-20 08:22:00+00:00,NSE:BANKNIFTY,53702.5,53731.35,53693.55,53718.3,430122.0
2026-03-20 08:23:00+00:00,NSE:BANKNIFTY,53716.9,53728.45,53704.75,53720.7,302874.0
2026-03-20 08:24:00+00:00,NSE:BANKNIFTY,53723.5,53749.8,53721.65,53745.1,466882.0
2026-03-20 08:25:00+00:00,NSE:BANKNIFTY,53744.85,53779.3,53742.95,53765.8,376525.0
2026-03-20 08:26:00+00:00,NSE:BANKNIFTY,53768.8,53770.65,53751.45,53751.45,400001.0
2026-03-20 08:27:00+00:00,NSE:BANKNIFTY,53750.65,53750.65,53693.65,53703.8,502730.0
2026-03-20 08:28:00+00:00,NSE:BANKNIFTY,53703.05,53703.05,53673.95,53676.75,510919.0
2026-03-20 08:29:00+00:00,NSE:BANKNIFTY,53679.15,53701.05,53668.6,53682.55,637341.0
2026-03-20 08:30:00+00:00,NSE:BANKNIFTY,53688.0,53703.45,53647.6,53703.45,799638.0
2026-03-20 08:31:00+00:00,NSE:BANKNIFTY,53698.35,53744.2,53698.35,53727.05,947930.0
2026-03-20 08:32:00+00:00,NSE:BANKNIFTY,53721.0,53735.75,53713.2,53729.0,660044.0
2026-03-20 08:33:00+00:00,NSE:BANKNIFTY,53728.55,53773.75,53708.6,53772.0,801723.0
2026-03-20 08:34:00+00:00,NSE:BANKNIFTY,53769.4,53792.5,53764.95,53791.35,589955.0
2026-03-20 08:35:00+00:00,NSE:BANKNIFTY,53794.8,53820.25,53778.35,53787.75,693746.0
2026-03-20 08:36:00+00:00,NSE:BANKNIFTY,53788.1,53791.7,53760.85,53770.6,284274.0
2026-03-20 08:37:00+00:00,NSE:BANKNIFTY,53767.95,53769.1,53742.35,53757.75,805908.0
2026-03-20 08:38:00+00:00,NSE:BANKNIFTY,53756.2,53760.2,53724.1,53731.25,482790.0
2026-03-20 08:39:00+00:00,NSE:BANKNIFTY,53730.3,53768.05,53713.7,53750.5,683964.0
2026-03-20 08:40:00+00:00,NSE:BANKNIFTY,53753.85,53756.4,53728.5,53740.85,402975.0
2026-03-20 08:41:00+00:00,NSE:BANKNIFTY,53741.05,53768.25,53731.05,53767.3,865881.0
2026-03-20 08:42:00+00:00,NSE:BANKNIFTY,53768.5,53782.25,53721.5,53734.7,473698.0
2026-03-20 08:43:00+00:00,NSE:BANKNIFTY,53738.65,53738.65,53713.6,53721.5,378410.0
2026-03-20 08:44:00+00:00,NSE:BANKNIFTY,53720.25,53724.6,53700.95,53715.45,510625.0
2026-03-20 08:45:00+00:00,NSE:BANKNIFTY,53711.8,53716.7,53676.65,53682.9,926806.0
2026-03-20 08:46:00+00:00,NSE:BANKNIFTY,53680.95,53701.9,53678.35,53688.95,497114.0
2026-03-20 08:47:00+00:00,NSE:BANKNIFTY,53692.2,53701.4,53671.3,53677.7,620921.0
2026-03-20 08:48:00+00:00,NSE:BANKNIFTY,53678.45,53708.65,53672.5,53707.35,581729.0
2026-03-20 08:49:00+00:00,NSE:BANKNIFTY,53709.15,53717.0,53682.1,53712.45,528919.0
2026-03-20 08:50:00+00:00,NSE:BANKNIFTY,53713.1,53726.75,53691.65,53712.15,681249.0
2026-03-20 08:51:00+00:00,NSE:BANKNIFTY,53714.1,53722.4,53675.5,53680.65,470185.0
2026-03-20 08:52:00+00:00,NSE:BANKNIFTY,53679.95,53684.6,53619.0,53620.55,899387.0
2026-03-20 08:53:00+00:00,NSE:BANKNIFTY,53622.65,53638.35,53592.25,53599.75,1068112.0
2026-03-20 08:54:00+00:00,NSE:BANKNIFTY,53595.35,53632.65,53591.85,53615.0,714892.0
2026-03-20 08:55:00+00:00,NSE:BANKNIFTY,53617.4,53624.45,53564.45,53572.9,1119888.0
2026-03-20 08:56:00+00:00,NSE:BANKNIFTY,53574.2,53576.6,53553.0,53570.25,706480.0
2026-03-20 08:57:00+00:00,NSE:BANKNIFTY,53575.1,53590.25,53560.75,53560.75,562161.0
2026-03-20 08:58:00+00:00,NSE:BANKNIFTY,53564.25,53580.9,53558.9,53564.7,769518.0
2026-03-20 08:59:00+00:00,NSE:BANKNIFTY,53563.85,53584.6,53547.1,53549.0,756765.0
2026-03-20 09:00:00+00:00,NSE:BANKNIFTY,53547.25,53619.15,53529.05,53584.95,938642.0
2026-03-20 09:01:00+00:00,NSE:BANKNIFTY,53584.9,53615.55,53574.5,53597.6,593344.0
2026-03-20 09:02:00+00:00,NSE:BANKNIFTY,53597.15,53609.3,53573.85,53576.9,563355.0
2026-03-20 09:03:00+00:00,NSE:BANKNIFTY,53581.75,53581.75,53535.1,53562.35,688618.0
2026-03-20 09:04:00+00:00,NSE:BANKNIFTY,53562.8,53610.4,53552.85,53603.75,622207.0
2026-03-20 09:05:00+00:00,NSE:BANKNIFTY,53606.05,53610.5,53565.85,53571.2,707459.0
2026-03-20 09:06:00+00:00,NSE:BANKNIFTY,53570.25,53581.8,53557.5,53557.5,530409.0
2026-03-20 09:07:00+00:00,NSE:BANKNIFTY,53556.05,53558.15,53490.0,53514.25,1117283.0
2026-03-20 09:08:00+00:00,NSE:BANKNIFTY,53515.0,53538.1,53494.5,53516.45,652045.0
2026-03-20 09:09:00+00:00,NSE:BANKNIFTY,53517.4,53560.55,53511.5,53549.6,756047.0
2026-03-20 09:10:00+00:00,NSE:BANKNIFTY,53550.85,53566.25,53537.7,53544.5,519564.0
2026-03-20 09:11:00+00:00,NSE:BANKNIFTY,53541.65,53550.9,53513.85,53513.85,478419.0
2026-03-20 09:12:00+00:00,NSE:BANKNIFTY,53516.5,53521.95,53481.65,53488.2,904932.0
2026-03-20 09:13:00+00:00,NSE:BANKNIFTY,53485.2,53491.75,53434.15,53440.35,1207713.0
2026-03-20 09:14:00+00:00,NSE:BANKNIFTY,53440.95,53459.25,53419.15,53421.8,1001071.0
2026-03-20 09:15:00+00:00,NSE:BANKNIFTY,53423.85,53428.6,53386.3,53420.95,1086426.0
2026-03-20 09:16:00+00:00,NSE:BANKNIFTY,53427.75,53473.0,53418.45,53464.1,1060133.0
2026-03-20 09:17:00+00:00,NSE:BANKNIFTY,53469.05,53471.3,53449.1,53454.85,682004.0
2026-03-20 09:18:00+00:00,NSE:BANKNIFTY,53456.85,53466.6,53446.2,53446.2,592075.0
2026-03-20 09:19:00+00:00,NSE:BANKNIFTY,53443.35,53463.4,53440.25,53456.1,748790.0
2026-03-20 09:20:00+00:00,NSE:BANKNIFTY,53456.95,53470.5,53367.95,53374.45,1316310.0
2026-03-20 09:21:00+00:00,NSE:BANKNIFTY,53375.55,53424.25,53364.95,53410.5,850922.0
2026-03-20 09:22:00+00:00,NSE:BANKNIFTY,53412.5,53430.0,53402.9,53426.9,591712.0
2026-03-20 09:23:00+00:00,NSE:BANKNIFTY,53427.65,53447.05,53425.85,53433.3,685308.0
2026-03-20 09:24:00+00:00,NSE:BANKNIFTY,53431.65,53436.8,53407.95,53408.8,688156.0
2026-03-20 09:25:00+00:00,NSE:BANKNIFTY,53408.15,53431.6,53403.6,53403.6,974223.0
2026-03-20 09:26:00+00:00,NSE:BANKNIFTY,53404.8,53417.3,53377.8,53390.95,759182.0
2026-03-20 09:27:00+00:00,NSE:BANKNIFTY,53385.95,53396.2,53367.4,53383.35,704698.0
2026-03-20 09:28:00+00:00,NSE:BANKNIFTY,53383.5,53403.45,53380.8,53394.8,610517.0
2026-03-20 09:29:00+00:00,NSE:BANKNIFTY,53395.25,53432.4,53395.25,53419.7,857529.0
2026-03-20 09:30:00+00:00,NSE:BANKNIFTY,53423.1,53481.55,53410.3,53417.45,6649887.0
2026-03-20 09:31:00+00:00,NSE:BANKNIFTY,53417.9,53581.8,53416.9,53550.9,4163269.0
2026-03-20 09:32:00+00:00,NSE:BANKNIFTY,53540.3,53543.2,53505.1,53526.15,4285870.0
2026-03-20 09:33:00+00:00,NSE:BANKNIFTY,53527.7,53621.85,53526.7,53605.4,4442776.0
2026-03-20 09:34:00+00:00,NSE:BANKNIFTY,53600.55,53610.85,53502.85,53527.4,3824864.0
2026-03-20 09:35:00+00:00,NSE:BANKNIFTY,53527.25,53544.55,53499.05,53528.55,3971184.0
2026-03-20 09:36:00+00:00,NSE:BANKNIFTY,53526.5,53558.05,53525.2,53528.6,3191196.0
2026-03-20 09:37:00+00:00,NSE:BANKNIFTY,53526.6,53526.6,53498.6,53516.5,3456638.0
2026-03-20 09:38:00+00:00,NSE:BANKNIFTY,53518.05,53522.5,53467.0,53473.3,2996559.0
2026-03-20 09:39:00+00:00,NSE:BANKNIFTY,53469.75,53488.9,53453.85,53470.85,3005893.0
2026-03-20 09:40:00+00:00,NSE:BANKNIFTY,53469.6,53495.3,53372.85,53373.35,5507581.0
2026-03-20 09:41:00+00:00,NSE:BANKNIFTY,53373.6,53393.65,53356.4,53383.9,3711126.0
2026-03-20 09:42:00+00:00,NSE:BANKNIFTY,53379.9,53409.9,53366.45,53405.1,3633467.0
2026-03-20 09:43:00+00:00,NSE:BANKNIFTY,53410.4,53410.4,53374.1,53379.35,4242003.0
2026-03-20 09:44:00+00:00,NSE:BANKNIFTY,53379.85,53415.15,53373.6,53383.85,3959672.0
2026-03-20 09:45:00+00:00,NSE:BANKNIFTY,53385.35,53388.25,53335.5,53359.6,3726225.0
2026-03-20 09:46:00+00:00,NSE:BANKNIFTY,53362.05,53362.05,53328.85,53345.6,3153368.0
2026-03-20 09:47:00+00:00,NSE:BANKNIFTY,53340.6,53343.15,53308.35,53308.6,3587106.0
2026-03-20 09:48:00+00:00,NSE:BANKNIFTY,53304.6,53330.65,53297.55,53324.75,3836308.0
2026-03-20 09:49:00+00:00,NSE:BANKNIFTY,53323.85,53363.05,53321.2,53353.05,4290018.0
2026-03-20 09:50:00+00:00,NSE:BANKNIFTY,53350.55,53366.15,53340.35,53364.05,3104382.0
2026-03-20 09:51:00+00:00,NSE:BANKNIFTY,53365.25,53446.3,53363.05,53446.3,4186984.0
2026-03-20 09:52:00+00:00,NSE:BANKNIFTY,53447.25,53447.25,53376.65,53376.65,3593382.0
2026-03-20 09:53:00+00:00,NSE:BANKNIFTY,53375.65,53399.3,53372.9,53394.55,3987408.0
2026-03-20 09:54:00+00:00,NSE:BANKNIFTY,53391.3,53396.05,53367.55,53385.3,3306285.0
2026-03-20 09:55:00+00:00,NSE:BANKNIFTY,53389.9,53399.25,53369.75,53394.9,3874346.0
2026-03-20 09:56:00+00:00,NSE:BANKNIFTY,53390.95,53413.45,53387.8,53395.75,3015196.0
2026-03-20 09:57:00+00:00,NSE:BANKNIFTY,53394.9,53419.3,53379.65,53409.1,3908196.0
2026-03-20 09:58:00+00:00,NSE:BANKNIFTY,53413.4,53457.65,53405.5,53418.9,2270461.0
2026-03-20 09:59:00+00:00,NSE:BANKNIFTY,53414.45,53455.25,53402.2,53453.85,1011960.0
2026-03-23 03:45:00+00:00,NSE:BANKNIFTY,52620.6,52665.3,52130.3,52142.1,9012848.0
2026-03-23 03:46:00+00:00,NSE:BANKNIFTY,52129.9,52192.75,52068.8,52174.65,7216538.0
2026-03-23 03:47:00+00:00,NSE:BANKNIFTY,52172.7,52210.3,52147.75,52159.4,3815250.0
2026-03-23 03:48:00+00:00,NSE:BANKNIFTY,52151.35,52166.45,52110.0,52152.6,2431947.0
2026-03-23 03:49:00+00:00,NSE:BANKNIFTY,52146.65,52176.3,52138.5,52153.6,2328260.0
2026-03-23 03:50:00+00:00,NSE:BANKNIFTY,52155.45,52180.2,52119.3,52172.3,2227100.0
2026-03-23 03:51:00+00:00,NSE:BANKNIFTY,52176.1,52219.0,52152.45,52210.75,2208712.0
2026-03-23 03:52:00+00:00,NSE:BANKNIFTY,52219.25,52256.05,52206.35,52206.35,2175751.0
2026-03-23 03:53:00+00:00,NSE:BANKNIFTY,52206.15,52263.55,52195.15,52254.6,1965264.0
2026-03-23 03:54:00+00:00,NSE:BANKNIFTY,52249.15,52257.55,52189.75,52189.75,1444897.0
2026-03-23 03:55:00+00:00,NSE:BANKNIFTY,52188.7,52199.1,52153.85,52166.5,1801582.0
2026-03-23 03:56:00+00:00,NSE:BANKNIFTY,52164.3,52210.4,52152.2,52205.25,1130940.0
2026-03-23 03:57:00+00:00,NSE:BANKNIFTY,52203.25,52250.9,52203.25,52217.85,1762389.0
2026-03-23 03:58:00+00:00,NSE:BANKNIFTY,52220.2,52224.9,52178.6,52180.15,1263151.0
2026-03-23 03:59:00+00:00,NSE:BANKNIFTY,52181.35,52206.6,52177.45,52190.2,1480804.0
2026-03-23 04:00:00+00:00,NSE:BANKNIFTY,52186.75,52210.95,52172.15,52204.1,1917821.0
2026-03-23 04:01:00+00:00,NSE:BANKNIFTY,52199.2,52199.2,52151.1,52167.0,1482009.0
2026-03-23 04:02:00+00:00,NSE:BANKNIFTY,52165.45,52171.95,52141.55,52141.55,1112439.0
2026-03-23 04:03:00+00:00,NSE:BANKNIFTY,52144.6,52195.25,52144.6,52175.85,1290968.0
2026-03-23 04:04:00+00:00,NSE:BANKNIFTY,52174.5,52181.75,52162.65,52165.0,1164890.0
2026-03-23 04:05:00+00:00,NSE:BANKNIFTY,52164.35,52203.8,52154.95,52203.25,1729469.0
2026-03-23 04:06:00+00:00,NSE:BANKNIFTY,52203.7,52266.95,52175.9,52261.95,1810182.0
2026-03-23 04:07:00+00:00,NSE:BANKNIFTY,52261.75,52263.25,52207.05,52213.65,1432773.0
2026-03-23 04:08:00+00:00,NSE:BANKNIFTY,52214.75,52232.15,52173.55,52194.7,1550364.0
2026-03-23 04:09:00+00:00,NSE:BANKNIFTY,52194.5,52197.8,52171.1,52178.65,1164863.0
2026-03-23 04:10:00+00:00,NSE:BANKNIFTY,52180.25,52186.9,52147.7,52156.8,1117444.0
2026-03-23 04:11:00+00:00,NSE:BANKNIFTY,52156.65,52189.5,52150.9,52179.7,898030.0
2026-03-23 04:12:00+00:00,NSE:BANKNIFTY,52178.65,52181.1,52154.5,52169.25,998548.0
2026-03-23 04:13:00+00:00,NSE:BANKNIFTY,52165.5,52184.6,52149.7,52176.5,509237.0
2026-03-23 04:14:00+00:00,NSE:BANKNIFTY,52176.15,52193.55,52154.6,52187.5,1233023.0
2026-03-23 04:15:00+00:00,NSE:BANKNIFTY,52186.75,52192.45,52166.85,52186.6,824236.0
2026-03-23 04:16:00+00:00,NSE:BANKNIFTY,52183.15,52186.8,52138.6,52144.05,889647.0
2026-03-23 04:17:00+00:00,NSE:BANKNIFTY,52139.35,52148.85,52096.1,52102.25,1487876.0
2026-03-23 04:18:00+00:00,NSE:BANKNIFTY,52101.15,52106.0,52036.7,52044.45,1845279.0
2026-03-23 04:19:00+00:00,NSE:BANKNIFTY,52042.1,52068.45,52033.05,52063.85,1146031.0
2026-03-23 04:20:00+00:00,NSE:BANKNIFTY,52061.75,52067.9,52041.05,52048.8,1425616.0
2026-03-23 04:21:00+00:00,NSE:BANKNIFTY,52043.05,52063.0,52022.95,52047.5,955611.0
2026-03-23 04:22:00+00:00,NSE:BANKNIFTY,52052.8,52056.5,52018.8,52048.2,1397553.0
2026-03-23 04:23:00+00:00,NSE:BANKNIFTY,52049.55,52054.8,51997.45,52000.5,1183064.0
2026-03-23 04:24:00+00:00,NSE:BANKNIFTY,51995.75,51997.0,51944.2,51956.35,1302244.0
2026-03-23 04:25:00+00:00,NSE:BANKNIFTY,51957.3,51957.95,51935.8,51948.35,938193.0
2026-03-23 04:26:00+00:00,NSE:BANKNIFTY,51952.25,51970.25,51900.15,51909.35,1210334.0
2026-03-23 04:27:00+00:00,NSE:BANKNIFTY,51907.4,51911.25,51845.65,51857.35,1393848.0
2026-03-23 04:28:00+00:00,NSE:BANKNIFTY,51859.15,51936.15,51859.15,51902.95,1532553.0
2026-03-23 04:29:00+00:00,NSE:BANKNIFTY,51906.7,51907.45,51838.4,51846.0,1055418.0
2026-03-23 04:30:00+00:00,NSE:BANKNIFTY,51845.8,51853.25,51807.5,51811.15,1642296.0
2026-03-23 04:31:00+00:00,NSE:BANKNIFTY,51806.95,51847.4,51796.3,51817.15,2462298.0
2026-03-23 04:32:00+00:00,NSE:BANKNIFTY,51819.2,51866.8,51813.85,51863.4,877947.0
2026-03-23 04:33:00+00:00,NSE:BANKNIFTY,51862.0,51895.0,51855.4,51860.2,715497.0
2026-03-23 04:34:00+00:00,NSE:BANKNIFTY,51857.55,51891.95,51849.1,51883.7,451650.0
2026-03-23 04:35:00+00:00,NSE:BANKNIFTY,51883.15,51923.15,51883.15,51902.3,561247.0
2026-03-23 04:36:00+00:00,NSE:BANKNIFTY,51910.2,51936.85,51905.85,51931.8,671924.0
2026-03-23 04:37:00+00:00,NSE:BANKNIFTY,51939.55,51963.15,51904.65,51907.0,1915075.0
2026-03-23 04:38:00+00:00,NSE:BANKNIFTY,51904.8,51920.65,51883.6,51910.7,499612.0
2026-03-23 04:39:00+00:00,NSE:BANKNIFTY,51907.8,51910.95,51888.65,51898.05,544582.0
2026-03-23 04:40:00+00:00,NSE:BANKNIFTY,51896.45,51906.1,51875.0,51885.75,887579.0
2026-03-23 04:41:00+00:00,NSE:BANKNIFTY,51888.9,51906.85,51864.05,51865.6,547460.0
2026-03-23 04:42:00+00:00,NSE:BANKNIFTY,51871.15,51872.7,51846.6,51855.9,1420570.0
2026-03-23 04:43:00+00:00,NSE:BANKNIFTY,51854.9,51862.7,51822.6,51826.3,1037096.0
2026-03-23 04:44:00+00:00,NSE:BANKNIFTY,51830.5,51845.7,51820.45,51826.6,881457.0
2026-03-23 04:45:00+00:00,NSE:BANKNIFTY,51825.15,51834.5,51817.0,51818.4,527458.0
2026-03-23 04:46:00+00:00,NSE:BANKNIFTY,51820.05,51832.0,51812.75,51812.75,463390.0
2026-03-23 04:47:00+00:00,NSE:BANKNIFTY,51816.35,51896.05,51806.9,51875.15,1133124.0
2026-03-23 04:48:00+00:00,NSE:BANKNIFTY,51878.8,51878.8,51833.2,51838.6,767930.0
2026-03-23 04:49:00+00:00,NSE:BANKNIFTY,51838.3,51839.75,51804.4,51810.85,743980.0
2026-03-23 04:50:00+00:00,NSE:BANKNIFTY,51810.35,51810.35,51767.8,51774.05,1629701.0
2026-03-23 04:51:00+00:00,NSE:BANKNIFTY,51776.1,51780.4,51745.4,51763.65,1175399.0
2026-03-23 04:52:00+00:00,NSE:BANKNIFTY,51764.05,51772.15,51739.6,51745.65,897649.0
2026-03-23 04:53:00+00:00,NSE:BANKNIFTY,51747.4,51787.65,51745.55,51779.1,4345823.0
2026-03-23 04:54:00+00:00,NSE:BANKNIFTY,51777.65,51780.0,51741.6,51744.45,850280.0
2026-03-23 04:55:00+00:00,NSE:BANKNIFTY,51739.55,51745.85,51724.9,51740.25,1383855.0
2026-03-23 04:56:00+00:00,NSE:BANKNIFTY,51739.7,51778.3,51737.95,51776.8,691907.0
2026-03-23 04:57:00+00:00,NSE:BANKNIFTY,51776.1,51787.55,51760.2,51777.35,530238.0
2026-03-23 04:58:00+00:00,NSE:BANKNIFTY,51778.05,51778.05,51733.7,51733.8,768723.0
2026-03-23 04:59:00+00:00,NSE:BANKNIFTY,51733.65,51740.65,51712.65,51718.85,1397598.0
2026-03-23 05:00:00+00:00,NSE:BANKNIFTY,51717.65,51756.8,51712.2,51749.35,844928.0
2026-03-23 05:01:00+00:00,NSE:BANKNIFTY,51752.0,51768.75,51739.2,51754.5,686828.0
2026-03-23 05:02:00+00:00,NSE:BANKNIFTY,51753.95,51775.75,51746.25,51769.0,907346.0
2026-03-23 05:03:00+00:00,NSE:BANKNIFTY,51770.3,51788.1,51738.75,51757.05,1344296.0
2026-03-23 05:04:00+00:00,NSE:BANKNIFTY,51759.9,51775.65,51731.45,51733.65,1374571.0
2026-03-23 05:05:00+00:00,NSE:BANKNIFTY,51736.55,51765.85,51730.85,51757.05,677560.0
2026-03-23 05:06:00+00:00,NSE:BANKNIFTY,51759.2,51816.75,51755.7,51816.75,1204619.0
2026-03-23 05:07:00+00:00,NSE:BANKNIFTY,51817.25,51842.3,51795.45,51830.6,1099379.0
2026-03-23 05:08:00+00:00,NSE:BANKNIFTY,51829.5,51834.6,51785.0,51798.5,616089.0
2026-03-23 05:09:00+00:00,NSE:BANKNIFTY,51794.8,51803.9,51781.2,51786.0,791844.0
2026-03-23 05:10:00+00:00,NSE:BANKNIFTY,51785.3,51790.75,51760.65,51775.25,727514.0
2026-03-23 05:11:00+00:00,NSE:BANKNIFTY,51772.4,51782.35,51761.25,51777.0,697639.0
2026-03-23 05:12:00+00:00,NSE:BANKNIFTY,51780.25,51798.35,51760.1,51796.95,715196.0
2026-03-23 05:13:00+00:00,NSE:BANKNIFTY,51795.2,51818.35,51787.65,51818.35,713524.0
2026-03-23 05:14:00+00:00,NSE:BANKNIFTY,51813.85,51828.5,51757.85,51770.7,1340538.0
2026-03-23 05:15:00+00:00,NSE:BANKNIFTY,51772.85,51789.05,51765.95,51776.8,1910322.0
2026-03-23 05:16:00+00:00,NSE:BANKNIFTY,51779.75,51779.75,51754.85,51762.2,2856116.0
2026-03-23 05:17:00+00:00,NSE:BANKNIFTY,51759.6,51768.05,51747.8,51756.4,880254.0
2026-03-23 05:18:00+00:00,NSE:BANKNIFTY,51752.05,51774.6,51735.55,51747.6,1770959.0
2026-03-23 05:19:00+00:00,NSE:BANKNIFTY,51742.7,51766.85,51730.15,51756.4,933763.0
2026-03-23 05:20:00+00:00,NSE:BANKNIFTY,51756.85,51758.6,51691.7,51709.5,767544.0
2026-03-23 05:21:00+00:00,NSE:BANKNIFTY,51700.3,51701.2,51654.9,51659.7,708677.0
2026-03-23 05:22:00+00:00,NSE:BANKNIFTY,51655.9,51664.65,51636.4,51660.1,652779.0
2026-03-23 05:23:00+00:00,NSE:BANKNIFTY,51655.8,51682.7,51643.85,51677.85,494290.0
2026-03-23 05:24:00+00:00,NSE:BANKNIFTY,51664.5,51673.7,51657.1,51663.8,546120.0
2026-03-23 05:25:00+00:00,NSE:BANKNIFTY,51659.4,51662.3,51617.45,51627.2,513132.0
2026-03-23 05:26:00+00:00,NSE:BANKNIFTY,51629.55,51689.65,51629.4,51654.3,1098663.0
2026-03-23 05:27:00+00:00,NSE:BANKNIFTY,51655.6,51665.85,51635.5,51651.25,420599.0
2026-03-23 05:28:00+00:00,NSE:BANKNIFTY,51650.45,51657.15,51638.2,51646.05,270911.0
2026-03-23 05:29:00+00:00,NSE:BANKNIFTY,51645.15,51672.3,51641.05,51654.85,476342.0
2026-03-23 05:30:00+00:00,NSE:BANKNIFTY,51658.35,51660.7,51597.05,51600.85,800426.0
2026-03-23 05:31:00+00:00,NSE:BANKNIFTY,51597.95,51605.9,51584.5,51592.0,404688.0
2026-03-23 05:32:00+00:00,NSE:BANKNIFTY,51588.65,51616.85,51568.4,51596.9,555005.0
2026-03-23 05:33:00+00:00,NSE:BANKNIFTY,51591.85,51613.2,51591.85,51601.5,551077.0
2026-03-23 05:34:00+00:00,NSE:BANKNIFTY,51597.75,51637.0,51597.75,51633.85,492230.0
2026-03-23 05:35:00+00:00,NSE:BANKNIFTY,51631.7,51656.95,51611.65,51648.95,696218.0
2026-03-23 05:36:00+00:00,NSE:BANKNIFTY,51648.55,51651.15,51628.15,51650.3,510627.0
2026-03-23 05:37:00+00:00,NSE:BANKNIFTY,51648.9,51783.3,51648.9,51779.45,1641912.0
2026-03-23 05:38:00+00:00,NSE:BANKNIFTY,51774.35,51777.65,51731.15,51750.6,498965.0
2026-03-23 05:39:00+00:00,NSE:BANKNIFTY,51746.85,51751.15,51709.75,51720.4,443541.0
2026-03-23 05:40:00+00:00,NSE:BANKNIFTY,51717.15,51729.65,51717.15,51725.25,388869.0
2026-03-23 05:41:00+00:00,NSE:BANKNIFTY,51728.2,51736.75,51712.15,51725.9,603873.0
2026-03-23 05:42:00+00:00,NSE:BANKNIFTY,51720.5,51736.8,51717.65,51721.75,340269.0
2026-03-23 05:43:00+00:00,NSE:BANKNIFTY,51719.85,51727.6,51709.5,51725.6,302544.0
2026-03-23 05:44:00+00:00,NSE:BANKNIFTY,51723.55,51760.85,51722.9,51746.5,501066.0
2026-03-23 05:45:00+00:00,NSE:BANKNIFTY,51748.75,51748.75,51707.4,51725.1,331902.0
2026-03-23 05:46:00+00:00,NSE:BANKNIFTY,51722.6,51733.95,51702.5,51707.75,250293.0
2026-03-23 05:47:00+00:00,NSE:BANKNIFTY,51701.8,51726.4,51697.9,51721.8,612553.0
2026-03-23 05:48:00+00:00,NSE:BANKNIFTY,51715.75,51721.9,51699.9,51718.35,277306.0
2026-03-23 05:49:00+00:00,NSE:BANKNIFTY,51717.15,51751.8,51716.65,51736.9,510810.0
2026-03-23 05:50:00+00:00,NSE:BANKNIFTY,51734.0,51792.75,51734.0,51791.6,710950.0
2026-03-23 05:51:00+00:00,NSE:BANKNIFTY,51788.4,51791.2,51774.0,51780.25,401359.0
2026-03-23 05:52:00+00:00,NSE:BANKNIFTY,51781.7,51786.05,51727.0,51730.2,700077.0
2026-03-23 05:53:00+00:00,NSE:BANKNIFTY,51723.7,51781.6,51714.15,51780.5,830247.0
2026-03-23 05:54:00+00:00,NSE:BANKNIFTY,51778.75,51780.9,51746.15,51758.5,282712.0
2026-03-23 05:55:00+00:00,NSE:BANKNIFTY,51758.45,51773.7,51755.2,51773.7,290141.0
2026-03-23 05:56:00+00:00,NSE:BANKNIFTY,51771.6,51797.3,51756.15,51789.25,290172.0
2026-03-23 05:57:00+00:00,NSE:BANKNIFTY,51787.85,51795.85,51762.05,51763.5,330784.0
2026-03-23 05:58:00+00:00,NSE:BANKNIFTY,51763.8,51785.8,51741.75,51750.05,521385.0
2026-03-23 05:59:00+00:00,NSE:BANKNIFTY,51747.6,51789.65,51741.6,51783.4,486980.0
2026-03-23 06:00:00+00:00,NSE:BANKNIFTY,51786.85,51806.5,51777.0,51797.55,510625.0
2026-03-23 06:01:00+00:00,NSE:BANKNIFTY,51793.3,51804.0,51780.65,51803.65,300695.0
2026-03-23 06:02:00+00:00,NSE:BANKNIFTY,51807.5,51817.8,51742.55,51748.1,738245.0
2026-03-23 06:03:00+00:00,NSE:BANKNIFTY,51754.1,51754.1,51695.55,51695.55,554978.0
2026-03-23 06:04:00+00:00,NSE:BANKNIFTY,51689.0,51695.65,51660.15,51687.85,1152778.0
2026-03-23 06:05:00+00:00,NSE:BANKNIFTY,51687.1,51688.35,51651.0,51656.55,713103.0
2026-03-23 06:06:00+00:00,NSE:BANKNIFTY,51655.95,51667.0,51642.45,51648.4,312340.0
2026-03-23 06:07:00+00:00,NSE:BANKNIFTY,51647.75,51665.6,51642.7,51654.6,290139.0
2026-03-23 06:08:00+00:00,NSE:BANKNIFTY,51655.2,51666.7,51653.65,51664.5,298421.0
2026-03-23 06:09:00+00:00,NSE:BANKNIFTY,51664.6,51696.2,51662.6,51692.4,262316.0
2026-03-23 06:10:00+00:00,NSE:BANKNIFTY,51694.1,51760.3,51690.65,51718.9,902293.0
2026-03-23 06:11:00+00:00,NSE:BANKNIFTY,51718.95,51737.1,51712.1,51734.25,1161789.0
2026-03-23 06:12:00+00:00,NSE:BANKNIFTY,51736.0,51738.65,51697.1,51704.75,255505.0
2026-03-23 06:13:00+00:00,NSE:BANKNIFTY,51703.15,51706.7,51664.65,51674.4,403944.0
2026-03-23 06:14:00+00:00,NSE:BANKNIFTY,51672.8,51673.8,51632.05,51665.15,1008304.0
2026-03-23 06:15:00+00:00,NSE:BANKNIFTY,51662.35,51700.3,51659.1,51678.55,477858.0
2026-03-23 06:16:00+00:00,NSE:BANKNIFTY,51677.05,51681.4,51660.1,51663.25,405215.0
2026-03-23 06:17:00+00:00,NSE:BANKNIFTY,51662.95,51672.1,51651.0,51660.95,238640.0
2026-03-23 06:18:00+00:00,NSE:BANKNIFTY,51658.8,51687.15,51658.6,51676.65,283162.0
2026-03-23 06:19:00+00:00,NSE:BANKNIFTY,51675.7,51700.15,51662.15,51700.15,392034.0
2026-03-23 06:20:00+00:00,NSE:BANKNIFTY,51698.55,51708.5,51682.25,51706.05,469938.0
2026-03-23 06:21:00+00:00,NSE:BANKNIFTY,51705.9,51760.1,51704.3,51745.65,569067.0
2026-03-23 06:22:00+00:00,NSE:BANKNIFTY,51744.4,51774.6,51739.6,51766.85,427382.0
2026-03-23 06:23:00+00:00,NSE:BANKNIFTY,51767.25,51790.75,51748.45,51758.85,314540.0
2026-03-23 06:24:00+00:00,NSE:BANKNIFTY,51757.25,51762.6,51737.7,51746.45,318185.0
2026-03-23 06:25:00+00:00,NSE:BANKNIFTY,51747.15,51765.0,51747.15,51758.45,297419.0
2026-03-23 06:26:00+00:00,NSE:BANKNIFTY,51756.1,51758.6,51722.8,51730.85,467358.0
2026-03-23 06:27:00+00:00,NSE:BANKNIFTY,51732.1,51755.05,51728.1,51752.9,470241.0
2026-03-23 06:28:00+00:00,NSE:BANKNIFTY,51756.3,51773.15,51727.25,51747.85,586940.0
2026-03-23 06:29:00+00:00,NSE:BANKNIFTY,51754.45,51757.1,51711.15,51736.35,502644.0
2026-03-23 06:30:00+00:00,NSE:BANKNIFTY,51743.05,51751.85,51712.4,51722.1,298285.0
2026-03-23 06:31:00+00:00,NSE:BANKNIFTY,51720.05,51750.3,51715.3,51747.35,313746.0
2026-03-23 06:32:00+00:00,NSE:BANKNIFTY,51748.95,51765.5,51740.1,51763.9,647245.0
2026-03-23 06:33:00+00:00,NSE:BANKNIFTY,51763.45,51780.9,51736.15,51748.05,279488.0
2026-03-23 06:34:00+00:00,NSE:BANKNIFTY,51747.2,51764.1,51717.8,51717.8,337484.0
2026-03-23 06:35:00+00:00,NSE:BANKNIFTY,51716.3,51739.55,51699.2,51717.6,618365.0
2026-03-23 06:36:00+00:00,NSE:BANKNIFTY,51716.55,51731.1,51699.3,51701.45,469675.0
2026-03-23 06:37:00+00:00,NSE:BANKNIFTY,51698.25,51698.3,51673.15,51691.5,374792.0
2026-03-23 06:38:00+00:00,NSE:BANKNIFTY,51689.6,51701.9,51687.15,51692.6,219124.0
2026-03-23 06:39:00+00:00,NSE:BANKNIFTY,51693.5,51743.1,51693.5,51743.1,584343.0
2026-03-23 06:40:00+00:00,NSE:BANKNIFTY,51740.9,51767.95,51739.35,51752.6,459345.0
2026-03-23 06:41:00+00:00,NSE:BANKNIFTY,51752.7,51761.2,51747.55,51755.4,328011.0
2026-03-23 06:42:00+00:00,NSE:BANKNIFTY,51756.85,51759.15,51730.85,51732.7,370734.0
2026-03-23 06:43:00+00:00,NSE:BANKNIFTY,51732.45,51739.2,51711.6,51718.55,416055.0
2026-03-23 06:44:00+00:00,NSE:BANKNIFTY,51715.45,51726.55,51703.25,51708.0,479164.0
2026-03-23 06:45:00+00:00,NSE:BANKNIFTY,51706.65,51711.0,51676.95,51697.1,486363.0
2026-03-23 06:46:00+00:00,NSE:BANKNIFTY,51695.6,51695.7,51672.45,51680.5,491404.0
2026-03-23 06:47:00+00:00,NSE:BANKNIFTY,51677.55,51715.05,51664.4,51709.8,617528.0
2026-03-23 06:48:00+00:00,NSE:BANKNIFTY,51707.65,51707.65,51679.0,51683.75,373829.0
2026-03-23 06:49:00+00:00,NSE:BANKNIFTY,51680.0,51701.3,51659.1,51701.3,2034234.0
2026-03-23 06:50:00+00:00,NSE:BANKNIFTY,51698.4,51698.4,51685.25,51694.7,333283.0
2026-03-23 06:51:00+00:00,NSE:BANKNIFTY,51692.7,51702.85,51685.1,51701.3,321973.0
2026-03-23 06:52:00+00:00,NSE:BANKNIFTY,51700.55,51715.3,51664.8,51668.25,557204.0
2026-03-23 06:53:00+00:00,NSE:BANKNIFTY,51666.0,51697.9,51666.0,51697.9,595262.0
2026-03-23 06:54:00+00:00,NSE:BANKNIFTY,51694.9,51698.65,51606.8,51609.9,1293963.0
2026-03-23 06:55:00+00:00,NSE:BANKNIFTY,51616.1,51624.4,51609.9,51615.3,583144.0
2026-03-23 06:56:00+00:00,NSE:BANKNIFTY,51613.35,51625.1,51602.5,51612.05,624552.0
2026-03-23 06:57:00+00:00,NSE:BANKNIFTY,51609.6,51655.3,51609.6,51643.15,647862.0
2026-03-23 06:58:00+00:00,NSE:BANKNIFTY,51644.05,51702.2,51644.05,51701.05,690657.0
2026-03-23 06:59:00+00:00,NSE:BANKNIFTY,51697.2,51725.0,51697.2,51717.25,791160.0
2026-03-23 07:00:00+00:00,NSE:BANKNIFTY,51714.6,51730.7,51690.3,51704.9,482551.0
2026-03-23 07:01:00+00:00,NSE:BANKNIFTY,51697.95,51720.6,51673.05,51710.05,467822.0
2026-03-23 07:02:00+00:00,NSE:BANKNIFTY,51707.95,51711.1,51667.8,51678.3,363911.0
2026-03-23 07:03:00+00:00,NSE:BANKNIFTY,51675.45,51705.05,51673.9,51680.35,526301.0
2026-03-23 07:04:00+00:00,NSE:BANKNIFTY,51673.5,51717.95,51673.5,51704.75,292016.0
2026-03-23 07:05:00+00:00,NSE:BANKNIFTY,51703.9,51748.7,51703.9,51748.7,483526.0
2026-03-23 07:06:00+00:00,NSE:BANKNIFTY,51750.45,51750.6,51713.95,51730.6,1592626.0
2026-03-23 07:07:00+00:00,NSE:BANKNIFTY,51726.6,51806.8,51726.6,51800.0,1065863.0
2026-03-23 07:08:00+00:00,NSE:BANKNIFTY,51799.35,51803.9,51766.7,51771.9,260251.0
2026-03-23 07:09:00+00:00,NSE:BANKNIFTY,51767.8,51774.3,51739.1,51741.95,581313.0
2026-03-23 07:10:00+00:00,NSE:BANKNIFTY,51736.65,51763.2,51736.65,51759.3,421542.0
2026-03-23 07:11:00+00:00,NSE:BANKNIFTY,51765.7,51779.1,51753.45,51764.65,456348.0
2026-03-23 07:12:00+00:00,NSE:BANKNIFTY,51761.45,51761.85,51718.45,51722.2,408764.0
2026-03-23 07:13:00+00:00,NSE:BANKNIFTY,51722.7,51730.15,51672.7,51689.0,695478.0
2026-03-23 07:14:00+00:00,NSE:BANKNIFTY,51688.45,51748.9,51688.45,51729.9,617638.0
2026-03-23 07:15:00+00:00,NSE:BANKNIFTY,51730.55,51740.9,51718.35,51718.8,498149.0
2026-03-23 07:16:00+00:00,NSE:BANKNIFTY,51721.45,51727.55,51699.6,51708.85,329696.0
2026-03-23 07:17:00+00:00,NSE:BANKNIFTY,51706.15,51789.45,51706.15,51760.2,768312.0
2026-03-23 07:18:00+00:00,NSE:BANKNIFTY,51756.7,51761.95,51733.25,51737.25,456046.0
2026-03-23 07:19:00+00:00,NSE:BANKNIFTY,51739.85,51760.1,51735.8,51756.2,368007.0
2026-03-23 07:20:00+00:00,NSE:BANKNIFTY,51754.65,51755.35,51705.85,51722.7,1061990.0
2026-03-23 07:21:00+00:00,NSE:BANKNIFTY,51720.4,51757.15,51704.5,51737.95,656673.0
2026-03-23 07:22:00+00:00,NSE:BANKNIFTY,51736.65,51737.5,51683.55,51683.55,404467.0
2026-03-23 07:23:00+00:00,NSE:BANKNIFTY,51683.9,51687.45,51671.15,51673.95,425764.0
2026-03-23 07:24:00+00:00,NSE:BANKNIFTY,51675.4,51677.2,51633.05,51635.3,416872.0
2026-03-23 07:25:00+00:00,NSE:BANKNIFTY,51635.7,51639.3,51595.35,51616.25,900920.0
2026-03-23 07:26:00+00:00,NSE:BANKNIFTY,51618.05,51646.1,51615.45,51617.85,411918.0
2026-03-23 07:27:00+00:00,NSE:BANKNIFTY,51614.0,51638.75,51614.0,51637.5,312773.0
2026-03-23 07:28:00+00:00,NSE:BANKNIFTY,51631.35,51642.4,51593.9,51636.2,420485.0
2026-03-23 07:29:00+00:00,NSE:BANKNIFTY,51633.6,51652.5,51621.9,51648.9,558821.0
2026-03-23 07:30:00+00:00,NSE:BANKNIFTY,51647.45,51647.45,51615.85,51624.25,513443.0
2026-03-23 07:31:00+00:00,NSE:BANKNIFTY,51615.6,51653.5,51609.8,51648.25,655467.0
2026-03-23 07:32:00+00:00,NSE:BANKNIFTY,51648.65,51651.8,51611.7,51626.75,390346.0
2026-03-23 07:33:00+00:00,NSE:BANKNIFTY,51622.3,51627.35,51599.6,51615.1,616107.0
2026-03-23 07:34:00+00:00,NSE:BANKNIFTY,51612.6,51639.55,51610.3,51615.45,389982.0
2026-03-23 07:35:00+00:00,NSE:BANKNIFTY,51611.45,51624.3,51599.2,51611.3,572982.0
2026-03-23 07:36:00+00:00,NSE:BANKNIFTY,51612.6,51657.0,51598.1,51637.25,745837.0
2026-03-23 07:37:00+00:00,NSE:BANKNIFTY,51635.45,51649.55,51622.1,51649.3,753528.0
2026-03-23 07:38:00+00:00,NSE:BANKNIFTY,51647.55,51669.1,51636.3,51666.1,565024.0
2026-03-23 07:39:00+00:00,NSE:BANKNIFTY,51662.85,51684.95,51630.95,51637.6,456910.0
2026-03-23 07:40:00+00:00,NSE:BANKNIFTY,51635.65,51644.7,51619.65,51620.6,276043.0
2026-03-23 07:41:00+00:00,NSE:BANKNIFTY,51616.85,51617.75,51588.65,51589.4,886327.0
2026-03-23 07:42:00+00:00,NSE:BANKNIFTY,51590.8,51604.4,51556.45,51581.9,1619504.0
2026-03-23 07:43:00+00:00,NSE:BANKNIFTY,51582.6,51611.6,51570.75,51575.1,390495.0
2026-03-23 07:44:00+00:00,NSE:BANKNIFTY,51573.45,51605.15,51558.65,51605.15,434730.0
2026-03-23 07:45:00+00:00,NSE:BANKNIFTY,51607.4,51672.35,51607.4,51651.6,680913.0
2026-03-23 07:46:00+00:00,NSE:BANKNIFTY,51652.0,51657.3,51634.35,51638.3,323277.0
2026-03-23 07:47:00+00:00,NSE:BANKNIFTY,51636.45,51657.7,51611.95,51637.4,767017.0
2026-03-23 07:48:00+00:00,NSE:BANKNIFTY,51637.5,51653.05,51620.65,51630.85,457026.0
2026-03-23 07:49:00+00:00,NSE:BANKNIFTY,51630.0,51643.85,51612.85,51612.85,492928.0
2026-03-23 07:50:00+00:00,NSE:BANKNIFTY,51612.7,51627.05,51597.35,51617.05,348210.0
2026-03-23 07:51:00+00:00,NSE:BANKNIFTY,51617.8,51679.9,51615.6,51677.1,628957.0
2026-03-23 07:52:00+00:00,NSE:BANKNIFTY,51677.0,51677.15,51642.85,51642.85,428498.0
2026-03-23 07:53:00+00:00,NSE:BANKNIFTY,51648.8,51654.0,51626.2,51641.45,307939.0
2026-03-23 07:54:00+00:00,NSE:BANKNIFTY,51642.65,51661.25,51642.4,51653.05,427048.0
2026-03-23 07:55:00+00:00,NSE:BANKNIFTY,51652.7,51662.0,51618.9,51658.45,672020.0
2026-03-23 07:56:00+00:00,NSE:BANKNIFTY,51657.75,51686.95,51652.5,51680.05,572480.0
2026-03-23 07:57:00+00:00,NSE:BANKNIFTY,51680.95,51702.5,51643.85,51647.65,525428.0
2026-03-23 07:58:00+00:00,NSE:BANKNIFTY,51647.3,51684.7,51634.6,51676.85,444931.0
2026-03-23 07:59:00+00:00,NSE:BANKNIFTY,51674.7,51682.7,51645.35,51664.8,514151.0
2026-03-23 08:00:00+00:00,NSE:BANKNIFTY,51664.2,51749.2,51658.95,51738.85,1984800.0
2026-03-23 08:01:00+00:00,NSE:BANKNIFTY,51736.45,51736.45,51696.0,51711.45,460594.0
2026-03-23 08:02:00+00:00,NSE:BANKNIFTY,51714.05,51749.85,51689.9,51746.65,1035228.0
2026-03-23 08:03:00+00:00,NSE:BANKNIFTY,51739.95,51742.95,51708.3,51728.85,529040.0
2026-03-23 08:04:00+00:00,NSE:BANKNIFTY,51730.25,51744.8,51712.25,51740.25,282297.0
2026-03-23 08:05:00+00:00,NSE:BANKNIFTY,51741.65,51773.3,51730.75,51748.6,609486.0
2026-03-23 08:06:00+00:00,NSE:BANKNIFTY,51746.55,51778.3,51737.5,51768.75,691208.0
2026-03-23 08:07:00+00:00,NSE:BANKNIFTY,51768.9,51779.6,51750.25,51751.4,730038.0
2026-03-23 08:08:00+00:00,NSE:BANKNIFTY,51749.8,51759.05,51732.9,51745.1,437508.0
2026-03-23 08:09:00+00:00,NSE:BANKNIFTY,51744.1,51751.25,51731.35,51742.7,353843.0
2026-03-23 08:10:00+00:00,NSE:BANKNIFTY,51740.45,51766.0,51729.1,51752.75,567380.0
2026-03-23 08:11:00+00:00,NSE:BANKNIFTY,51747.4,51788.7,51741.35,51788.05,576915.0
2026-03-23 08:12:00+00:00,NSE:BANKNIFTY,51790.1,51810.4,51770.6,51770.6,1247016.0
2026-03-23 08:13:00+00:00,NSE:BANKNIFTY,51769.55,51797.65,51756.7,51783.65,409715.0
2026-03-23 08:14:00+00:00,NSE:BANKNIFTY,51785.15,51854.7,51778.6,51847.85,1882020.0
2026-03-23 08:15:00+00:00,NSE:BANKNIFTY,51841.65,51852.55,51826.75,51835.95,1093874.0
2026-03-23 08:16:00+00:00,NSE:BANKNIFTY,51833.05,51851.45,51818.15,51827.3,1098351.0
2026-03-23 08:17:00+00:00,NSE:BANKNIFTY,51827.35,51850.65,51814.25,51843.45,409197.0
2026-03-23 08:18:00+00:00,NSE:BANKNIFTY,51838.2,51864.0,51806.9,51861.85,802787.0
2026-03-23 08:19:00+00:00,NSE:BANKNIFTY,51862.05,51868.25,51846.85,51846.85,807251.0
2026-03-23 08:20:00+00:00,NSE:BANKNIFTY,51851.7,51888.75,51848.4,51887.9,1132524.0
2026-03-23 08:21:00+00:00,NSE:BANKNIFTY,51886.9,51917.45,51813.6,51821.4,1486903.0
2026-03-23 08:22:00+00:00,NSE:BANKNIFTY,51820.85,51873.4,51811.85,51867.55,805804.0
2026-03-23 08:23:00+00:00,NSE:BANKNIFTY,51871.7,51874.95,51846.65,51857.8,692668.0
2026-03-23 08:24:00+00:00,NSE:BANKNIFTY,51859.2,51860.5,51827.3,51842.75,746127.0
2026-03-23 08:25:00+00:00,NSE:BANKNIFTY,51847.7,51864.2,51837.8,51856.2,1170542.0
2026-03-23 08:26:00+00:00,NSE:BANKNIFTY,51849.95,51882.45,51846.9,51873.35,788808.0
2026-03-23 08:27:00+00:00,NSE:BANKNIFTY,51871.35,51897.35,51838.9,51897.35,1101840.0
2026-03-23 08:28:00+00:00,NSE:BANKNIFTY,51901.5,51916.15,51869.2,51877.15,2052940.0
2026-03-23 08:29:00+00:00,NSE:BANKNIFTY,51880.95,51890.6,51845.35,51849.0,571848.0
2026-03-23 08:30:00+00:00,NSE:BANKNIFTY,51848.4,51866.45,51816.25,51854.6,808013.0
2026-03-23 08:31:00+00:00,NSE:BANKNIFTY,51855.25,51908.5,51845.4,51907.9,708523.0
2026-03-23 08:32:00+00:00,NSE:BANKNIFTY,51899.45,51949.1,51899.45,51941.8,842740.0
2026-03-23 08:33:00+00:00,NSE:BANKNIFTY,51939.5,51984.3,51939.5,51971.55,1075748.0
2026-03-23 08:34:00+00:00,NSE:BANKNIFTY,51971.75,52016.8,51971.75,51986.25,1051666.0
2026-03-23 08:35:00+00:00,NSE:BANKNIFTY,51992.25,52015.1,51980.85,51983.25,1224267.0
2026-03-23 08:36:00+00:00,NSE:BANKNIFTY,51987.45,52034.65,51984.4,52033.15,998868.0
2026-03-23 08:37:00+00:00,NSE:BANKNIFTY,52033.0,52041.35,51978.9,51991.3,951752.0
2026-03-23 08:38:00+00:00,NSE:BANKNIFTY,51994.75,52001.75,51921.05,51926.5,1277849.0
2026-03-23 08:39:00+00:00,NSE:BANKNIFTY,51925.9,51979.6,51918.75,51965.85,845055.0
2026-03-23 08:40:00+00:00,NSE:BANKNIFTY,51968.65,51972.45,51926.3,51942.95,1351280.0
2026-03-23 08:41:00+00:00,NSE:BANKNIFTY,51940.15,51962.15,51914.7,51959.5,901050.0
2026-03-23 08:42:00+00:00,NSE:BANKNIFTY,51956.45,51987.45,51949.65,51959.45,518880.0
2026-03-23 08:43:00+00:00,NSE:BANKNIFTY,51957.5,51975.4,51923.8,51928.15,589347.0
2026-03-23 08:44:00+00:00,NSE:BANKNIFTY,51925.9,51964.1,51925.9,51942.1,491893.0
2026-03-23 08:45:00+00:00,NSE:BANKNIFTY,51941.75,51945.95,51914.8,51922.95,454150.0
2026-03-23 08:46:00+00:00,NSE:BANKNIFTY,51921.95,51967.85,51921.95,51958.1,616836.0
2026-03-23 08:47:00+00:00,NSE:BANKNIFTY,51957.15,51980.05,51954.85,51975.3,718483.0
2026-03-23 08:48:00+00:00,NSE:BANKNIFTY,51974.45,51981.55,51948.95,51974.2,809020.0
2026-03-23 08:49:00+00:00,NSE:BANKNIFTY,51973.55,51992.25,51962.25,51976.35,686843.0
2026-03-23 08:50:00+00:00,NSE:BANKNIFTY,51975.6,51988.6,51961.25,51969.45,574520.0
2026-03-23 08:51:00+00:00,NSE:BANKNIFTY,51967.95,51972.25,51950.7,51960.35,590308.0
2026-03-23 08:52:00+00:00,NSE:BANKNIFTY,51956.15,51960.4,51933.65,51958.45,746489.0
2026-03-23 08:53:00+00:00,NSE:BANKNIFTY,51956.55,51962.6,51928.6,51961.6,617031.0
2026-03-23 08:54:00+00:00,NSE:BANKNIFTY,51963.95,51987.05,51909.65,51910.75,807254.0
2026-03-23 08:55:00+00:00,NSE:BANKNIFTY,51908.95,51915.8,51841.3,51854.0,1178113.0
2026-03-23 08:56:00+00:00,NSE:BANKNIFTY,51856.5,51908.25,51834.15,51905.2,1060361.0
2026-03-23 08:57:00+00:00,NSE:BANKNIFTY,51903.55,51943.85,51903.2,51926.65,704941.0
2026-03-23 08:58:00+00:00,NSE:BANKNIFTY,51923.7,51930.45,51896.55,51906.75,666854.0
2026-03-23 08:59:00+00:00,NSE:BANKNIFTY,51902.45,51902.45,51832.7,51836.1,1177170.0
2026-03-23 09:00:00+00:00,NSE:BANKNIFTY,51837.25,51839.25,51772.0,51779.8,1624651.0
2026-03-23 09:01:00+00:00,NSE:BANKNIFTY,51774.55,51777.6,51715.55,51715.55,1407295.0
2026-03-23 09:02:00+00:00,NSE:BANKNIFTY,51716.55,51719.3,51640.1,51669.1,1917228.0
2026-03-23 09:03:00+00:00,NSE:BANKNIFTY,51666.35,51666.8,51566.85,51572.8,1702556.0
2026-03-23 09:04:00+00:00,NSE:BANKNIFTY,51571.0,51633.0,51571.0,51589.0,1261154.0
2026-03-23 09:05:00+00:00,NSE:BANKNIFTY,51584.25,51608.15,51578.5,51595.2,963779.0
2026-03-23 09:06:00+00:00,NSE:BANKNIFTY,51594.4,51716.3,51591.9,51714.6,2148424.0
2026-03-23 09:07:00+00:00,NSE:BANKNIFTY,51708.8,51783.45,51705.95,51748.5,1732613.0
2026-03-23 09:08:00+00:00,NSE:BANKNIFTY,51749.25,51769.55,51690.25,51690.25,1213314.0
2026-03-23 09:09:00+00:00,NSE:BANKNIFTY,51686.15,51687.3,51640.1,51679.35,1490188.0
2026-03-23 09:10:00+00:00,NSE:BANKNIFTY,51670.7,51683.15,51632.65,51653.95,1211126.0
2026-03-23 09:11:00+00:00,NSE:BANKNIFTY,51647.55,51669.95,51634.45,51669.7,843354.0
2026-03-23 09:12:00+00:00,NSE:BANKNIFTY,51668.55,51689.15,51641.5,51644.45,979464.0
2026-03-23 09:13:00+00:00,NSE:BANKNIFTY,51640.45,51772.85,51638.3,51772.85,2779893.0
2026-03-23 09:14:00+00:00,NSE:BANKNIFTY,51768.65,51803.7,51765.05,51789.6,1276780.0
2026-03-23 09:15:00+00:00,NSE:BANKNIFTY,51783.4,51793.4,51749.15,51770.9,1078737.0
2026-03-23 09:16:00+00:00,NSE:BANKNIFTY,51766.05,51770.75,51725.35,51739.55,811395.0
2026-03-23 09:17:00+00:00,NSE:BANKNIFTY,51734.5,51742.75,51707.4,51713.15,1218051.0
2026-03-23 09:18:00+00:00,NSE:BANKNIFTY,51716.25,51735.9,51701.85,51733.3,1573367.0
2026-03-23 09:19:00+00:00,NSE:BANKNIFTY,51731.9,51765.5,51710.6,51749.5,2120335.0
2026-03-23 09:20:00+00:00,NSE:BANKNIFTY,51751.9,51820.85,51751.9,51820.85,1580303.0
2026-03-23 09:21:00+00:00,NSE:BANKNIFTY,51819.05,51868.1,51799.35,51855.95,1187312.0
2026-03-23 09:22:00+00:00,NSE:BANKNIFTY,51855.2,51855.2,51807.75,51836.55,1169740.0
2026-03-23 09:23:00+00:00,NSE:BANKNIFTY,51839.85,51839.85,51788.35,51809.65,1229413.0
2026-03-23 09:24:00+00:00,NSE:BANKNIFTY,51809.75,51809.75,51745.8,51751.4,963422.0
2026-03-23 09:25:00+00:00,NSE:BANKNIFTY,51754.25,51757.0,51696.7,51696.7,1852401.0
2026-03-23 09:26:00+00:00,NSE:BANKNIFTY,51697.45,51736.8,51696.05,51723.75,1483365.0
2026-03-23 09:27:00+00:00,NSE:BANKNIFTY,51723.15,51745.6,51706.8,51715.3,1587471.0
2026-03-23 09:28:00+00:00,NSE:BANKNIFTY,51715.6,51715.6,51655.7,51656.65,1693582.0
2026-03-23 09:29:00+00:00,NSE:BANKNIFTY,51659.4,51701.5,51657.05,51692.8,1551457.0
2026-03-23 09:30:00+00:00,NSE:BANKNIFTY,51694.4,51696.6,51577.95,51587.85,2918018.0
2026-03-23 09:31:00+00:00,NSE:BANKNIFTY,51587.55,51589.35,51549.0,51570.6,1768344.0
2026-03-23 09:32:00+00:00,NSE:BANKNIFTY,51569.7,51590.45,51555.6,51590.45,2603397.0
2026-03-23 09:33:00+00:00,NSE:BANKNIFTY,51584.95,51602.55,51553.45,51556.45,2642574.0
2026-03-23 09:34:00+00:00,NSE:BANKNIFTY,51556.65,51556.65,51469.95,51475.35,2348132.0
2026-03-23 09:35:00+00:00,NSE:BANKNIFTY,51469.55,51489.2,51451.6,51472.9,2227513.0
2026-03-23 09:36:00+00:00,NSE:BANKNIFTY,51473.55,51483.85,51414.8,51436.25,3510784.0
2026-03-23 09:37:00+00:00,NSE:BANKNIFTY,51438.45,51470.95,51435.2,51460.15,2114981.0
2026-03-23 09:38:00+00:00,NSE:BANKNIFTY,51458.9,51458.9,51428.6,51448.55,1921520.0
2026-03-23 09:39:00+00:00,NSE:BANKNIFTY,51446.3,51539.25,51445.55,51520.8,3380969.0
2026-03-23 09:40:00+00:00,NSE:BANKNIFTY,51526.15,51555.95,51497.0,51535.0,2158133.0
2026-03-23 09:41:00+00:00,NSE:BANKNIFTY,51538.3,51552.75,51528.85,51535.85,1668839.0
2026-03-23 09:42:00+00:00,NSE:BANKNIFTY,51537.6,51540.1,51477.05,51480.75,1742311.0
2026-03-23 09:43:00+00:00,NSE:BANKNIFTY,51484.35,51485.15,51452.9,51458.45,1954696.0
2026-03-23 09:44:00+00:00,NSE:BANKNIFTY,51462.95,51462.95,51401.2,51410.75,2618989.0
2026-03-23 09:45:00+00:00,NSE:BANKNIFTY,51407.05,51410.35,51354.35,51394.8,3113363.0
2026-03-23 09:46:00+00:00,NSE:BANKNIFTY,51397.5,51399.55,51360.15,51378.4,2405881.0
2026-03-23 09:47:00+00:00,NSE:BANKNIFTY,51378.8,51402.3,51367.5,51370.5,2268308.0
2026-03-23 09:48:00+00:00,NSE:BANKNIFTY,51374.35,51381.8,51347.6,51362.95,2900966.0
2026-03-23 09:49:00+00:00,NSE:BANKNIFTY,51360.45,51372.55,51339.85,51343.2,2275178.0
2026-03-23 09:50:00+00:00,NSE:BANKNIFTY,51339.05,51364.9,51323.6,51358.1,3922130.0
2026-03-23 09:51:00+00:00,NSE:BANKNIFTY,51362.8,51362.8,51334.55,51339.4,2455455.0
2026-03-23 09:52:00+00:00,NSE:BANKNIFTY,51342.9,51361.2,51337.3,51348.35,3210320.0
2026-03-23 09:53:00+00:00,NSE:BANKNIFTY,51345.65,51359.45,51341.2,51349.85,4263253.0
2026-03-23 09:54:00+00:00,NSE:BANKNIFTY,51346.7,51393.9,51340.95,51389.25,3394230.0
2026-03-23 09:55:00+00:00,NSE:BANKNIFTY,51391.45,51391.45,51359.05,51370.5,3852070.0
2026-03-23 09:56:00+00:00,NSE:BANKNIFTY,51373.05,51383.3,51350.9,51356.9,1134138.0
2026-03-23 09:57:00+00:00,NSE:BANKNIFTY,51354.55,51383.9,51354.55,51365.75,2169428.0
2026-03-23 09:58:00+00:00,NSE:BANKNIFTY,51366.35,51374.65,51349.5,51368.35,1882200.0
2026-03-23 09:59:00+00:00,NSE:BANKNIFTY,51367.35,51491.4,51353.85,51446.15,1667170.0
2026-03-24 03:45:00+00:00,NSE:BANKNIFTY,52491.75,52491.75,52168.1,52222.6,9908408.0
2026-03-24 03:46:00+00:00,NSE:BANKNIFTY,52222.85,52273.25,52155.2,52183.75,4656776.0
2026-03-24 03:47:00+00:00,NSE:BANKNIFTY,52187.55,52246.8,52174.9,52227.75,3323092.0
2026-03-24 03:48:00+00:00,NSE:BANKNIFTY,52235.65,52280.05,52187.5,52230.65,2336721.0
2026-03-24 03:49:00+00:00,NSE:BANKNIFTY,52235.45,52237.8,52168.2,52218.2,1739767.0
2026-03-24 03:50:00+00:00,NSE:BANKNIFTY,52242.5,52317.6,52242.5,52301.65,2135010.0
2026-03-24 03:51:00+00:00,NSE:BANKNIFTY,52299.9,52304.9,52266.55,52272.7,1601705.0
2026-03-24 03:52:00+00:00,NSE:BANKNIFTY,52273.3,52293.25,52216.55,52234.3,1828957.0
2026-03-24 03:53:00+00:00,NSE:BANKNIFTY,52219.55,52256.3,52211.6,52247.25,2249995.0
2026-03-24 03:54:00+00:00,NSE:BANKNIFTY,52252.35,52302.0,52252.35,52294.55,1910601.0
2026-03-24 03:55:00+00:00,NSE:BANKNIFTY,52292.8,52356.55,52285.6,52347.1,1129071.0
2026-03-24 03:56:00+00:00,NSE:BANKNIFTY,52347.3,52410.5,52338.85,52395.3,3242280.0
2026-03-24 03:57:00+00:00,NSE:BANKNIFTY,52394.5,52453.9,52381.7,52448.1,1937249.0
2026-03-24 03:58:00+00:00,NSE:BANKNIFTY,52450.4,52457.7,52379.6,52380.2,1657532.0
2026-03-24 03:59:00+00:00,NSE:BANKNIFTY,52377.75,52429.95,52363.9,52429.95,2054045.0
2026-03-24 04:00:00+00:00,NSE:BANKNIFTY,52425.45,52478.4,52424.0,52470.55,770392.0
2026-03-24 04:01:00+00:00,NSE:BANKNIFTY,52471.3,52495.7,52448.1,52450.6,1377353.0
2026-03-24 04:02:00+00:00,NSE:BANKNIFTY,52448.65,52454.3,52383.55,52445.8,1343095.0
2026-03-24 04:03:00+00:00,NSE:BANKNIFTY,52437.25,52459.6,52402.45,52409.8,1318872.0
2026-03-24 04:04:00+00:00,NSE:BANKNIFTY,52409.85,52411.1,52351.25,52353.6,728364.0
2026-03-24 04:05:00+00:00,NSE:BANKNIFTY,52350.3,52403.85,52347.55,52365.95,2034396.0
2026-03-24 04:06:00+00:00,NSE:BANKNIFTY,52364.8,52386.8,52344.0,52384.35,723035.0
2026-03-24 04:07:00+00:00,NSE:BANKNIFTY,52383.35,52383.45,52300.05,52315.55,1248506.0
2026-03-24 04:08:00+00:00,NSE:BANKNIFTY,52311.9,52323.0,52261.9,52265.75,1138191.0
2026-03-24 04:09:00+00:00,NSE:BANKNIFTY,52265.9,52273.6,52217.05,52217.05,1011146.0
2026-03-24 04:10:00+00:00,NSE:BANKNIFTY,52224.5,52270.2,52212.6,52267.4,864125.0
2026-03-24 04:11:00+00:00,NSE:BANKNIFTY,52264.0,52308.45,52242.1,52306.15,738837.0
2026-03-24 04:12:00+00:00,NSE:BANKNIFTY,52304.2,52307.3,52212.0,52212.0,873737.0
2026-03-24 04:13:00+00:00,NSE:BANKNIFTY,52209.2,52209.2,52163.1,52171.95,1137504.0
2026-03-24 04:14:00+00:00,NSE:BANKNIFTY,52167.7,52226.95,52155.3,52196.0,954470.0
2026-03-24 04:15:00+00:00,NSE:BANKNIFTY,52194.8,52204.5,52113.8,52119.95,1342750.0
2026-03-24 04:16:00+00:00,NSE:BANKNIFTY,52126.1,52144.35,52103.0,52123.3,939401.0
2026-03-24 04:17:00+00:00,NSE:BANKNIFTY,52124.0,52154.15,52101.4,52126.1,983254.0
2026-03-24 04:18:00+00:00,NSE:BANKNIFTY,52125.55,52125.55,52080.3,52089.25,1309251.0
2026-03-24 04:19:00+00:00,NSE:BANKNIFTY,52088.95,52166.3,52086.75,52127.35,790502.0
2026-03-24 04:20:00+00:00,NSE:BANKNIFTY,52123.8,52155.55,52099.6,52115.35,1043905.0
2026-03-24 04:21:00+00:00,NSE:BANKNIFTY,52114.4,52156.35,52079.15,52146.8,1359167.0
2026-03-24 04:22:00+00:00,NSE:BANKNIFTY,52140.95,52156.8,52127.0,52139.35,694853.0
2026-03-24 04:23:00+00:00,NSE:BANKNIFTY,52140.05,52160.95,52119.3,52156.5,807815.0
2026-03-24 04:24:00+00:00,NSE:BANKNIFTY,52151.2,52176.45,52145.55,52162.85,840687.0
2026-03-24 04:25:00+00:00,NSE:BANKNIFTY,52161.95,52233.8,52143.75,52233.65,1330219.0
2026-03-24 04:26:00+00:00,NSE:BANKNIFTY,52234.1,52291.9,52234.1,52260.45,1428487.0
2026-03-24 04:27:00+00:00,NSE:BANKNIFTY,52258.65,52277.5,52230.2,52277.05,440309.0
2026-03-24 04:28:00+00:00,NSE:BANKNIFTY,52277.5,52280.35,52223.65,52238.3,414099.0
2026-03-24 04:29:00+00:00,NSE:BANKNIFTY,52239.75,52256.15,52206.25,52240.0,510771.0
2026-03-24 04:30:00+00:00,NSE:BANKNIFTY,52240.4,52244.15,52217.9,52224.6,333541.0
2026-03-24 04:31:00+00:00,NSE:BANKNIFTY,52221.15,52221.15,52140.8,52145.6,615878.0
2026-03-24 04:32:00+00:00,NSE:BANKNIFTY,52141.9,52171.85,52133.35,52148.2,797623.0
2026-03-24 04:33:00+00:00,NSE:BANKNIFTY,52150.05,52150.6,52133.25,52133.25,441080.0
2026-03-24 04:34:00+00:00,NSE:BANKNIFTY,52135.0,52140.0,52098.5,52117.8,584203.0
2026-03-24 04:35:00+00:00,NSE:BANKNIFTY,52115.05,52129.75,52111.1,52124.6,610580.0
2026-03-24 04:36:00+00:00,NSE:BANKNIFTY,52124.85,52131.3,52083.2,52085.8,581904.0
2026-03-24 04:37:00+00:00,NSE:BANKNIFTY,52085.9,52085.9,52040.4,52043.95,725880.0
2026-03-24 04:38:00+00:00,NSE:BANKNIFTY,52043.65,52043.65,52003.35,52004.1,707901.0
2026-03-24 04:39:00+00:00,NSE:BANKNIFTY,52003.3,52041.5,51997.2,52008.0,633916.0
2026-03-24 04:40:00+00:00,NSE:BANKNIFTY,52009.2,52040.85,51999.05,52040.8,531388.0
2026-03-24 04:41:00+00:00,NSE:BANKNIFTY,52041.1,52046.95,52017.25,52019.85,409908.0
2026-03-24 04:42:00+00:00,NSE:BANKNIFTY,52019.9,52025.4,52006.4,52022.35,456795.0
2026-03-24 04:43:00+00:00,NSE:BANKNIFTY,52017.95,52092.75,52014.35,52092.75,1069997.0
2026-03-24 04:44:00+00:00,NSE:BANKNIFTY,52096.3,52111.85,52069.25,52075.25,705394.0
2026-03-24 04:45:00+00:00,NSE:BANKNIFTY,52077.3,52098.75,52062.75,52085.6,356471.0
2026-03-24 04:46:00+00:00,NSE:BANKNIFTY,52091.05,52150.55,52091.05,52149.2,542850.0
2026-03-24 04:47:00+00:00,NSE:BANKNIFTY,52149.65,52172.45,52140.3,52163.1,771554.0
2026-03-24 04:48:00+00:00,NSE:BANKNIFTY,52165.8,52192.75,52162.0,52175.15,507990.0
2026-03-24 04:49:00+00:00,NSE:BANKNIFTY,52178.2,52178.2,52146.15,52155.65,464937.0
2026-03-24 04:50:00+00:00,NSE:BANKNIFTY,52156.45,52174.6,52104.5,52104.5,490184.0
2026-03-24 04:51:00+00:00,NSE:BANKNIFTY,52104.85,52162.95,52101.2,52162.95,529596.0
2026-03-24 04:52:00+00:00,NSE:BANKNIFTY,52164.3,52194.35,52147.15,52179.3,593470.0
2026-03-24 04:53:00+00:00,NSE:BANKNIFTY,52176.4,52229.0,52176.4,52229.0,766350.0
2026-03-24 04:54:00+00:00,NSE:BANKNIFTY,52229.65,52235.25,52208.2,52235.25,465018.0
2026-03-24 04:55:00+00:00,NSE:BANKNIFTY,52235.1,52248.0,52223.2,52246.05,434356.0
2026-03-24 04:56:00+00:00,NSE:BANKNIFTY,52243.4,52247.85,52135.85,52142.75,822332.0
2026-03-24 04:57:00+00:00,NSE:BANKNIFTY,52149.7,52149.7,52120.7,52127.45,782224.0
2026-03-24 04:58:00+00:00,NSE:BANKNIFTY,52130.8,52136.9,52117.0,52127.75,647998.0
2026-03-24 04:59:00+00:00,NSE:BANKNIFTY,52124.5,52147.45,52124.5,52129.75,476431.0
2026-03-24 05:00:00+00:00,NSE:BANKNIFTY,52132.4,52132.95,52088.3,52088.3,452732.0
2026-03-24 05:01:00+00:00,NSE:BANKNIFTY,52087.2,52099.1,52042.05,52047.3,578295.0
2026-03-24 05:02:00+00:00,NSE:BANKNIFTY,52046.5,52069.7,52042.1,52049.35,404497.0
2026-03-24 05:03:00+00:00,NSE:BANKNIFTY,52046.4,52050.75,52006.4,52012.65,946332.0
2026-03-24 05:04:00+00:00,NSE:BANKNIFTY,52014.9,52015.45,51968.9,51972.0,670606.0
2026-03-24 05:05:00+00:00,NSE:BANKNIFTY,51961.2,51978.8,51952.15,51958.7,798921.0
2026-03-24 05:06:00+00:00,NSE:BANKNIFTY,51960.65,51971.3,51917.45,51923.65,527664.0
2026-03-24 05:07:00+00:00,NSE:BANKNIFTY,51922.1,51936.15,51885.05,51929.9,544266.0
2026-03-24 05:08:00+00:00,NSE:BANKNIFTY,51926.95,51944.75,51889.6,51911.75,584360.0
2026-03-24 05:09:00+00:00,NSE:BANKNIFTY,51912.65,51914.95,51867.4,51874.25,761639.0
2026-03-24 05:10:00+00:00,NSE:BANKNIFTY,51871.45,51883.05,51864.55,51874.7,448764.0
2026-03-24 05:11:00+00:00,NSE:BANKNIFTY,51875.95,51958.2,51871.7,51917.5,1176749.0
2026-03-24 05:12:00+00:00,NSE:BANKNIFTY,51919.55,51957.6,51904.4,51955.7,535084.0
2026-03-24 05:13:00+00:00,NSE:BANKNIFTY,51955.25,52003.9,51955.25,51989.3,734338.0
2026-03-24 05:14:00+00:00,NSE:BANKNIFTY,51992.05,52012.6,51970.45,51977.25,372603.0
2026-03-24 05:15:00+00:00,NSE:BANKNIFTY,51978.45,51990.75,51964.35,51968.6,911841.0
2026-03-24 05:16:00+00:00,NSE:BANKNIFTY,51965.85,51980.6,51943.35,51957.4,513762.0
2026-03-24 05:17:00+00:00,NSE:BANKNIFTY,51960.9,52003.45,51951.45,51986.15,727694.0
2026-03-24 05:18:00+00:00,NSE:BANKNIFTY,51984.75,52101.85,51972.35,52101.85,1569032.0
2026-03-24 05:19:00+00:00,NSE:BANKNIFTY,52109.2,52111.1,52032.0,52035.1,595423.0
2026-03-24 05:20:00+00:00,NSE:BANKNIFTY,52034.75,52059.1,52025.35,52059.1,207609.0
2026-03-24 05:21:00+00:00,NSE:BANKNIFTY,52058.1,52062.35,51986.6,51986.6,524502.0
2026-03-24 05:22:00+00:00,NSE:BANKNIFTY,51981.95,51987.0,51918.8,51932.6,550895.0
2026-03-24 05:23:00+00:00,NSE:BANKNIFTY,51931.8,51967.55,51920.75,51942.95,561360.0
2026-03-24 05:24:00+00:00,NSE:BANKNIFTY,51949.15,51959.75,51917.65,51943.45,415040.0
2026-03-24 05:25:00+00:00,NSE:BANKNIFTY,51944.65,51953.85,51925.55,51948.65,405153.0
2026-03-24 05:26:00+00:00,NSE:BANKNIFTY,51951.1,51951.1,51904.65,51912.0,489394.0
2026-03-24 05:27:00+00:00,NSE:BANKNIFTY,51908.75,51920.9,51888.65,51892.0,443690.0
2026-03-24 05:28:00+00:00,NSE:BANKNIFTY,51896.9,51902.05,51848.15,51858.05,529512.0
2026-03-24 05:29:00+00:00,NSE:BANKNIFTY,51857.7,51873.5,51827.5,51846.75,532433.0
2026-03-24 05:30:00+00:00,NSE:BANKNIFTY,51846.6,51890.7,51846.05,51890.7,389314.0
2026-03-24 05:31:00+00:00,NSE:BANKNIFTY,51893.4,51917.3,51878.55,51914.8,423048.0
2026-03-24 05:32:00+00:00,NSE:BANKNIFTY,51915.2,51915.2,51879.55,51899.2,776338.0
2026-03-24 05:33:00+00:00,NSE:BANKNIFTY,51902.2,51926.15,51899.5,51904.8,432808.0
2026-03-24 05:34:00+00:00,NSE:BANKNIFTY,51900.5,51938.6,51900.5,51930.1,443096.0
2026-03-24 05:35:00+00:00,NSE:BANKNIFTY,51925.15,51948.55,51919.4,51946.4,327110.0
2026-03-24 05:36:00+00:00,NSE:BANKNIFTY,51945.75,51951.55,51906.0,51911.15,309889.0
2026-03-24 05:37:00+00:00,NSE:BANKNIFTY,51908.8,51922.5,51881.55,51895.15,282311.0
2026-03-24 05:38:00+00:00,NSE:BANKNIFTY,51901.25,51960.05,51901.25,51951.7,528579.0
2026-03-24 05:39:00+00:00,NSE:BANKNIFTY,51948.35,51954.5,51926.9,51945.15,228431.0
2026-03-24 05:40:00+00:00,NSE:BANKNIFTY,51946.1,51996.7,51937.7,51961.6,500149.0
2026-03-24 05:41:00+00:00,NSE:BANKNIFTY,51961.35,52009.35,51960.0,51993.9,501342.0
2026-03-24 05:42:00+00:00,NSE:BANKNIFTY,51993.2,52000.75,51970.95,51981.4,343211.0
2026-03-24 05:43:00+00:00,NSE:BANKNIFTY,51982.5,51992.65,51948.5,51957.15,567685.0
2026-03-24 05:44:00+00:00,NSE:BANKNIFTY,51961.45,51963.9,51927.35,51957.45,461713.0
2026-03-24 05:45:00+00:00,NSE:BANKNIFTY,51976.35,52004.6,51952.75,51986.9,1073058.0
2026-03-24 05:46:00+00:00,NSE:BANKNIFTY,51989.25,52021.8,51988.6,52001.3,515959.0
2026-03-24 05:47:00+00:00,NSE:BANKNIFTY,52002.8,52020.35,51989.95,52014.5,558019.0
2026-03-24 05:48:00+00:00,NSE:BANKNIFTY,52021.55,52057.5,52004.6,52057.5,469279.0
2026-03-24 05:49:00+00:00,NSE:BANKNIFTY,52057.1,52067.2,52032.45,52046.3,475034.0
2026-03-24 05:50:00+00:00,NSE:BANKNIFTY,52049.85,52068.6,52030.25,52036.9,1279860.0
2026-03-24 05:51:00+00:00,NSE:BANKNIFTY,52040.55,52043.05,51984.1,51993.1,945337.0
2026-03-24 05:52:00+00:00,NSE:BANKNIFTY,51991.45,52019.8,51983.95,51991.65,535244.0
2026-03-24 05:53:00+00:00,NSE:BANKNIFTY,51993.8,52006.5,51958.2,51960.9,522382.0
2026-03-24 05:54:00+00:00,NSE:BANKNIFTY,51962.6,51971.95,51942.5,51945.75,753569.0
2026-03-24 05:55:00+00:00,NSE:BANKNIFTY,51948.6,52025.15,51924.65,52025.0,712560.0
2026-03-24 05:56:00+00:00,NSE:BANKNIFTY,52026.05,52026.05,51985.3,52023.5,407201.0
2026-03-24 05:57:00+00:00,NSE:BANKNIFTY,52022.2,52032.4,52007.05,52013.1,281848.0
2026-03-24 05:58:00+00:00,NSE:BANKNIFTY,52014.75,52052.9,52011.45,52028.0,459323.0
2026-03-24 05:59:00+00:00,NSE:BANKNIFTY,52025.6,52029.0,52003.4,52014.7,610034.0
2026-03-24 06:00:00+00:00,NSE:BANKNIFTY,52016.75,52066.85,52016.75,52033.65,649781.0
2026-03-24 06:01:00+00:00,NSE:BANKNIFTY,52032.8,52038.1,52013.45,52024.3,273941.0
2026-03-24 06:02:00+00:00,NSE:BANKNIFTY,52023.5,52054.65,52023.5,52048.3,525302.0
2026-03-24 06:03:00+00:00,NSE:BANKNIFTY,52051.5,52051.5,52021.45,52040.3,355720.0
2026-03-24 06:04:00+00:00,NSE:BANKNIFTY,52040.55,52067.0,52029.45,52060.95,523598.0
2026-03-24 06:05:00+00:00,NSE:BANKNIFTY,52058.0,52104.6,52052.85,52082.2,839140.0
2026-03-24 06:06:00+00:00,NSE:BANKNIFTY,52080.25,52092.0,52059.85,52076.65,421434.0
2026-03-24 06:07:00+00:00,NSE:BANKNIFTY,52073.7,52089.15,52066.05,52066.05,399029.0
2026-03-24 06:08:00+00:00,NSE:BANKNIFTY,52064.25,52081.2,52062.25,52062.25,446403.0
2026-03-24 06:09:00+00:00,NSE:BANKNIFTY,52060.4,52064.65,52046.35,52064.65,307453.0
2026-03-24 06:10:00+00:00,NSE:BANKNIFTY,52064.15,52081.9,52053.8,52064.9,823649.0
2026-03-24 06:11:00+00:00,NSE:BANKNIFTY,52061.85,52071.7,52020.15,52020.85,477696.0
2026-03-24 06:12:00+00:00,NSE:BANKNIFTY,52018.65,52034.7,51992.6,52026.65,777044.0
2026-03-24 06:13:00+00:00,NSE:BANKNIFTY,52023.3,52030.15,52002.15,52003.2,334446.0
2026-03-24 06:14:00+00:00,NSE:BANKNIFTY,52008.8,52044.15,52008.8,52037.4,317800.0
2026-03-24 06:15:00+00:00,NSE:BANKNIFTY,52038.1,52042.25,52018.4,52031.45,246746.0
2026-03-24 06:16:00+00:00,NSE:BANKNIFTY,52035.45,52122.2,52032.0,52119.0,635302.0
2026-03-24 06:17:00+00:00,NSE:BANKNIFTY,52120.0,52136.6,52073.1,52083.25,678107.0
2026-03-24 06:18:00+00:00,NSE:BANKNIFTY,52086.6,52098.65,52044.35,52054.6,425416.0
2026-03-24 06:19:00+00:00,NSE:BANKNIFTY,52055.7,52056.1,52029.3,52040.7,441505.0
2026-03-24 06:20:00+00:00,NSE:BANKNIFTY,52041.0,52048.65,51993.25,52037.75,650380.0
2026-03-24 06:21:00+00:00,NSE:BANKNIFTY,52036.5,52040.6,52022.5,52034.6,283919.0
2026-03-24 06:22:00+00:00,NSE:BANKNIFTY,52034.9,52078.3,52032.55,52060.95,373260.0
2026-03-24 06:23:00+00:00,NSE:BANKNIFTY,52064.6,52079.55,52054.1,52065.85,315718.0
2026-03-24 06:24:00+00:00,NSE:BANKNIFTY,52062.8,52072.05,52054.45,52054.75,345878.0
2026-03-24 06:25:00+00:00,NSE:BANKNIFTY,52052.7,52106.35,52048.35,52104.3,594429.0
2026-03-24 06:26:00+00:00,NSE:BANKNIFTY,52100.45,52185.3,52100.45,52185.3,1460505.0
2026-03-24 06:27:00+00:00,NSE:BANKNIFTY,52183.0,52185.65,52166.95,52178.95,421503.0
2026-03-24 06:28:00+00:00,NSE:BANKNIFTY,52179.15,52179.5,52130.7,52143.2,566082.0
2026-03-24 06:29:00+00:00,NSE:BANKNIFTY,52140.85,52140.85,52113.8,52117.25,318377.0
2026-03-24 06:30:00+00:00,NSE:BANKNIFTY,52118.55,52136.25,52116.2,52134.4,365636.0
2026-03-24 06:31:00+00:00,NSE:BANKNIFTY,52133.5,52134.45,52097.15,52107.35,478558.0
2026-03-24 06:32:00+00:00,NSE:BANKNIFTY,52102.25,52105.55,52070.25,52098.8,371319.0
2026-03-24 06:33:00+00:00,NSE:BANKNIFTY,52098.75,52108.15,52087.3,52096.05,342643.0
2026-03-24 06:34:00+00:00,NSE:BANKNIFTY,52092.15,52101.7,52077.65,52083.85,445928.0
2026-03-24 06:35:00+00:00,NSE:BANKNIFTY,52087.25,52088.1,52023.55,52026.1,1006072.0
2026-03-24 06:36:00+00:00,NSE:BANKNIFTY,52030.0,52035.5,52017.0,52027.35,403954.0
2026-03-24 06:37:00+00:00,NSE:BANKNIFTY,52027.15,52063.4,52020.9,52059.75,398158.0
2026-03-24 06:38:00+00:00,NSE:BANKNIFTY,52061.05,52061.05,52025.9,52033.55,352063.0
2026-03-24 06:39:00+00:00,NSE:BANKNIFTY,52034.6,52050.1,52027.2,52040.7,199086.0
2026-03-24 06:40:00+00:00,NSE:BANKNIFTY,52040.35,52049.9,52017.55,52048.8,357674.0
2026-03-24 06:41:00+00:00,NSE:BANKNIFTY,52047.75,52063.05,52034.55,52057.45,226828.0
2026-03-24 06:42:00+00:00,NSE:BANKNIFTY,52059.0,52060.55,52015.05,52018.4,297020.0
2026-03-24 06:43:00+00:00,NSE:BANKNIFTY,52023.15,52026.2,51993.7,51997.9,566157.0
2026-03-24 06:44:00+00:00,NSE:BANKNIFTY,51999.75,52002.9,51989.3,51993.4,390188.0
2026-03-24 06:45:00+00:00,NSE:BANKNIFTY,51994.8,52018.75,51981.9,52008.55,664536.0
2026-03-24 06:46:00+00:00,NSE:BANKNIFTY,52007.55,52017.05,51990.75,52009.2,437521.0
2026-03-24 06:47:00+00:00,NSE:BANKNIFTY,52006.9,52008.0,51983.05,51992.25,582948.0
2026-03-24 06:48:00+00:00,NSE:BANKNIFTY,51991.7,51998.95,51972.15,51997.0,709020.0
2026-03-24 06:49:00+00:00,NSE:BANKNIFTY,51996.2,52002.65,51988.6,51995.55,433686.0
2026-03-24 06:50:00+00:00,NSE:BANKNIFTY,51997.55,52009.2,51988.7,52001.1,477157.0
2026-03-24 06:51:00+00:00,NSE:BANKNIFTY,51998.35,52030.0,51993.8,52017.9,345711.0
2026-03-24 06:52:00+00:00,NSE:BANKNIFTY,52017.4,52179.7,52013.75,52179.7,1360863.0
2026-03-24 06:53:00+00:00,NSE:BANKNIFTY,52182.0,52219.7,52131.2,52215.3,900313.0
2026-03-24 06:54:00+00:00,NSE:BANKNIFTY,52217.9,52284.0,52198.65,52283.05,2123711.0
2026-03-24 06:55:00+00:00,NSE:BANKNIFTY,52278.25,52327.0,52273.1,52326.2,1209317.0
2026-03-24 06:56:00+00:00,NSE:BANKNIFTY,52340.8,52399.45,52325.8,52399.45,912470.0
2026-03-24 06:57:00+00:00,NSE:BANKNIFTY,52395.25,52423.6,52265.5,52313.2,3536865.0
2026-03-24 06:58:00+00:00,NSE:BANKNIFTY,52318.2,52375.4,52255.9,52262.7,1344268.0
2026-03-24 06:59:00+00:00,NSE:BANKNIFTY,52261.45,52272.25,52172.5,52221.5,869863.0
2026-03-24 07:00:00+00:00,NSE:BANKNIFTY,52219.25,52280.35,52218.4,52280.35,677556.0
2026-03-24 07:01:00+00:00,NSE:BANKNIFTY,52278.85,52310.5,52268.95,52304.65,605799.0
2026-03-24 07:02:00+00:00,NSE:BANKNIFTY,52302.95,52389.35,52296.9,52377.45,725665.0
2026-03-24 07:03:00+00:00,NSE:BANKNIFTY,52378.05,52436.2,52361.85,52436.2,1376029.0
2026-03-24 07:04:00+00:00,NSE:BANKNIFTY,52436.45,52471.05,52430.05,52471.05,1193015.0
2026-03-24 07:05:00+00:00,NSE:BANKNIFTY,52470.4,52530.4,52458.3,52527.65,1454899.0
2026-03-24 07:06:00+00:00,NSE:BANKNIFTY,52529.4,52577.2,52522.95,52535.2,1772745.0
2026-03-24 07:07:00+00:00,NSE:BANKNIFTY,52536.7,52546.75,52493.85,52527.7,813494.0
2026-03-24 07:08:00+00:00,NSE:BANKNIFTY,52527.95,52548.1,52511.75,52531.05,898805.0
2026-03-24 07:09:00+00:00,NSE:BANKNIFTY,52530.3,52601.8,52522.8,52601.8,1152512.0
2026-03-24 07:10:00+00:00,NSE:BANKNIFTY,52608.6,52628.05,52580.0,52610.55,1250395.0
2026-03-24 07:11:00+00:00,NSE:BANKNIFTY,52611.35,52647.35,52576.1,52620.85,1026849.0
2026-03-24 07:12:00+00:00,NSE:BANKNIFTY,52621.8,52684.95,52616.2,52672.0,1535562.0
2026-03-24 07:13:00+00:00,NSE:BANKNIFTY,52676.05,52704.85,52655.7,52669.75,1045762.0
2026-03-24 07:14:00+00:00,NSE:BANKNIFTY,52665.85,52684.7,52601.7,52620.55,830685.0
2026-03-24 07:15:00+00:00,NSE:BANKNIFTY,52620.75,52673.25,52617.95,52664.05,995618.0
2026-03-24 07:16:00+00:00,NSE:BANKNIFTY,52668.55,52696.15,52661.9,52685.6,792592.0
2026-03-24 07:17:00+00:00,NSE:BANKNIFTY,52688.0,52750.7,52682.85,52731.65,2738238.0
2026-03-24 07:18:00+00:00,NSE:BANKNIFTY,52734.65,52796.45,52715.75,52763.8,1200023.0
2026-03-24 07:19:00+00:00,NSE:BANKNIFTY,52769.15,52779.65,52725.5,52778.15,954596.0
2026-03-24 07:20:00+00:00,NSE:BANKNIFTY,52776.25,52779.6,52743.65,52760.0,726934.0
2026-03-24 07:21:00+00:00,NSE:BANKNIFTY,52766.15,52779.65,52728.4,52760.0,679225.0
2026-03-24 07:22:00+00:00,NSE:BANKNIFTY,52759.95,52855.35,52752.2,52854.45,1300396.0
2026-03-24 07:23:00+00:00,NSE:BANKNIFTY,52858.05,52859.55,52797.0,52806.95,1417242.0
2026-03-24 07:24:00+00:00,NSE:BANKNIFTY,52801.9,52834.05,52778.2,52822.25,763084.0
2026-03-24 07:25:00+00:00,NSE:BANKNIFTY,52821.7,52821.85,52727.55,52727.55,633469.0
2026-03-24 07:26:00+00:00,NSE:BANKNIFTY,52730.35,52740.85,52704.15,52710.55,825334.0
2026-03-24 07:27:00+00:00,NSE:BANKNIFTY,52711.9,52712.05,52621.85,52628.15,1084973.0
2026-03-24 07:28:00+00:00,NSE:BANKNIFTY,52629.35,52697.4,52629.35,52689.4,715422.0
2026-03-24 07:29:00+00:00,NSE:BANKNIFTY,52688.8,52709.5,52682.45,52689.25,445013.0
2026-03-24 07:30:00+00:00,NSE:BANKNIFTY,52684.6,52710.6,52662.4,52670.35,986777.0
2026-03-24 07:31:00+00:00,NSE:BANKNIFTY,52671.05,52706.65,52666.3,52682.7,406738.0
2026-03-24 07:32:00+00:00,NSE:BANKNIFTY,52680.35,52705.5,52654.9,52656.95,602991.0
2026-03-24 07:33:00+00:00,NSE:BANKNIFTY,52657.65,52672.15,52580.0,52597.65,794908.0
2026-03-24 07:34:00+00:00,NSE:BANKNIFTY,52602.15,52602.55,52565.05,52582.7,457286.0
2026-03-24 07:35:00+00:00,NSE:BANKNIFTY,52587.35,52587.35,52516.2,52516.45,528197.0
2026-03-24 07:36:00+00:00,NSE:BANKNIFTY,52522.7,52568.95,52518.75,52564.8,852834.0
2026-03-24 07:37:00+00:00,NSE:BANKNIFTY,52562.6,52636.9,52561.15,52636.9,438861.0
2026-03-24 07:38:00+00:00,NSE:BANKNIFTY,52638.4,52660.7,52629.2,52653.35,582241.0
2026-03-24 07:39:00+00:00,NSE:BANKNIFTY,52655.6,52657.85,52615.25,52631.05,546061.0
2026-03-24 07:40:00+00:00,NSE:BANKNIFTY,52631.2,52658.25,52617.8,52656.75,359870.0
2026-03-24 07:41:00+00:00,NSE:BANKNIFTY,52655.95,52752.15,52651.25,52736.4,1122643.0
2026-03-24 07:42:00+00:00,NSE:BANKNIFTY,52734.9,52734.9,52698.35,52711.45,1140329.0
2026-03-24 07:43:00+00:00,NSE:BANKNIFTY,52712.15,52736.8,52686.75,52736.05,393245.0
2026-03-24 07:44:00+00:00,NSE:BANKNIFTY,52734.1,52768.75,52718.1,52768.75,435755.0
2026-03-24 07:45:00+00:00,NSE:BANKNIFTY,52765.2,52773.3,52691.6,52691.6,1192411.0
2026-03-24 07:46:00+00:00,NSE:BANKNIFTY,52694.75,52747.35,52694.75,52747.35,484286.0
2026-03-24 07:47:00+00:00,NSE:BANKNIFTY,52747.55,52762.85,52728.75,52753.65,448131.0
2026-03-24 07:48:00+00:00,NSE:BANKNIFTY,52757.0,52771.6,52743.05,52743.3,937573.0
2026-03-24 07:49:00+00:00,NSE:BANKNIFTY,52736.5,52762.4,52736.15,52750.9,529178.0
2026-03-24 07:50:00+00:00,NSE:BANKNIFTY,52750.7,52752.45,52694.85,52746.1,694037.0
2026-03-24 07:51:00+00:00,NSE:BANKNIFTY,52748.2,52799.35,52743.6,52782.0,590661.0
2026-03-24 07:52:00+00:00,NSE:BANKNIFTY,52782.9,52810.3,52775.55,52804.0,519390.0
2026-03-24 07:53:00+00:00,NSE:BANKNIFTY,52804.95,52807.55,52767.7,52781.75,368545.0
2026-03-24 07:54:00+00:00,NSE:BANKNIFTY,52779.7,52793.5,52738.45,52748.85,272058.0
2026-03-24 07:55:00+00:00,NSE:BANKNIFTY,52752.7,52759.5,52731.6,52759.5,297343.0
2026-03-24 07:56:00+00:00,NSE:BANKNIFTY,52760.3,52803.1,52758.5,52799.8,405119.0
2026-03-24 07:57:00+00:00,NSE:BANKNIFTY,52799.75,52815.9,52788.85,52811.35,404738.0
2026-03-24 07:58:00+00:00,NSE:BANKNIFTY,52810.35,52823.2,52808.9,52821.35,626514.0
2026-03-24 07:59:00+00:00,NSE:BANKNIFTY,52818.45,52854.3,52818.0,52851.25,816205.0
2026-03-24 08:00:00+00:00,NSE:BANKNIFTY,52847.45,52862.2,52780.05,52856.0,630920.0
2026-03-24 08:01:00+00:00,NSE:BANKNIFTY,52856.95,52858.95,52805.85,52806.3,383424.0
2026-03-24 08:02:00+00:00,NSE:BANKNIFTY,52805.35,52852.0,52804.5,52834.6,660141.0
2026-03-24 08:03:00+00:00,NSE:BANKNIFTY,52835.15,52847.25,52827.05,52840.6,457374.0
2026-03-24 08:04:00+00:00,NSE:BANKNIFTY,52837.5,52860.0,52824.7,52847.3,622634.0
2026-03-24 08:05:00+00:00,NSE:BANKNIFTY,52845.7,52911.9,52842.45,52902.45,834952.0
2026-03-24 08:06:00+00:00,NSE:BANKNIFTY,52904.55,52920.45,52898.95,52917.0,674038.0
2026-03-24 08:07:00+00:00,NSE:BANKNIFTY,52916.05,52927.2,52879.1,52887.15,779773.0
2026-03-24 08:08:00+00:00,NSE:BANKNIFTY,52884.5,52908.95,52855.45,52866.5,654134.0
2026-03-24 08:09:00+00:00,NSE:BANKNIFTY,52867.2,52867.45,52828.25,52859.2,970973.0
2026-03-24 08:10:00+00:00,NSE:BANKNIFTY,52860.25,52903.2,52838.9,52892.15,1024766.0
2026-03-24 08:11:00+00:00,NSE:BANKNIFTY,52889.4,52910.5,52870.2,52910.5,523251.0
2026-03-24 08:12:00+00:00,NSE:BANKNIFTY,52907.3,52949.15,52886.4,52937.2,593567.0
2026-03-24 08:13:00+00:00,NSE:BANKNIFTY,52938.25,52940.65,52887.9,52888.95,523222.0
2026-03-24 08:14:00+00:00,NSE:BANKNIFTY,52884.25,52894.4,52868.95,52887.15,485486.0
2026-03-24 08:15:00+00:00,NSE:BANKNIFTY,52889.45,52906.6,52850.0,52853.5,1317319.0
2026-03-24 08:16:00+00:00,NSE:BANKNIFTY,52854.8,52899.3,52850.6,52866.65,852780.0
2026-03-24 08:17:00+00:00,NSE:BANKNIFTY,52867.45,52867.45,52822.65,52826.3,572105.0
2026-03-24 08:18:00+00:00,NSE:BANKNIFTY,52822.5,52830.5,52763.15,52763.15,1064723.0
2026-03-24 08:19:00+00:00,NSE:BANKNIFTY,52762.2,52772.4,52691.2,52691.7,1402221.0
2026-03-24 08:20:00+00:00,NSE:BANKNIFTY,52692.65,52753.9,52690.8,52725.8,546131.0
2026-03-24 08:21:00+00:00,NSE:BANKNIFTY,52723.1,52733.15,52676.3,52706.75,777109.0
2026-03-24 08:22:00+00:00,NSE:BANKNIFTY,52707.45,52746.1,52706.7,52743.25,541979.0
2026-03-24 08:23:00+00:00,NSE:BANKNIFTY,52743.0,52791.45,52726.05,52780.95,472924.0
2026-03-24 08:24:00+00:00,NSE:BANKNIFTY,52780.75,52792.15,52744.6,52748.2,1231521.0
2026-03-24 08:25:00+00:00,NSE:BANKNIFTY,52748.15,52777.45,52740.5,52752.75,836329.0
2026-03-24 08:26:00+00:00,NSE:BANKNIFTY,52752.7,52799.4,52749.05,52764.35,491473.0
2026-03-24 08:27:00+00:00,NSE:BANKNIFTY,52759.75,52782.7,52748.3,52781.25,422195.0
2026-03-24 08:28:00+00:00,NSE:BANKNIFTY,52780.3,52787.05,52752.7,52755.3,409167.0
2026-03-24 08:29:00+00:00,NSE:BANKNIFTY,52757.05,52776.05,52736.1,52749.95,520971.0
2026-03-24 08:30:00+00:00,NSE:BANKNIFTY,52746.35,52775.65,52694.95,52768.35,769360.0
2026-03-24 08:31:00+00:00,NSE:BANKNIFTY,52767.55,52807.35,52762.25,52795.05,574812.0
2026-03-24 08:32:00+00:00,NSE:BANKNIFTY,52797.45,52801.65,52764.4,52771.0,489762.0
2026-03-24 08:33:00+00:00,NSE:BANKNIFTY,52769.3,52782.95,52724.05,52727.75,543537.0
2026-03-24 08:34:00+00:00,NSE:BANKNIFTY,52732.2,52762.8,52726.9,52747.0,387637.0
2026-03-24 08:35:00+00:00,NSE:BANKNIFTY,52746.2,52783.75,52744.05,52783.75,434126.0
2026-03-24 08:36:00+00:00,NSE:BANKNIFTY,52783.05,52786.9,52772.15,52778.75,523729.0
2026-03-24 08:37:00+00:00,NSE:BANKNIFTY,52783.3,52794.3,52760.7,52771.35,475639.0
2026-03-24 08:38:00+00:00,NSE:BANKNIFTY,52773.6,52798.1,52716.1,52724.3,863541.0
2026-03-24 08:39:00+00:00,NSE:BANKNIFTY,52726.9,52735.3,52697.0,52734.45,568216.0
2026-03-24 08:40:00+00:00,NSE:BANKNIFTY,52736.0,52805.25,52732.05,52794.7,514974.0
2026-03-24 08:41:00+00:00,NSE:BANKNIFTY,52798.95,52804.55,52775.85,52781.35,420634.0
2026-03-24 08:42:00+00:00,NSE:BANKNIFTY,52782.75,52797.55,52743.7,52754.9,399164.0
2026-03-24 08:43:00+00:00,NSE:BANKNIFTY,52756.95,52776.05,52750.1,52766.1,218149.0
2026-03-24 08:44:00+00:00,NSE:BANKNIFTY,52767.15,52819.35,52756.9,52809.45,515514.0
2026-03-24 08:45:00+00:00,NSE:BANKNIFTY,52814.45,52847.4,52811.3,52819.25,649755.0
2026-03-24 08:46:00+00:00,NSE:BANKNIFTY,52817.75,52917.75,52801.95,52836.35,1576852.0
2026-03-24 08:47:00+00:00,NSE:BANKNIFTY,52828.3,52850.8,52808.35,52835.0,432928.0
2026-03-24 08:48:00+00:00,NSE:BANKNIFTY,52836.95,52840.05,52813.7,52817.6,741485.0
2026-03-24 08:49:00+00:00,NSE:BANKNIFTY,52819.05,52829.0,52741.05,52743.8,585916.0
2026-03-24 08:50:00+00:00,NSE:BANKNIFTY,52746.6,52805.6,52736.65,52767.4,510679.0
2026-03-24 08:51:00+00:00,NSE:BANKNIFTY,52770.3,52771.9,52664.1,52691.65,1214222.0
2026-03-24 08:52:00+00:00,NSE:BANKNIFTY,52660.55,52733.2,52652.0,52731.85,559721.0
2026-03-24 08:53:00+00:00,NSE:BANKNIFTY,52735.9,52776.4,52735.9,52752.55,499098.0
2026-03-24 08:54:00+00:00,NSE:BANKNIFTY,52751.7,52782.25,52745.85,52747.3,305359.0
2026-03-24 08:55:00+00:00,NSE:BANKNIFTY,52745.25,52763.65,52743.15,52759.15,1501824.0
2026-03-24 08:56:00+00:00,NSE:BANKNIFTY,52762.8,52765.5,52694.25,52708.65,495791.0
2026-03-24 08:57:00+00:00,NSE:BANKNIFTY,52704.2,52744.95,52698.15,52715.4,570379.0
2026-03-24 08:58:00+00:00,NSE:BANKNIFTY,52715.1,52753.75,52702.0,52737.1,489547.0
2026-03-24 08:59:00+00:00,NSE:BANKNIFTY,52736.5,52740.9,52721.2,52726.45,420196.0
2026-03-24 09:00:00+00:00,NSE:BANKNIFTY,52726.9,52728.8,52673.8,52693.65,1268074.0
2026-03-24 09:01:00+00:00,NSE:BANKNIFTY,52690.3,52701.7,52672.9,52683.5,498455.0
2026-03-24 09:02:00+00:00,NSE:BANKNIFTY,52680.75,52719.7,52675.7,52717.95,557890.0
2026-03-24 09:03:00+00:00,NSE:BANKNIFTY,52716.4,52716.4,52682.0,52693.65,517298.0
2026-03-24 09:04:00+00:00,NSE:BANKNIFTY,52695.3,52706.6,52670.75,52691.65,628106.0
2026-03-24 09:05:00+00:00,NSE:BANKNIFTY,52692.3,52715.8,52685.65,52707.75,1885248.0
2026-03-24 09:06:00+00:00,NSE:BANKNIFTY,52705.75,52709.2,52651.6,52676.6,1642531.0
2026-03-24 09:07:00+00:00,NSE:BANKNIFTY,52676.75,52702.4,52577.35,52577.35,1632034.0
2026-03-24 09:08:00+00:00,NSE:BANKNIFTY,52578.8,52616.3,52570.35,52600.85,872554.0
2026-03-24 09:09:00+00:00,NSE:BANKNIFTY,52599.05,52617.3,52568.35,52570.5,662365.0
2026-03-24 09:10:00+00:00,NSE:BANKNIFTY,52569.25,52586.6,52530.75,52571.95,1456042.0
2026-03-24 09:11:00+00:00,NSE:BANKNIFTY,52568.25,52606.65,52565.85,52584.65,575750.0
2026-03-24 09:12:00+00:00,NSE:BANKNIFTY,52580.75,52609.2,52576.3,52603.35,660532.0
2026-03-24 09:13:00+00:00,NSE:BANKNIFTY,52601.25,52684.75,52594.1,52650.15,979194.0
2026-03-24 09:14:00+00:00,NSE:BANKNIFTY,52651.7,52652.0,52582.75,52587.65,806391.0
2026-03-24 09:15:00+00:00,NSE:BANKNIFTY,52584.25,52629.25,52580.6,52589.15,1365328.0
2026-03-24 09:16:00+00:00,NSE:BANKNIFTY,52592.1,52598.7,52553.25,52581.3,1296672.0
2026-03-24 09:17:00+00:00,NSE:BANKNIFTY,52581.9,52621.15,52581.1,52595.25,683072.0
2026-03-24 09:18:00+00:00,NSE:BANKNIFTY,52595.75,52607.3,52571.25,52589.05,926135.0
2026-03-24 09:19:00+00:00,NSE:BANKNIFTY,52588.8,52626.5,52579.05,52625.25,785626.0
2026-03-24 09:20:00+00:00,NSE:BANKNIFTY,52623.75,52630.5,52581.95,52609.9,697489.0
2026-03-24 09:21:00+00:00,NSE:BANKNIFTY,52609.55,52613.55,52554.1,52582.2,785814.0
2026-03-24 09:22:00+00:00,NSE:BANKNIFTY,52583.2,52609.75,52577.05,52602.7,707912.0
2026-03-24 09:23:00+00:00,NSE:BANKNIFTY,52602.75,52602.75,52557.9,52562.95,625248.0
2026-03-24 09:24:00+00:00,NSE:BANKNIFTY,52562.2,52599.15,52550.8,52594.0,904451.0
2026-03-24 09:25:00+00:00,NSE:BANKNIFTY,52599.35,52641.0,52583.5,52628.35,525432.0
2026-03-24 09:26:00+00:00,NSE:BANKNIFTY,52621.95,52650.15,52593.3,52611.3,740643.0
2026-03-24 09:27:00+00:00,NSE:BANKNIFTY,52610.65,52660.0,52607.6,52659.95,786722.0
2026-03-24 09:28:00+00:00,NSE:BANKNIFTY,52659.2,52717.0,52645.75,52695.5,1071403.0
2026-03-24 09:29:00+00:00,NSE:BANKNIFTY,52691.3,52700.25,52668.9,52668.9,627862.0
2026-03-24 09:30:00+00:00,NSE:BANKNIFTY,52671.6,52671.6,52566.4,52578.4,2257160.0
2026-03-24 09:31:00+00:00,NSE:BANKNIFTY,52581.0,52620.35,52571.35,52582.45,2023380.0
2026-03-24 09:32:00+00:00,NSE:BANKNIFTY,52590.2,52659.85,52588.0,52610.55,2904191.0
2026-03-24 09:33:00+00:00,NSE:BANKNIFTY,52612.3,52634.3,52587.35,52592.75,1352221.0
2026-03-24 09:34:00+00:00,NSE:BANKNIFTY,52595.0,52622.4,52593.8,52604.0,1391428.0
2026-03-24 09:35:00+00:00,NSE:BANKNIFTY,52605.65,52611.85,52566.9,52590.05,2435624.0
2026-03-24 09:36:00+00:00,NSE:BANKNIFTY,52597.25,52624.05,52576.0,52624.05,2287871.0
2026-03-24 09:37:00+00:00,NSE:BANKNIFTY,52624.45,52669.6,52610.45,52669.6,2030976.0
2026-03-24 09:38:00+00:00,NSE:BANKNIFTY,52668.55,52682.45,52599.1,52602.35,1781945.0
2026-03-24 09:39:00+00:00,NSE:BANKNIFTY,52602.25,52609.45,52578.8,52609.2,1923669.0
2026-03-24 09:40:00+00:00,NSE:BANKNIFTY,52599.0,52621.4,52578.9,52606.9,2088495.0
2026-03-24 09:41:00+00:00,NSE:BANKNIFTY,52605.75,52609.3,52581.2,52602.0,1628325.0
2026-03-24 09:42:00+00:00,NSE:BANKNIFTY,52604.25,52613.45,52556.0,52579.1,2070397.0
2026-03-24 09:43:00+00:00,NSE:BANKNIFTY,52578.3,52598.35,52568.6,52594.7,1460547.0
2026-03-24 09:44:00+00:00,NSE:BANKNIFTY,52591.3,52606.2,52542.8,52548.0,1705385.0
2026-03-24 09:45:00+00:00,NSE:BANKNIFTY,52549.7,52558.25,52504.9,52504.9,2077909.0
2026-03-24 09:46:00+00:00,NSE:BANKNIFTY,52508.95,52524.95,52493.15,52497.75,1670870.0
2026-03-24 09:47:00+00:00,NSE:BANKNIFTY,52497.55,52592.95,52495.55,52592.95,2861492.0
2026-03-24 09:48:00+00:00,NSE:BANKNIFTY,52586.45,52634.3,52586.45,52596.35,2887978.0
2026-03-24 09:49:00+00:00,NSE:BANKNIFTY,52596.0,52642.9,52591.7,52634.15,2139519.0
2026-03-24 09:50:00+00:00,NSE:BANKNIFTY,52629.9,52649.3,52624.6,52648.2,1785942.0
2026-03-24 09:51:00+00:00,NSE:BANKNIFTY,52648.0,52655.55,52612.05,52624.9,2342695.0
2026-03-24 09:52:00+00:00,NSE:BANKNIFTY,52628.2,52642.85,52623.6,52635.0,1529069.0
2026-03-24 09:53:00+00:00,NSE:BANKNIFTY,52634.1,52660.2,52628.0,52651.6,2015361.0
2026-03-24 09:54:00+00:00,NSE:BANKNIFTY,52655.6,52656.15,52637.95,52650.25,2077527.0
2026-03-24 09:55:00+00:00,NSE:BANKNIFTY,52651.55,52682.3,52646.3,52677.6,2404577.0
2026-03-24 09:56:00+00:00,NSE:BANKNIFTY,52679.65,52687.75,52670.2,52683.8,1487884.0
2026-03-24 09:57:00+00:00,NSE:BANKNIFTY,52686.15,52725.15,52681.1,52710.5,2037937.0
2026-03-24 09:58:00+00:00,NSE:BANKNIFTY,52711.65,52740.15,52711.65,52724.7,1381977.0
2026-03-24 09:59:00+00:00,NSE:BANKNIFTY,52728.9,52753.1,52719.4,52745.65,1133417.0
2026-03-25 03:45:00+00:00,NSE:BANKNIFTY,53026.35,53353.75,53026.35,53350.9,6487140.0
2026-03-25 03:46:00+00:00,NSE:BANKNIFTY,53361.15,53391.55,53338.6,53365.75,3259501.0
2026-03-25 03:47:00+00:00,NSE:BANKNIFTY,53370.05,53459.8,53344.5,53437.3,2487442.0
2026-03-25 03:48:00+00:00,NSE:BANKNIFTY,53442.35,53442.35,53357.95,53365.1,3249259.0
2026-03-25 03:49:00+00:00,NSE:BANKNIFTY,53353.55,53421.25,53342.75,53421.25,1432696.0
2026-03-25 03:50:00+00:00,NSE:BANKNIFTY,53419.9,53456.3,53419.9,53438.35,2645816.0
2026-03-25 03:51:00+00:00,NSE:BANKNIFTY,53442.8,53503.65,53439.3,53492.65,1943552.0
2026-03-25 03:52:00+00:00,NSE:BANKNIFTY,53496.4,53500.95,53446.45,53458.1,2545225.0
2026-03-25 03:53:00+00:00,NSE:BANKNIFTY,53461.8,53476.6,53427.95,53476.6,1870878.0
2026-03-25 03:54:00+00:00,NSE:BANKNIFTY,53483.25,53533.7,53483.15,53519.25,1751961.0
2026-03-25 03:55:00+00:00,NSE:BANKNIFTY,53520.6,53559.75,53518.6,53530.4,1539366.0
2026-03-25 03:56:00+00:00,NSE:BANKNIFTY,53529.85,53551.75,53529.1,53537.6,1669770.0
2026-03-25 03:57:00+00:00,NSE:BANKNIFTY,53537.1,53571.35,53528.5,53532.8,1486243.0
2026-03-25 03:58:00+00:00,NSE:BANKNIFTY,53535.35,53565.7,53529.35,53562.85,1635643.0
2026-03-25 03:59:00+00:00,NSE:BANKNIFTY,53571.8,53571.8,53545.6,53545.6,1221252.0
2026-03-25 04:00:00+00:00,NSE:BANKNIFTY,53545.75,53559.75,53525.15,53555.85,1709450.0
2026-03-25 04:01:00+00:00,NSE:BANKNIFTY,53555.25,53566.25,53541.35,53551.75,1351882.0
2026-03-25 04:02:00+00:00,NSE:BANKNIFTY,53549.6,53579.2,53536.5,53542.35,1067534.0
2026-03-25 04:03:00+00:00,NSE:BANKNIFTY,53541.0,53570.5,53537.65,53564.45,1082578.0
2026-03-25 04:04:00+00:00,NSE:BANKNIFTY,53561.4,53598.85,53560.8,53586.9,1174504.0
2026-03-25 04:05:00+00:00,NSE:BANKNIFTY,53584.25,53599.1,53568.6,53574.65,1125745.0
2026-03-25 04:06:00+00:00,NSE:BANKNIFTY,53569.85,53578.25,53538.4,53546.8,938332.0
2026-03-25 04:07:00+00:00,NSE:BANKNIFTY,53544.6,53550.8,53495.6,53497.7,1562556.0
2026-03-25 04:08:00+00:00,NSE:BANKNIFTY,53498.95,53524.6,53487.8,53498.45,1543828.0
2026-03-25 04:09:00+00:00,NSE:BANKNIFTY,53497.65,53511.05,53477.15,53504.85,895126.0
2026-03-25 04:10:00+00:00,NSE:BANKNIFTY,53507.3,53520.2,53491.15,53491.15,884210.0
2026-03-25 04:11:00+00:00,NSE:BANKNIFTY,53489.7,53502.1,53461.2,53485.45,1101022.0
2026-03-25 04:12:00+00:00,NSE:BANKNIFTY,53489.25,53542.15,53489.25,53539.25,902636.0
2026-03-25 04:13:00+00:00,NSE:BANKNIFTY,53537.2,53649.05,53537.2,53644.15,2554534.0
2026-03-25 04:14:00+00:00,NSE:BANKNIFTY,53645.25,53695.4,53645.25,53689.05,1779557.0
2026-03-25 04:15:00+00:00,NSE:BANKNIFTY,53686.85,53712.4,53668.5,53694.25,969236.0
2026-03-25 04:16:00+00:00,NSE:BANKNIFTY,53690.1,53748.5,53685.45,53738.8,1223883.0
2026-03-25 04:17:00+00:00,NSE:BANKNIFTY,53736.9,53754.2,53696.85,53704.9,1286340.0
2026-03-25 04:18:00+00:00,NSE:BANKNIFTY,53702.95,53715.2,53681.35,53681.7,1107044.0
2026-03-25 04:19:00+00:00,NSE:BANKNIFTY,53678.8,53679.4,53644.0,53651.9,903553.0
2026-03-25 04:20:00+00:00,NSE:BANKNIFTY,53652.45,53673.85,53646.95,53647.95,1303714.0
2026-03-25 04:21:00+00:00,NSE:BANKNIFTY,53642.35,53661.6,53642.35,53652.65,540425.0
2026-03-25 04:22:00+00:00,NSE:BANKNIFTY,53655.05,53687.95,53648.8,53673.1,597885.0
2026-03-25 04:23:00+00:00,NSE:BANKNIFTY,53672.35,53675.4,53627.2,53650.85,1553763.0
2026-03-25 04:24:00+00:00,NSE:BANKNIFTY,53648.0,53683.5,53647.8,53681.75,628467.0
2026-03-25 04:25:00+00:00,NSE:BANKNIFTY,53677.6,53688.6,53651.55,53674.15,788350.0
2026-03-25 04:26:00+00:00,NSE:BANKNIFTY,53677.3,53687.9,53663.3,53670.9,569638.0
2026-03-25 04:27:00+00:00,NSE:BANKNIFTY,53668.85,53669.75,53626.45,53630.95,645413.0
2026-03-25 04:28:00+00:00,NSE:BANKNIFTY,53634.15,53634.15,53605.15,53611.9,859625.0
2026-03-25 04:29:00+00:00,NSE:BANKNIFTY,53611.75,53643.65,53607.4,53642.75,732116.0
2026-03-25 04:30:00+00:00,NSE:BANKNIFTY,53637.0,53684.1,53637.0,53653.45,967718.0
2026-03-25 04:31:00+00:00,NSE:BANKNIFTY,53651.35,53666.75,53640.85,53664.0,547377.0
2026-03-25 04:32:00+00:00,NSE:BANKNIFTY,53666.7,53678.3,53623.2,53633.4,868897.0
2026-03-25 04:33:00+00:00,NSE:BANKNIFTY,53628.95,53645.0,53614.25,53625.75,659832.0
2026-03-25 04:34:00+00:00,NSE:BANKNIFTY,53622.6,53639.4,53617.7,53628.95,718059.0
2026-03-25 04:35:00+00:00,NSE:BANKNIFTY,53630.1,53641.55,53621.1,53621.1,621683.0
2026-03-25 04:36:00+00:00,NSE:BANKNIFTY,53618.35,53620.5,53528.9,53561.25,2106190.0
2026-03-25 04:37:00+00:00,NSE:BANKNIFTY,53559.85,53590.6,53557.1,53579.25,787886.0
2026-03-25 04:38:00+00:00,NSE:BANKNIFTY,53573.9,53634.95,53564.65,53628.75,716644.0
2026-03-25 04:39:00+00:00,NSE:BANKNIFTY,53631.55,53675.9,53617.75,53666.75,1199449.0
2026-03-25 04:40:00+00:00,NSE:BANKNIFTY,53669.7,53697.2,53662.8,53673.75,590072.0
2026-03-25 04:41:00+00:00,NSE:BANKNIFTY,53669.95,53708.7,53659.7,53703.7,607213.0
2026-03-25 04:42:00+00:00,NSE:BANKNIFTY,53704.65,53717.5,53698.8,53709.9,771424.0
2026-03-25 04:43:00+00:00,NSE:BANKNIFTY,53709.25,53718.3,53696.95,53707.75,385960.0
2026-03-25 04:44:00+00:00,NSE:BANKNIFTY,53702.6,53719.3,53698.85,53718.75,508493.0
2026-03-25 04:45:00+00:00,NSE:BANKNIFTY,53713.25,53720.95,53661.4,53663.85,746783.0
2026-03-25 04:46:00+00:00,NSE:BANKNIFTY,53661.6,53707.4,53661.45,53705.6,708197.0
2026-03-25 04:47:00+00:00,NSE:BANKNIFTY,53702.65,53746.45,53697.65,53728.8,688362.0
2026-03-25 04:48:00+00:00,NSE:BANKNIFTY,53728.65,53754.7,53722.25,53753.25,574691.0
2026-03-25 04:49:00+00:00,NSE:BANKNIFTY,53748.85,53756.3,53687.25,53709.5,868814.0
2026-03-25 04:50:00+00:00,NSE:BANKNIFTY,53709.7,53719.35,53696.35,53719.3,413519.0
2026-03-25 04:51:00+00:00,NSE:BANKNIFTY,53715.1,53751.25,53715.1,53751.25,455922.0
2026-03-25 04:52:00+00:00,NSE:BANKNIFTY,53750.05,53750.05,53674.2,53679.05,552951.0
2026-03-25 04:53:00+00:00,NSE:BANKNIFTY,53677.15,53678.0,53628.3,53633.25,979619.0
2026-03-25 04:54:00+00:00,NSE:BANKNIFTY,53631.7,53651.05,53628.05,53643.15,589869.0
2026-03-25 04:55:00+00:00,NSE:BANKNIFTY,53643.6,53669.15,53641.0,53664.65,729236.0
2026-03-25 04:56:00+00:00,NSE:BANKNIFTY,53668.0,53689.15,53658.4,53686.9,529803.0
2026-03-25 04:57:00+00:00,NSE:BANKNIFTY,53681.55,53699.25,53677.7,53699.25,324107.0
2026-03-25 04:58:00+00:00,NSE:BANKNIFTY,53692.35,53710.9,53678.05,53678.05,502916.0
2026-03-25 04:59:00+00:00,NSE:BANKNIFTY,53676.25,53725.1,53673.05,53720.1,539111.0
2026-03-25 05:00:00+00:00,NSE:BANKNIFTY,53715.55,53741.5,53692.0,53704.5,576790.0
2026-03-25 05:01:00+00:00,NSE:BANKNIFTY,53703.85,53729.05,53693.65,53698.55,740777.0
2026-03-25 05:02:00+00:00,NSE:BANKNIFTY,53698.8,53709.6,53664.85,53684.7,513545.0
2026-03-25 05:03:00+00:00,NSE:BANKNIFTY,53679.8,53720.15,53679.8,53711.9,466880.0
2026-03-25 05:04:00+00:00,NSE:BANKNIFTY,53714.15,53721.65,53695.2,53699.1,634456.0
2026-03-25 05:05:00+00:00,NSE:BANKNIFTY,53700.55,53702.95,53683.7,53693.95,355305.0
2026-03-25 05:06:00+00:00,NSE:BANKNIFTY,53699.05,53715.0,53682.9,53711.35,617895.0
2026-03-25 05:07:00+00:00,NSE:BANKNIFTY,53712.0,53714.65,53677.7,53689.75,488362.0
2026-03-25 05:08:00+00:00,NSE:BANKNIFTY,53692.55,53703.35,53681.45,53682.3,468053.0
2026-03-25 05:09:00+00:00,NSE:BANKNIFTY,53687.9,53702.3,53677.5,53694.7,403876.0
2026-03-25 05:10:00+00:00,NSE:BANKNIFTY,53696.8,53716.35,53695.2,53711.3,765997.0
2026-03-25 05:11:00+00:00,NSE:BANKNIFTY,53706.6,53743.75,53703.15,53732.3,724284.0
2026-03-25 05:12:00+00:00,NSE:BANKNIFTY,53732.2,53758.1,53722.45,53756.7,380195.0
2026-03-25 05:13:00+00:00,NSE:BANKNIFTY,53759.8,53867.1,53759.8,53842.2,2390219.0
2026-03-25 05:14:00+00:00,NSE:BANKNIFTY,53844.6,53857.35,53832.95,53850.3,1471408.0
2026-03-25 05:15:00+00:00,NSE:BANKNIFTY,53851.0,53872.05,53843.15,53869.8,736029.0
2026-03-25 05:16:00+00:00,NSE:BANKNIFTY,53873.05,53896.45,53859.65,53859.7,668211.0
2026-03-25 05:17:00+00:00,NSE:BANKNIFTY,53860.9,53868.85,53843.2,53851.4,451892.0
2026-03-25 05:18:00+00:00,NSE:BANKNIFTY,53853.1,53872.85,53847.85,53872.85,562922.0
2026-03-25 05:19:00+00:00,NSE:BANKNIFTY,53875.8,53880.7,53849.85,53853.7,444736.0
2026-03-25 05:20:00+00:00,NSE:BANKNIFTY,53861.4,53877.6,53856.75,53862.05,596368.0
2026-03-25 05:21:00+00:00,NSE:BANKNIFTY,53867.95,53878.95,53855.5,53861.2,462439.0
2026-03-25 05:22:00+00:00,NSE:BANKNIFTY,53858.75,53866.65,53822.8,53834.8,863353.0
2026-03-25 05:23:00+00:00,NSE:BANKNIFTY,53833.75,53893.85,53833.05,53878.8,584157.0
2026-03-25 05:24:00+00:00,NSE:BANKNIFTY,53880.75,53883.8,53866.2,53879.7,567345.0
2026-03-25 05:25:00+00:00,NSE:BANKNIFTY,53881.35,53883.85,53844.45,53862.35,471469.0
2026-03-25 05:26:00+00:00,NSE:BANKNIFTY,53865.4,53869.25,53849.2,53866.95,429199.0
2026-03-25 05:27:00+00:00,NSE:BANKNIFTY,53862.9,53867.95,53847.45,53857.6,357742.0
2026-03-25 05:28:00+00:00,NSE:BANKNIFTY,53859.15,53870.5,53853.65,53859.9,673323.0
2026-03-25 05:29:00+00:00,NSE:BANKNIFTY,53861.3,53898.85,53855.95,53893.6,582357.0
2026-03-25 05:30:00+00:00,NSE:BANKNIFTY,53889.95,53922.7,53889.95,53905.85,669791.0
2026-03-25 05:31:00+00:00,NSE:BANKNIFTY,53907.6,53922.7,53891.2,53902.65,554644.0
2026-03-25 05:32:00+00:00,NSE:BANKNIFTY,53907.7,53926.9,53896.95,53909.05,854103.0
2026-03-25 05:33:00+00:00,NSE:BANKNIFTY,53910.7,53913.35,53878.6,53887.8,737399.0
2026-03-25 05:34:00+00:00,NSE:BANKNIFTY,53886.35,53899.5,53873.85,53895.45,696245.0
2026-03-25 05:35:00+00:00,NSE:BANKNIFTY,53893.6,53928.2,53882.55,53923.65,792664.0
2026-03-25 05:36:00+00:00,NSE:BANKNIFTY,53910.7,53928.25,53898.15,53922.45,494008.0
2026-03-25 05:37:00+00:00,NSE:BANKNIFTY,53923.15,53973.45,53918.05,53968.55,1264480.0
2026-03-25 05:38:00+00:00,NSE:BANKNIFTY,53968.7,53987.15,53954.6,53983.0,903736.0
2026-03-25 05:39:00+00:00,NSE:BANKNIFTY,53988.55,53988.55,53951.6,53964.05,680189.0
2026-03-25 05:40:00+00:00,NSE:BANKNIFTY,53956.75,53979.25,53946.3,53968.85,724896.0
2026-03-25 05:41:00+00:00,NSE:BANKNIFTY,53971.75,53982.7,53958.35,53968.0,721920.0
2026-03-25 05:42:00+00:00,NSE:BANKNIFTY,53967.85,53970.9,53938.7,53968.8,632313.0
2026-03-25 05:43:00+00:00,NSE:BANKNIFTY,53965.55,53975.3,53955.9,53962.55,571864.0
2026-03-25 05:44:00+00:00,NSE:BANKNIFTY,53962.5,53990.15,53961.55,53987.2,428565.0
2026-03-25 05:45:00+00:00,NSE:BANKNIFTY,53985.65,54011.75,53974.85,53998.6,708587.0
2026-03-25 05:46:00+00:00,NSE:BANKNIFTY,53998.1,54015.7,53958.8,53962.05,927324.0
2026-03-25 05:47:00+00:00,NSE:BANKNIFTY,53961.25,53968.35,53949.05,53957.8,496640.0
2026-03-25 05:48:00+00:00,NSE:BANKNIFTY,53960.75,53960.75,53931.25,53944.7,491711.0
2026-03-25 05:49:00+00:00,NSE:BANKNIFTY,53945.7,53948.6,53927.95,53935.2,563649.0
2026-03-25 05:50:00+00:00,NSE:BANKNIFTY,53937.75,53951.6,53926.25,53933.5,621961.0
2026-03-25 05:51:00+00:00,NSE:BANKNIFTY,53935.65,53935.65,53923.35,53924.25,469044.0
2026-03-25 05:52:00+00:00,NSE:BANKNIFTY,53926.5,53926.95,53904.0,53908.75,1089597.0
2026-03-25 05:53:00+00:00,NSE:BANKNIFTY,53903.85,53908.7,53871.75,53877.85,898200.0
2026-03-25 05:54:00+00:00,NSE:BANKNIFTY,53876.65,53882.4,53852.65,53855.8,823562.0
2026-03-25 05:55:00+00:00,NSE:BANKNIFTY,53855.6,53884.2,53849.6,53855.9,1752902.0
2026-03-25 05:56:00+00:00,NSE:BANKNIFTY,53856.75,53860.15,53843.45,53849.4,619038.0
2026-03-25 05:57:00+00:00,NSE:BANKNIFTY,53848.0,53882.75,53839.65,53866.2,582047.0
2026-03-25 05:58:00+00:00,NSE:BANKNIFTY,53865.65,53902.9,53855.0,53893.95,594796.0
2026-03-25 05:59:00+00:00,NSE:BANKNIFTY,53892.0,53902.5,53883.35,53892.8,883387.0
2026-03-25 06:00:00+00:00,NSE:BANKNIFTY,53892.05,53898.1,53869.95,53887.3,647783.0
2026-03-25 06:01:00+00:00,NSE:BANKNIFTY,53885.95,53919.45,53885.95,53915.6,820236.0
2026-03-25 06:02:00+00:00,NSE:BANKNIFTY,53911.9,53918.45,53858.9,53862.05,725741.0
2026-03-25 06:03:00+00:00,NSE:BANKNIFTY,53861.65,53902.4,53854.75,53888.0,532678.0
2026-03-25 06:04:00+00:00,NSE:BANKNIFTY,53883.4,53893.85,53863.6,53867.75,501697.0
2026-03-25 06:05:00+00:00,NSE:BANKNIFTY,53865.55,53875.7,53834.85,53834.85,457424.0
2026-03-25 06:06:00+00:00,NSE:BANKNIFTY,53836.65,53843.45,53792.85,53801.95,701373.0
2026-03-25 06:07:00+00:00,NSE:BANKNIFTY,53793.65,53808.3,53771.45,53780.6,758494.0
2026-03-25 06:08:00+00:00,NSE:BANKNIFTY,53778.35,53790.7,53683.55,53684.1,1254845.0
2026-03-25 06:09:00+00:00,NSE:BANKNIFTY,53688.1,53774.15,53683.0,53746.7,2007233.0
2026-03-25 06:10:00+00:00,NSE:BANKNIFTY,53738.95,53764.15,53725.3,53764.05,811713.0
2026-03-25 06:11:00+00:00,NSE:BANKNIFTY,53759.45,53811.55,53739.65,53803.85,813418.0
2026-03-25 06:12:00+00:00,NSE:BANKNIFTY,53796.9,53810.1,53788.2,53803.35,525991.0
2026-03-25 06:13:00+00:00,NSE:BANKNIFTY,53795.85,53805.95,53779.25,53794.1,619230.0
2026-03-25 06:14:00+00:00,NSE:BANKNIFTY,53790.25,53799.4,53781.55,53794.15,271601.0
2026-03-25 06:15:00+00:00,NSE:BANKNIFTY,53792.45,53828.15,53773.4,53813.85,692469.0
2026-03-25 06:16:00+00:00,NSE:BANKNIFTY,53813.0,53820.5,53792.9,53814.7,713675.0
2026-03-25 06:17:00+00:00,NSE:BANKNIFTY,53809.1,53824.6,53789.8,53805.4,718729.0
2026-03-25 06:18:00+00:00,NSE:BANKNIFTY,53807.55,53894.7,53807.15,53894.7,1034389.0
2026-03-25 06:19:00+00:00,NSE:BANKNIFTY,53895.45,53939.4,53895.45,53904.25,1763658.0
2026-03-25 06:20:00+00:00,NSE:BANKNIFTY,53901.0,53938.25,53894.7,53938.25,686023.0
2026-03-25 06:21:00+00:00,NSE:BANKNIFTY,53937.85,53967.25,53932.85,53964.95,650670.0
2026-03-25 06:22:00+00:00,NSE:BANKNIFTY,53966.0,53983.8,53960.05,53975.45,1123317.0
2026-03-25 06:23:00+00:00,NSE:BANKNIFTY,53968.25,53992.75,53961.3,53987.05,825503.0
2026-03-25 06:24:00+00:00,NSE:BANKNIFTY,53982.45,53989.6,53960.8,53979.6,764648.0
2026-03-25 06:25:00+00:00,NSE:BANKNIFTY,53975.9,53991.1,53975.4,53982.35,547865.0
2026-03-25 06:26:00+00:00,NSE:BANKNIFTY,53982.75,54006.35,53980.2,53986.3,670867.0
2026-03-25 06:27:00+00:00,NSE:BANKNIFTY,53989.7,53990.25,53967.1,53987.55,1048008.0
2026-03-25 06:28:00+00:00,NSE:BANKNIFTY,53985.4,53986.55,53935.05,53957.35,727084.0
2026-03-25 06:29:00+00:00,NSE:BANKNIFTY,53956.4,53971.7,53949.2,53963.4,649395.0
2026-03-25 06:30:00+00:00,NSE:BANKNIFTY,53962.1,53971.7,53944.35,53971.7,533529.0
2026-03-25 06:31:00+00:00,NSE:BANKNIFTY,53970.95,53979.75,53952.65,53952.65,796949.0
2026-03-25 06:32:00+00:00,NSE:BANKNIFTY,53953.05,53964.25,53946.7,53964.25,544135.0
2026-03-25 06:33:00+00:00,NSE:BANKNIFTY,53960.85,53988.55,53960.15,53986.85,657513.0
2026-03-25 06:34:00+00:00,NSE:BANKNIFTY,53982.75,54003.55,53978.9,53997.9,401279.0
2026-03-25 06:35:00+00:00,NSE:BANKNIFTY,53997.25,54000.15,53963.95,53984.45,562447.0
2026-03-25 06:36:00+00:00,NSE:BANKNIFTY,53981.8,53988.85,53953.2,53987.05,641917.0
2026-03-25 06:37:00+00:00,NSE:BANKNIFTY,53984.55,53995.45,53965.7,53979.35,480606.0
2026-03-25 06:38:00+00:00,NSE:BANKNIFTY,53982.3,54020.25,53978.45,54015.25,940556.0
2026-03-25 06:39:00+00:00,NSE:BANKNIFTY,54008.1,54012.3,53969.95,53978.45,867631.0
2026-03-25 06:40:00+00:00,NSE:BANKNIFTY,53979.45,54002.4,53970.35,53979.55,791755.0
2026-03-25 06:41:00+00:00,NSE:BANKNIFTY,53978.1,54022.8,53978.1,53997.55,857262.0
2026-03-25 06:42:00+00:00,NSE:BANKNIFTY,53995.4,54016.75,53995.4,54004.5,647728.0
2026-03-25 06:43:00+00:00,NSE:BANKNIFTY,54010.7,54075.55,54004.95,54061.5,968925.0
2026-03-25 06:44:00+00:00,NSE:BANKNIFTY,54065.9,54096.95,54048.65,54090.05,974479.0
2026-03-25 06:45:00+00:00,NSE:BANKNIFTY,54095.3,54095.3,54067.0,54081.7,930699.0
2026-03-25 06:46:00+00:00,NSE:BANKNIFTY,54087.3,54087.3,54062.15,54070.55,846152.0
2026-03-25 06:47:00+00:00,NSE:BANKNIFTY,54071.55,54075.7,54016.85,54069.35,886743.0
2026-03-25 06:48:00+00:00,NSE:BANKNIFTY,54074.8,54084.55,54064.2,54071.5,919979.0
2026-03-25 06:49:00+00:00,NSE:BANKNIFTY,54078.0,54101.5,54063.2,54089.1,821461.0
2026-03-25 06:50:00+00:00,NSE:BANKNIFTY,54096.2,54104.55,54085.15,54094.4,636500.0
2026-03-25 06:51:00+00:00,NSE:BANKNIFTY,54097.1,54102.2,54083.3,54097.25,600124.0
2026-03-25 06:52:00+00:00,NSE:BANKNIFTY,54100.35,54101.7,54069.7,54074.05,548259.0
2026-03-25 06:53:00+00:00,NSE:BANKNIFTY,54078.35,54084.35,54061.8,54072.15,428569.0
2026-03-25 06:54:00+00:00,NSE:BANKNIFTY,54076.05,54085.25,54049.25,54050.6,742285.0
2026-03-25 06:55:00+00:00,NSE:BANKNIFTY,54053.95,54053.95,54012.4,54012.4,549715.0
2026-03-25 06:56:00+00:00,NSE:BANKNIFTY,54021.5,54036.1,54000.75,54024.55,848793.0
2026-03-25 06:57:00+00:00,NSE:BANKNIFTY,54025.25,54037.4,54014.4,54023.45,538445.0
2026-03-25 06:58:00+00:00,NSE:BANKNIFTY,54030.15,54037.85,54013.6,54013.95,487165.0
2026-03-25 06:59:00+00:00,NSE:BANKNIFTY,54022.25,54032.3,54010.1,54022.45,293886.0
2026-03-25 07:00:00+00:00,NSE:BANKNIFTY,54027.0,54029.3,53980.0,54019.0,986759.0
2026-03-25 07:01:00+00:00,NSE:BANKNIFTY,54021.6,54030.5,54007.95,54019.95,1402134.0
2026-03-25 07:02:00+00:00,NSE:BANKNIFTY,54024.6,54080.7,54013.0,54080.5,585679.0
2026-03-25 07:03:00+00:00,NSE:BANKNIFTY,54088.15,54126.3,54083.2,54112.75,661721.0
2026-03-25 07:04:00+00:00,NSE:BANKNIFTY,54121.15,54146.15,54086.0,54093.35,545131.0
2026-03-25 07:05:00+00:00,NSE:BANKNIFTY,54097.3,54104.45,54080.15,54083.15,351004.0
2026-03-25 07:06:00+00:00,NSE:BANKNIFTY,54088.55,54098.0,54072.9,54079.5,406365.0
2026-03-25 07:07:00+00:00,NSE:BANKNIFTY,54081.35,54089.3,54058.7,54059.85,455017.0
2026-03-25 07:08:00+00:00,NSE:BANKNIFTY,54063.6,54068.0,54050.8,54051.45,460218.0
2026-03-25 07:09:00+00:00,NSE:BANKNIFTY,54054.3,54055.15,54024.45,54025.85,580970.0
2026-03-25 07:10:00+00:00,NSE:BANKNIFTY,54031.25,54032.95,54009.65,54025.55,387140.0
2026-03-25 07:11:00+00:00,NSE:BANKNIFTY,54031.85,54068.45,54023.4,54051.1,712118.0
2026-03-25 07:12:00+00:00,NSE:BANKNIFTY,54052.5,54063.65,54042.7,54055.95,503056.0
2026-03-25 07:13:00+00:00,NSE:BANKNIFTY,54061.65,54064.65,54048.05,54052.55,520534.0
2026-03-25 07:14:00+00:00,NSE:BANKNIFTY,54056.7,54075.3,54049.55,54059.85,544873.0
2026-03-25 07:15:00+00:00,NSE:BANKNIFTY,54062.2,54075.6,54043.9,54069.8,461283.0
2026-03-25 07:16:00+00:00,NSE:BANKNIFTY,54072.7,54072.7,54017.7,54046.35,556259.0
2026-03-25 07:17:00+00:00,NSE:BANKNIFTY,54045.7,54050.55,53990.55,53990.55,655361.0
2026-03-25 07:18:00+00:00,NSE:BANKNIFTY,53990.6,54003.65,53987.45,54001.8,482913.0
2026-03-25 07:19:00+00:00,NSE:BANKNIFTY,53999.05,54002.55,53942.9,53953.85,561967.0
2026-03-25 07:20:00+00:00,NSE:BANKNIFTY,53959.0,53959.7,53928.55,53934.2,433225.0
2026-03-25 07:21:00+00:00,NSE:BANKNIFTY,53928.35,53948.1,53922.0,53928.85,568603.0
2026-03-25 07:22:00+00:00,NSE:BANKNIFTY,53927.6,53931.9,53882.75,53905.55,1160572.0
2026-03-25 07:23:00+00:00,NSE:BANKNIFTY,53904.2,53905.75,53884.7,53898.5,622655.0
2026-03-25 07:24:00+00:00,NSE:BANKNIFTY,53899.9,53904.7,53868.25,53881.1,642462.0
2026-03-25 07:25:00+00:00,NSE:BANKNIFTY,53878.7,53915.1,53873.65,53915.1,591879.0
2026-03-25 07:26:00+00:00,NSE:BANKNIFTY,53917.2,53919.05,53896.5,53915.25,814593.0
2026-03-25 07:27:00+00:00,NSE:BANKNIFTY,53913.1,53915.65,53853.45,53853.45,785487.0
2026-03-25 07:28:00+00:00,NSE:BANKNIFTY,53853.35,53864.55,53845.7,53851.1,643418.0
2026-03-25 07:29:00+00:00,NSE:BANKNIFTY,53850.8,53865.6,53839.55,53843.65,615895.0
2026-03-25 07:30:00+00:00,NSE:BANKNIFTY,53842.05,53909.2,53827.05,53898.3,725022.0
2026-03-25 07:31:00+00:00,NSE:BANKNIFTY,53896.35,53917.1,53893.55,53911.25,540782.0
2026-03-25 07:32:00+00:00,NSE:BANKNIFTY,53913.0,53932.55,53913.0,53930.35,340616.0
2026-03-25 07:33:00+00:00,NSE:BANKNIFTY,53930.5,53947.65,53918.4,53926.5,632026.0
2026-03-25 07:34:00+00:00,NSE:BANKNIFTY,53923.6,53938.3,53903.8,53924.2,657419.0
2026-03-25 07:35:00+00:00,NSE:BANKNIFTY,53927.9,53931.55,53912.35,53922.55,465933.0
2026-03-25 07:36:00+00:00,NSE:BANKNIFTY,53919.55,53986.8,53908.9,53980.35,771705.0
2026-03-25 07:37:00+00:00,NSE:BANKNIFTY,53981.6,53985.6,53944.55,53947.6,995609.0
2026-03-25 07:38:00+00:00,NSE:BANKNIFTY,53941.95,53945.25,53903.7,53911.25,480545.0
2026-03-25 07:39:00+00:00,NSE:BANKNIFTY,53905.25,53911.7,53877.85,53900.3,498587.0
2026-03-25 07:40:00+00:00,NSE:BANKNIFTY,53904.8,53929.15,53889.55,53913.65,427151.0
2026-03-25 07:41:00+00:00,NSE:BANKNIFTY,53915.45,53923.6,53895.6,53919.65,358002.0
2026-03-25 07:42:00+00:00,NSE:BANKNIFTY,53916.95,53927.9,53903.55,53910.15,391922.0
2026-03-25 07:43:00+00:00,NSE:BANKNIFTY,53909.75,53920.45,53906.3,53912.05,494634.0
2026-03-25 07:44:00+00:00,NSE:BANKNIFTY,53912.3,53925.25,53894.7,53900.8,377336.0
2026-03-25 07:45:00+00:00,NSE:BANKNIFTY,53899.45,53915.1,53891.35,53899.8,466793.0
2026-03-25 07:46:00+00:00,NSE:BANKNIFTY,53893.15,53945.65,53887.75,53939.25,404061.0
2026-03-25 07:47:00+00:00,NSE:BANKNIFTY,53940.35,53949.85,53888.0,53893.45,444887.0
2026-03-25 07:48:00+00:00,NSE:BANKNIFTY,53889.85,53903.9,53886.85,53899.5,435535.0
2026-03-25 07:49:00+00:00,NSE:BANKNIFTY,53895.75,53899.6,53853.8,53853.8,537215.0
2026-03-25 07:50:00+00:00,NSE:BANKNIFTY,53852.4,53861.2,53830.85,53843.1,420962.0
2026-03-25 07:51:00+00:00,NSE:BANKNIFTY,53843.4,53889.1,53843.4,53870.8,713437.0
2026-03-25 07:52:00+00:00,NSE:BANKNIFTY,53869.2,53879.75,53840.4,53867.45,369033.0
2026-03-25 07:53:00+00:00,NSE:BANKNIFTY,53865.35,53892.1,53853.95,53868.85,546225.0
2026-03-25 07:54:00+00:00,NSE:BANKNIFTY,53872.1,53890.9,53865.6,53881.85,409672.0
2026-03-25 07:55:00+00:00,NSE:BANKNIFTY,53878.9,53906.05,53878.9,53887.35,506279.0
2026-03-25 07:56:00+00:00,NSE:BANKNIFTY,53883.25,53935.55,53883.25,53926.65,829958.0
2026-03-25 07:57:00+00:00,NSE:BANKNIFTY,53927.4,53974.9,53927.4,53949.65,913637.0
2026-03-25 07:58:00+00:00,NSE:BANKNIFTY,53945.7,53966.7,53938.25,53963.35,674591.0
2026-03-25 07:59:00+00:00,NSE:BANKNIFTY,53961.3,53964.0,53925.05,53951.55,729174.0
2026-03-25 08:00:00+00:00,NSE:BANKNIFTY,53950.2,53959.4,53930.3,53949.9,653274.0
2026-03-25 08:01:00+00:00,NSE:BANKNIFTY,53944.95,53951.6,53872.0,53875.3,706128.0
2026-03-25 08:02:00+00:00,NSE:BANKNIFTY,53875.6,53909.05,53862.35,53899.15,634097.0
2026-03-25 08:03:00+00:00,NSE:BANKNIFTY,53896.3,53956.25,53894.45,53956.25,499131.0
2026-03-25 08:04:00+00:00,NSE:BANKNIFTY,53955.4,53982.2,53947.5,53963.15,1008806.0
2026-03-25 08:05:00+00:00,NSE:BANKNIFTY,53964.85,53999.5,53953.5,53989.0,977166.0
2026-03-25 08:06:00+00:00,NSE:BANKNIFTY,53983.55,53995.85,53957.5,53987.7,618743.0
2026-03-25 08:07:00+00:00,NSE:BANKNIFTY,53984.6,54019.6,53978.45,54016.95,988134.0
2026-03-25 08:08:00+00:00,NSE:BANKNIFTY,54015.85,54021.65,54000.75,54001.55,794043.0
2026-03-25 08:09:00+00:00,NSE:BANKNIFTY,53993.65,53997.9,53974.25,53993.6,667601.0
2026-03-25 08:10:00+00:00,NSE:BANKNIFTY,53996.65,54002.35,53966.9,53985.0,619050.0
2026-03-25 08:11:00+00:00,NSE:BANKNIFTY,53986.15,54011.65,53974.55,54011.65,873779.0
2026-03-25 08:12:00+00:00,NSE:BANKNIFTY,54010.9,54026.25,53993.35,53999.45,641694.0
2026-03-25 08:13:00+00:00,NSE:BANKNIFTY,54003.5,54012.45,53985.4,54004.35,495910.0
2026-03-25 08:14:00+00:00,NSE:BANKNIFTY,54001.1,54035.35,53999.4,54027.3,1739017.0
2026-03-25 08:15:00+00:00,NSE:BANKNIFTY,54030.5,54060.35,54014.8,54059.1,725734.0
2026-03-25 08:16:00+00:00,NSE:BANKNIFTY,54060.95,54070.75,54032.7,54050.75,542275.0
2026-03-25 08:17:00+00:00,NSE:BANKNIFTY,54049.6,54052.45,54021.5,54025.95,563781.0
2026-03-25 08:18:00+00:00,NSE:BANKNIFTY,54026.75,54065.55,54024.25,54064.8,381311.0
2026-03-25 08:19:00+00:00,NSE:BANKNIFTY,54064.45,54071.4,54047.5,54066.05,949351.0
2026-03-25 08:20:00+00:00,NSE:BANKNIFTY,54065.05,54086.45,54051.65,54084.45,978267.0
2026-03-25 08:21:00+00:00,NSE:BANKNIFTY,54080.5,54105.6,54068.45,54104.85,946182.0
2026-03-25 08:22:00+00:00,NSE:BANKNIFTY,54102.3,54111.0,54034.4,54039.4,752981.0
2026-03-25 08:23:00+00:00,NSE:BANKNIFTY,54038.9,54045.35,54012.4,54012.45,648064.0
2026-03-25 08:24:00+00:00,NSE:BANKNIFTY,54014.4,54023.1,53996.25,54021.2,476359.0
2026-03-25 08:25:00+00:00,NSE:BANKNIFTY,54030.2,54039.1,53997.15,54015.3,977815.0
2026-03-25 08:26:00+00:00,NSE:BANKNIFTY,54018.5,54076.45,54006.15,54076.45,551380.0
2026-03-25 08:27:00+00:00,NSE:BANKNIFTY,54072.6,54072.6,54039.0,54056.3,724311.0
2026-03-25 08:28:00+00:00,NSE:BANKNIFTY,54067.55,54076.7,54051.2,54060.05,398771.0
2026-03-25 08:29:00+00:00,NSE:BANKNIFTY,54065.2,54066.75,54046.8,54052.6,420149.0
2026-03-25 08:30:00+00:00,NSE:BANKNIFTY,54057.95,54066.1,54037.0,54049.8,680925.0
2026-03-25 08:31:00+00:00,NSE:BANKNIFTY,54052.65,54062.95,54033.2,54058.8,594917.0
2026-03-25 08:32:00+00:00,NSE:BANKNIFTY,54057.45,54101.9,54048.85,54101.9,776973.0
2026-03-25 08:33:00+00:00,NSE:BANKNIFTY,54105.4,54119.5,54080.45,54092.7,963885.0
2026-03-25 08:34:00+00:00,NSE:BANKNIFTY,54092.5,54092.5,54056.2,54070.0,754700.0
2026-03-25 08:35:00+00:00,NSE:BANKNIFTY,54080.0,54081.15,54057.15,54061.45,923072.0
2026-03-25 08:36:00+00:00,NSE:BANKNIFTY,54056.5,54062.15,53974.35,53978.6,1339212.0
2026-03-25 08:37:00+00:00,NSE:BANKNIFTY,53978.75,53984.1,53953.6,53965.45,861260.0
2026-03-25 08:38:00+00:00,NSE:BANKNIFTY,53973.0,53995.8,53957.55,53995.45,571075.0
2026-03-25 08:39:00+00:00,NSE:BANKNIFTY,53998.35,53998.35,53964.2,53974.0,2683487.0
2026-03-25 08:40:00+00:00,NSE:BANKNIFTY,53973.35,54000.2,53971.85,53989.3,503069.0
2026-03-25 08:41:00+00:00,NSE:BANKNIFTY,53996.35,53996.35,53960.4,53962.4,460349.0
2026-03-25 08:42:00+00:00,NSE:BANKNIFTY,53968.05,53974.45,53937.15,53940.6,586497.0
2026-03-25 08:43:00+00:00,NSE:BANKNIFTY,53944.3,53946.25,53903.1,53912.4,993530.0
2026-03-25 08:44:00+00:00,NSE:BANKNIFTY,53916.65,53919.65,53902.9,53907.65,588500.0
2026-03-25 08:45:00+00:00,NSE:BANKNIFTY,53915.7,53927.2,53877.35,53922.7,1088649.0
2026-03-25 08:46:00+00:00,NSE:BANKNIFTY,53925.3,53925.5,53892.35,53908.7,545598.0
2026-03-25 08:47:00+00:00,NSE:BANKNIFTY,53913.95,53925.05,53891.9,53902.95,605344.0
2026-03-25 08:48:00+00:00,NSE:BANKNIFTY,53905.1,53905.1,53871.4,53882.25,723847.0
2026-03-25 08:49:00+00:00,NSE:BANKNIFTY,53882.5,53897.3,53869.65,53872.2,603510.0
2026-03-25 08:50:00+00:00,NSE:BANKNIFTY,53873.05,53896.55,53866.6,53896.55,716769.0
2026-03-25 08:51:00+00:00,NSE:BANKNIFTY,53893.2,53907.25,53847.1,53854.0,926915.0
2026-03-25 08:52:00+00:00,NSE:BANKNIFTY,53860.7,53863.35,53789.55,53797.55,1507855.0
2026-03-25 08:53:00+00:00,NSE:BANKNIFTY,53798.25,53805.4,53762.1,53764.15,1089138.0
2026-03-25 08:54:00+00:00,NSE:BANKNIFTY,53759.2,53766.9,53732.75,53748.9,1732465.0
2026-03-25 08:55:00+00:00,NSE:BANKNIFTY,53752.05,53792.4,53743.3,53791.4,1269411.0
2026-03-25 08:56:00+00:00,NSE:BANKNIFTY,53791.55,53818.55,53772.35,53785.6,1217142.0
2026-03-25 08:57:00+00:00,NSE:BANKNIFTY,53786.3,53799.05,53767.8,53790.4,1265717.0
2026-03-25 08:58:00+00:00,NSE:BANKNIFTY,53788.25,53831.05,53782.6,53815.8,1754089.0
2026-03-25 08:59:00+00:00,NSE:BANKNIFTY,53815.6,53841.75,53797.15,53825.6,1490900.0
2026-03-25 09:00:00+00:00,NSE:BANKNIFTY,53824.4,53829.0,53763.9,53790.85,981258.0
2026-03-25 09:01:00+00:00,NSE:BANKNIFTY,53787.0,53834.55,53787.0,53817.05,729616.0
2026-03-25 09:02:00+00:00,NSE:BANKNIFTY,53817.75,53837.65,53806.9,53826.45,561318.0
2026-03-25 09:03:00+00:00,NSE:BANKNIFTY,53825.45,53869.1,53809.8,53849.35,1407249.0
2026-03-25 09:04:00+00:00,NSE:BANKNIFTY,53847.25,53854.35,53809.05,53811.6,429219.0
2026-03-25 09:05:00+00:00,NSE:BANKNIFTY,53816.4,53839.2,53802.4,53830.95,1000727.0
2026-03-25 09:06:00+00:00,NSE:BANKNIFTY,53831.9,53835.75,53807.3,53813.45,547321.0
2026-03-25 09:07:00+00:00,NSE:BANKNIFTY,53805.95,53812.8,53779.95,53799.65,1002650.0
2026-03-25 09:08:00+00:00,NSE:BANKNIFTY,53801.75,53808.6,53765.85,53808.6,1105227.0
2026-03-25 09:09:00+00:00,NSE:BANKNIFTY,53811.75,53817.75,53797.7,53806.2,1810239.0
2026-03-25 09:10:00+00:00,NSE:BANKNIFTY,53806.65,53846.85,53804.75,53836.35,564636.0
2026-03-25 09:11:00+00:00,NSE:BANKNIFTY,53837.25,53847.9,53819.9,53834.2,558127.0
2026-03-25 09:12:00+00:00,NSE:BANKNIFTY,53832.25,53898.25,53829.9,53889.2,815702.0
2026-03-25 09:13:00+00:00,NSE:BANKNIFTY,53886.7,53894.75,53869.1,53871.75,755731.0
2026-03-25 09:14:00+00:00,NSE:BANKNIFTY,53872.55,53874.8,53844.15,53853.7,671195.0
2026-03-25 09:15:00+00:00,NSE:BANKNIFTY,53851.75,53881.7,53851.75,53872.15,557418.0
2026-03-25 09:16:00+00:00,NSE:BANKNIFTY,53870.1,53873.75,53825.05,53835.15,746546.0
2026-03-25 09:17:00+00:00,NSE:BANKNIFTY,53834.95,53842.1,53784.2,53808.15,1385828.0
2026-03-25 09:18:00+00:00,NSE:BANKNIFTY,53804.4,53807.6,53776.1,53791.65,1459018.0
2026-03-25 09:19:00+00:00,NSE:BANKNIFTY,53788.25,53844.1,53788.25,53815.05,736406.0
2026-03-25 09:20:00+00:00,NSE:BANKNIFTY,53810.55,53825.25,53796.95,53801.4,537191.0
2026-03-25 09:21:00+00:00,NSE:BANKNIFTY,53803.25,53816.35,53795.5,53812.55,506874.0
2026-03-25 09:22:00+00:00,NSE:BANKNIFTY,53808.4,53815.7,53789.05,53791.0,548031.0
2026-03-25 09:23:00+00:00,NSE:BANKNIFTY,53790.5,53796.1,53750.55,53752.9,777014.0
2026-03-25 09:24:00+00:00,NSE:BANKNIFTY,53756.2,53768.0,53738.5,53759.45,703683.0
2026-03-25 09:25:00+00:00,NSE:BANKNIFTY,53756.15,53775.7,53755.6,53765.95,508738.0
2026-03-25 09:26:00+00:00,NSE:BANKNIFTY,53764.25,53779.85,53757.65,53760.35,625242.0
2026-03-25 09:27:00+00:00,NSE:BANKNIFTY,53761.95,53783.6,53739.35,53749.4,697042.0
2026-03-25 09:28:00+00:00,NSE:BANKNIFTY,53749.85,53777.75,53748.75,53761.75,889950.0
2026-03-25 09:29:00+00:00,NSE:BANKNIFTY,53758.4,53774.0,53748.0,53763.55,605221.0
2026-03-25 09:30:00+00:00,NSE:BANKNIFTY,53764.5,53764.5,53682.45,53713.05,2001428.0
2026-03-25 09:31:00+00:00,NSE:BANKNIFTY,53717.9,53729.25,53623.85,53642.4,4969968.0
2026-03-25 09:32:00+00:00,NSE:BANKNIFTY,53645.65,53802.2,53643.75,53799.75,4159703.0
2026-03-25 09:33:00+00:00,NSE:BANKNIFTY,53791.45,53859.9,53784.6,53821.2,2277389.0
2026-03-25 09:34:00+00:00,NSE:BANKNIFTY,53819.45,53820.4,53776.95,53783.65,1579832.0
2026-03-25 09:35:00+00:00,NSE:BANKNIFTY,53780.0,53786.7,53754.3,53778.15,1365885.0
2026-03-25 09:36:00+00:00,NSE:BANKNIFTY,53781.65,53781.65,53659.0,53678.7,2995540.0
2026-03-25 09:37:00+00:00,NSE:BANKNIFTY,53675.6,53733.1,53675.6,53726.2,1364312.0
2026-03-25 09:38:00+00:00,NSE:BANKNIFTY,53723.55,53758.35,53720.65,53743.35,1470781.0
2026-03-25 09:39:00+00:00,NSE:BANKNIFTY,53743.6,53759.95,53732.95,53753.05,1301262.0
2026-03-25 09:40:00+00:00,NSE:BANKNIFTY,53745.65,53748.35,53684.3,53699.95,2692294.0
2026-03-25 09:41:00+00:00,NSE:BANKNIFTY,53695.8,53749.3,53689.95,53695.6,2576110.0
2026-03-25 09:42:00+00:00,NSE:BANKNIFTY,53694.15,53728.6,53684.5,53702.3,1569442.0
2026-03-25 09:43:00+00:00,NSE:BANKNIFTY,53700.85,53703.05,53666.75,53676.35,1504937.0
2026-03-25 09:44:00+00:00,NSE:BANKNIFTY,53668.6,53681.6,53657.1,53676.15,1547504.0
2026-03-25 09:45:00+00:00,NSE:BANKNIFTY,53676.1,53705.7,53670.55,53705.7,1746522.0
2026-03-25 09:46:00+00:00,NSE:BANKNIFTY,53704.25,53707.35,53680.1,53700.55,1307662.0
2026-03-25 09:47:00+00:00,NSE:BANKNIFTY,53699.25,53735.95,53697.3,53730.8,1515142.0
2026-03-25 09:48:00+00:00,NSE:BANKNIFTY,53724.8,53734.1,53688.95,53697.75,1760551.0
2026-03-25 09:49:00+00:00,NSE:BANKNIFTY,53693.35,53695.1,53659.85,53666.85,1339237.0
2026-03-25 09:50:00+00:00,NSE:BANKNIFTY,53665.35,53669.4,53653.35,53653.8,1835981.0
2026-03-25 09:51:00+00:00,NSE:BANKNIFTY,53656.55,53703.75,53654.45,53695.55,1541147.0
2026-03-25 09:52:00+00:00,NSE:BANKNIFTY,53694.95,53700.75,53681.25,53691.9,1204182.0
2026-03-25 09:53:00+00:00,NSE:BANKNIFTY,53691.95,53698.9,53665.7,53680.8,1319365.0
2026-03-25 09:54:00+00:00,NSE:BANKNIFTY,53680.05,53692.15,53664.4,53687.0,1862885.0
2026-03-25 09:55:00+00:00,NSE:BANKNIFTY,53692.6,53693.0,53662.0,53667.9,1944265.0
2026-03-25 09:56:00+00:00,NSE:BANKNIFTY,53666.2,53680.75,53653.75,53676.5,1561982.0
2026-03-25 09:57:00+00:00,NSE:BANKNIFTY,53675.4,53700.5,53668.3,53678.6,1617601.0
2026-03-25 09:58:00+00:00,NSE:BANKNIFTY,53676.65,53689.3,53666.25,53679.05,2297488.0
2026-03-25 09:59:00+00:00,NSE:BANKNIFTY,53676.65,53695.05,53654.8,53689.95,2496554.0
2026-03-27 03:45:00+00:00,NSE:BANKNIFTY,53292.5,53292.5,53036.75,53048.85,8699036.0
2026-03-27 03:46:00+00:00,NSE:BANKNIFTY,53053.95,53053.95,52906.5,52996.8,4956492.0
2026-03-27 03:47:00+00:00,NSE:BANKNIFTY,53001.55,53003.6,52903.9,52916.9,3896324.0
2026-03-27 03:48:00+00:00,NSE:BANKNIFTY,52916.55,52924.6,52857.3,52870.1,3677905.0
2026-03-27 03:49:00+00:00,NSE:BANKNIFTY,52870.25,52877.35,52821.6,52842.15,2511446.0
2026-03-27 03:50:00+00:00,NSE:BANKNIFTY,52839.8,52866.75,52773.1,52820.9,3930808.0
2026-03-27 03:51:00+00:00,NSE:BANKNIFTY,52813.35,52949.95,52798.35,52930.5,2735007.0
2026-03-27 03:52:00+00:00,NSE:BANKNIFTY,52933.95,52955.85,52865.6,52867.8,2222538.0
2026-03-27 03:53:00+00:00,NSE:BANKNIFTY,52865.4,52915.8,52858.6,52915.8,1675848.0
2026-03-27 03:54:00+00:00,NSE:BANKNIFTY,52912.5,52912.95,52876.35,52885.85,1184000.0
2026-03-27 03:55:00+00:00,NSE:BANKNIFTY,52889.55,52893.1,52847.6,52873.3,1653778.0
2026-03-27 03:56:00+00:00,NSE:BANKNIFTY,52870.8,52888.15,52832.25,52843.2,1523139.0
2026-03-27 03:57:00+00:00,NSE:BANKNIFTY,52845.6,52861.8,52834.95,52850.9,1360791.0
2026-03-27 03:58:00+00:00,NSE:BANKNIFTY,52847.2,52867.8,52817.9,52835.15,1521353.0
2026-03-27 03:59:00+00:00,NSE:BANKNIFTY,52840.25,52840.25,52800.9,52810.7,1304089.0
2026-03-27 04:00:00+00:00,NSE:BANKNIFTY,52813.1,52813.1,52738.45,52760.9,1762287.0
2026-03-27 04:01:00+00:00,NSE:BANKNIFTY,52759.75,52803.4,52755.2,52794.25,1571445.0
2026-03-27 04:02:00+00:00,NSE:BANKNIFTY,52796.1,52845.6,52796.1,52828.15,1207926.0
2026-03-27 04:03:00+00:00,NSE:BANKNIFTY,52828.8,52828.8,52786.55,52793.15,1050390.0
2026-03-27 04:04:00+00:00,NSE:BANKNIFTY,52793.9,52802.1,52731.25,52742.3,1315719.0
2026-03-27 04:05:00+00:00,NSE:BANKNIFTY,52740.5,52756.45,52720.95,52725.4,1304131.0
2026-03-27 04:06:00+00:00,NSE:BANKNIFTY,52725.45,52759.65,52723.5,52736.65,1118696.0
2026-03-27 04:07:00+00:00,NSE:BANKNIFTY,52734.55,52755.55,52711.5,52721.5,1265950.0
2026-03-27 04:08:00+00:00,NSE:BANKNIFTY,52723.5,52732.8,52700.05,52716.05,1144831.0
2026-03-27 04:09:00+00:00,NSE:BANKNIFTY,52716.4,52743.55,52696.0,52739.0,1382303.0
2026-03-27 04:10:00+00:00,NSE:BANKNIFTY,52741.1,52776.1,52731.45,52743.4,1152413.0
2026-03-27 04:11:00+00:00,NSE:BANKNIFTY,52744.75,52756.1,52729.5,52731.3,973451.0
2026-03-27 04:12:00+00:00,NSE:BANKNIFTY,52728.9,52764.25,52724.3,52762.25,909004.0
2026-03-27 04:13:00+00:00,NSE:BANKNIFTY,52762.0,52799.0,52755.25,52788.95,1265436.0
2026-03-27 04:14:00+00:00,NSE:BANKNIFTY,52789.3,52796.0,52773.85,52791.45,736767.0
2026-03-27 04:15:00+00:00,NSE:BANKNIFTY,52783.6,52793.35,52741.15,52743.45,1110368.0
2026-03-27 04:16:00+00:00,NSE:BANKNIFTY,52747.05,52751.55,52733.05,52740.95,602738.0
2026-03-27 04:17:00+00:00,NSE:BANKNIFTY,52739.15,52747.5,52715.95,52747.5,920852.0
2026-03-27 04:18:00+00:00,NSE:BANKNIFTY,52749.25,52772.3,52731.2,52755.6,842924.0
2026-03-27 04:19:00+00:00,NSE:BANKNIFTY,52752.2,52758.9,52744.35,52756.5,714307.0
2026-03-27 04:20:00+00:00,NSE:BANKNIFTY,52755.2,52757.15,52741.6,52754.65,602234.0
2026-03-27 04:21:00+00:00,NSE:BANKNIFTY,52756.3,52773.0,52730.7,52769.35,1696500.0
2026-03-27 04:22:00+00:00,NSE:BANKNIFTY,52765.4,52774.5,52711.4,52732.75,2187968.0
2026-03-27 04:23:00+00:00,NSE:BANKNIFTY,52731.35,52736.95,52709.95,52731.05,793629.0
2026-03-27 04:24:00+00:00,NSE:BANKNIFTY,52732.25,52739.0,52713.15,52716.0,705462.0
2026-03-27 04:25:00+00:00,NSE:BANKNIFTY,52713.95,52721.95,52663.2,52681.65,1324856.0
2026-03-27 04:26:00+00:00,NSE:BANKNIFTY,52680.65,52687.05,52668.95,52683.6,884933.0
2026-03-27 04:27:00+00:00,NSE:BANKNIFTY,52686.05,52690.35,52667.3,52667.3,751129.0
2026-03-27 04:28:00+00:00,NSE:BANKNIFTY,52669.1,52670.0,52638.95,52655.8,1143747.0
2026-03-27 04:29:00+00:00,NSE:BANKNIFTY,52654.15,52684.4,52649.25,52681.55,722585.0
2026-03-27 04:30:00+00:00,NSE:BANKNIFTY,52678.5,52701.65,52657.35,52690.8,1389776.0
2026-03-27 04:31:00+00:00,NSE:BANKNIFTY,52696.8,52703.95,52680.05,52699.7,811816.0
2026-03-27 04:32:00+00:00,NSE:BANKNIFTY,52699.0,52711.3,52695.35,52711.3,731694.0
2026-03-27 04:33:00+00:00,NSE:BANKNIFTY,52709.25,52774.25,52708.35,52746.7,1046378.0
2026-03-27 04:34:00+00:00,NSE:BANKNIFTY,52743.5,52760.7,52731.45,52759.35,682582.0
2026-03-27 04:35:00+00:00,NSE:BANKNIFTY,52756.85,52759.0,52717.25,52718.9,865920.0
2026-03-27 04:36:00+00:00,NSE:BANKNIFTY,52713.3,52723.55,52668.55,52673.65,2767721.0
2026-03-27 04:37:00+00:00,NSE:BANKNIFTY,52673.35,52680.3,52640.95,52661.35,835009.0
2026-03-27 04:38:00+00:00,NSE:BANKNIFTY,52661.85,52668.0,52646.05,52654.6,778780.0
2026-03-27 04:39:00+00:00,NSE:BANKNIFTY,52651.7,52720.65,52651.0,52716.6,1182686.0
2026-03-27 04:40:00+00:00,NSE:BANKNIFTY,52717.65,52717.65,52678.55,52679.8,926204.0
2026-03-27 04:41:00+00:00,NSE:BANKNIFTY,52678.75,52681.25,52651.2,52651.6,676293.0
2026-03-27 04:42:00+00:00,NSE:BANKNIFTY,52649.1,52660.4,52636.1,52654.7,531780.0
2026-03-27 04:43:00+00:00,NSE:BANKNIFTY,52653.95,52656.15,52615.2,52628.5,669831.0
2026-03-27 04:44:00+00:00,NSE:BANKNIFTY,52633.5,52642.2,52623.65,52629.1,1175881.0
2026-03-27 04:45:00+00:00,NSE:BANKNIFTY,52632.4,52669.2,52622.65,52649.85,772552.0
2026-03-27 04:46:00+00:00,NSE:BANKNIFTY,52654.25,52661.15,52624.6,52638.8,915089.0
2026-03-27 04:47:00+00:00,NSE:BANKNIFTY,52634.65,52643.6,52622.7,52632.7,602167.0
2026-03-27 04:48:00+00:00,NSE:BANKNIFTY,52630.9,52631.95,52605.05,52605.05,790154.0
2026-03-27 04:49:00+00:00,NSE:BANKNIFTY,52602.2,52625.55,52595.05,52615.9,825137.0
2026-03-27 04:50:00+00:00,NSE:BANKNIFTY,52616.15,52622.75,52591.15,52621.8,881082.0
2026-03-27 04:51:00+00:00,NSE:BANKNIFTY,52620.35,52669.05,52612.85,52626.2,1154683.0
2026-03-27 04:52:00+00:00,NSE:BANKNIFTY,52624.05,52653.25,52615.55,52649.1,687024.0
2026-03-27 04:53:00+00:00,NSE:BANKNIFTY,52647.7,52662.3,52638.85,52662.3,657814.0
2026-03-27 04:54:00+00:00,NSE:BANKNIFTY,52661.7,52703.75,52661.7,52680.15,1527962.0
2026-03-27 04:55:00+00:00,NSE:BANKNIFTY,52677.0,52699.0,52666.0,52694.9,698026.0
2026-03-27 04:56:00+00:00,NSE:BANKNIFTY,52698.5,52700.25,52654.55,52656.4,667135.0
2026-03-27 04:57:00+00:00,NSE:BANKNIFTY,52656.95,52666.05,52634.35,52665.65,875200.0
2026-03-27 04:58:00+00:00,NSE:BANKNIFTY,52668.4,52681.4,52656.9,52681.4,577560.0
2026-03-27 04:59:00+00:00,NSE:BANKNIFTY,52677.1,52700.3,52669.75,52691.2,486485.0
2026-03-27 05:00:00+00:00,NSE:BANKNIFTY,52692.2,52711.3,52674.15,52711.2,704175.0
2026-03-27 05:01:00+00:00,NSE:BANKNIFTY,52712.5,52753.45,52707.9,52753.45,993527.0
2026-03-27 05:02:00+00:00,NSE:BANKNIFTY,52754.4,52761.15,52713.3,52717.8,1146976.0
2026-03-27 05:03:00+00:00,NSE:BANKNIFTY,52716.0,52716.0,52674.8,52680.5,655838.0
2026-03-27 05:04:00+00:00,NSE:BANKNIFTY,52674.75,52678.5,52656.8,52674.75,697788.0
2026-03-27 05:05:00+00:00,NSE:BANKNIFTY,52673.3,52719.65,52670.7,52719.65,530239.0
2026-03-27 05:06:00+00:00,NSE:BANKNIFTY,52718.55,52734.55,52687.85,52689.7,848488.0
2026-03-27 05:07:00+00:00,NSE:BANKNIFTY,52692.45,52702.8,52680.0,52691.1,538356.0
2026-03-27 05:08:00+00:00,NSE:BANKNIFTY,52693.1,52752.2,52689.05,52752.2,427969.0
2026-03-27 05:09:00+00:00,NSE:BANKNIFTY,52752.05,52757.25,52737.3,52751.0,510943.0
2026-03-27 05:10:00+00:00,NSE:BANKNIFTY,52751.1,52751.75,52713.0,52714.3,416772.0
2026-03-27 05:11:00+00:00,NSE:BANKNIFTY,52708.4,52711.35,52669.05,52669.8,735964.0
2026-03-27 05:12:00+00:00,NSE:BANKNIFTY,52665.05,52696.0,52639.8,52693.65,767124.0
2026-03-27 05:13:00+00:00,NSE:BANKNIFTY,52692.1,52717.2,52676.2,52684.9,797551.0
2026-03-27 05:14:00+00:00,NSE:BANKNIFTY,52684.5,52684.5,52655.35,52658.5,609197.0
2026-03-27 05:15:00+00:00,NSE:BANKNIFTY,52656.15,52656.15,52625.7,52633.3,615706.0
2026-03-27 05:16:00+00:00,NSE:BANKNIFTY,52631.0,52637.9,52613.95,52614.0,706606.0
2026-03-27 05:17:00+00:00,NSE:BANKNIFTY,52613.25,52641.9,52603.25,52638.3,705013.0
2026-03-27 05:18:00+00:00,NSE:BANKNIFTY,52638.95,52665.65,52628.4,52665.45,790346.0
2026-03-27 05:19:00+00:00,NSE:BANKNIFTY,52665.85,52667.35,52616.4,52616.4,448836.0
2026-03-27 05:20:00+00:00,NSE:BANKNIFTY,52622.4,52631.8,52609.55,52623.8,579312.0
2026-03-27 05:21:00+00:00,NSE:BANKNIFTY,52615.15,52635.55,52610.2,52612.65,501426.0
2026-03-27 05:22:00+00:00,NSE:BANKNIFTY,52617.0,52628.35,52595.15,52619.05,423298.0
2026-03-27 05:23:00+00:00,NSE:BANKNIFTY,52619.6,52622.2,52575.95,52586.1,1118027.0
2026-03-27 05:24:00+00:00,NSE:BANKNIFTY,52590.3,52590.3,52556.3,52567.0,781646.0
2026-03-27 05:25:00+00:00,NSE:BANKNIFTY,52565.45,52590.85,52553.5,52584.4,644700.0
2026-03-27 05:26:00+00:00,NSE:BANKNIFTY,52590.45,52591.4,52560.5,52567.9,552225.0
2026-03-27 05:27:00+00:00,NSE:BANKNIFTY,52568.65,52572.85,52533.1,52570.8,773880.0
2026-03-27 05:28:00+00:00,NSE:BANKNIFTY,52570.9,52612.45,52565.35,52605.3,637584.0
2026-03-27 05:29:00+00:00,NSE:BANKNIFTY,52601.9,52608.45,52577.2,52584.3,475455.0
2026-03-27 05:30:00+00:00,NSE:BANKNIFTY,52584.7,52623.8,52566.25,52621.3,976169.0
2026-03-27 05:31:00+00:00,NSE:BANKNIFTY,52622.85,52625.75,52597.95,52617.85,757181.0
2026-03-27 05:32:00+00:00,NSE:BANKNIFTY,52620.1,52621.75,52588.1,52589.05,1254042.0
2026-03-27 05:33:00+00:00,NSE:BANKNIFTY,52589.25,52589.25,52536.1,52552.7,725464.0
2026-03-27 05:34:00+00:00,NSE:BANKNIFTY,52553.35,52560.3,52541.45,52554.4,415146.0
2026-03-27 05:35:00+00:00,NSE:BANKNIFTY,52556.3,52556.3,52531.15,52543.45,532829.0
2026-03-27 05:36:00+00:00,NSE:BANKNIFTY,52556.75,52566.7,52545.7,52563.75,790877.0
2026-03-27 05:37:00+00:00,NSE:BANKNIFTY,52565.9,52591.1,52556.2,52570.0,512233.0
2026-03-27 05:38:00+00:00,NSE:BANKNIFTY,52578.45,52583.45,52562.15,52568.35,656381.0
2026-03-27 05:39:00+00:00,NSE:BANKNIFTY,52570.05,52603.15,52554.45,52584.45,564720.0
2026-03-27 05:40:00+00:00,NSE:BANKNIFTY,52587.6,52610.0,52573.55,52578.55,957601.0
2026-03-27 05:41:00+00:00,NSE:BANKNIFTY,52579.5,52589.6,52574.2,52580.5,713116.0
2026-03-27 05:42:00+00:00,NSE:BANKNIFTY,52584.9,52584.9,52564.3,52575.2,527030.0
2026-03-27 05:43:00+00:00,NSE:BANKNIFTY,52576.7,52602.5,52569.95,52599.75,422877.0
2026-03-27 05:44:00+00:00,NSE:BANKNIFTY,52600.25,52603.65,52584.95,52591.95,488957.0
2026-03-27 05:45:00+00:00,NSE:BANKNIFTY,52591.75,52616.55,52583.05,52608.9,458164.0
2026-03-27 05:46:00+00:00,NSE:BANKNIFTY,52605.75,52610.9,52597.45,52599.1,359092.0
2026-03-27 05:47:00+00:00,NSE:BANKNIFTY,52600.75,52600.75,52586.6,52597.0,603812.0
2026-03-27 05:48:00+00:00,NSE:BANKNIFTY,52597.75,52602.5,52549.6,52550.7,563282.0
2026-03-27 05:49:00+00:00,NSE:BANKNIFTY,52555.15,52555.15,52519.95,52524.05,684667.0
2026-03-27 05:50:00+00:00,NSE:BANKNIFTY,52528.05,52546.1,52513.0,52539.65,679175.0
2026-03-27 05:51:00+00:00,NSE:BANKNIFTY,52541.75,52541.9,52527.7,52538.4,544013.0
2026-03-27 05:52:00+00:00,NSE:BANKNIFTY,52536.4,52542.15,52527.5,52530.7,645896.0
2026-03-27 05:53:00+00:00,NSE:BANKNIFTY,52530.3,52531.85,52511.35,52519.7,643376.0
2026-03-27 05:54:00+00:00,NSE:BANKNIFTY,52523.95,52528.8,52509.1,52518.8,767690.0
2026-03-27 05:55:00+00:00,NSE:BANKNIFTY,52523.25,52530.0,52502.5,52516.3,864555.0
2026-03-27 05:56:00+00:00,NSE:BANKNIFTY,52519.25,52522.4,52497.85,52522.4,919507.0
2026-03-27 05:57:00+00:00,NSE:BANKNIFTY,52523.65,52545.85,52512.25,52514.75,621576.0
2026-03-27 05:58:00+00:00,NSE:BANKNIFTY,52511.9,52516.9,52449.25,52452.3,902933.0
2026-03-27 05:59:00+00:00,NSE:BANKNIFTY,52453.55,52457.5,52434.75,52453.95,677840.0
2026-03-27 06:00:00+00:00,NSE:BANKNIFTY,52455.65,52471.5,52447.5,52471.5,1031794.0
2026-03-27 06:01:00+00:00,NSE:BANKNIFTY,52471.7,52481.45,52461.55,52471.4,747487.0
2026-03-27 06:02:00+00:00,NSE:BANKNIFTY,52471.3,52490.1,52464.05,52486.7,620963.0
2026-03-27 06:03:00+00:00,NSE:BANKNIFTY,52485.9,52528.55,52483.9,52520.4,1021572.0
2026-03-27 06:04:00+00:00,NSE:BANKNIFTY,52520.2,52533.35,52493.5,52502.1,497994.0
2026-03-27 06:05:00+00:00,NSE:BANKNIFTY,52501.7,52530.45,52501.7,52516.4,503437.0
2026-03-27 06:06:00+00:00,NSE:BANKNIFTY,52520.1,52523.7,52494.7,52509.35,1079719.0
2026-03-27 06:07:00+00:00,NSE:BANKNIFTY,52508.95,52543.1,52495.2,52516.5,479917.0
2026-03-27 06:08:00+00:00,NSE:BANKNIFTY,52516.55,52528.2,52495.35,52528.2,436234.0
2026-03-27 06:09:00+00:00,NSE:BANKNIFTY,52524.45,52556.9,52524.45,52535.85,592074.0
2026-03-27 06:10:00+00:00,NSE:BANKNIFTY,52536.5,52559.2,52528.4,52556.95,573626.0
2026-03-27 06:11:00+00:00,NSE:BANKNIFTY,52557.05,52566.95,52539.7,52542.2,453093.0
2026-03-27 06:12:00+00:00,NSE:BANKNIFTY,52543.45,52543.45,52491.65,52494.65,597465.0
2026-03-27 06:13:00+00:00,NSE:BANKNIFTY,52494.0,52494.0,52477.2,52488.6,786889.0
2026-03-27 06:14:00+00:00,NSE:BANKNIFTY,52491.35,52533.5,52487.65,52528.8,1566481.0
2026-03-27 06:15:00+00:00,NSE:BANKNIFTY,52529.75,52531.7,52522.55,52526.1,262885.0
2026-03-27 06:16:00+00:00,NSE:BANKNIFTY,52527.1,52558.1,52520.7,52552.65,660198.0
2026-03-27 06:17:00+00:00,NSE:BANKNIFTY,52552.75,52554.7,52506.6,52509.95,481851.0
2026-03-27 06:18:00+00:00,NSE:BANKNIFTY,52512.05,52515.6,52498.0,52514.1,471181.0
2026-03-27 06:19:00+00:00,NSE:BANKNIFTY,52514.3,52516.5,52490.75,52512.9,630418.0
2026-03-27 06:20:00+00:00,NSE:BANKNIFTY,52514.2,52526.4,52500.5,52526.4,889065.0
2026-03-27 06:21:00+00:00,NSE:BANKNIFTY,52528.8,52540.75,52523.1,52527.45,505905.0
2026-03-27 06:22:00+00:00,NSE:BANKNIFTY,52529.15,52530.05,52515.9,52521.65,548154.0
2026-03-27 06:23:00+00:00,NSE:BANKNIFTY,52524.9,52549.3,52513.2,52544.5,777724.0
2026-03-27 06:24:00+00:00,NSE:BANKNIFTY,52545.85,52556.35,52532.95,52554.75,412561.0
2026-03-27 06:25:00+00:00,NSE:BANKNIFTY,52552.45,52553.95,52534.65,52546.75,525020.0
2026-03-27 06:26:00+00:00,NSE:BANKNIFTY,52547.6,52552.05,52509.45,52522.65,633506.0
2026-03-27 06:27:00+00:00,NSE:BANKNIFTY,52524.6,52536.8,52522.75,52534.7,533379.0
2026-03-27 06:28:00+00:00,NSE:BANKNIFTY,52533.85,52537.55,52520.35,52527.65,403724.0
2026-03-27 06:29:00+00:00,NSE:BANKNIFTY,52528.7,52559.3,52516.65,52540.55,820595.0
2026-03-27 06:30:00+00:00,NSE:BANKNIFTY,52537.35,52539.05,52503.05,52510.55,509635.0
2026-03-27 06:31:00+00:00,NSE:BANKNIFTY,52509.05,52513.3,52490.8,52490.8,411108.0
2026-03-27 06:32:00+00:00,NSE:BANKNIFTY,52487.7,52495.05,52457.9,52495.05,870597.0
2026-03-27 06:33:00+00:00,NSE:BANKNIFTY,52492.0,52520.55,52483.0,52512.2,437324.0
2026-03-27 06:34:00+00:00,NSE:BANKNIFTY,52511.7,52528.15,52508.15,52511.45,394236.0
2026-03-27 06:35:00+00:00,NSE:BANKNIFTY,52512.0,52522.55,52502.55,52515.5,373251.0
2026-03-27 06:36:00+00:00,NSE:BANKNIFTY,52517.15,52517.15,52500.6,52514.65,490607.0
2026-03-27 06:37:00+00:00,NSE:BANKNIFTY,52516.25,52539.85,52502.25,52539.85,541853.0
2026-03-27 06:38:00+00:00,NSE:BANKNIFTY,52539.7,52560.4,52526.1,52530.15,512062.0
2026-03-27 06:39:00+00:00,NSE:BANKNIFTY,52528.35,52531.65,52512.45,52513.35,387288.0
2026-03-27 06:40:00+00:00,NSE:BANKNIFTY,52511.65,52514.65,52495.45,52496.15,344533.0
2026-03-27 06:41:00+00:00,NSE:BANKNIFTY,52499.4,52501.1,52487.25,52501.1,550920.0
2026-03-27 06:42:00+00:00,NSE:BANKNIFTY,52501.55,52528.6,52501.05,52525.3,893609.0
2026-03-27 06:43:00+00:00,NSE:BANKNIFTY,52520.75,52530.2,52502.15,52502.15,352621.0
2026-03-27 06:44:00+00:00,NSE:BANKNIFTY,52498.65,52498.65,52484.95,52492.15,421926.0
2026-03-27 06:45:00+00:00,NSE:BANKNIFTY,52487.35,52495.35,52478.45,52493.25,410321.0
2026-03-27 06:46:00+00:00,NSE:BANKNIFTY,52494.1,52494.1,52467.0,52469.4,542592.0
2026-03-27 06:47:00+00:00,NSE:BANKNIFTY,52466.95,52473.1,52452.35,52468.85,2315238.0
2026-03-27 06:48:00+00:00,NSE:BANKNIFTY,52468.05,52471.15,52427.65,52440.05,890934.0
2026-03-27 06:49:00+00:00,NSE:BANKNIFTY,52442.1,52458.6,52438.15,52454.0,1275024.0
2026-03-27 06:50:00+00:00,NSE:BANKNIFTY,52452.9,52465.35,52448.65,52451.75,399223.0
2026-03-27 06:51:00+00:00,NSE:BANKNIFTY,52450.7,52492.0,52443.25,52488.15,685738.0
2026-03-27 06:52:00+00:00,NSE:BANKNIFTY,52490.45,52490.45,52473.2,52484.4,336709.0
2026-03-27 06:53:00+00:00,NSE:BANKNIFTY,52484.3,52495.5,52471.4,52492.5,544300.0
2026-03-27 06:54:00+00:00,NSE:BANKNIFTY,52492.15,52515.9,52483.0,52515.1,523958.0
2026-03-27 06:55:00+00:00,NSE:BANKNIFTY,52515.6,52527.2,52495.45,52527.2,894639.0
2026-03-27 06:56:00+00:00,NSE:BANKNIFTY,52526.25,52574.1,52521.8,52569.0,677695.0
2026-03-27 06:57:00+00:00,NSE:BANKNIFTY,52566.2,52603.8,52554.8,52602.1,1358026.0
2026-03-27 06:58:00+00:00,NSE:BANKNIFTY,52604.2,52605.35,52584.9,52591.6,731594.0
2026-03-27 06:59:00+00:00,NSE:BANKNIFTY,52591.8,52614.4,52579.8,52601.7,552890.0
2026-03-27 07:00:00+00:00,NSE:BANKNIFTY,52605.25,52605.25,52553.8,52554.45,530514.0
2026-03-27 07:01:00+00:00,NSE:BANKNIFTY,52550.4,52556.8,52539.95,52553.4,494083.0
2026-03-27 07:02:00+00:00,NSE:BANKNIFTY,52553.6,52557.85,52511.85,52539.7,445160.0
2026-03-27 07:03:00+00:00,NSE:BANKNIFTY,52541.2,52567.2,52534.75,52563.15,532993.0
2026-03-27 07:04:00+00:00,NSE:BANKNIFTY,52562.8,52584.4,52558.55,52583.15,567065.0
2026-03-27 07:05:00+00:00,NSE:BANKNIFTY,52580.15,52586.25,52569.3,52585.7,436075.0
2026-03-27 07:06:00+00:00,NSE:BANKNIFTY,52583.85,52594.05,52555.8,52563.05,579639.0
2026-03-27 07:07:00+00:00,NSE:BANKNIFTY,52562.95,52580.5,52558.7,52559.65,395556.0
2026-03-27 07:08:00+00:00,NSE:BANKNIFTY,52559.8,52563.8,52536.2,52545.45,355341.0
2026-03-27 07:09:00+00:00,NSE:BANKNIFTY,52547.4,52553.25,52535.85,52551.65,300376.0
2026-03-27 07:10:00+00:00,NSE:BANKNIFTY,52550.6,52567.7,52542.45,52555.95,490624.0
2026-03-27 07:11:00+00:00,NSE:BANKNIFTY,52556.25,52562.4,52545.6,52557.0,404783.0
2026-03-27 07:12:00+00:00,NSE:BANKNIFTY,52558.15,52611.55,52553.85,52607.35,752599.0
2026-03-27 07:13:00+00:00,NSE:BANKNIFTY,52610.75,52612.75,52576.3,52577.9,678257.0
2026-03-27 07:14:00+00:00,NSE:BANKNIFTY,52577.05,52613.7,52576.1,52613.7,387848.0
2026-03-27 07:15:00+00:00,NSE:BANKNIFTY,52607.45,52610.45,52565.65,52585.55,510221.0
2026-03-27 07:16:00+00:00,NSE:BANKNIFTY,52582.25,52602.3,52573.5,52588.85,453500.0
2026-03-27 07:17:00+00:00,NSE:BANKNIFTY,52591.65,52605.95,52576.1,52597.25,728611.0
2026-03-27 07:18:00+00:00,NSE:BANKNIFTY,52603.85,52608.3,52589.25,52589.45,821068.0
2026-03-27 07:19:00+00:00,NSE:BANKNIFTY,52592.45,52605.75,52588.2,52599.55,361047.0
2026-03-27 07:20:00+00:00,NSE:BANKNIFTY,52603.65,52668.5,52603.65,52653.15,893135.0
2026-03-27 07:21:00+00:00,NSE:BANKNIFTY,52653.35,52653.7,52586.0,52599.55,513556.0
2026-03-27 07:22:00+00:00,NSE:BANKNIFTY,52599.95,52603.25,52562.3,52565.35,664651.0
2026-03-27 07:23:00+00:00,NSE:BANKNIFTY,52564.3,52590.75,52545.15,52586.0,595910.0
2026-03-27 07:24:00+00:00,NSE:BANKNIFTY,52585.35,52627.2,52581.3,52605.65,346815.0
2026-03-27 07:25:00+00:00,NSE:BANKNIFTY,52605.35,52618.6,52599.55,52607.9,636580.0
2026-03-27 07:26:00+00:00,NSE:BANKNIFTY,52610.95,52613.65,52603.25,52606.3,231396.0
2026-03-27 07:27:00+00:00,NSE:BANKNIFTY,52608.45,52612.75,52593.35,52596.55,268691.0
2026-03-27 07:28:00+00:00,NSE:BANKNIFTY,52596.9,52602.9,52568.5,52574.5,446131.0
2026-03-27 07:29:00+00:00,NSE:BANKNIFTY,52576.6,52582.6,52563.1,52574.35,375175.0
2026-03-27 07:30:00+00:00,NSE:BANKNIFTY,52575.3,52592.5,52575.0,52576.85,382973.0
2026-03-27 07:31:00+00:00,NSE:BANKNIFTY,52578.7,52590.6,52577.15,52585.25,415123.0
2026-03-27 07:32:00+00:00,NSE:BANKNIFTY,52590.45,52593.65,52583.85,52593.65,424707.0
2026-03-27 07:33:00+00:00,NSE:BANKNIFTY,52592.2,52594.85,52563.0,52574.7,539138.0
2026-03-27 07:34:00+00:00,NSE:BANKNIFTY,52572.45,52578.95,52563.8,52564.45,413579.0
2026-03-27 07:35:00+00:00,NSE:BANKNIFTY,52563.85,52585.55,52561.65,52584.25,380070.0
2026-03-27 07:36:00+00:00,NSE:BANKNIFTY,52583.6,52591.3,52577.3,52585.35,451207.0
2026-03-27 07:37:00+00:00,NSE:BANKNIFTY,52584.65,52605.75,52583.6,52595.1,487895.0
2026-03-27 07:38:00+00:00,NSE:BANKNIFTY,52593.5,52599.65,52585.25,52591.45,578805.0
2026-03-27 07:39:00+00:00,NSE:BANKNIFTY,52591.6,52594.35,52566.75,52572.1,421333.0
2026-03-27 07:40:00+00:00,NSE:BANKNIFTY,52571.35,52593.7,52567.45,52569.7,476282.0
2026-03-27 07:41:00+00:00,NSE:BANKNIFTY,52569.8,52574.9,52556.0,52563.1,319419.0
2026-03-27 07:42:00+00:00,NSE:BANKNIFTY,52563.4,52577.45,52559.0,52572.6,467308.0
2026-03-27 07:43:00+00:00,NSE:BANKNIFTY,52572.05,52592.4,52568.4,52584.6,562775.0
2026-03-27 07:44:00+00:00,NSE:BANKNIFTY,52593.75,52632.45,52590.55,52615.65,568889.0
2026-03-27 07:45:00+00:00,NSE:BANKNIFTY,52617.15,52622.0,52603.25,52622.0,356460.0
2026-03-27 07:46:00+00:00,NSE:BANKNIFTY,52624.45,52644.0,52615.1,52641.3,652661.0
2026-03-27 07:47:00+00:00,NSE:BANKNIFTY,52644.45,52707.9,52636.1,52686.65,1633324.0
2026-03-27 07:48:00+00:00,NSE:BANKNIFTY,52684.8,52686.0,52640.45,52649.75,992883.0
2026-03-27 07:49:00+00:00,NSE:BANKNIFTY,52650.85,52658.2,52639.65,52650.4,398476.0
2026-03-27 07:50:00+00:00,NSE:BANKNIFTY,52650.55,52653.65,52626.2,52636.65,661337.0
2026-03-27 07:51:00+00:00,NSE:BANKNIFTY,52636.95,52639.05,52614.8,52614.8,686700.0
2026-03-27 07:52:00+00:00,NSE:BANKNIFTY,52627.1,52647.25,52598.95,52638.95,1073311.0
2026-03-27 07:53:00+00:00,NSE:BANKNIFTY,52638.4,52664.25,52632.35,52655.95,790398.0
2026-03-27 07:54:00+00:00,NSE:BANKNIFTY,52657.0,52668.0,52639.15,52652.4,664492.0
2026-03-27 07:55:00+00:00,NSE:BANKNIFTY,52652.8,52664.6,52647.1,52658.8,469103.0
2026-03-27 07:56:00+00:00,NSE:BANKNIFTY,52658.6,52672.9,52656.0,52656.9,565202.0
2026-03-27 07:57:00+00:00,NSE:BANKNIFTY,52657.35,52664.15,52619.0,52619.0,508330.0
2026-03-27 07:58:00+00:00,NSE:BANKNIFTY,52623.2,52626.9,52595.65,52601.45,961910.0
2026-03-27 07:59:00+00:00,NSE:BANKNIFTY,52600.8,52609.95,52596.4,52598.9,590621.0
2026-03-27 08:00:00+00:00,NSE:BANKNIFTY,52601.65,52601.65,52568.6,52580.65,625689.0
2026-03-27 08:01:00+00:00,NSE:BANKNIFTY,52579.7,52591.95,52575.35,52583.1,737848.0
2026-03-27 08:02:00+00:00,NSE:BANKNIFTY,52579.45,52596.35,52551.75,52552.6,982414.0
2026-03-27 08:03:00+00:00,NSE:BANKNIFTY,52550.3,52574.95,52537.7,52572.45,1086178.0
2026-03-27 08:04:00+00:00,NSE:BANKNIFTY,52572.1,52579.8,52565.15,52569.8,661967.0
2026-03-27 08:05:00+00:00,NSE:BANKNIFTY,52566.95,52566.95,52529.35,52536.85,729625.0
2026-03-27 08:06:00+00:00,NSE:BANKNIFTY,52534.9,52580.15,52534.9,52578.0,788769.0
2026-03-27 08:07:00+00:00,NSE:BANKNIFTY,52578.6,52583.35,52536.8,52542.8,865710.0
2026-03-27 08:08:00+00:00,NSE:BANKNIFTY,52542.35,52552.85,52528.35,52552.85,424822.0
2026-03-27 08:09:00+00:00,NSE:BANKNIFTY,52550.0,52551.8,52528.65,52543.3,418096.0
2026-03-27 08:10:00+00:00,NSE:BANKNIFTY,52542.75,52555.15,52536.6,52548.35,322378.0
2026-03-27 08:11:00+00:00,NSE:BANKNIFTY,52547.5,52566.0,52546.55,52555.7,611690.0
2026-03-27 08:12:00+00:00,NSE:BANKNIFTY,52551.65,52583.65,52546.7,52583.65,533396.0
2026-03-27 08:13:00+00:00,NSE:BANKNIFTY,52585.5,52590.9,52551.1,52558.95,644556.0
2026-03-27 08:14:00+00:00,NSE:BANKNIFTY,52558.75,52558.75,52533.25,52545.75,717742.0
2026-03-27 08:15:00+00:00,NSE:BANKNIFTY,52546.15,52576.0,52546.15,52567.45,709012.0
2026-03-27 08:16:00+00:00,NSE:BANKNIFTY,52567.55,52567.55,52537.2,52540.4,776626.0
2026-03-27 08:17:00+00:00,NSE:BANKNIFTY,52540.05,52545.75,52511.9,52512.25,927768.0
2026-03-27 08:18:00+00:00,NSE:BANKNIFTY,52515.25,52525.9,52507.35,52524.3,519908.0
2026-03-27 08:19:00+00:00,NSE:BANKNIFTY,52523.85,52530.75,52498.25,52504.35,652611.0
2026-03-27 08:20:00+00:00,NSE:BANKNIFTY,52504.75,52520.85,52501.55,52517.05,618163.0
2026-03-27 08:21:00+00:00,NSE:BANKNIFTY,52512.0,52555.75,52510.0,52549.55,941390.0
2026-03-27 08:22:00+00:00,NSE:BANKNIFTY,52549.7,52552.7,52536.55,52544.3,445316.0
2026-03-27 08:23:00+00:00,NSE:BANKNIFTY,52542.3,52543.85,52525.05,52529.45,604335.0
2026-03-27 08:24:00+00:00,NSE:BANKNIFTY,52530.6,52531.85,52515.75,52523.9,517639.0
2026-03-27 08:25:00+00:00,NSE:BANKNIFTY,52526.2,52538.4,52506.15,52521.2,673761.0
2026-03-27 08:26:00+00:00,NSE:BANKNIFTY,52516.55,52532.2,52511.5,52526.7,466136.0
2026-03-27 08:27:00+00:00,NSE:BANKNIFTY,52522.35,52538.95,52522.35,52528.0,569468.0
2026-03-27 08:28:00+00:00,NSE:BANKNIFTY,52527.05,52540.4,52496.55,52496.55,502988.0
2026-03-27 08:29:00+00:00,NSE:BANKNIFTY,52495.1,52537.65,52491.0,52517.0,688536.0
2026-03-27 08:30:00+00:00,NSE:BANKNIFTY,52514.9,52523.2,52502.65,52503.8,424803.0
2026-03-27 08:31:00+00:00,NSE:BANKNIFTY,52505.4,52523.4,52503.6,52523.4,783222.0
2026-03-27 08:32:00+00:00,NSE:BANKNIFTY,52515.45,52551.7,52515.45,52543.45,903142.0
2026-03-27 08:33:00+00:00,NSE:BANKNIFTY,52544.95,52555.25,52522.45,52524.85,638865.0
2026-03-27 08:34:00+00:00,NSE:BANKNIFTY,52523.05,52527.2,52504.0,52509.2,587355.0
2026-03-27 08:35:00+00:00,NSE:BANKNIFTY,52508.2,52513.7,52470.25,52472.4,703914.0
2026-03-27 08:36:00+00:00,NSE:BANKNIFTY,52471.3,52472.85,52451.5,52463.85,1183639.0
2026-03-27 08:37:00+00:00,NSE:BANKNIFTY,52463.8,52477.35,52448.95,52464.7,961543.0
2026-03-27 08:38:00+00:00,NSE:BANKNIFTY,52468.9,52470.55,52444.45,52452.2,736081.0
2026-03-27 08:39:00+00:00,NSE:BANKNIFTY,52454.25,52473.6,52450.8,52473.6,1031113.0
2026-03-27 08:40:00+00:00,NSE:BANKNIFTY,52474.7,52481.2,52462.0,52463.65,1622298.0
2026-03-27 08:41:00+00:00,NSE:BANKNIFTY,52462.9,52470.45,52421.95,52446.7,907624.0
2026-03-27 08:42:00+00:00,NSE:BANKNIFTY,52453.4,52494.0,52453.4,52479.95,924474.0
2026-03-27 08:43:00+00:00,NSE:BANKNIFTY,52481.4,52511.65,52476.7,52495.7,1760918.0
2026-03-27 08:44:00+00:00,NSE:BANKNIFTY,52498.2,52514.65,52493.4,52504.6,1119867.0
2026-03-27 08:45:00+00:00,NSE:BANKNIFTY,52502.95,52511.35,52488.3,52510.55,570342.0
2026-03-27 08:46:00+00:00,NSE:BANKNIFTY,52505.2,52509.35,52473.35,52485.2,1228256.0
2026-03-27 08:47:00+00:00,NSE:BANKNIFTY,52482.2,52490.2,52465.9,52465.9,806496.0
2026-03-27 08:48:00+00:00,NSE:BANKNIFTY,52468.0,52483.2,52463.75,52466.55,627971.0
2026-03-27 08:49:00+00:00,NSE:BANKNIFTY,52468.1,52469.45,52439.25,52445.5,1467638.0
2026-03-27 08:50:00+00:00,NSE:BANKNIFTY,52443.5,52471.7,52442.25,52447.05,918483.0
2026-03-27 08:51:00+00:00,NSE:BANKNIFTY,52450.8,52453.85,52430.9,52444.9,1074738.0
2026-03-27 08:52:00+00:00,NSE:BANKNIFTY,52440.05,52446.1,52425.3,52428.3,1782351.0
2026-03-27 08:53:00+00:00,NSE:BANKNIFTY,52428.95,52433.15,52407.8,52430.7,892714.0
2026-03-27 08:54:00+00:00,NSE:BANKNIFTY,52431.55,52436.4,52420.55,52427.8,595419.0
2026-03-27 08:55:00+00:00,NSE:BANKNIFTY,52428.65,52459.4,52428.65,52450.55,1070858.0
2026-03-27 08:56:00+00:00,NSE:BANKNIFTY,52453.45,52462.7,52420.85,52423.05,1247543.0
2026-03-27 08:57:00+00:00,NSE:BANKNIFTY,52426.25,52434.35,52404.0,52425.3,1466196.0
2026-03-27 08:58:00+00:00,NSE:BANKNIFTY,52429.75,52437.45,52419.1,52430.15,626958.0
2026-03-27 08:59:00+00:00,NSE:BANKNIFTY,52431.3,52438.25,52422.85,52422.85,536495.0
2026-03-27 09:00:00+00:00,NSE:BANKNIFTY,52421.4,52425.8,52406.7,52408.45,657614.0
2026-03-27 09:01:00+00:00,NSE:BANKNIFTY,52414.95,52416.25,52398.1,52401.05,815680.0
2026-03-27 09:02:00+00:00,NSE:BANKNIFTY,52397.75,52397.75,52368.55,52382.1,2031702.0
2026-03-27 09:03:00+00:00,NSE:BANKNIFTY,52383.9,52388.5,52363.6,52367.95,1275542.0
2026-03-27 09:04:00+00:00,NSE:BANKNIFTY,52368.8,52371.1,52338.55,52352.1,1626154.0
2026-03-27 09:05:00+00:00,NSE:BANKNIFTY,52355.35,52392.15,52342.6,52355.45,3500657.0
2026-03-27 09:06:00+00:00,NSE:BANKNIFTY,52355.75,52373.85,52305.35,52310.95,3347506.0
2026-03-27 09:07:00+00:00,NSE:BANKNIFTY,52314.2,52328.4,52297.1,52315.5,977056.0
2026-03-27 09:08:00+00:00,NSE:BANKNIFTY,52321.55,52331.6,52283.25,52290.55,992331.0
2026-03-27 09:09:00+00:00,NSE:BANKNIFTY,52291.75,52298.85,52279.3,52285.5,861063.0
2026-03-27 09:10:00+00:00,NSE:BANKNIFTY,52277.4,52302.65,52275.4,52278.05,1070718.0
2026-03-27 09:11:00+00:00,NSE:BANKNIFTY,52277.95,52309.95,52271.75,52291.25,5888370.0
2026-03-27 09:12:00+00:00,NSE:BANKNIFTY,52289.8,52341.9,52288.15,52329.2,1835597.0
2026-03-27 09:13:00+00:00,NSE:BANKNIFTY,52329.55,52346.6,52329.55,52339.0,2609577.0
2026-03-27 09:14:00+00:00,NSE:BANKNIFTY,52340.5,52343.95,52306.2,52306.2,1099591.0
2026-03-27 09:15:00+00:00,NSE:BANKNIFTY,52304.9,52324.35,52301.4,52323.75,1718549.0
2026-03-27 09:16:00+00:00,NSE:BANKNIFTY,52325.3,52333.65,52309.45,52323.35,1123527.0
2026-03-27 09:17:00+00:00,NSE:BANKNIFTY,52320.1,52322.95,52293.65,52303.75,897805.0
2026-03-27 09:18:00+00:00,NSE:BANKNIFTY,52297.6,52341.7,52296.85,52333.45,2186269.0
2026-03-27 09:19:00+00:00,NSE:BANKNIFTY,52330.7,52344.75,52328.6,52335.95,1171712.0
2026-03-27 09:20:00+00:00,NSE:BANKNIFTY,52332.85,52343.85,52330.05,52334.8,982209.0
2026-03-27 09:21:00+00:00,NSE:BANKNIFTY,52331.85,52368.9,52325.1,52366.8,1562043.0
2026-03-27 09:22:00+00:00,NSE:BANKNIFTY,52366.25,52369.95,52343.2,52350.6,1194275.0
2026-03-27 09:23:00+00:00,NSE:BANKNIFTY,52348.8,52353.65,52305.8,52306.8,1302065.0
2026-03-27 09:24:00+00:00,NSE:BANKNIFTY,52306.75,52328.3,52300.35,52322.65,985694.0
2026-03-27 09:25:00+00:00,NSE:BANKNIFTY,52320.55,52344.95,52320.55,52331.65,1332656.0
2026-03-27 09:26:00+00:00,NSE:BANKNIFTY,52333.7,52343.2,52324.15,52336.5,1070546.0
2026-03-27 09:27:00+00:00,NSE:BANKNIFTY,52326.95,52331.55,52278.0,52301.2,2242784.0
2026-03-27 09:28:00+00:00,NSE:BANKNIFTY,52299.6,52312.05,52292.65,52299.55,1642858.0
2026-03-27 09:29:00+00:00,NSE:BANKNIFTY,52296.45,52318.1,52290.65,52293.45,1279792.0
2026-03-27 09:30:00+00:00,NSE:BANKNIFTY,52297.85,52319.85,52261.25,52288.8,16828891.0
2026-03-27 09:31:00+00:00,NSE:BANKNIFTY,52281.5,52304.0,52236.45,52278.5,11295563.0
2026-03-27 09:32:00+00:00,NSE:BANKNIFTY,52273.2,52304.3,52259.05,52287.4,11720832.0
2026-03-27 09:33:00+00:00,NSE:BANKNIFTY,52285.65,52285.65,52244.55,52247.7,10612108.0
2026-03-27 09:34:00+00:00,NSE:BANKNIFTY,52246.05,52275.1,52241.3,52272.85,10640932.0
2026-03-27 09:35:00+00:00,NSE:BANKNIFTY,52269.75,52270.75,52248.95,52262.65,11232814.0
2026-03-27 09:36:00+00:00,NSE:BANKNIFTY,52257.0,52282.45,52249.75,52263.8,9851448.0
2026-03-27 09:37:00+00:00,NSE:BANKNIFTY,52264.3,52268.8,52235.5,52245.55,10985597.0
2026-03-27 09:38:00+00:00,NSE:BANKNIFTY,52246.85,52288.4,52246.35,52281.0,14198046.0
2026-03-27 09:39:00+00:00,NSE:BANKNIFTY,52281.9,52288.55,52270.5,52279.9,10992225.0
2026-03-27 09:40:00+00:00,NSE:BANKNIFTY,52277.4,52311.45,52272.15,52301.65,11325306.0
2026-03-27 09:41:00+00:00,NSE:BANKNIFTY,52300.5,52315.6,52290.95,52315.2,11767182.0
2026-03-27 09:42:00+00:00,NSE:BANKNIFTY,52309.15,52325.15,52306.2,52315.65,11945054.0
2026-03-27 09:43:00+00:00,NSE:BANKNIFTY,52314.45,52332.15,52307.6,52321.6,12201047.0
2026-03-27 09:44:00+00:00,NSE:BANKNIFTY,52319.55,52323.25,52302.85,52309.4,10995049.0
2026-03-27 09:45:00+00:00,NSE:BANKNIFTY,52308.55,52314.1,52274.35,52285.35,11341440.0
2026-03-27 09:46:00+00:00,NSE:BANKNIFTY,52282.35,52305.05,52277.25,52301.8,11975838.0
2026-03-27 09:47:00+00:00,NSE:BANKNIFTY,52298.95,52303.9,52270.95,52278.5,11511533.0
2026-03-27 09:48:00+00:00,NSE:BANKNIFTY,52275.35,52278.2,52253.25,52263.0,12261982.0
2026-03-27 09:49:00+00:00,NSE:BANKNIFTY,52263.65,52276.85,52257.2,52276.45,10910484.0
2026-03-27 09:50:00+00:00,NSE:BANKNIFTY,52273.8,52291.25,52268.65,52279.1,11876346.0
2026-03-27 09:51:00+00:00,NSE:BANKNIFTY,52276.05,52289.6,52265.3,52265.3,12091160.0
2026-03-27 09:52:00+00:00,NSE:BANKNIFTY,52268.0,52280.25,52247.7,52249.95,12396773.0
2026-03-27 09:53:00+00:00,NSE:BANKNIFTY,52249.25,52250.65,52230.5,52240.3,11674315.0
2026-03-27 09:54:00+00:00,NSE:BANKNIFTY,52238.05,52255.4,52221.35,52232.7,12346502.0
2026-03-27 09:55:00+00:00,NSE:BANKNIFTY,52234.1,52258.4,52226.9,52242.65,11816629.0
2026-03-27 09:56:00+00:00,NSE:BANKNIFTY,52239.85,52255.65,52228.15,52254.75,10861703.0
2026-03-27 09:57:00+00:00,NSE:BANKNIFTY,52252.4,52262.0,52211.2,52244.3,8996383.0
2026-03-27 09:58:00+00:00,NSE:BANKNIFTY,52244.65,52283.7,52243.2,52268.8,5010690.0
2026-03-27 09:59:00+00:00,NSE:BANKNIFTY,52259.7,52364.35,52252.2,52364.35,2553688.0
2026-03-30 03:45:00+00:00,NSE:BANKNIFTY,51591.75,51624.5,51141.05,51168.6,15847595.0
2026-03-30 03:46:00+00:00,NSE:BANKNIFTY,51151.35,51151.35,50972.8,50982.55,5916850.0
2026-03-30 03:47:00+00:00,NSE:BANKNIFTY,50999.75,51094.05,50993.3,51049.5,6000377.0
2026-03-30 03:48:00+00:00,NSE:BANKNIFTY,51051.5,51159.2,51019.05,51023.9,5193892.0
2026-03-30 03:49:00+00:00,NSE:BANKNIFTY,51025.6,51036.85,50954.6,50973.15,3623326.0
2026-03-30 03:50:00+00:00,NSE:BANKNIFTY,50971.95,50986.35,50935.1,50965.4,4053911.0
2026-03-30 03:51:00+00:00,NSE:BANKNIFTY,50958.85,50975.15,50932.2,50951.0,2915709.0
2026-03-30 03:52:00+00:00,NSE:BANKNIFTY,50954.55,51007.7,50922.95,50948.55,3028236.0
2026-03-30 03:53:00+00:00,NSE:BANKNIFTY,50949.55,51007.0,50949.55,50989.15,2788121.0
2026-03-30 03:54:00+00:00,NSE:BANKNIFTY,50984.6,51005.95,50915.25,50922.55,3190335.0
2026-03-30 03:55:00+00:00,NSE:BANKNIFTY,50915.4,50986.95,50888.15,50971.05,2532716.0
2026-03-30 03:56:00+00:00,NSE:BANKNIFTY,50968.25,51003.45,50959.1,50968.2,1754493.0
2026-03-30 03:57:00+00:00,NSE:BANKNIFTY,50970.75,50978.8,50929.7,50958.15,1835755.0
2026-03-30 03:58:00+00:00,NSE:BANKNIFTY,50948.7,51062.8,50948.7,51053.15,2010384.0
2026-03-30 03:59:00+00:00,NSE:BANKNIFTY,51053.3,51143.0,51052.4,51082.55,2852231.0
2026-03-30 04:00:00+00:00,NSE:BANKNIFTY,51085.15,51137.1,51079.6,51091.7,2200793.0
2026-03-30 04:01:00+00:00,NSE:BANKNIFTY,51089.0,51173.85,51089.0,51172.95,1942820.0
2026-03-30 04:02:00+00:00,NSE:BANKNIFTY,51166.1,51212.85,51150.05,51186.15,1496385.0
2026-03-30 04:03:00+00:00,NSE:BANKNIFTY,51185.05,51194.5,51156.05,51178.4,2213520.0
2026-03-30 04:04:00+00:00,NSE:BANKNIFTY,51175.25,51350.5,51175.25,51342.75,2916011.0
2026-03-30 04:05:00+00:00,NSE:BANKNIFTY,51339.45,51341.55,51252.95,51268.25,1591221.0
2026-03-30 04:06:00+00:00,NSE:BANKNIFTY,51270.35,51360.2,51263.45,51357.8,1593346.0
2026-03-30 04:07:00+00:00,NSE:BANKNIFTY,51353.4,51354.85,51290.55,51333.45,1980592.0
2026-03-30 04:08:00+00:00,NSE:BANKNIFTY,51332.5,51337.9,51247.35,51251.6,1898578.0
2026-03-30 04:09:00+00:00,NSE:BANKNIFTY,51251.2,51258.4,51204.95,51214.5,1598269.0
2026-03-30 04:10:00+00:00,NSE:BANKNIFTY,51213.3,51294.7,51166.1,51284.7,2013048.0
2026-03-30 04:11:00+00:00,NSE:BANKNIFTY,51278.0,51322.3,51275.5,51282.3,1613616.0
2026-03-30 04:12:00+00:00,NSE:BANKNIFTY,51280.85,51305.2,51242.1,51242.1,971955.0
2026-03-30 04:13:00+00:00,NSE:BANKNIFTY,51235.8,51274.65,51230.3,51230.3,885234.0
2026-03-30 04:14:00+00:00,NSE:BANKNIFTY,51225.6,51231.35,51194.85,51212.2,978362.0
2026-03-30 04:15:00+00:00,NSE:BANKNIFTY,51212.95,51268.5,51212.95,51238.4,1103483.0
2026-03-30 04:16:00+00:00,NSE:BANKNIFTY,51231.85,51269.35,51231.85,51244.55,1155498.0
2026-03-30 04:17:00+00:00,NSE:BANKNIFTY,51246.25,51272.75,51218.65,51224.95,1083332.0
2026-03-30 04:18:00+00:00,NSE:BANKNIFTY,51228.85,51232.65,51151.05,51162.85,2001822.0
2026-03-30 04:19:00+00:00,NSE:BANKNIFTY,51159.1,51163.2,51125.35,51133.35,1456354.0
2026-03-30 04:20:00+00:00,NSE:BANKNIFTY,51127.75,51139.45,51095.45,51109.7,1094718.0
2026-03-30 04:21:00+00:00,NSE:BANKNIFTY,51112.35,51208.1,51099.0,51180.25,1766664.0
2026-03-30 04:22:00+00:00,NSE:BANKNIFTY,51184.1,51215.4,51114.3,51119.8,864788.0
2026-03-30 04:23:00+00:00,NSE:BANKNIFTY,51120.3,51150.95,51099.8,51104.9,964796.0
2026-03-30 04:24:00+00:00,NSE:BANKNIFTY,51105.1,51115.45,51065.05,51065.05,750203.0
2026-03-30 04:25:00+00:00,NSE:BANKNIFTY,51059.75,51069.4,51038.7,51043.35,1440208.0
2026-03-30 04:26:00+00:00,NSE:BANKNIFTY,51047.55,51088.7,51042.7,51069.5,666666.0
2026-03-30 04:27:00+00:00,NSE:BANKNIFTY,51069.2,51111.45,51065.55,51093.65,1579752.0
2026-03-30 04:28:00+00:00,NSE:BANKNIFTY,51097.25,51097.25,51036.25,51061.05,1363387.0
2026-03-30 04:29:00+00:00,NSE:BANKNIFTY,51060.4,51106.4,51060.25,51088.35,904168.0
2026-03-30 04:30:00+00:00,NSE:BANKNIFTY,51087.05,51096.6,51056.85,51065.15,1182296.0
2026-03-30 04:31:00+00:00,NSE:BANKNIFTY,51065.2,51125.9,51063.6,51103.35,1296606.0
2026-03-30 04:32:00+00:00,NSE:BANKNIFTY,51101.65,51140.65,51095.6,51138.75,1109802.0
2026-03-30 04:33:00+00:00,NSE:BANKNIFTY,51138.4,51212.55,51134.55,51209.45,709840.0
2026-03-30 04:34:00+00:00,NSE:BANKNIFTY,51203.05,51218.5,51185.45,51197.35,1088517.0
2026-03-30 04:35:00+00:00,NSE:BANKNIFTY,51196.45,51197.0,51163.65,51170.0,618253.0
2026-03-30 04:36:00+00:00,NSE:BANKNIFTY,51177.95,51177.95,51129.2,51133.15,1226359.0
2026-03-30 04:37:00+00:00,NSE:BANKNIFTY,51132.6,51135.9,51101.8,51107.85,2365231.0
2026-03-30 04:38:00+00:00,NSE:BANKNIFTY,51106.7,51108.4,51076.2,51085.55,1430972.0
2026-03-30 04:39:00+00:00,NSE:BANKNIFTY,51083.15,51087.8,51053.2,51071.0,1135179.0
2026-03-30 04:40:00+00:00,NSE:BANKNIFTY,51069.1,51070.3,51024.0,51036.95,1442237.0
2026-03-30 04:41:00+00:00,NSE:BANKNIFTY,51039.9,51045.15,50993.2,50993.2,1059162.0
2026-03-30 04:42:00+00:00,NSE:BANKNIFTY,50995.3,51031.5,50995.3,51016.5,959260.0
2026-03-30 04:43:00+00:00,NSE:BANKNIFTY,51017.85,51045.25,51003.75,51043.05,1027764.0
2026-03-30 04:44:00+00:00,NSE:BANKNIFTY,51049.9,51104.4,51045.6,51104.4,1571357.0
2026-03-30 04:45:00+00:00,NSE:BANKNIFTY,51101.4,51117.45,51057.75,51059.25,920782.0
2026-03-30 04:46:00+00:00,NSE:BANKNIFTY,51055.65,51059.85,51028.15,51040.45,797398.0
2026-03-30 04:47:00+00:00,NSE:BANKNIFTY,51041.2,51041.2,51009.45,51012.35,1240322.0
2026-03-30 04:48:00+00:00,NSE:BANKNIFTY,51007.7,51012.9,50978.0,50981.2,979872.0
2026-03-30 04:49:00+00:00,NSE:BANKNIFTY,50988.7,50997.7,50973.7,50981.3,1131814.0
2026-03-30 04:50:00+00:00,NSE:BANKNIFTY,50982.6,50998.25,50974.0,50985.05,856434.0
2026-03-30 04:51:00+00:00,NSE:BANKNIFTY,50982.05,51022.1,50972.9,51007.45,2421655.0
2026-03-30 04:52:00+00:00,NSE:BANKNIFTY,51008.1,51018.2,50957.15,50960.75,893255.0
2026-03-30 04:53:00+00:00,NSE:BANKNIFTY,50967.65,50979.0,50953.4,50964.85,913132.0
2026-03-30 04:54:00+00:00,NSE:BANKNIFTY,50967.7,51005.75,50962.05,51005.75,979617.0
2026-03-30 04:55:00+00:00,NSE:BANKNIFTY,51003.7,51041.8,50993.9,51035.75,1107339.0
2026-03-30 04:56:00+00:00,NSE:BANKNIFTY,51032.95,51057.1,51009.35,51012.2,787296.0
2026-03-30 04:57:00+00:00,NSE:BANKNIFTY,51010.95,51018.4,50973.1,50976.8,1015247.0
2026-03-30 04:58:00+00:00,NSE:BANKNIFTY,50982.9,50990.2,50966.05,50977.35,742129.0
2026-03-30 04:59:00+00:00,NSE:BANKNIFTY,50976.9,50976.9,50946.9,50948.95,1088540.0
2026-03-30 05:00:00+00:00,NSE:BANKNIFTY,50950.8,50967.2,50948.2,50964.65,1169584.0
2026-03-30 05:01:00+00:00,NSE:BANKNIFTY,50964.85,50965.85,50939.95,50943.05,806164.0
2026-03-30 05:02:00+00:00,NSE:BANKNIFTY,50943.35,50943.8,50919.0,50922.95,990317.0
2026-03-30 05:03:00+00:00,NSE:BANKNIFTY,50923.5,50932.85,50913.55,50925.05,962019.0
2026-03-30 05:04:00+00:00,NSE:BANKNIFTY,50924.35,50954.9,50920.0,50953.15,701349.0
2026-03-30 05:05:00+00:00,NSE:BANKNIFTY,50956.35,50990.5,50954.0,50976.45,924516.0
2026-03-30 05:06:00+00:00,NSE:BANKNIFTY,50975.2,50991.05,50971.15,50977.35,775241.0
2026-03-30 05:07:00+00:00,NSE:BANKNIFTY,50979.9,50992.2,50957.2,50960.95,907327.0
2026-03-30 05:08:00+00:00,NSE:BANKNIFTY,50961.05,51029.85,50960.45,51021.7,1093604.0
2026-03-30 05:09:00+00:00,NSE:BANKNIFTY,51023.75,51023.75,50985.7,50986.4,882241.0
2026-03-30 05:10:00+00:00,NSE:BANKNIFTY,50993.95,51029.7,50982.75,51006.5,641235.0
2026-03-30 05:11:00+00:00,NSE:BANKNIFTY,51002.85,51006.0,50937.75,50948.6,940978.0
2026-03-30 05:12:00+00:00,NSE:BANKNIFTY,50950.1,50955.25,50933.1,50942.6,1084911.0
2026-03-30 05:13:00+00:00,NSE:BANKNIFTY,50940.85,50947.8,50918.9,50918.9,1596458.0
2026-03-30 05:14:00+00:00,NSE:BANKNIFTY,50926.65,50933.65,50916.75,50921.45,851536.0
2026-03-30 05:15:00+00:00,NSE:BANKNIFTY,50917.65,50927.85,50906.25,50914.7,1052586.0
2026-03-30 05:16:00+00:00,NSE:BANKNIFTY,50918.05,50937.9,50914.7,50928.35,735374.0
2026-03-30 05:17:00+00:00,NSE:BANKNIFTY,50928.75,50952.0,50905.35,50952.0,822445.0
2026-03-30 05:18:00+00:00,NSE:BANKNIFTY,50952.1,50968.7,50946.1,50946.1,1117420.0
2026-03-30 05:19:00+00:00,NSE:BANKNIFTY,50947.35,50972.85,50946.65,50953.3,600768.0
2026-03-30 05:20:00+00:00,NSE:BANKNIFTY,50957.5,50979.05,50942.15,50975.5,644479.0
2026-03-30 05:21:00+00:00,NSE:BANKNIFTY,50977.75,50978.85,50932.1,50940.1,584560.0
2026-03-30 05:22:00+00:00,NSE:BANKNIFTY,50937.35,50944.75,50921.4,50921.4,882419.0
2026-03-30 05:23:00+00:00,NSE:BANKNIFTY,50923.7,50929.1,50866.7,50871.15,808117.0
2026-03-30 05:24:00+00:00,NSE:BANKNIFTY,50865.4,50883.6,50862.8,50874.0,1167850.0
2026-03-30 05:25:00+00:00,NSE:BANKNIFTY,50874.25,50885.75,50851.8,50874.05,947265.0
2026-03-30 05:26:00+00:00,NSE:BANKNIFTY,50872.25,50931.4,50859.7,50925.85,2671428.0
2026-03-30 05:27:00+00:00,NSE:BANKNIFTY,50927.35,50958.1,50918.75,50924.85,1107208.0
2026-03-30 05:28:00+00:00,NSE:BANKNIFTY,50928.25,50930.35,50884.75,50895.45,544426.0
2026-03-30 05:29:00+00:00,NSE:BANKNIFTY,50898.7,50899.85,50839.9,50842.55,788157.0
2026-03-30 05:30:00+00:00,NSE:BANKNIFTY,50841.95,50869.9,50834.9,50856.35,595000.0
2026-03-30 05:31:00+00:00,NSE:BANKNIFTY,50856.9,50856.9,50840.1,50843.8,666846.0
2026-03-30 05:32:00+00:00,NSE:BANKNIFTY,50842.65,50872.85,50840.4,50855.3,879621.0
2026-03-30 05:33:00+00:00,NSE:BANKNIFTY,50856.9,50897.45,50850.45,50897.35,546574.0
2026-03-30 05:34:00+00:00,NSE:BANKNIFTY,50899.35,50903.15,50878.25,50882.3,376910.0
2026-03-30 05:35:00+00:00,NSE:BANKNIFTY,50883.8,50897.5,50873.85,50875.25,1013726.0
2026-03-30 05:36:00+00:00,NSE:BANKNIFTY,50873.35,50878.75,50851.05,50870.75,686530.0
2026-03-30 05:37:00+00:00,NSE:BANKNIFTY,50873.65,50884.6,50866.75,50874.15,756582.0
2026-03-30 05:38:00+00:00,NSE:BANKNIFTY,50873.2,50878.65,50829.6,50846.65,1098703.0
2026-03-30 05:39:00+00:00,NSE:BANKNIFTY,50843.1,50846.6,50798.5,50799.45,1142591.0
2026-03-30 05:40:00+00:00,NSE:BANKNIFTY,50793.2,50807.95,50784.15,50800.3,899803.0
2026-03-30 05:41:00+00:00,NSE:BANKNIFTY,50796.65,50805.45,50772.55,50785.15,828754.0
2026-03-30 05:42:00+00:00,NSE:BANKNIFTY,50781.15,50785.6,50767.0,50775.0,914120.0
2026-03-30 05:43:00+00:00,NSE:BANKNIFTY,50771.3,50827.95,50771.3,50826.25,1055520.0
2026-03-30 05:44:00+00:00,NSE:BANKNIFTY,50823.1,50829.15,50795.4,50808.45,787723.0
2026-03-30 05:45:00+00:00,NSE:BANKNIFTY,50804.85,50810.8,50788.65,50791.95,808041.0
2026-03-30 05:46:00+00:00,NSE:BANKNIFTY,50788.35,50819.8,50788.35,50808.9,767764.0
2026-03-30 05:47:00+00:00,NSE:BANKNIFTY,50803.8,50814.95,50783.5,50787.25,445025.0
2026-03-30 05:48:00+00:00,NSE:BANKNIFTY,50788.65,50795.45,50773.55,50793.65,484029.0
2026-03-30 05:49:00+00:00,NSE:BANKNIFTY,50789.6,50806.5,50779.25,50803.9,850212.0
2026-03-30 05:50:00+00:00,NSE:BANKNIFTY,50801.25,50804.15,50776.45,50800.4,671814.0
2026-03-30 05:51:00+00:00,NSE:BANKNIFTY,50794.7,50848.75,50791.55,50831.55,1688122.0
2026-03-30 05:52:00+00:00,NSE:BANKNIFTY,50832.8,50832.8,50803.8,50825.05,858523.0
2026-03-30 05:53:00+00:00,NSE:BANKNIFTY,50824.1,50839.6,50805.0,50808.7,441707.0
2026-03-30 05:54:00+00:00,NSE:BANKNIFTY,50803.55,50839.95,50803.55,50835.65,943545.0
2026-03-30 05:55:00+00:00,NSE:BANKNIFTY,50835.4,50849.3,50821.95,50846.4,1174952.0
2026-03-30 05:56:00+00:00,NSE:BANKNIFTY,50844.2,50854.25,50817.95,50828.4,548149.0
2026-03-30 05:57:00+00:00,NSE:BANKNIFTY,50824.2,50837.6,50813.35,50822.4,391320.0
2026-03-30 05:58:00+00:00,NSE:BANKNIFTY,50825.5,50830.95,50809.15,50820.65,431811.0
2026-03-30 05:59:00+00:00,NSE:BANKNIFTY,50820.15,50837.5,50814.75,50819.95,436830.0
2026-03-30 06:00:00+00:00,NSE:BANKNIFTY,50818.25,50818.25,50787.4,50811.55,661423.0
2026-03-30 06:01:00+00:00,NSE:BANKNIFTY,50813.5,50858.3,50807.1,50856.95,727348.0
2026-03-30 06:02:00+00:00,NSE:BANKNIFTY,50852.45,50877.65,50852.45,50860.4,605065.0
2026-03-30 06:03:00+00:00,NSE:BANKNIFTY,50858.0,50864.5,50842.95,50852.7,494594.0
2026-03-30 06:04:00+00:00,NSE:BANKNIFTY,50846.75,50892.4,50846.75,50887.9,521513.0
2026-03-30 06:05:00+00:00,NSE:BANKNIFTY,50882.45,50924.6,50882.45,50903.4,1427209.0
2026-03-30 06:06:00+00:00,NSE:BANKNIFTY,50900.8,50902.3,50871.05,50886.3,641635.0
2026-03-30 06:07:00+00:00,NSE:BANKNIFTY,50890.05,50932.3,50887.3,50928.5,714147.0
2026-03-30 06:08:00+00:00,NSE:BANKNIFTY,50929.05,50933.0,50914.25,50925.05,672406.0
2026-03-30 06:09:00+00:00,NSE:BANKNIFTY,50917.85,50935.3,50874.6,50886.65,947063.0
2026-03-30 06:10:00+00:00,NSE:BANKNIFTY,50881.55,50884.45,50839.35,50870.35,841550.0
2026-03-30 06:11:00+00:00,NSE:BANKNIFTY,50870.55,50889.75,50847.6,50851.95,806326.0
2026-03-30 06:12:00+00:00,NSE:BANKNIFTY,50849.95,50856.5,50834.45,50834.45,475984.0
2026-03-30 06:13:00+00:00,NSE:BANKNIFTY,50836.25,50839.4,50822.1,50833.0,658365.0
2026-03-30 06:14:00+00:00,NSE:BANKNIFTY,50832.2,50832.2,50797.55,50807.05,953298.0
2026-03-30 06:15:00+00:00,NSE:BANKNIFTY,50802.1,50808.25,50778.35,50790.25,989449.0
2026-03-30 06:16:00+00:00,NSE:BANKNIFTY,50788.0,50797.95,50765.6,50775.2,809658.0
2026-03-30 06:17:00+00:00,NSE:BANKNIFTY,50771.8,50790.35,50758.35,50778.2,924039.0
2026-03-30 06:18:00+00:00,NSE:BANKNIFTY,50777.05,50790.0,50769.65,50779.2,525830.0
2026-03-30 06:19:00+00:00,NSE:BANKNIFTY,50779.25,50790.75,50776.3,50785.85,1033610.0
2026-03-30 06:20:00+00:00,NSE:BANKNIFTY,50784.95,50784.95,50766.7,50769.2,1178730.0
2026-03-30 06:21:00+00:00,NSE:BANKNIFTY,50770.0,50791.8,50764.0,50777.2,1152289.0
2026-03-30 06:22:00+00:00,NSE:BANKNIFTY,50772.35,50779.65,50749.9,50753.25,562168.0
2026-03-30 06:23:00+00:00,NSE:BANKNIFTY,50758.5,50765.2,50747.35,50757.5,434873.0
2026-03-30 06:24:00+00:00,NSE:BANKNIFTY,50756.2,50818.45,50744.6,50810.9,648689.0
2026-03-30 06:25:00+00:00,NSE:BANKNIFTY,50811.4,50843.05,50803.75,50840.4,717954.0
2026-03-30 06:26:00+00:00,NSE:BANKNIFTY,50838.25,50847.15,50789.05,50795.35,1019582.0
2026-03-30 06:27:00+00:00,NSE:BANKNIFTY,50795.25,50811.85,50790.3,50810.2,598307.0
2026-03-30 06:28:00+00:00,NSE:BANKNIFTY,50806.75,50822.5,50796.4,50813.15,714277.0
2026-03-30 06:29:00+00:00,NSE:BANKNIFTY,50809.1,50815.55,50798.9,50812.4,395324.0
2026-03-30 06:30:00+00:00,NSE:BANKNIFTY,50812.55,50834.45,50806.5,50834.45,554403.0
2026-03-30 06:31:00+00:00,NSE:BANKNIFTY,50834.65,50854.35,50834.5,50852.05,530976.0
2026-03-30 06:32:00+00:00,NSE:BANKNIFTY,50845.4,50896.5,50840.95,50892.85,2781061.0
2026-03-30 06:33:00+00:00,NSE:BANKNIFTY,50892.4,50938.75,50876.7,50905.75,1746279.0
2026-03-30 06:34:00+00:00,NSE:BANKNIFTY,50916.6,50920.65,50880.8,50907.3,794235.0
2026-03-30 06:35:00+00:00,NSE:BANKNIFTY,50908.15,50973.5,50897.2,50920.3,1746548.0
2026-03-30 06:36:00+00:00,NSE:BANKNIFTY,50917.85,50965.9,50902.15,50909.85,1150976.0
2026-03-30 06:37:00+00:00,NSE:BANKNIFTY,50907.3,50934.1,50893.6,50900.9,725372.0
2026-03-30 06:38:00+00:00,NSE:BANKNIFTY,50897.55,50900.15,50871.15,50871.7,702377.0
2026-03-30 06:39:00+00:00,NSE:BANKNIFTY,50873.85,50913.15,50866.9,50908.6,733228.0
2026-03-30 06:40:00+00:00,NSE:BANKNIFTY,50907.8,50921.35,50896.85,50917.8,439660.0
2026-03-30 06:41:00+00:00,NSE:BANKNIFTY,50918.2,50943.2,50914.35,50933.15,787696.0
2026-03-30 06:42:00+00:00,NSE:BANKNIFTY,50932.7,50963.85,50930.4,50962.15,523342.0
2026-03-30 06:43:00+00:00,NSE:BANKNIFTY,50961.25,50961.25,50919.3,50923.4,1066627.0
2026-03-30 06:44:00+00:00,NSE:BANKNIFTY,50923.95,50945.15,50919.85,50930.15,548612.0
2026-03-30 06:45:00+00:00,NSE:BANKNIFTY,50931.4,50943.25,50882.85,50884.55,558629.0
2026-03-30 06:46:00+00:00,NSE:BANKNIFTY,50880.9,50930.4,50877.1,50919.85,502477.0
2026-03-30 06:47:00+00:00,NSE:BANKNIFTY,50917.95,50939.25,50904.95,50908.9,799881.0
2026-03-30 06:48:00+00:00,NSE:BANKNIFTY,50910.75,50929.5,50902.05,50911.05,943667.0
2026-03-30 06:49:00+00:00,NSE:BANKNIFTY,50914.8,50931.6,50912.1,50916.55,561488.0
2026-03-30 06:50:00+00:00,NSE:BANKNIFTY,50918.05,50953.55,50915.15,50945.95,584586.0
2026-03-30 06:51:00+00:00,NSE:BANKNIFTY,50944.7,51008.95,50941.45,50977.3,1706059.0
2026-03-30 06:52:00+00:00,NSE:BANKNIFTY,50983.45,50993.2,50940.2,50940.2,599111.0
2026-03-30 06:53:00+00:00,NSE:BANKNIFTY,50939.45,50939.45,50867.0,50870.8,1219251.0
2026-03-30 06:54:00+00:00,NSE:BANKNIFTY,50873.2,50891.2,50840.95,50841.9,1056015.0
2026-03-30 06:55:00+00:00,NSE:BANKNIFTY,50844.15,50869.2,50834.95,50867.25,705539.0
2026-03-30 06:56:00+00:00,NSE:BANKNIFTY,50867.75,50868.3,50823.25,50830.45,608216.0
2026-03-30 06:57:00+00:00,NSE:BANKNIFTY,50827.8,50852.45,50815.95,50819.7,887112.0
2026-03-30 06:58:00+00:00,NSE:BANKNIFTY,50819.65,50822.9,50812.9,50819.55,686020.0
2026-03-30 06:59:00+00:00,NSE:BANKNIFTY,50822.9,50831.8,50804.3,50830.2,806743.0
2026-03-30 07:00:00+00:00,NSE:BANKNIFTY,50833.7,50837.3,50812.5,50816.95,461275.0
2026-03-30 07:01:00+00:00,NSE:BANKNIFTY,50818.9,50832.55,50800.9,50829.45,740875.0
2026-03-30 07:02:00+00:00,NSE:BANKNIFTY,50832.3,50847.0,50808.95,50817.7,802982.0
2026-03-30 07:03:00+00:00,NSE:BANKNIFTY,50822.6,50827.4,50804.9,50811.25,729973.0
2026-03-30 07:04:00+00:00,NSE:BANKNIFTY,50811.9,50835.0,50809.0,50825.25,602655.0
2026-03-30 07:05:00+00:00,NSE:BANKNIFTY,50827.4,50842.0,50817.7,50840.65,753426.0
2026-03-30 07:06:00+00:00,NSE:BANKNIFTY,50840.4,50864.8,50834.05,50861.4,625234.0
2026-03-30 07:07:00+00:00,NSE:BANKNIFTY,50862.35,50873.65,50854.45,50864.6,549577.0
2026-03-30 07:08:00+00:00,NSE:BANKNIFTY,50863.35,50880.8,50852.2,50877.45,642478.0
2026-03-30 07:09:00+00:00,NSE:BANKNIFTY,50881.65,50913.5,50876.95,50904.45,821730.0
2026-03-30 07:10:00+00:00,NSE:BANKNIFTY,50904.95,50908.9,50883.75,50897.45,651809.0
2026-03-30 07:11:00+00:00,NSE:BANKNIFTY,50894.45,50939.25,50888.3,50922.5,905569.0
2026-03-30 07:12:00+00:00,NSE:BANKNIFTY,50917.6,50938.8,50908.85,50928.7,556122.0
2026-03-30 07:13:00+00:00,NSE:BANKNIFTY,50928.45,50928.45,50890.65,50906.25,462584.0
2026-03-30 07:14:00+00:00,NSE:BANKNIFTY,50908.5,50938.75,50906.5,50910.65,856039.0
2026-03-30 07:15:00+00:00,NSE:BANKNIFTY,50910.15,50926.45,50910.05,50918.8,578747.0
2026-03-30 07:16:00+00:00,NSE:BANKNIFTY,50914.35,50914.35,50873.85,50889.05,488151.0
2026-03-30 07:17:00+00:00,NSE:BANKNIFTY,50886.1,50893.8,50865.1,50871.55,517023.0
2026-03-30 07:18:00+00:00,NSE:BANKNIFTY,50869.95,50874.45,50854.5,50861.45,724475.0
2026-03-30 07:19:00+00:00,NSE:BANKNIFTY,50862.0,50863.95,50843.85,50843.85,651268.0
2026-03-30 07:20:00+00:00,NSE:BANKNIFTY,50851.0,50853.55,50831.75,50846.25,470555.0
2026-03-30 07:21:00+00:00,NSE:BANKNIFTY,50843.0,50871.35,50832.4,50870.5,628184.0
2026-03-30 07:22:00+00:00,NSE:BANKNIFTY,50869.85,50870.15,50819.75,50826.45,1507701.0
2026-03-30 07:23:00+00:00,NSE:BANKNIFTY,50824.75,50824.85,50779.25,50796.45,1299849.0
2026-03-30 07:24:00+00:00,NSE:BANKNIFTY,50794.1,50817.45,50790.95,50808.7,936222.0
2026-03-30 07:25:00+00:00,NSE:BANKNIFTY,50807.15,50809.25,50790.5,50799.9,492255.0
2026-03-30 07:26:00+00:00,NSE:BANKNIFTY,50795.65,50804.2,50777.65,50781.2,597627.0
2026-03-30 07:27:00+00:00,NSE:BANKNIFTY,50778.25,50794.95,50766.95,50794.95,532225.0
2026-03-30 07:28:00+00:00,NSE:BANKNIFTY,50793.2,50800.05,50783.25,50791.1,405593.0
2026-03-30 07:29:00+00:00,NSE:BANKNIFTY,50786.2,50797.2,50780.9,50795.45,438641.0
2026-03-30 07:30:00+00:00,NSE:BANKNIFTY,50792.35,50803.35,50792.35,50792.95,699259.0
2026-03-30 07:31:00+00:00,NSE:BANKNIFTY,50791.55,50791.55,50755.75,50765.6,784584.0
2026-03-30 07:32:00+00:00,NSE:BANKNIFTY,50763.3,50768.65,50742.25,50752.55,623404.0
2026-03-30 07:33:00+00:00,NSE:BANKNIFTY,50749.7,50776.25,50745.95,50747.8,941222.0
2026-03-30 07:34:00+00:00,NSE:BANKNIFTY,50749.6,50762.15,50743.3,50756.8,847120.0
2026-03-30 07:35:00+00:00,NSE:BANKNIFTY,50756.5,50791.8,50741.5,50791.8,918450.0
2026-03-30 07:36:00+00:00,NSE:BANKNIFTY,50789.45,50812.95,50771.3,50812.95,1393265.0
2026-03-30 07:37:00+00:00,NSE:BANKNIFTY,50807.6,50817.75,50779.7,50782.2,534679.0
2026-03-30 07:38:00+00:00,NSE:BANKNIFTY,50782.15,50784.4,50762.2,50773.0,679533.0
2026-03-30 07:39:00+00:00,NSE:BANKNIFTY,50768.5,50774.05,50765.55,50771.15,546043.0
2026-03-30 07:40:00+00:00,NSE:BANKNIFTY,50771.6,50775.2,50755.0,50760.05,972322.0
2026-03-30 07:41:00+00:00,NSE:BANKNIFTY,50758.8,50772.9,50733.2,50770.8,765514.0
2026-03-30 07:42:00+00:00,NSE:BANKNIFTY,50767.3,50803.2,50767.3,50796.6,1054152.0
2026-03-30 07:43:00+00:00,NSE:BANKNIFTY,50797.45,50803.55,50742.7,50743.9,1167670.0
2026-03-30 07:44:00+00:00,NSE:BANKNIFTY,50740.0,50775.25,50740.0,50774.95,529475.0
2026-03-30 07:45:00+00:00,NSE:BANKNIFTY,50772.55,50782.4,50769.65,50782.0,685531.0
2026-03-30 07:46:00+00:00,NSE:BANKNIFTY,50777.0,50811.2,50773.7,50811.2,540849.0
2026-03-30 07:47:00+00:00,NSE:BANKNIFTY,50809.1,50810.5,50733.1,50736.35,775333.0
2026-03-30 07:48:00+00:00,NSE:BANKNIFTY,50732.2,50750.5,50731.6,50744.75,1087528.0
2026-03-30 07:49:00+00:00,NSE:BANKNIFTY,50746.85,50746.85,50718.0,50741.25,862917.0
2026-03-30 07:50:00+00:00,NSE:BANKNIFTY,50740.9,50747.45,50727.85,50739.7,558482.0
2026-03-30 07:51:00+00:00,NSE:BANKNIFTY,50738.65,50767.0,50737.95,50743.7,713912.0
2026-03-30 07:52:00+00:00,NSE:BANKNIFTY,50739.45,50749.4,50735.4,50741.65,736527.0
2026-03-30 07:53:00+00:00,NSE:BANKNIFTY,50741.0,50746.9,50737.15,50742.9,647172.0
2026-03-30 07:54:00+00:00,NSE:BANKNIFTY,50740.1,50743.5,50716.95,50727.4,757326.0
2026-03-30 07:55:00+00:00,NSE:BANKNIFTY,50725.25,50731.7,50682.4,50686.9,913371.0
2026-03-30 07:56:00+00:00,NSE:BANKNIFTY,50687.95,50692.25,50651.15,50659.2,949817.0
2026-03-30 07:57:00+00:00,NSE:BANKNIFTY,50665.55,50704.45,50661.7,50696.95,1230448.0
2026-03-30 07:58:00+00:00,NSE:BANKNIFTY,50691.4,50714.05,50672.85,50708.1,929186.0
2026-03-30 07:59:00+00:00,NSE:BANKNIFTY,50706.7,50708.4,50689.05,50694.8,455188.0
2026-03-30 08:00:00+00:00,NSE:BANKNIFTY,50693.15,50699.45,50674.7,50676.25,547697.0
2026-03-30 08:01:00+00:00,NSE:BANKNIFTY,50675.55,50680.35,50658.65,50666.7,633653.0
2026-03-30 08:02:00+00:00,NSE:BANKNIFTY,50666.1,50695.7,50664.1,50667.7,864446.0
2026-03-30 08:03:00+00:00,NSE:BANKNIFTY,50665.85,50686.3,50663.15,50682.8,453363.0
2026-03-30 08:04:00+00:00,NSE:BANKNIFTY,50679.25,50714.25,50676.6,50714.25,556865.0
2026-03-30 08:05:00+00:00,NSE:BANKNIFTY,50712.1,50741.6,50712.1,50729.55,1073893.0
2026-03-30 08:06:00+00:00,NSE:BANKNIFTY,50728.95,50730.05,50708.25,50713.65,1174799.0
2026-03-30 08:07:00+00:00,NSE:BANKNIFTY,50706.75,50712.55,50672.2,50681.45,911646.0
2026-03-30 08:08:00+00:00,NSE:BANKNIFTY,50676.35,50691.8,50675.7,50687.75,393664.0
2026-03-30 08:09:00+00:00,NSE:BANKNIFTY,50688.5,50715.6,50687.8,50714.55,612595.0
2026-03-30 08:10:00+00:00,NSE:BANKNIFTY,50714.4,50730.95,50706.4,50707.65,571717.0
2026-03-30 08:11:00+00:00,NSE:BANKNIFTY,50704.3,50710.35,50690.85,50693.75,552464.0
2026-03-30 08:12:00+00:00,NSE:BANKNIFTY,50690.45,50695.15,50660.75,50670.95,1675023.0
2026-03-30 08:13:00+00:00,NSE:BANKNIFTY,50670.3,50674.8,50646.55,50661.1,565970.0
2026-03-30 08:14:00+00:00,NSE:BANKNIFTY,50664.0,50669.5,50652.55,50662.2,706405.0
2026-03-30 08:15:00+00:00,NSE:BANKNIFTY,50665.4,50666.05,50641.35,50657.2,686173.0
2026-03-30 08:16:00+00:00,NSE:BANKNIFTY,50655.5,50669.7,50650.4,50665.45,874118.0
2026-03-30 08:17:00+00:00,NSE:BANKNIFTY,50662.3,50666.6,50631.6,50658.8,780829.0
2026-03-30 08:18:00+00:00,NSE:BANKNIFTY,50659.3,50661.5,50642.15,50651.55,579604.0
2026-03-30 08:19:00+00:00,NSE:BANKNIFTY,50654.75,50659.55,50625.35,50631.25,501965.0
2026-03-30 08:20:00+00:00,NSE:BANKNIFTY,50632.3,50650.55,50608.8,50644.4,3270909.0
2026-03-30 08:21:00+00:00,NSE:BANKNIFTY,50645.1,50656.3,50629.9,50643.5,1130370.0
2026-03-30 08:22:00+00:00,NSE:BANKNIFTY,50643.25,50650.3,50630.2,50630.2,1745404.0
2026-03-30 08:23:00+00:00,NSE:BANKNIFTY,50627.15,50635.0,50608.65,50625.15,998396.0
2026-03-30 08:24:00+00:00,NSE:BANKNIFTY,50628.0,50639.35,50617.3,50628.2,924498.0
2026-03-30 08:25:00+00:00,NSE:BANKNIFTY,50631.35,50639.25,50617.0,50622.0,1296650.0
2026-03-30 08:26:00+00:00,NSE:BANKNIFTY,50621.75,50632.65,50605.7,50621.95,1749502.0
2026-03-30 08:27:00+00:00,NSE:BANKNIFTY,50628.35,50674.95,50617.55,50661.55,2460725.0
2026-03-30 08:28:00+00:00,NSE:BANKNIFTY,50652.1,50652.75,50620.1,50624.1,1441910.0
2026-03-30 08:29:00+00:00,NSE:BANKNIFTY,50618.75,50624.0,50603.15,50611.65,849380.0
2026-03-30 08:30:00+00:00,NSE:BANKNIFTY,50610.3,50636.65,50596.25,50623.85,745751.0
2026-03-30 08:31:00+00:00,NSE:BANKNIFTY,50626.6,50646.9,50619.95,50642.2,1847806.0
2026-03-30 08:32:00+00:00,NSE:BANKNIFTY,50643.85,50675.4,50634.35,50675.4,1643198.0
2026-03-30 08:33:00+00:00,NSE:BANKNIFTY,50681.95,50708.3,50659.7,50666.05,3446798.0
2026-03-30 08:34:00+00:00,NSE:BANKNIFTY,50668.05,50692.65,50645.25,50651.55,1963644.0
2026-03-30 08:35:00+00:00,NSE:BANKNIFTY,50652.65,50671.05,50641.8,50669.85,1314632.0
2026-03-30 08:36:00+00:00,NSE:BANKNIFTY,50669.4,50670.05,50630.2,50639.25,1188361.0
2026-03-30 08:37:00+00:00,NSE:BANKNIFTY,50638.6,50660.55,50634.35,50654.4,898465.0
2026-03-30 08:38:00+00:00,NSE:BANKNIFTY,50652.15,50695.95,50651.25,50668.95,1340886.0
2026-03-30 08:39:00+00:00,NSE:BANKNIFTY,50668.65,50670.2,50643.35,50645.45,1071226.0
2026-03-30 08:40:00+00:00,NSE:BANKNIFTY,50642.1,50649.85,50626.9,50629.75,665196.0
2026-03-30 08:41:00+00:00,NSE:BANKNIFTY,50629.3,50630.05,50614.0,50615.7,654970.0
2026-03-30 08:42:00+00:00,NSE:BANKNIFTY,50616.1,50636.95,50601.6,50631.65,1138416.0
2026-03-30 08:43:00+00:00,NSE:BANKNIFTY,50626.75,50638.5,50600.4,50604.0,2118917.0
2026-03-30 08:44:00+00:00,NSE:BANKNIFTY,50607.45,50623.35,50601.4,50612.25,573502.0
2026-03-30 08:45:00+00:00,NSE:BANKNIFTY,50608.7,50618.8,50594.6,50604.25,575535.0
2026-03-30 08:46:00+00:00,NSE:BANKNIFTY,50606.45,50621.8,50599.35,50616.35,657763.0
2026-03-30 08:47:00+00:00,NSE:BANKNIFTY,50618.65,50619.55,50583.65,50597.05,958268.0
2026-03-30 08:48:00+00:00,NSE:BANKNIFTY,50596.95,50601.8,50577.6,50590.9,805640.0
2026-03-30 08:49:00+00:00,NSE:BANKNIFTY,50590.1,50607.4,50585.55,50594.45,958342.0
2026-03-30 08:50:00+00:00,NSE:BANKNIFTY,50593.45,50625.45,50589.05,50608.9,827814.0
2026-03-30 08:51:00+00:00,NSE:BANKNIFTY,50605.6,50608.85,50584.05,50584.05,705433.0
2026-03-30 08:52:00+00:00,NSE:BANKNIFTY,50583.1,50595.25,50557.65,50559.85,1047108.0
2026-03-30 08:53:00+00:00,NSE:BANKNIFTY,50556.15,50563.95,50455.0,50504.85,3359765.0
2026-03-30 08:54:00+00:00,NSE:BANKNIFTY,50500.15,50505.2,50463.35,50477.85,1274678.0
2026-03-30 08:55:00+00:00,NSE:BANKNIFTY,50474.15,50502.65,50473.6,50500.85,966267.0
2026-03-30 08:56:00+00:00,NSE:BANKNIFTY,50499.9,50510.4,50481.85,50483.35,1317551.0
2026-03-30 08:57:00+00:00,NSE:BANKNIFTY,50482.1,50495.95,50472.05,50479.9,1270194.0
2026-03-30 08:58:00+00:00,NSE:BANKNIFTY,50477.5,50483.05,50467.25,50468.5,795123.0
2026-03-30 08:59:00+00:00,NSE:BANKNIFTY,50468.7,50479.35,50457.95,50466.15,1293236.0
2026-03-30 09:00:00+00:00,NSE:BANKNIFTY,50464.65,50480.9,50450.35,50475.75,1015062.0
2026-03-30 09:01:00+00:00,NSE:BANKNIFTY,50475.2,50539.35,50472.25,50494.6,1807638.0
2026-03-30 09:02:00+00:00,NSE:BANKNIFTY,50480.0,50509.75,50480.0,50485.85,1878556.0
2026-03-30 09:03:00+00:00,NSE:BANKNIFTY,50486.15,50507.9,50478.95,50483.45,1694461.0
2026-03-30 09:04:00+00:00,NSE:BANKNIFTY,50482.3,50492.55,50436.9,50452.2,3234500.0
2026-03-30 09:05:00+00:00,NSE:BANKNIFTY,50448.45,50452.7,50397.9,50419.95,2979766.0
2026-03-30 09:06:00+00:00,NSE:BANKNIFTY,50414.5,50462.35,50414.5,50439.7,2577101.0
2026-03-30 09:07:00+00:00,NSE:BANKNIFTY,50439.65,50465.0,50429.85,50451.15,1027212.0
2026-03-30 09:08:00+00:00,NSE:BANKNIFTY,50447.05,50464.05,50433.8,50444.25,1306364.0
2026-03-30 09:09:00+00:00,NSE:BANKNIFTY,50438.9,50446.05,50417.25,50436.1,1590540.0
2026-03-30 09:10:00+00:00,NSE:BANKNIFTY,50435.8,50452.45,50431.25,50436.35,1795892.0
2026-03-30 09:11:00+00:00,NSE:BANKNIFTY,50436.1,50449.2,50427.65,50427.65,1425447.0
2026-03-30 09:12:00+00:00,NSE:BANKNIFTY,50422.25,50481.05,50422.25,50458.75,1446880.0
2026-03-30 09:13:00+00:00,NSE:BANKNIFTY,50456.3,50478.8,50438.8,50473.5,1267920.0
2026-03-30 09:14:00+00:00,NSE:BANKNIFTY,50460.1,50472.2,50450.2,50461.65,1753170.0
2026-03-30 09:15:00+00:00,NSE:BANKNIFTY,50456.45,50492.95,50449.55,50459.15,2044314.0
2026-03-30 09:16:00+00:00,NSE:BANKNIFTY,50455.55,50468.8,50447.55,50457.8,1262373.0
2026-03-30 09:17:00+00:00,NSE:BANKNIFTY,50455.9,50466.65,50423.45,50430.8,1148539.0
2026-03-30 09:18:00+00:00,NSE:BANKNIFTY,50428.0,50442.2,50393.8,50399.1,1730622.0
2026-03-30 09:19:00+00:00,NSE:BANKNIFTY,50394.65,50451.95,50392.85,50428.5,1510224.0
2026-03-30 09:20:00+00:00,NSE:BANKNIFTY,50428.9,50466.15,50428.2,50458.05,1535085.0
2026-03-30 09:21:00+00:00,NSE:BANKNIFTY,50454.95,50459.0,50421.5,50425.35,1154495.0
2026-03-30 09:22:00+00:00,NSE:BANKNIFTY,50415.85,50444.0,50402.05,50409.05,1596513.0
2026-03-30 09:23:00+00:00,NSE:BANKNIFTY,50407.3,50422.45,50389.85,50405.5,1325024.0
2026-03-30 09:24:00+00:00,NSE:BANKNIFTY,50401.1,50429.2,50363.7,50377.4,968077.0
2026-03-30 09:25:00+00:00,NSE:BANKNIFTY,50379.4,50389.3,50368.35,50386.5,1420637.0
2026-03-30 09:26:00+00:00,NSE:BANKNIFTY,50386.4,50407.0,50373.9,50386.8,1131391.0
2026-03-30 09:27:00+00:00,NSE:BANKNIFTY,50383.95,50393.35,50337.75,50368.8,2043541.0
2026-03-30 09:28:00+00:00,NSE:BANKNIFTY,50367.5,50379.35,50352.3,50359.05,1686213.0
2026-03-30 09:29:00+00:00,NSE:BANKNIFTY,50357.5,50375.75,50348.25,50365.7,1657367.0
2026-03-30 09:30:00+00:00,NSE:BANKNIFTY,50367.85,50367.85,50260.7,50267.3,8270424.0
2026-03-30 09:31:00+00:00,NSE:BANKNIFTY,50268.2,50335.4,50259.8,50306.7,7439634.0
2026-03-30 09:32:00+00:00,NSE:BANKNIFTY,50301.85,50310.9,50241.85,50246.05,4028216.0
2026-03-30 09:33:00+00:00,NSE:BANKNIFTY,50242.8,50248.85,50183.4,50188.95,5176639.0
2026-03-30 09:34:00+00:00,NSE:BANKNIFTY,50182.7,50191.85,50105.25,50131.15,7645817.0
2026-03-30 09:35:00+00:00,NSE:BANKNIFTY,50132.6,50164.65,50125.35,50141.2,5019402.0
2026-03-30 09:36:00+00:00,NSE:BANKNIFTY,50142.15,50165.5,50128.35,50158.7,5343488.0
2026-03-30 09:37:00+00:00,NSE:BANKNIFTY,50163.5,50215.25,50160.2,50215.25,4832666.0
2026-03-30 09:38:00+00:00,NSE:BANKNIFTY,50212.6,50250.0,50191.0,50233.3,5605531.0
2026-03-30 09:39:00+00:00,NSE:BANKNIFTY,50228.6,50253.65,50225.5,50244.8,4727830.0
2026-03-30 09:40:00+00:00,NSE:BANKNIFTY,50243.0,50255.85,50211.05,50218.3,5459963.0
2026-03-30 09:41:00+00:00,NSE:BANKNIFTY,50218.4,50306.9,50218.4,50303.1,5230688.0
2026-03-30 09:42:00+00:00,NSE:BANKNIFTY,50303.0,50315.55,50295.4,50309.5,4301769.0
2026-03-30 09:43:00+00:00,NSE:BANKNIFTY,50308.65,50308.7,50283.1,50298.15,4084349.0
2026-03-30 09:44:00+00:00,NSE:BANKNIFTY,50297.4,50306.0,50294.5,50297.0,3891002.0
2026-03-30 09:45:00+00:00,NSE:BANKNIFTY,50297.65,50299.25,50262.4,50283.7,5033592.0
2026-03-30 09:46:00+00:00,NSE:BANKNIFTY,50281.6,50333.3,50281.6,50313.85,5043887.0
2026-03-30 09:47:00+00:00,NSE:BANKNIFTY,50315.9,50316.85,50278.1,50295.4,5552573.0
2026-03-30 09:48:00+00:00,NSE:BANKNIFTY,50292.45,50332.8,50280.95,50309.8,5232568.0
2026-03-30 09:49:00+00:00,NSE:BANKNIFTY,50312.8,50312.8,50293.45,50297.6,4480929.0
2026-03-30 09:50:00+00:00,NSE:BANKNIFTY,50296.85,50302.0,50288.25,50291.45,4925423.0
2026-03-30 09:51:00+00:00,NSE:BANKNIFTY,50291.9,50317.75,50285.3,50306.75,6649096.0
2026-03-30 09:52:00+00:00,NSE:BANKNIFTY,50305.25,50352.65,50304.55,50352.65,4723517.0
2026-03-30 09:53:00+00:00,NSE:BANKNIFTY,50351.8,50406.3,50351.8,50399.55,5976538.0
2026-03-30 09:54:00+00:00,NSE:BANKNIFTY,50396.5,50423.8,50391.8,50414.1,4965686.0
2026-03-30 09:55:00+00:00,NSE:BANKNIFTY,50412.5,50413.25,50392.7,50407.95,6357054.0
2026-03-30 09:56:00+00:00,NSE:BANKNIFTY,50411.25,50412.75,50378.7,50380.9,4480695.0
2026-03-30 09:57:00+00:00,NSE:BANKNIFTY,50373.9,50412.4,50369.05,50386.6,6382151.0
2026-03-30 09:58:00+00:00,NSE:BANKNIFTY,50375.75,50400.3,50367.2,50378.8,2789262.0
2026-03-30 09:59:00+00:00,NSE:BANKNIFTY,50379.85,50443.6,50344.9,50403.35,2767488.0
2026-04-01 03:45:00+00:00,NSE:BANKNIFTY,51483.6,51691.0,51420.2,51648.85,12494484.0
2026-04-01 03:46:00+00:00,NSE:BANKNIFTY,51640.45,51695.65,51612.85,51619.85,6595306.0
2026-04-01 03:47:00+00:00,NSE:BANKNIFTY,51611.15,51700.95,51611.15,51675.9,4753698.0
2026-04-01 03:48:00+00:00,NSE:BANKNIFTY,51671.5,51792.15,51665.25,51757.35,3579800.0
2026-04-01 03:49:00+00:00,NSE:BANKNIFTY,51754.55,51773.0,51738.8,51763.75,3217674.0
2026-04-01 03:50:00+00:00,NSE:BANKNIFTY,51763.8,51801.6,51736.1,51749.6,3105614.0
2026-04-01 03:51:00+00:00,NSE:BANKNIFTY,51747.15,51752.05,51674.7,51708.1,2719008.0
2026-04-01 03:52:00+00:00,NSE:BANKNIFTY,51711.45,51711.65,51685.45,51690.4,1590505.0
2026-04-01 03:53:00+00:00,NSE:BANKNIFTY,51692.65,51697.4,51656.1,51660.6,1811593.0
2026-04-01 03:54:00+00:00,NSE:BANKNIFTY,51662.55,51749.3,51662.55,51742.55,2218098.0
2026-04-01 03:55:00+00:00,NSE:BANKNIFTY,51750.95,51790.75,51742.55,51762.7,1745796.0
2026-04-01 03:56:00+00:00,NSE:BANKNIFTY,51766.7,51777.25,51750.1,51761.7,2260674.0
2026-04-01 03:57:00+00:00,NSE:BANKNIFTY,51759.4,51774.3,51747.25,51752.35,1997025.0
2026-04-01 03:58:00+00:00,NSE:BANKNIFTY,51753.05,51767.3,51748.15,51764.95,1986602.0
2026-04-01 03:59:00+00:00,NSE:BANKNIFTY,51765.2,51785.1,51762.3,51767.55,1148763.0
2026-04-01 04:00:00+00:00,NSE:BANKNIFTY,51771.45,51806.25,51750.25,51753.65,2073161.0
2026-04-01 04:01:00+00:00,NSE:BANKNIFTY,51754.2,51755.95,51680.25,51680.25,2165142.0
2026-04-01 04:02:00+00:00,NSE:BANKNIFTY,51683.95,51689.3,51549.3,51561.3,3940141.0
2026-04-01 04:03:00+00:00,NSE:BANKNIFTY,51564.9,51600.3,51562.6,51590.6,1355495.0
2026-04-01 04:04:00+00:00,NSE:BANKNIFTY,51590.1,51591.3,51562.05,51576.65,809605.0
2026-04-01 04:05:00+00:00,NSE:BANKNIFTY,51574.7,51574.7,51475.5,51503.7,1792914.0
2026-04-01 04:06:00+00:00,NSE:BANKNIFTY,51502.7,51509.95,51487.7,51490.75,865014.0
2026-04-01 04:07:00+00:00,NSE:BANKNIFTY,51488.2,51489.25,51453.4,51459.1,1360357.0
2026-04-01 04:08:00+00:00,NSE:BANKNIFTY,51458.5,51502.35,51440.5,51502.35,1202682.0
2026-04-01 04:09:00+00:00,NSE:BANKNIFTY,51499.9,51505.05,51463.05,51482.75,1364692.0
2026-04-01 04:10:00+00:00,NSE:BANKNIFTY,51484.5,51538.05,51469.15,51525.8,1720051.0
2026-04-01 04:11:00+00:00,NSE:BANKNIFTY,51526.1,51580.65,51520.2,51559.45,1017926.0
2026-04-01 04:12:00+00:00,NSE:BANKNIFTY,51559.35,51567.85,51550.95,51553.5,854205.0
2026-04-01 04:13:00+00:00,NSE:BANKNIFTY,51553.55,51553.55,51495.35,51502.1,1650208.0
2026-04-01 04:14:00+00:00,NSE:BANKNIFTY,51496.75,51555.2,51496.05,51528.35,1027456.0
2026-04-01 04:15:00+00:00,NSE:BANKNIFTY,51530.5,51549.55,51519.5,51520.9,753943.0
2026-04-01 04:16:00+00:00,NSE:BANKNIFTY,51520.4,51523.5,51490.6,51493.95,712304.0
2026-04-01 04:17:00+00:00,NSE:BANKNIFTY,51484.5,51510.0,51484.5,51503.45,1065597.0
2026-04-01 04:18:00+00:00,NSE:BANKNIFTY,51505.15,51578.85,51503.2,51578.85,1089774.0
2026-04-01 04:19:00+00:00,NSE:BANKNIFTY,51579.65,51619.0,51574.8,51611.1,1026718.0
2026-04-01 04:20:00+00:00,NSE:BANKNIFTY,51610.2,51610.2,51594.1,51603.15,687850.0
2026-04-01 04:21:00+00:00,NSE:BANKNIFTY,51603.6,51658.8,51601.25,51655.0,1199027.0
2026-04-01 04:22:00+00:00,NSE:BANKNIFTY,51658.8,51668.75,51632.85,51661.5,1116706.0
2026-04-01 04:23:00+00:00,NSE:BANKNIFTY,51660.45,51668.75,51577.05,51587.4,956383.0
2026-04-01 04:24:00+00:00,NSE:BANKNIFTY,51585.6,51611.95,51580.85,51607.1,689254.0
2026-04-01 04:25:00+00:00,NSE:BANKNIFTY,51607.65,51616.7,51565.8,51572.0,742864.0
2026-04-01 04:26:00+00:00,NSE:BANKNIFTY,51569.3,51586.95,51558.6,51563.4,930401.0
2026-04-01 04:27:00+00:00,NSE:BANKNIFTY,51562.35,51618.55,51559.2,51618.4,668922.0
2026-04-01 04:28:00+00:00,NSE:BANKNIFTY,51620.5,51623.9,51566.1,51572.95,779407.0
2026-04-01 04:29:00+00:00,NSE:BANKNIFTY,51572.6,51578.25,51563.8,51577.6,482830.0
2026-04-01 04:30:00+00:00,NSE:BANKNIFTY,51576.5,51632.95,51572.4,51629.9,772886.0
2026-04-01 04:31:00+00:00,NSE:BANKNIFTY,51627.9,51632.9,51598.35,51632.9,732548.0
2026-04-01 04:32:00+00:00,NSE:BANKNIFTY,51628.65,51631.4,51618.75,51623.15,513164.0
2026-04-01 04:33:00+00:00,NSE:BANKNIFTY,51623.85,51640.35,51617.0,51632.75,363712.0
2026-04-01 04:34:00+00:00,NSE:BANKNIFTY,51635.35,51648.9,51625.3,51627.65,518048.0
2026-04-01 04:35:00+00:00,NSE:BANKNIFTY,51627.55,51628.65,51605.25,51610.15,518353.0
2026-04-01 04:36:00+00:00,NSE:BANKNIFTY,51606.5,51606.9,51551.75,51556.45,606525.0
2026-04-01 04:37:00+00:00,NSE:BANKNIFTY,51553.45,51561.25,51532.25,51533.1,383016.0
2026-04-01 04:38:00+00:00,NSE:BANKNIFTY,51531.45,51531.45,51508.85,51515.55,595698.0
2026-04-01 04:39:00+00:00,NSE:BANKNIFTY,51516.75,51524.6,51506.4,51512.05,489996.0
2026-04-01 04:40:00+00:00,NSE:BANKNIFTY,51508.45,51509.65,51453.45,51456.8,1042597.0
2026-04-01 04:41:00+00:00,NSE:BANKNIFTY,51456.25,51456.25,51440.0,51444.3,467669.0
2026-04-01 04:42:00+00:00,NSE:BANKNIFTY,51445.25,51466.4,51433.75,51459.9,538351.0
2026-04-01 04:43:00+00:00,NSE:BANKNIFTY,51455.35,51463.5,51434.9,51445.95,456041.0
2026-04-01 04:44:00+00:00,NSE:BANKNIFTY,51441.85,51458.7,51441.35,51451.95,348177.0
2026-04-01 04:45:00+00:00,NSE:BANKNIFTY,51452.55,51474.2,51449.8,51457.35,1026029.0
2026-04-01 04:46:00+00:00,NSE:BANKNIFTY,51453.65,51461.7,51443.0,51455.9,335631.0
2026-04-01 04:47:00+00:00,NSE:BANKNIFTY,51453.15,51454.85,51439.6,51439.6,432546.0
2026-04-01 04:48:00+00:00,NSE:BANKNIFTY,51440.85,51441.55,51406.15,51411.05,1186347.0
2026-04-01 04:49:00+00:00,NSE:BANKNIFTY,51409.15,51430.15,51402.2,51428.0,593844.0
2026-04-01 04:50:00+00:00,NSE:BANKNIFTY,51425.7,51431.6,51394.5,51406.0,950850.0
2026-04-01 04:51:00+00:00,NSE:BANKNIFTY,51404.75,51416.75,51349.4,51353.8,879259.0
2026-04-01 04:52:00+00:00,NSE:BANKNIFTY,51348.7,51354.2,51312.9,51318.35,965422.0
2026-04-01 04:53:00+00:00,NSE:BANKNIFTY,51315.35,51320.9,51255.55,51271.45,981764.0
2026-04-01 04:54:00+00:00,NSE:BANKNIFTY,51270.5,51287.7,51245.85,51251.3,869788.0
2026-04-01 04:55:00+00:00,NSE:BANKNIFTY,51251.65,51252.4,51161.25,51169.55,3282029.0
2026-04-01 04:56:00+00:00,NSE:BANKNIFTY,51168.05,51185.7,51142.95,51148.25,1624851.0
2026-04-01 04:57:00+00:00,NSE:BANKNIFTY,51148.35,51169.35,51138.45,51159.95,1031966.0
2026-04-01 04:58:00+00:00,NSE:BANKNIFTY,51161.35,51162.35,51133.55,51149.95,1103185.0
2026-04-01 04:59:00+00:00,NSE:BANKNIFTY,51150.0,51194.95,51142.95,51194.95,793686.0
2026-04-01 05:00:00+00:00,NSE:BANKNIFTY,51199.15,51239.8,51176.25,51239.8,923879.0
2026-04-01 05:01:00+00:00,NSE:BANKNIFTY,51246.8,51251.05,51207.9,51236.9,795254.0
2026-04-01 05:02:00+00:00,NSE:BANKNIFTY,51237.7,51271.3,51232.25,51270.15,1106493.0
2026-04-01 05:03:00+00:00,NSE:BANKNIFTY,51267.8,51269.15,51211.55,51214.85,747806.0
2026-04-01 05:04:00+00:00,NSE:BANKNIFTY,51216.5,51229.45,51191.85,51196.85,527242.0
2026-04-01 05:05:00+00:00,NSE:BANKNIFTY,51195.9,51219.3,51194.6,51214.85,548136.0
2026-04-01 05:06:00+00:00,NSE:BANKNIFTY,51216.8,51220.5,51200.6,51220.5,678421.0
2026-04-01 05:07:00+00:00,NSE:BANKNIFTY,51217.55,51235.9,51216.65,51231.65,583445.0
2026-04-01 05:08:00+00:00,NSE:BANKNIFTY,51230.05,51243.5,51209.65,51239.8,380669.0
2026-04-01 05:09:00+00:00,NSE:BANKNIFTY,51239.95,51245.6,51227.4,51243.2,223143.0
2026-04-01 05:10:00+00:00,NSE:BANKNIFTY,51240.3,51245.3,51202.8,51204.6,809021.0
2026-04-01 05:11:00+00:00,NSE:BANKNIFTY,51203.25,51212.55,51197.65,51205.7,268030.0
2026-04-01 05:12:00+00:00,NSE:BANKNIFTY,51202.65,51205.35,51189.25,51197.4,322565.0
2026-04-01 05:13:00+00:00,NSE:BANKNIFTY,51200.45,51239.8,51196.85,51227.85,513734.0
2026-04-01 05:14:00+00:00,NSE:BANKNIFTY,51225.7,51252.25,51218.25,51242.3,727837.0
2026-04-01 05:15:00+00:00,NSE:BANKNIFTY,51243.15,51253.35,51230.05,51252.0,295485.0
2026-04-01 05:16:00+00:00,NSE:BANKNIFTY,51252.3,51257.2,51247.4,51251.45,256067.0
2026-04-01 05:17:00+00:00,NSE:BANKNIFTY,51251.85,51261.5,51242.6,51260.4,451260.0
2026-04-01 05:18:00+00:00,NSE:BANKNIFTY,51259.95,51292.8,51259.95,51290.4,860779.0
2026-04-01 05:19:00+00:00,NSE:BANKNIFTY,51291.0,51291.0,51246.8,51263.05,851840.0
2026-04-01 05:20:00+00:00,NSE:BANKNIFTY,51263.75,51273.45,51229.0,51236.55,625805.0
2026-04-01 05:21:00+00:00,NSE:BANKNIFTY,51236.7,51280.0,51229.45,51276.2,456473.0
2026-04-01 05:22:00+00:00,NSE:BANKNIFTY,51274.6,51277.5,51255.85,51255.85,499800.0
2026-04-01 05:23:00+00:00,NSE:BANKNIFTY,51256.15,51256.15,51236.55,51239.65,230521.0
2026-04-01 05:24:00+00:00,NSE:BANKNIFTY,51240.85,51243.75,51232.4,51236.2,414322.0
2026-04-01 05:25:00+00:00,NSE:BANKNIFTY,51238.6,51238.75,51186.05,51192.8,739007.0
2026-04-01 05:26:00+00:00,NSE:BANKNIFTY,51191.15,51217.2,51185.9,51215.65,555106.0
2026-04-01 05:27:00+00:00,NSE:BANKNIFTY,51215.3,51216.85,51184.7,51185.95,409974.0
2026-04-01 05:28:00+00:00,NSE:BANKNIFTY,51184.5,51188.6,51167.4,51179.25,803853.0
2026-04-01 05:29:00+00:00,NSE:BANKNIFTY,51180.05,51190.75,51174.7,51185.7,304735.0
2026-04-01 05:30:00+00:00,NSE:BANKNIFTY,51188.8,51188.8,51172.15,51176.1,339053.0
2026-04-01 05:31:00+00:00,NSE:BANKNIFTY,51174.65,51179.0,51157.8,51164.1,370952.0
2026-04-01 05:32:00+00:00,NSE:BANKNIFTY,51166.1,51177.75,51158.55,51176.85,746276.0
2026-04-01 05:33:00+00:00,NSE:BANKNIFTY,51177.25,51200.2,51163.65,51199.5,830409.0
2026-04-01 05:34:00+00:00,NSE:BANKNIFTY,51196.3,51201.75,51187.65,51188.35,431445.0
2026-04-01 05:35:00+00:00,NSE:BANKNIFTY,51190.45,51191.95,51150.6,51152.0,690127.0
2026-04-01 05:36:00+00:00,NSE:BANKNIFTY,51155.15,51177.9,51152.3,51177.9,338324.0
2026-04-01 05:37:00+00:00,NSE:BANKNIFTY,51172.75,51192.7,51169.5,51187.05,312508.0
2026-04-01 05:38:00+00:00,NSE:BANKNIFTY,51185.7,51245.25,51180.4,51237.5,472491.0
2026-04-01 05:39:00+00:00,NSE:BANKNIFTY,51237.15,51237.8,51186.75,51210.8,387148.0
2026-04-01 05:40:00+00:00,NSE:BANKNIFTY,51213.15,51269.9,51202.15,51268.65,620606.0
2026-04-01 05:41:00+00:00,NSE:BANKNIFTY,51266.35,51271.95,51254.05,51254.05,315996.0
2026-04-01 05:42:00+00:00,NSE:BANKNIFTY,51254.45,51262.85,51233.4,51236.5,401990.0
2026-04-01 05:43:00+00:00,NSE:BANKNIFTY,51237.4,51238.1,51207.85,51219.05,587588.0
2026-04-01 05:44:00+00:00,NSE:BANKNIFTY,51219.4,51228.9,51215.45,51226.1,284693.0
2026-04-01 05:45:00+00:00,NSE:BANKNIFTY,51225.2,51228.2,51201.35,51202.55,876112.0
2026-04-01 05:46:00+00:00,NSE:BANKNIFTY,51205.45,51220.25,51181.7,51211.4,700302.0
2026-04-01 05:47:00+00:00,NSE:BANKNIFTY,51208.4,51226.55,51182.9,51225.9,324248.0
2026-04-01 05:48:00+00:00,NSE:BANKNIFTY,51222.55,51234.15,51219.0,51224.7,375701.0
2026-04-01 05:49:00+00:00,NSE:BANKNIFTY,51228.6,51234.5,51218.1,51228.35,242952.0
2026-04-01 05:50:00+00:00,NSE:BANKNIFTY,51228.6,51255.0,51223.8,51252.25,968613.0
2026-04-01 05:51:00+00:00,NSE:BANKNIFTY,51254.9,51296.45,51250.4,51296.45,676941.0
2026-04-01 05:52:00+00:00,NSE:BANKNIFTY,51294.5,51326.05,51294.5,51314.55,1151677.0
2026-04-01 05:53:00+00:00,NSE:BANKNIFTY,51313.35,51324.85,51307.05,51314.5,314003.0
2026-04-01 05:54:00+00:00,NSE:BANKNIFTY,51315.1,51349.5,51309.85,51341.85,359120.0
2026-04-01 05:55:00+00:00,NSE:BANKNIFTY,51343.15,51349.9,51338.1,51347.3,365152.0
2026-04-01 05:56:00+00:00,NSE:BANKNIFTY,51344.4,51351.05,51315.95,51319.2,457818.0
2026-04-01 05:57:00+00:00,NSE:BANKNIFTY,51322.45,51363.8,51298.0,51363.8,1859274.0
2026-04-01 05:58:00+00:00,NSE:BANKNIFTY,51362.95,51366.85,51337.75,51362.4,1106270.0
2026-04-01 05:59:00+00:00,NSE:BANKNIFTY,51360.2,51373.8,51344.35,51372.5,509739.0
2026-04-01 06:00:00+00:00,NSE:BANKNIFTY,51370.3,51407.45,51365.65,51407.45,598623.0
2026-04-01 06:01:00+00:00,NSE:BANKNIFTY,51407.85,51452.3,51405.75,51438.95,1368092.0
2026-04-01 06:02:00+00:00,NSE:BANKNIFTY,51432.45,51436.9,51388.3,51392.0,527200.0
2026-04-01 06:03:00+00:00,NSE:BANKNIFTY,51398.0,51409.25,51368.65,51409.25,2062124.0
2026-04-01 06:04:00+00:00,NSE:BANKNIFTY,51411.0,51418.9,51394.6,51411.95,1389206.0
2026-04-01 06:05:00+00:00,NSE:BANKNIFTY,51409.0,51414.95,51397.75,51398.85,526878.0
2026-04-01 06:06:00+00:00,NSE:BANKNIFTY,51400.5,51403.85,51381.55,51387.7,497754.0
2026-04-01 06:07:00+00:00,NSE:BANKNIFTY,51386.55,51416.5,51377.5,51416.5,878525.0
2026-04-01 06:08:00+00:00,NSE:BANKNIFTY,51415.4,51418.1,51401.0,51403.95,392271.0
2026-04-01 06:09:00+00:00,NSE:BANKNIFTY,51407.1,51470.2,51404.7,51463.35,786743.0
2026-04-01 06:10:00+00:00,NSE:BANKNIFTY,51463.15,51482.1,51459.7,51477.15,839732.0
2026-04-01 06:11:00+00:00,NSE:BANKNIFTY,51473.1,51480.55,51452.3,51473.1,449217.0
2026-04-01 06:12:00+00:00,NSE:BANKNIFTY,51473.2,51487.5,51441.55,51456.4,435696.0
2026-04-01 06:13:00+00:00,NSE:BANKNIFTY,51455.75,51457.7,51440.6,51443.3,361747.0
2026-04-01 06:14:00+00:00,NSE:BANKNIFTY,51442.55,51460.45,51434.7,51455.25,421321.0
2026-04-01 06:15:00+00:00,NSE:BANKNIFTY,51454.4,51462.15,51438.6,51449.95,601156.0
2026-04-01 06:16:00+00:00,NSE:BANKNIFTY,51450.3,51450.3,51427.35,51448.3,425011.0
2026-04-01 06:17:00+00:00,NSE:BANKNIFTY,51446.4,51446.4,51378.8,51383.05,549477.0
2026-04-01 06:18:00+00:00,NSE:BANKNIFTY,51382.3,51382.3,51305.8,51344.35,1092910.0
2026-04-01 06:19:00+00:00,NSE:BANKNIFTY,51340.7,51353.6,51327.2,51343.75,450691.0
2026-04-01 06:20:00+00:00,NSE:BANKNIFTY,51341.9,51346.5,51326.3,51327.15,413860.0
2026-04-01 06:21:00+00:00,NSE:BANKNIFTY,51324.65,51354.7,51323.5,51348.85,404923.0
2026-04-01 06:22:00+00:00,NSE:BANKNIFTY,51352.6,51383.55,51345.1,51366.15,498808.0
2026-04-01 06:23:00+00:00,NSE:BANKNIFTY,51363.05,51377.2,51315.55,51319.55,725339.0
2026-04-01 06:24:00+00:00,NSE:BANKNIFTY,51316.9,51321.45,51303.95,51313.55,411080.0
2026-04-01 06:25:00+00:00,NSE:BANKNIFTY,51310.2,51327.4,51303.55,51320.15,300683.0
2026-04-01 06:26:00+00:00,NSE:BANKNIFTY,51320.85,51335.1,51304.8,51332.8,639991.0
2026-04-01 06:27:00+00:00,NSE:BANKNIFTY,51334.05,51384.4,51327.8,51384.35,509258.0
2026-04-01 06:28:00+00:00,NSE:BANKNIFTY,51382.85,51442.8,51382.85,51426.85,704253.0
2026-04-01 06:29:00+00:00,NSE:BANKNIFTY,51424.9,51436.3,51409.25,51412.15,673137.0
2026-04-01 06:30:00+00:00,NSE:BANKNIFTY,51409.95,51531.45,51405.5,51519.75,1931782.0
2026-04-01 06:31:00+00:00,NSE:BANKNIFTY,51522.0,51522.65,51493.35,51498.4,545558.0
2026-04-01 06:32:00+00:00,NSE:BANKNIFTY,51494.9,51546.5,51485.5,51535.3,896816.0
2026-04-01 06:33:00+00:00,NSE:BANKNIFTY,51531.7,51606.9,51531.7,51598.55,1267080.0
2026-04-01 06:34:00+00:00,NSE:BANKNIFTY,51595.05,51619.4,51572.8,51606.8,894325.0
2026-04-01 06:35:00+00:00,NSE:BANKNIFTY,51601.85,51619.0,51591.35,51600.1,1377313.0
2026-04-01 06:36:00+00:00,NSE:BANKNIFTY,51599.5,51618.6,51593.6,51615.6,963039.0
2026-04-01 06:37:00+00:00,NSE:BANKNIFTY,51610.0,51610.3,51585.35,51592.55,678887.0
2026-04-01 06:38:00+00:00,NSE:BANKNIFTY,51592.2,51604.15,51558.5,51562.5,1332924.0
2026-04-01 06:39:00+00:00,NSE:BANKNIFTY,51565.75,51596.35,51556.4,51587.6,821161.0
2026-04-01 06:40:00+00:00,NSE:BANKNIFTY,51588.15,51597.85,51570.85,51595.75,1995166.0
2026-04-01 06:41:00+00:00,NSE:BANKNIFTY,51593.65,51634.45,51587.25,51633.3,1052322.0
2026-04-01 06:42:00+00:00,NSE:BANKNIFTY,51628.15,51662.25,51626.55,51641.35,996521.0
2026-04-01 06:43:00+00:00,NSE:BANKNIFTY,51635.75,51638.15,51595.85,51630.5,528623.0
2026-04-01 06:44:00+00:00,NSE:BANKNIFTY,51626.85,51648.7,51619.25,51644.55,438930.0
2026-04-01 06:45:00+00:00,NSE:BANKNIFTY,51644.45,51667.4,51638.25,51653.85,992944.0
2026-04-01 06:46:00+00:00,NSE:BANKNIFTY,51650.25,51715.4,51647.35,51707.9,1775851.0
2026-04-01 06:47:00+00:00,NSE:BANKNIFTY,51699.65,51711.45,51657.05,51667.45,805921.0
2026-04-01 06:48:00+00:00,NSE:BANKNIFTY,51665.25,51676.55,51640.15,51648.65,614797.0
2026-04-01 06:49:00+00:00,NSE:BANKNIFTY,51646.3,51649.55,51631.05,51632.9,573295.0
2026-04-01 06:50:00+00:00,NSE:BANKNIFTY,51630.1,51641.7,51620.1,51633.85,770352.0
2026-04-01 06:51:00+00:00,NSE:BANKNIFTY,51631.45,51650.3,51620.8,51636.75,591909.0
2026-04-01 06:52:00+00:00,NSE:BANKNIFTY,51634.1,51646.4,51624.05,51638.65,450679.0
2026-04-01 06:53:00+00:00,NSE:BANKNIFTY,51632.55,51632.9,51613.25,51616.8,675746.0
2026-04-01 06:54:00+00:00,NSE:BANKNIFTY,51622.85,51622.85,51608.5,51612.35,380729.0
2026-04-01 06:55:00+00:00,NSE:BANKNIFTY,51612.25,51616.3,51600.15,51614.85,486421.0
2026-04-01 06:56:00+00:00,NSE:BANKNIFTY,51611.15,51626.1,51609.85,51626.0,427866.0
2026-04-01 06:57:00+00:00,NSE:BANKNIFTY,51627.95,51632.3,51618.65,51628.95,391398.0
2026-04-01 06:58:00+00:00,NSE:BANKNIFTY,51627.3,51656.6,51623.3,51651.3,1364840.0
2026-04-01 06:59:00+00:00,NSE:BANKNIFTY,51652.95,51684.6,51643.3,51667.4,1211400.0
2026-04-01 07:00:00+00:00,NSE:BANKNIFTY,51666.85,51704.0,51661.95,51691.8,681677.0
2026-04-01 07:01:00+00:00,NSE:BANKNIFTY,51685.75,51722.25,51685.75,51712.9,1057073.0
2026-04-01 07:02:00+00:00,NSE:BANKNIFTY,51711.45,51711.45,51678.95,51680.05,489752.0
2026-04-01 07:03:00+00:00,NSE:BANKNIFTY,51679.45,51683.25,51668.0,51674.65,374345.0
2026-04-01 07:04:00+00:00,NSE:BANKNIFTY,51670.8,51683.35,51663.45,51667.8,637961.0
2026-04-01 07:05:00+00:00,NSE:BANKNIFTY,51665.05,51685.4,51659.7,51673.75,546959.0
2026-04-01 07:06:00+00:00,NSE:BANKNIFTY,51670.3,51677.85,51657.95,51677.05,1025776.0
2026-04-01 07:07:00+00:00,NSE:BANKNIFTY,51675.85,51688.5,51671.4,51687.65,446089.0
2026-04-01 07:08:00+00:00,NSE:BANKNIFTY,51688.0,51694.2,51669.35,51688.3,1396319.0
2026-04-01 07:09:00+00:00,NSE:BANKNIFTY,51688.65,51720.8,51684.75,51718.75,989023.0
2026-04-01 07:10:00+00:00,NSE:BANKNIFTY,51718.4,51763.15,51716.55,51749.15,2171707.0
2026-04-01 07:11:00+00:00,NSE:BANKNIFTY,51744.45,51745.55,51696.95,51710.8,777647.0
2026-04-01 07:12:00+00:00,NSE:BANKNIFTY,51706.8,51717.1,51700.9,51708.55,923181.0
2026-04-01 07:13:00+00:00,NSE:BANKNIFTY,51707.95,51721.75,51699.4,51721.45,997706.0
2026-04-01 07:14:00+00:00,NSE:BANKNIFTY,51718.75,51719.6,51708.45,51717.65,901830.0
2026-04-01 07:15:00+00:00,NSE:BANKNIFTY,51719.85,51782.05,51714.6,51780.4,895831.0
2026-04-01 07:16:00+00:00,NSE:BANKNIFTY,51780.05,51821.2,51777.65,51798.8,1322473.0
2026-04-01 07:17:00+00:00,NSE:BANKNIFTY,51796.45,51828.3,51793.3,51824.45,657981.0
2026-04-01 07:18:00+00:00,NSE:BANKNIFTY,51825.4,51876.4,51819.55,51875.6,880985.0
2026-04-01 07:19:00+00:00,NSE:BANKNIFTY,51872.4,51872.6,51838.95,51841.95,949524.0
2026-04-01 07:20:00+00:00,NSE:BANKNIFTY,51841.85,51870.45,51833.6,51865.65,1057459.0
2026-04-01 07:21:00+00:00,NSE:BANKNIFTY,51868.8,51868.8,51841.65,51844.9,462411.0
2026-04-01 07:22:00+00:00,NSE:BANKNIFTY,51846.6,51852.4,51821.25,51849.0,672557.0
2026-04-01 07:23:00+00:00,NSE:BANKNIFTY,51850.15,51867.6,51846.35,51865.55,947785.0
2026-04-01 07:24:00+00:00,NSE:BANKNIFTY,51863.8,51866.45,51848.6,51853.35,487849.0
2026-04-01 07:25:00+00:00,NSE:BANKNIFTY,51853.3,51861.5,51847.45,51854.8,612895.0
2026-04-01 07:26:00+00:00,NSE:BANKNIFTY,51854.6,51860.65,51826.05,51828.15,851172.0
2026-04-01 07:27:00+00:00,NSE:BANKNIFTY,51827.25,51866.1,51824.55,51854.5,696413.0
2026-04-01 07:28:00+00:00,NSE:BANKNIFTY,51855.55,51855.55,51836.4,51850.95,840588.0
2026-04-01 07:29:00+00:00,NSE:BANKNIFTY,51850.6,51854.2,51829.8,51837.55,923638.0
2026-04-01 07:30:00+00:00,NSE:BANKNIFTY,51839.1,51865.25,51834.9,51862.45,703306.0
2026-04-01 07:31:00+00:00,NSE:BANKNIFTY,51863.65,51876.35,51852.45,51876.35,625145.0
2026-04-01 07:32:00+00:00,NSE:BANKNIFTY,51883.2,51923.65,51877.3,51913.15,1789205.0
2026-04-01 07:33:00+00:00,NSE:BANKNIFTY,51914.95,51926.9,51881.3,51923.3,808510.0
2026-04-01 07:34:00+00:00,NSE:BANKNIFTY,51922.8,51937.35,51919.45,51921.65,960610.0
2026-04-01 07:35:00+00:00,NSE:BANKNIFTY,51923.7,51950.05,51923.05,51946.4,582827.0
2026-04-01 07:36:00+00:00,NSE:BANKNIFTY,51945.4,51952.15,51929.05,51947.9,701352.0
2026-04-01 07:37:00+00:00,NSE:BANKNIFTY,51949.1,51972.2,51946.7,51962.3,592530.0
2026-04-01 07:38:00+00:00,NSE:BANKNIFTY,51961.85,51972.6,51947.9,51966.85,1048293.0
2026-04-01 07:39:00+00:00,NSE:BANKNIFTY,51967.9,51969.05,51949.35,51949.35,635661.0
2026-04-01 07:40:00+00:00,NSE:BANKNIFTY,51951.45,51960.45,51939.0,51939.0,616797.0
2026-04-01 07:41:00+00:00,NSE:BANKNIFTY,51938.9,51942.4,51883.5,51883.5,1083008.0
2026-04-01 07:42:00+00:00,NSE:BANKNIFTY,51881.9,51881.9,51857.5,51869.0,770917.0
2026-04-01 07:43:00+00:00,NSE:BANKNIFTY,51867.55,51924.2,51856.4,51921.3,620142.0
2026-04-01 07:44:00+00:00,NSE:BANKNIFTY,51922.0,51979.3,51917.9,51975.7,549278.0
2026-04-01 07:45:00+00:00,NSE:BANKNIFTY,51977.6,52025.85,51975.7,51995.95,1030534.0
2026-04-01 07:46:00+00:00,NSE:BANKNIFTY,51991.05,51992.8,51957.35,51971.85,748958.0
2026-04-01 07:47:00+00:00,NSE:BANKNIFTY,51967.7,51973.6,51940.0,51972.75,529257.0
2026-04-01 07:48:00+00:00,NSE:BANKNIFTY,51970.4,51972.6,51931.95,51932.5,658501.0
2026-04-01 07:49:00+00:00,NSE:BANKNIFTY,51931.9,51934.85,51869.65,51880.5,816446.0
2026-04-01 07:50:00+00:00,NSE:BANKNIFTY,51881.7,51886.45,51828.5,51828.65,950884.0
2026-04-01 07:51:00+00:00,NSE:BANKNIFTY,51829.9,51835.25,51803.65,51833.6,849994.0
2026-04-01 07:52:00+00:00,NSE:BANKNIFTY,51835.15,51863.15,51808.2,51808.2,598905.0
2026-04-01 07:53:00+00:00,NSE:BANKNIFTY,51808.75,51811.75,51766.8,51783.35,972662.0
2026-04-01 07:54:00+00:00,NSE:BANKNIFTY,51779.6,51789.3,51769.5,51775.9,522901.0
2026-04-01 07:55:00+00:00,NSE:BANKNIFTY,51775.35,51786.3,51739.0,51746.35,817529.0
2026-04-01 07:56:00+00:00,NSE:BANKNIFTY,51745.1,51760.45,51743.25,51755.25,701238.0
2026-04-01 07:57:00+00:00,NSE:BANKNIFTY,51754.5,51799.0,51745.55,51794.3,739728.0
2026-04-01 07:58:00+00:00,NSE:BANKNIFTY,51794.6,51808.3,51770.4,51772.5,334674.0
2026-04-01 07:59:00+00:00,NSE:BANKNIFTY,51771.5,51787.45,51742.3,51779.9,560483.0
2026-04-01 08:00:00+00:00,NSE:BANKNIFTY,51779.95,51784.6,51732.25,51735.15,355494.0
2026-04-01 08:01:00+00:00,NSE:BANKNIFTY,51732.95,51732.95,51697.05,51711.25,916178.0
2026-04-01 08:02:00+00:00,NSE:BANKNIFTY,51709.7,51721.15,51685.05,51708.6,616152.0
2026-04-01 08:03:00+00:00,NSE:BANKNIFTY,51709.7,51722.3,51694.05,51711.1,291380.0
2026-04-01 08:04:00+00:00,NSE:BANKNIFTY,51712.1,51748.0,51710.95,51716.8,458883.0
2026-04-01 08:05:00+00:00,NSE:BANKNIFTY,51715.8,51717.65,51661.9,51671.9,804363.0
2026-04-01 08:06:00+00:00,NSE:BANKNIFTY,51671.0,51678.7,51644.3,51659.8,756354.0
2026-04-01 08:07:00+00:00,NSE:BANKNIFTY,51661.4,51674.25,51636.9,51670.9,719851.0
2026-04-01 08:08:00+00:00,NSE:BANKNIFTY,51667.6,51711.95,51660.7,51701.5,711289.0
2026-04-01 08:09:00+00:00,NSE:BANKNIFTY,51700.85,51735.2,51679.2,51717.2,614931.0
2026-04-01 08:10:00+00:00,NSE:BANKNIFTY,51716.9,51716.9,51583.55,51591.7,2034269.0
2026-04-01 08:11:00+00:00,NSE:BANKNIFTY,51587.0,51591.85,51463.1,51463.1,2612071.0
2026-04-01 08:12:00+00:00,NSE:BANKNIFTY,51467.6,51485.3,51462.3,51479.85,1548335.0
2026-04-01 08:13:00+00:00,NSE:BANKNIFTY,51482.2,51505.7,51424.05,51427.1,1422835.0
2026-04-01 08:14:00+00:00,NSE:BANKNIFTY,51429.85,51489.5,51423.1,51470.0,1413729.0
2026-04-01 08:15:00+00:00,NSE:BANKNIFTY,51472.4,51487.25,51418.75,51487.25,1560969.0
2026-04-01 08:16:00+00:00,NSE:BANKNIFTY,51484.3,51506.9,51465.15,51476.1,741194.0
2026-04-01 08:17:00+00:00,NSE:BANKNIFTY,51474.25,51533.8,51467.85,51525.2,618081.0
2026-04-01 08:18:00+00:00,NSE:BANKNIFTY,51525.95,51562.95,51510.85,51561.1,597486.0
2026-04-01 08:19:00+00:00,NSE:BANKNIFTY,51560.0,51569.95,51535.1,51535.95,582665.0
2026-04-01 08:20:00+00:00,NSE:BANKNIFTY,51532.95,51572.35,51517.15,51570.4,612260.0
2026-04-01 08:21:00+00:00,NSE:BANKNIFTY,51568.5,51573.7,51544.5,51560.95,1020553.0
2026-04-01 08:22:00+00:00,NSE:BANKNIFTY,51557.3,51573.55,51556.55,51557.1,561794.0
2026-04-01 08:23:00+00:00,NSE:BANKNIFTY,51556.45,51580.2,51547.75,51558.55,380947.0
2026-04-01 08:24:00+00:00,NSE:BANKNIFTY,51555.8,51563.4,51544.0,51560.1,322049.0
2026-04-01 08:25:00+00:00,NSE:BANKNIFTY,51558.0,51566.8,51533.2,51564.7,494618.0
2026-04-01 08:26:00+00:00,NSE:BANKNIFTY,51567.65,51595.05,51561.95,51592.65,560099.0
2026-04-01 08:27:00+00:00,NSE:BANKNIFTY,51589.25,51639.65,51583.95,51598.8,890888.0
2026-04-01 08:28:00+00:00,NSE:BANKNIFTY,51599.85,51602.75,51584.8,51593.6,508725.0
2026-04-01 08:29:00+00:00,NSE:BANKNIFTY,51596.6,51596.6,51551.5,51568.75,355479.0
2026-04-01 08:30:00+00:00,NSE:BANKNIFTY,51569.35,51582.35,51555.65,51558.65,805171.0
2026-04-01 08:31:00+00:00,NSE:BANKNIFTY,51556.8,51556.8,51527.65,51539.75,316931.0
2026-04-01 08:32:00+00:00,NSE:BANKNIFTY,51538.25,51595.7,51538.25,51593.65,1209516.0
2026-04-01 08:33:00+00:00,NSE:BANKNIFTY,51595.25,51656.2,51585.15,51643.9,714156.0
2026-04-01 08:34:00+00:00,NSE:BANKNIFTY,51643.05,51645.85,51626.65,51629.2,697007.0
2026-04-01 08:35:00+00:00,NSE:BANKNIFTY,51630.25,51638.15,51619.75,51629.05,413262.0
2026-04-01 08:36:00+00:00,NSE:BANKNIFTY,51628.75,51644.75,51615.45,51642.85,331300.0
2026-04-01 08:37:00+00:00,NSE:BANKNIFTY,51643.4,51665.2,51631.75,51631.75,616374.0
2026-04-01 08:38:00+00:00,NSE:BANKNIFTY,51632.3,51664.15,51625.75,51653.6,647866.0
2026-04-01 08:39:00+00:00,NSE:BANKNIFTY,51654.3,51697.3,51649.15,51683.05,1463020.0
2026-04-01 08:40:00+00:00,NSE:BANKNIFTY,51689.65,51689.65,51657.45,51668.35,381602.0
2026-04-01 08:41:00+00:00,NSE:BANKNIFTY,51666.75,51702.2,51664.45,51692.6,560202.0
2026-04-01 08:42:00+00:00,NSE:BANKNIFTY,51692.7,51697.4,51663.6,51696.55,545517.0
2026-04-01 08:43:00+00:00,NSE:BANKNIFTY,51692.3,51698.85,51666.95,51688.15,670009.0
2026-04-01 08:44:00+00:00,NSE:BANKNIFTY,51687.95,51740.65,51680.3,51732.9,829850.0
2026-04-01 08:45:00+00:00,NSE:BANKNIFTY,51738.6,51740.3,51703.05,51704.05,530447.0
2026-04-01 08:46:00+00:00,NSE:BANKNIFTY,51703.05,51703.65,51650.55,51651.3,456306.0
2026-04-01 08:47:00+00:00,NSE:BANKNIFTY,51649.95,51679.35,51643.65,51664.15,473412.0
2026-04-01 08:48:00+00:00,NSE:BANKNIFTY,51665.65,51665.75,51643.75,51657.9,308255.0
2026-04-01 08:49:00+00:00,NSE:BANKNIFTY,51658.25,51698.7,51652.9,51697.15,492950.0
2026-04-01 08:50:00+00:00,NSE:BANKNIFTY,51695.75,51717.05,51684.75,51687.65,886238.0
2026-04-01 08:51:00+00:00,NSE:BANKNIFTY,51683.85,51687.95,51644.8,51651.1,474431.0
2026-04-01 08:52:00+00:00,NSE:BANKNIFTY,51651.3,51661.85,51621.3,51644.5,538557.0
2026-04-01 08:53:00+00:00,NSE:BANKNIFTY,51642.0,51665.3,51622.5,51663.3,704565.0
2026-04-01 08:54:00+00:00,NSE:BANKNIFTY,51663.65,51675.45,51607.3,51643.1,1007299.0
2026-04-01 08:55:00+00:00,NSE:BANKNIFTY,51640.75,51683.7,51622.05,51673.85,820890.0
2026-04-01 08:56:00+00:00,NSE:BANKNIFTY,51671.95,51687.8,51669.25,51681.6,510848.0
2026-04-01 08:57:00+00:00,NSE:BANKNIFTY,51683.3,51694.15,51674.65,51685.75,420813.0
2026-04-01 08:58:00+00:00,NSE:BANKNIFTY,51687.3,51694.55,51681.35,51691.45,399533.0
2026-04-01 08:59:00+00:00,NSE:BANKNIFTY,51692.65,51708.15,51683.85,51704.95,479131.0
2026-04-01 09:00:00+00:00,NSE:BANKNIFTY,51705.25,51711.45,51641.0,51644.2,823111.0
2026-04-01 09:01:00+00:00,NSE:BANKNIFTY,51643.2,51688.05,51639.8,51686.0,715504.0
2026-04-01 09:02:00+00:00,NSE:BANKNIFTY,51684.9,51684.9,51657.75,51657.75,459490.0
2026-04-01 09:03:00+00:00,NSE:BANKNIFTY,51658.3,51658.45,51619.0,51621.35,611727.0
2026-04-01 09:04:00+00:00,NSE:BANKNIFTY,51620.8,51636.9,51612.1,51629.45,522419.0
2026-04-01 09:05:00+00:00,NSE:BANKNIFTY,51632.35,51632.35,51609.75,51615.1,1101216.0
2026-04-01 09:06:00+00:00,NSE:BANKNIFTY,51615.6,51616.05,51552.0,51558.0,1222116.0
2026-04-01 09:07:00+00:00,NSE:BANKNIFTY,51555.7,51558.05,51519.0,51522.05,1100975.0
2026-04-01 09:08:00+00:00,NSE:BANKNIFTY,51525.45,51528.05,51497.95,51507.65,894603.0
2026-04-01 09:09:00+00:00,NSE:BANKNIFTY,51506.95,51528.55,51506.95,51521.1,500625.0
2026-04-01 09:10:00+00:00,NSE:BANKNIFTY,51520.6,51521.75,51460.5,51466.4,1206721.0
2026-04-01 09:11:00+00:00,NSE:BANKNIFTY,51466.9,51514.8,51436.1,51507.8,1101592.0
2026-04-01 09:12:00+00:00,NSE:BANKNIFTY,51510.6,51510.6,51480.1,51493.1,402501.0
2026-04-01 09:13:00+00:00,NSE:BANKNIFTY,51496.7,51502.75,51479.3,51502.75,517545.0
2026-04-01 09:14:00+00:00,NSE:BANKNIFTY,51505.6,51517.15,51476.95,51479.8,419264.0
2026-04-01 09:15:00+00:00,NSE:BANKNIFTY,51476.8,51476.9,51461.85,51468.4,479845.0
2026-04-01 09:16:00+00:00,NSE:BANKNIFTY,51468.05,51469.55,51425.9,51434.35,1538204.0
2026-04-01 09:17:00+00:00,NSE:BANKNIFTY,51435.05,51445.15,51422.65,51427.65,458861.0
2026-04-01 09:18:00+00:00,NSE:BANKNIFTY,51429.05,51439.25,51380.55,51386.0,1256333.0
2026-04-01 09:19:00+00:00,NSE:BANKNIFTY,51385.2,51428.05,51369.8,51415.9,1243447.0
2026-04-01 09:20:00+00:00,NSE:BANKNIFTY,51414.6,51426.4,51399.55,51403.7,699826.0
2026-04-01 09:21:00+00:00,NSE:BANKNIFTY,51404.75,51413.15,51381.95,51394.5,545124.0
2026-04-01 09:22:00+00:00,NSE:BANKNIFTY,51398.55,51441.45,51378.25,51441.45,1142843.0
2026-04-01 09:23:00+00:00,NSE:BANKNIFTY,51443.65,51462.25,51418.05,51439.25,510429.0
2026-04-01 09:24:00+00:00,NSE:BANKNIFTY,51438.05,51448.65,51427.2,51448.0,677006.0
2026-04-01 09:25:00+00:00,NSE:BANKNIFTY,51450.1,51521.6,51446.7,51509.7,956344.0
2026-04-01 09:26:00+00:00,NSE:BANKNIFTY,51510.85,51517.45,51497.2,51508.1,565030.0
2026-04-01 09:27:00+00:00,NSE:BANKNIFTY,51507.75,51518.65,51488.95,51494.05,870991.0
2026-04-01 09:28:00+00:00,NSE:BANKNIFTY,51493.75,51499.45,51453.55,51458.0,717626.0
2026-04-01 09:29:00+00:00,NSE:BANKNIFTY,51458.55,51460.0,51424.45,51441.85,655686.0
2026-04-01 09:30:00+00:00,NSE:BANKNIFTY,51436.05,51512.5,51436.05,51497.6,2491393.0
2026-04-01 09:31:00+00:00,NSE:BANKNIFTY,51495.35,51511.4,51474.4,51475.05,1372901.0
2026-04-01 09:32:00+00:00,NSE:BANKNIFTY,51476.15,51511.2,51463.25,51464.4,1632324.0
2026-04-01 09:33:00+00:00,NSE:BANKNIFTY,51463.55,51463.55,51389.3,51427.1,1889123.0
2026-04-01 09:34:00+00:00,NSE:BANKNIFTY,51428.7,51471.15,51428.0,51445.4,1249468.0
2026-04-01 09:35:00+00:00,NSE:BANKNIFTY,51449.2,51452.85,51430.6,51440.3,1266007.0
2026-04-01 09:36:00+00:00,NSE:BANKNIFTY,51439.95,51465.9,51439.95,51465.9,1583172.0
2026-04-01 09:37:00+00:00,NSE:BANKNIFTY,51466.55,51466.55,51435.25,51439.4,1298372.0
2026-04-01 09:38:00+00:00,NSE:BANKNIFTY,51439.3,51458.35,51430.75,51455.3,1790125.0
2026-04-01 09:39:00+00:00,NSE:BANKNIFTY,51453.35,51470.35,51448.8,51465.45,1362856.0
2026-04-01 09:40:00+00:00,NSE:BANKNIFTY,51468.2,51477.8,51429.8,51441.7,1769392.0
2026-04-01 09:41:00+00:00,NSE:BANKNIFTY,51446.05,51465.5,51425.0,51450.6,1704031.0
2026-04-01 09:42:00+00:00,NSE:BANKNIFTY,51450.1,51466.25,51434.35,51437.25,1348720.0
2026-04-01 09:43:00+00:00,NSE:BANKNIFTY,51442.3,51468.85,51440.7,51456.4,1533049.0
2026-04-01 09:44:00+00:00,NSE:BANKNIFTY,51453.55,51456.1,51408.7,51418.4,2530896.0
2026-04-01 09:45:00+00:00,NSE:BANKNIFTY,51417.45,51448.85,51417.1,51428.2,1746141.0
2026-04-01 09:46:00+00:00,NSE:BANKNIFTY,51431.1,51435.55,51411.5,51423.95,1502072.0
2026-04-01 09:47:00+00:00,NSE:BANKNIFTY,51424.15,51446.25,51422.25,51433.25,1246215.0
2026-04-01 09:48:00+00:00,NSE:BANKNIFTY,51432.45,51444.05,51424.8,51441.4,1748058.0
2026-04-01 09:49:00+00:00,NSE:BANKNIFTY,51441.5,51454.1,51432.35,51434.35,1457729.0
2026-04-01 09:50:00+00:00,NSE:BANKNIFTY,51437.05,51440.35,51427.05,51436.6,1826581.0
2026-04-01 09:51:00+00:00,NSE:BANKNIFTY,51435.6,51445.75,51429.6,51443.05,1486975.0
2026-04-01 09:52:00+00:00,NSE:BANKNIFTY,51447.5,51452.9,51428.65,51434.1,1175618.0
2026-04-01 09:53:00+00:00,NSE:BANKNIFTY,51436.75,51436.75,51416.85,51431.9,1491088.0
2026-04-01 09:54:00+00:00,NSE:BANKNIFTY,51431.65,51452.4,51427.3,51451.8,1707736.0
2026-04-01 09:55:00+00:00,NSE:BANKNIFTY,51451.05,51475.1,51444.9,51462.55,2356198.0
2026-04-01 09:56:00+00:00,NSE:BANKNIFTY,51466.65,51486.3,51455.65,51469.6,1723714.0
2026-04-01 09:57:00+00:00,NSE:BANKNIFTY,51471.25,51477.0,51452.4,51470.25,1906835.0
2026-04-01 09:58:00+00:00,NSE:BANKNIFTY,51472.6,51480.25,51445.55,51469.4,2453528.0
2026-04-01 09:59:00+00:00,NSE:BANKNIFTY,51480.5,51532.75,51463.95,51526.1,1059028.0
2026-04-02 03:45:00+00:00,NSE:BANKNIFTY,50645.2,50646.15,50064.7,50074.1,7452297.0
2026-04-02 03:46:00+00:00,NSE:BANKNIFTY,50076.95,50130.45,50004.3,50128.4,4070155.0
2026-04-02 03:47:00+00:00,NSE:BANKNIFTY,50147.15,50172.6,50094.75,50124.85,3140164.0
2026-04-02 03:48:00+00:00,NSE:BANKNIFTY,50128.55,50141.95,50087.55,50095.95,2211712.0
2026-04-02 03:49:00+00:00,NSE:BANKNIFTY,50093.3,50095.25,50058.85,50066.65,2658096.0
2026-04-02 03:50:00+00:00,NSE:BANKNIFTY,50064.35,50076.3,50026.65,50055.75,1427615.0
2026-04-02 03:51:00+00:00,NSE:BANKNIFTY,50058.2,50072.15,50045.6,50067.85,1738181.0
2026-04-02 03:52:00+00:00,NSE:BANKNIFTY,50064.0,50091.1,50043.0,50074.3,1900994.0
2026-04-02 03:53:00+00:00,NSE:BANKNIFTY,50072.15,50148.75,50069.25,50104.95,1681567.0
2026-04-02 03:54:00+00:00,NSE:BANKNIFTY,50101.05,50121.25,50075.65,50121.25,998698.0
2026-04-02 03:55:00+00:00,NSE:BANKNIFTY,50117.55,50126.5,50091.8,50107.05,1203435.0
2026-04-02 03:56:00+00:00,NSE:BANKNIFTY,50114.55,50117.0,50068.9,50076.4,2100128.0
2026-04-02 03:57:00+00:00,NSE:BANKNIFTY,50078.95,50105.6,50059.5,50096.0,1484910.0
2026-04-02 03:58:00+00:00,NSE:BANKNIFTY,50097.1,50110.4,50071.3,50089.3,937374.0
2026-04-02 03:59:00+00:00,NSE:BANKNIFTY,50089.25,50115.0,50084.65,50104.3,862001.0
2026-04-02 04:00:00+00:00,NSE:BANKNIFTY,50102.8,50161.65,50096.9,50161.65,1385829.0
2026-04-02 04:01:00+00:00,NSE:BANKNIFTY,50159.05,50214.8,50147.5,50187.35,1462616.0
2026-04-02 04:02:00+00:00,NSE:BANKNIFTY,50179.15,50205.15,50160.55,50161.7,738459.0
2026-04-02 04:03:00+00:00,NSE:BANKNIFTY,50159.5,50169.1,50146.3,50155.4,882804.0
2026-04-02 04:04:00+00:00,NSE:BANKNIFTY,50154.9,50193.25,50145.65,50187.3,832061.0
2026-04-02 04:05:00+00:00,NSE:BANKNIFTY,50192.6,50201.85,50182.0,50182.0,412555.0
2026-04-02 04:06:00+00:00,NSE:BANKNIFTY,50183.0,50274.5,50176.15,50270.65,1060079.0
2026-04-02 04:07:00+00:00,NSE:BANKNIFTY,50275.4,50347.0,50273.25,50326.0,1394376.0
2026-04-02 04:08:00+00:00,NSE:BANKNIFTY,50328.35,50328.35,50291.95,50325.15,823220.0
2026-04-02 04:09:00+00:00,NSE:BANKNIFTY,50325.8,50325.8,50243.55,50243.55,770965.0
2026-04-02 04:10:00+00:00,NSE:BANKNIFTY,50247.55,50247.55,50216.8,50231.8,870923.0
2026-04-02 04:11:00+00:00,NSE:BANKNIFTY,50232.9,50273.3,50232.9,50243.0,919727.0
2026-04-02 04:12:00+00:00,NSE:BANKNIFTY,50242.5,50257.75,50212.1,50224.35,897544.0
2026-04-02 04:13:00+00:00,NSE:BANKNIFTY,50222.85,50253.5,50211.2,50211.2,1244341.0
2026-04-02 04:14:00+00:00,NSE:BANKNIFTY,50215.55,50230.5,50201.8,50227.05,651171.0
2026-04-02 04:15:00+00:00,NSE:BANKNIFTY,50228.85,50244.1,50220.75,50243.55,423970.0
2026-04-02 04:16:00+00:00,NSE:BANKNIFTY,50241.7,50241.7,50188.1,50190.95,597604.0
2026-04-02 04:17:00+00:00,NSE:BANKNIFTY,50187.85,50233.65,50180.4,50225.1,775178.0
2026-04-02 04:18:00+00:00,NSE:BANKNIFTY,50227.55,50236.05,50206.35,50211.0,552835.0
2026-04-02 04:19:00+00:00,NSE:BANKNIFTY,50208.85,50221.6,50192.95,50212.55,1290565.0
2026-04-02 04:20:00+00:00,NSE:BANKNIFTY,50212.25,50225.3,50189.05,50217.9,639863.0
2026-04-02 04:21:00+00:00,NSE:BANKNIFTY,50215.9,50221.1,50181.95,50185.3,587392.0
2026-04-02 04:22:00+00:00,NSE:BANKNIFTY,50184.6,50185.25,50122.6,50124.25,1418624.0
2026-04-02 04:23:00+00:00,NSE:BANKNIFTY,50122.45,50150.2,50113.85,50150.2,462988.0
2026-04-02 04:24:00+00:00,NSE:BANKNIFTY,50152.65,50157.15,50139.7,50148.8,388253.0
2026-04-02 04:25:00+00:00,NSE:BANKNIFTY,50147.6,50159.45,50128.05,50158.5,829226.0
2026-04-02 04:26:00+00:00,NSE:BANKNIFTY,50158.35,50162.9,50135.3,50143.0,601172.0
2026-04-02 04:27:00+00:00,NSE:BANKNIFTY,50145.25,50153.05,50136.05,50144.65,863639.0
2026-04-02 04:28:00+00:00,NSE:BANKNIFTY,50143.25,50148.4,50128.75,50143.2,353421.0
2026-04-02 04:29:00+00:00,NSE:BANKNIFTY,50141.65,50148.25,50120.7,50121.25,1211223.0
2026-04-02 04:30:00+00:00,NSE:BANKNIFTY,50125.3,50126.7,50077.95,50119.75,1613287.0
2026-04-02 04:31:00+00:00,NSE:BANKNIFTY,50121.0,50146.55,50113.85,50146.55,727925.0
2026-04-02 04:32:00+00:00,NSE:BANKNIFTY,50143.85,50153.15,50103.95,50106.8,963013.0
2026-04-02 04:33:00+00:00,NSE:BANKNIFTY,50111.55,50116.1,50037.9,50064.75,1977047.0
2026-04-02 04:34:00+00:00,NSE:BANKNIFTY,50067.35,50077.35,50036.25,50060.05,1257420.0
2026-04-02 04:35:00+00:00,NSE:BANKNIFTY,50061.1,50074.5,50059.2,50060.15,787731.0
2026-04-02 04:36:00+00:00,NSE:BANKNIFTY,50063.05,50065.5,50039.6,50044.95,1241047.0
2026-04-02 04:37:00+00:00,NSE:BANKNIFTY,50045.65,50064.05,50014.15,50064.05,2004259.0
2026-04-02 04:38:00+00:00,NSE:BANKNIFTY,50057.75,50060.0,50011.85,50027.15,1510777.0
2026-04-02 04:39:00+00:00,NSE:BANKNIFTY,50026.35,50036.35,50022.25,50036.35,719861.0
2026-04-02 04:40:00+00:00,NSE:BANKNIFTY,50032.65,50038.7,50007.3,50021.1,1185026.0
2026-04-02 04:41:00+00:00,NSE:BANKNIFTY,50019.8,50064.1,50019.8,50056.85,704046.0
2026-04-02 04:42:00+00:00,NSE:BANKNIFTY,50058.9,50098.3,50053.55,50095.1,872736.0
2026-04-02 04:43:00+00:00,NSE:BANKNIFTY,50092.0,50119.8,50086.45,50119.8,637461.0
2026-04-02 04:44:00+00:00,NSE:BANKNIFTY,50118.1,50186.6,50114.15,50172.3,958885.0
2026-04-02 04:45:00+00:00,NSE:BANKNIFTY,50173.25,50173.25,50102.1,50128.0,570670.0
2026-04-02 04:46:00+00:00,NSE:BANKNIFTY,50130.8,50145.85,50099.35,50102.9,804807.0
2026-04-02 04:47:00+00:00,NSE:BANKNIFTY,50100.25,50103.55,50051.3,50056.3,1019040.0
2026-04-02 04:48:00+00:00,NSE:BANKNIFTY,50060.9,50103.0,50054.6,50087.8,580939.0
2026-04-02 04:49:00+00:00,NSE:BANKNIFTY,50090.5,50099.5,50077.75,50087.15,871951.0
2026-04-02 04:50:00+00:00,NSE:BANKNIFTY,50087.9,50141.85,50087.9,50134.8,751306.0
2026-04-02 04:51:00+00:00,NSE:BANKNIFTY,50134.65,50142.1,50106.2,50115.45,402870.0
2026-04-02 04:52:00+00:00,NSE:BANKNIFTY,50115.55,50124.3,50081.3,50084.4,349470.0
2026-04-02 04:53:00+00:00,NSE:BANKNIFTY,50087.4,50095.1,50067.6,50078.5,999597.0
2026-04-02 04:54:00+00:00,NSE:BANKNIFTY,50078.55,50080.6,50047.9,50050.35,391660.0
2026-04-02 04:55:00+00:00,NSE:BANKNIFTY,50054.15,50096.8,50048.8,50096.55,597774.0
2026-04-02 04:56:00+00:00,NSE:BANKNIFTY,50095.25,50121.5,50087.8,50094.55,463683.0
2026-04-02 04:57:00+00:00,NSE:BANKNIFTY,50088.35,50107.45,50084.0,50097.95,317471.0
2026-04-02 04:58:00+00:00,NSE:BANKNIFTY,50093.5,50100.4,50075.15,50081.25,761774.0
2026-04-02 04:59:00+00:00,NSE:BANKNIFTY,50082.15,50091.1,50076.15,50081.4,317738.0
2026-04-02 05:00:00+00:00,NSE:BANKNIFTY,50080.15,50083.55,50061.75,50073.5,529271.0
2026-04-02 05:01:00+00:00,NSE:BANKNIFTY,50078.1,50082.2,50065.1,50076.5,528732.0
2026-04-02 05:02:00+00:00,NSE:BANKNIFTY,50076.35,50097.3,50073.55,50085.8,386750.0
2026-04-02 05:03:00+00:00,NSE:BANKNIFTY,50082.7,50100.8,50076.4,50079.45,474959.0
2026-04-02 05:04:00+00:00,NSE:BANKNIFTY,50075.4,50081.45,50062.9,50072.95,271460.0
2026-04-02 05:05:00+00:00,NSE:BANKNIFTY,50068.15,50079.85,50035.85,50038.45,617089.0
2026-04-02 05:06:00+00:00,NSE:BANKNIFTY,50033.45,50059.7,50033.45,50053.1,300496.0
2026-04-02 05:07:00+00:00,NSE:BANKNIFTY,50051.4,50077.2,50046.65,50075.2,365370.0
2026-04-02 05:08:00+00:00,NSE:BANKNIFTY,50076.95,50085.55,50072.4,50077.45,447739.0
2026-04-02 05:09:00+00:00,NSE:BANKNIFTY,50074.75,50079.55,50052.1,50059.35,454438.0
2026-04-02 05:10:00+00:00,NSE:BANKNIFTY,50057.4,50085.75,50052.9,50083.2,344777.0
2026-04-02 05:11:00+00:00,NSE:BANKNIFTY,50082.15,50083.6,50044.4,50060.75,365443.0
2026-04-02 05:12:00+00:00,NSE:BANKNIFTY,50062.35,50110.35,50062.35,50104.5,341582.0
2026-04-02 05:13:00+00:00,NSE:BANKNIFTY,50103.7,50113.95,50080.65,50102.35,507122.0
2026-04-02 05:14:00+00:00,NSE:BANKNIFTY,50101.15,50125.3,50091.15,50092.45,638827.0
2026-04-02 05:15:00+00:00,NSE:BANKNIFTY,50092.6,50099.2,50072.05,50080.4,309424.0
2026-04-02 05:16:00+00:00,NSE:BANKNIFTY,50077.3,50080.1,50045.55,50047.35,341672.0
2026-04-02 05:17:00+00:00,NSE:BANKNIFTY,50046.7,50051.4,49966.65,49976.55,1117904.0
2026-04-02 05:18:00+00:00,NSE:BANKNIFTY,49974.45,49983.35,49954.85,49971.3,894296.0
2026-04-02 05:19:00+00:00,NSE:BANKNIFTY,49972.5,50012.35,49971.2,50000.45,331661.0
2026-04-02 05:20:00+00:00,NSE:BANKNIFTY,49998.45,50005.65,49978.25,49996.2,505636.0
2026-04-02 05:21:00+00:00,NSE:BANKNIFTY,49993.75,50008.05,49993.75,50001.15,386163.0
2026-04-02 05:22:00+00:00,NSE:BANKNIFTY,50001.45,50011.75,49989.1,49995.3,491412.0
2026-04-02 05:23:00+00:00,NSE:BANKNIFTY,49994.1,50062.05,49994.1,50061.9,494652.0
2026-04-02 05:24:00+00:00,NSE:BANKNIFTY,50058.15,50079.7,50055.5,50062.15,358730.0
2026-04-02 05:25:00+00:00,NSE:BANKNIFTY,50062.95,50080.7,50043.45,50078.0,357286.0
2026-04-02 05:26:00+00:00,NSE:BANKNIFTY,50078.3,50098.5,50076.4,50098.35,269622.0
2026-04-02 05:27:00+00:00,NSE:BANKNIFTY,50096.0,50112.4,50089.8,50094.3,318178.0
2026-04-02 05:28:00+00:00,NSE:BANKNIFTY,50092.15,50111.45,50085.4,50086.3,404479.0
2026-04-02 05:29:00+00:00,NSE:BANKNIFTY,50091.8,50106.05,50077.65,50102.55,450683.0
2026-04-02 05:30:00+00:00,NSE:BANKNIFTY,50106.05,50131.75,50106.05,50123.5,750905.0
2026-04-02 05:31:00+00:00,NSE:BANKNIFTY,50124.1,50137.3,50102.5,50104.2,455353.0
2026-04-02 05:32:00+00:00,NSE:BANKNIFTY,50106.7,50149.2,50104.0,50149.2,326578.0
2026-04-02 05:33:00+00:00,NSE:BANKNIFTY,50149.55,50161.8,50118.15,50123.9,1037192.0
2026-04-02 05:34:00+00:00,NSE:BANKNIFTY,50124.8,50133.45,50110.0,50115.25,304237.0
2026-04-02 05:35:00+00:00,NSE:BANKNIFTY,50123.85,50138.95,50115.3,50137.2,627860.0
2026-04-02 05:36:00+00:00,NSE:BANKNIFTY,50138.2,50142.2,50108.7,50131.45,685771.0
2026-04-02 05:37:00+00:00,NSE:BANKNIFTY,50133.55,50136.3,50120.25,50125.7,373569.0
2026-04-02 05:38:00+00:00,NSE:BANKNIFTY,50124.0,50148.15,50102.85,50102.85,393054.0
2026-04-02 05:39:00+00:00,NSE:BANKNIFTY,50100.65,50130.05,50088.4,50121.4,1111773.0
2026-04-02 05:40:00+00:00,NSE:BANKNIFTY,50122.0,50127.0,50086.95,50103.35,385678.0
2026-04-02 05:41:00+00:00,NSE:BANKNIFTY,50103.1,50119.5,50100.85,50116.55,402232.0
2026-04-02 05:42:00+00:00,NSE:BANKNIFTY,50119.65,50132.5,50112.25,50112.25,459424.0
2026-04-02 05:43:00+00:00,NSE:BANKNIFTY,50114.2,50118.9,50093.9,50106.85,479680.0
2026-04-02 05:44:00+00:00,NSE:BANKNIFTY,50106.1,50124.05,50102.95,50111.15,627918.0
2026-04-02 05:45:00+00:00,NSE:BANKNIFTY,50115.85,50128.7,50106.05,50112.75,561924.0
2026-04-02 05:46:00+00:00,NSE:BANKNIFTY,50116.5,50116.5,50098.0,50109.0,410476.0
2026-04-02 05:47:00+00:00,NSE:BANKNIFTY,50105.7,50111.1,50069.6,50078.15,513286.0
2026-04-02 05:48:00+00:00,NSE:BANKNIFTY,50079.4,50113.6,50074.9,50106.35,933871.0
2026-04-02 05:49:00+00:00,NSE:BANKNIFTY,50105.35,50108.45,50094.9,50105.55,420095.0
2026-04-02 05:50:00+00:00,NSE:BANKNIFTY,50106.4,50108.1,50076.1,50096.7,795389.0
2026-04-02 05:51:00+00:00,NSE:BANKNIFTY,50100.75,50112.95,50093.7,50102.95,302070.0
2026-04-02 05:52:00+00:00,NSE:BANKNIFTY,50102.55,50109.6,50094.15,50107.35,270532.0
2026-04-02 05:53:00+00:00,NSE:BANKNIFTY,50108.55,50133.5,50101.05,50127.05,501794.0
2026-04-02 05:54:00+00:00,NSE:BANKNIFTY,50131.05,50133.2,50103.6,50106.8,324974.0
2026-04-02 05:55:00+00:00,NSE:BANKNIFTY,50111.9,50124.7,50100.55,50124.7,250816.0
2026-04-02 05:56:00+00:00,NSE:BANKNIFTY,50123.5,50148.9,50113.4,50115.55,915857.0
2026-04-02 05:57:00+00:00,NSE:BANKNIFTY,50116.05,50117.35,50097.65,50102.85,716318.0
2026-04-02 05:58:00+00:00,NSE:BANKNIFTY,50102.9,50104.4,50065.35,50070.5,565511.0
2026-04-02 05:59:00+00:00,NSE:BANKNIFTY,50065.05,50081.15,50065.05,50081.15,430977.0
2026-04-02 06:00:00+00:00,NSE:BANKNIFTY,50078.65,50088.65,50067.1,50081.25,320563.0
2026-04-02 06:01:00+00:00,NSE:BANKNIFTY,50086.2,50108.85,50081.75,50106.8,950370.0
2026-04-02 06:02:00+00:00,NSE:BANKNIFTY,50107.35,50118.6,50082.45,50117.3,871782.0
2026-04-02 06:03:00+00:00,NSE:BANKNIFTY,50113.7,50124.15,50088.0,50088.0,360864.0
2026-04-02 06:04:00+00:00,NSE:BANKNIFTY,50084.65,50090.7,50075.75,50079.55,411902.0
2026-04-02 06:05:00+00:00,NSE:BANKNIFTY,50077.35,50113.25,50073.25,50108.95,533956.0
2026-04-02 06:06:00+00:00,NSE:BANKNIFTY,50108.75,50149.25,50108.75,50149.25,920858.0
2026-04-02 06:07:00+00:00,NSE:BANKNIFTY,50146.75,50151.65,50125.85,50144.9,392206.0
2026-04-02 06:08:00+00:00,NSE:BANKNIFTY,50138.95,50139.5,50116.75,50119.7,443571.0
2026-04-02 06:09:00+00:00,NSE:BANKNIFTY,50117.8,50136.1,50114.65,50132.4,442234.0
2026-04-02 06:10:00+00:00,NSE:BANKNIFTY,50132.15,50137.35,50125.85,50135.75,447865.0
2026-04-02 06:11:00+00:00,NSE:BANKNIFTY,50137.55,50140.0,50107.6,50110.95,757348.0
2026-04-02 06:12:00+00:00,NSE:BANKNIFTY,50108.55,50113.95,50098.0,50099.45,331461.0
2026-04-02 06:13:00+00:00,NSE:BANKNIFTY,50098.1,50101.5,50086.4,50093.5,340770.0
2026-04-02 06:14:00+00:00,NSE:BANKNIFTY,50096.1,50110.05,50089.45,50097.55,402680.0
2026-04-02 06:15:00+00:00,NSE:BANKNIFTY,50094.2,50130.55,50093.85,50126.35,751574.0
2026-04-02 06:16:00+00:00,NSE:BANKNIFTY,50126.45,50143.8,50119.55,50138.7,413894.0
2026-04-02 06:17:00+00:00,NSE:BANKNIFTY,50141.0,50154.8,50139.55,50145.95,381109.0
2026-04-02 06:18:00+00:00,NSE:BANKNIFTY,50145.5,50150.1,50114.45,50133.35,356229.0
2026-04-02 06:19:00+00:00,NSE:BANKNIFTY,50134.5,50141.85,50119.6,50121.85,289184.0
2026-04-02 06:20:00+00:00,NSE:BANKNIFTY,50119.65,50143.65,50119.65,50124.5,277963.0
2026-04-02 06:21:00+00:00,NSE:BANKNIFTY,50128.55,50132.95,50119.2,50127.4,288346.0
2026-04-02 06:22:00+00:00,NSE:BANKNIFTY,50130.4,50131.55,50099.45,50103.55,325017.0
2026-04-02 06:23:00+00:00,NSE:BANKNIFTY,50106.25,50126.2,50096.1,50123.5,399813.0
2026-04-02 06:24:00+00:00,NSE:BANKNIFTY,50129.5,50136.3,50120.75,50124.55,340701.0
2026-04-02 06:25:00+00:00,NSE:BANKNIFTY,50132.2,50135.7,50121.6,50126.5,360695.0
2026-04-02 06:26:00+00:00,NSE:BANKNIFTY,50128.75,50133.5,50122.2,50122.75,690898.0
2026-04-02 06:27:00+00:00,NSE:BANKNIFTY,50124.6,50186.15,50114.15,50184.75,1006177.0
2026-04-02 06:28:00+00:00,NSE:BANKNIFTY,50185.1,50250.9,50182.5,50247.95,964230.0
2026-04-02 06:29:00+00:00,NSE:BANKNIFTY,50252.3,50254.6,50182.1,50192.3,753890.0
2026-04-02 06:30:00+00:00,NSE:BANKNIFTY,50192.8,50219.65,50191.0,50205.45,570199.0
2026-04-02 06:31:00+00:00,NSE:BANKNIFTY,50200.2,50205.85,50159.35,50161.4,359258.0
2026-04-02 06:32:00+00:00,NSE:BANKNIFTY,50164.15,50169.15,50111.35,50116.2,1031745.0
2026-04-02 06:33:00+00:00,NSE:BANKNIFTY,50117.15,50157.9,50115.65,50144.55,701240.0
2026-04-02 06:34:00+00:00,NSE:BANKNIFTY,50150.9,50151.1,50129.05,50129.05,511671.0
2026-04-02 06:35:00+00:00,NSE:BANKNIFTY,50131.45,50139.05,50100.05,50101.65,1014143.0
2026-04-02 06:36:00+00:00,NSE:BANKNIFTY,50102.35,50117.15,50069.75,50069.75,1249305.0
2026-04-02 06:37:00+00:00,NSE:BANKNIFTY,50072.15,50072.45,50054.85,50070.75,557743.0
2026-04-02 06:38:00+00:00,NSE:BANKNIFTY,50070.55,50114.65,50067.75,50110.85,400261.0
2026-04-02 06:39:00+00:00,NSE:BANKNIFTY,50110.15,50125.25,50106.15,50121.6,289484.0
2026-04-02 06:40:00+00:00,NSE:BANKNIFTY,50121.7,50136.55,50119.5,50128.0,291345.0
2026-04-02 06:41:00+00:00,NSE:BANKNIFTY,50127.65,50167.95,50124.75,50136.75,437531.0
2026-04-02 06:42:00+00:00,NSE:BANKNIFTY,50134.35,50164.85,50131.4,50152.8,272596.0
2026-04-02 06:43:00+00:00,NSE:BANKNIFTY,50153.55,50170.45,50129.75,50129.75,236359.0
2026-04-02 06:44:00+00:00,NSE:BANKNIFTY,50132.5,50146.0,50114.6,50133.3,425459.0
2026-04-02 06:45:00+00:00,NSE:BANKNIFTY,50137.3,50154.05,50126.4,50130.65,498246.0
2026-04-02 06:46:00+00:00,NSE:BANKNIFTY,50130.25,50134.8,50113.4,50118.8,271809.0
2026-04-02 06:47:00+00:00,NSE:BANKNIFTY,50117.2,50121.65,50106.9,50116.65,366567.0
2026-04-02 06:48:00+00:00,NSE:BANKNIFTY,50115.15,50136.65,50115.15,50135.0,276549.0
2026-04-02 06:49:00+00:00,NSE:BANKNIFTY,50132.0,50143.5,50104.85,50112.2,373826.0
2026-04-02 06:50:00+00:00,NSE:BANKNIFTY,50110.65,50125.35,50082.3,50084.05,592411.0
2026-04-02 06:51:00+00:00,NSE:BANKNIFTY,50085.5,50088.8,50030.85,50060.4,1438470.0
2026-04-02 06:52:00+00:00,NSE:BANKNIFTY,50059.0,50092.35,50046.55,50086.25,431589.0
2026-04-02 06:53:00+00:00,NSE:BANKNIFTY,50085.55,50099.85,50079.45,50099.85,487095.0
2026-04-02 06:54:00+00:00,NSE:BANKNIFTY,50097.65,50130.4,50097.65,50116.1,294404.0
2026-04-02 06:55:00+00:00,NSE:BANKNIFTY,50111.8,50126.25,50084.8,50099.4,650163.0
2026-04-02 06:56:00+00:00,NSE:BANKNIFTY,50097.25,50145.4,50096.35,50136.8,360274.0
2026-04-02 06:57:00+00:00,NSE:BANKNIFTY,50133.6,50139.85,50106.75,50106.75,373054.0
2026-04-02 06:58:00+00:00,NSE:BANKNIFTY,50107.15,50136.4,50107.15,50132.8,235378.0
2026-04-02 06:59:00+00:00,NSE:BANKNIFTY,50131.15,50189.5,50131.15,50188.3,879089.0
2026-04-02 07:00:00+00:00,NSE:BANKNIFTY,50184.2,50226.8,50182.55,50220.0,747133.0
2026-04-02 07:01:00+00:00,NSE:BANKNIFTY,50219.55,50225.8,50189.35,50206.1,416803.0
2026-04-02 07:02:00+00:00,NSE:BANKNIFTY,50201.1,50234.45,50198.45,50233.6,472798.0
2026-04-02 07:03:00+00:00,NSE:BANKNIFTY,50238.0,50263.4,50235.55,50250.0,613851.0
2026-04-02 07:04:00+00:00,NSE:BANKNIFTY,50248.1,50281.8,50242.15,50274.0,594791.0
2026-04-02 07:05:00+00:00,NSE:BANKNIFTY,50277.2,50305.0,50274.95,50305.0,1014339.0
2026-04-02 07:06:00+00:00,NSE:BANKNIFTY,50304.2,50349.6,50295.1,50348.45,744305.0
2026-04-02 07:07:00+00:00,NSE:BANKNIFTY,50347.15,50385.2,50330.35,50336.85,1059815.0
2026-04-02 07:08:00+00:00,NSE:BANKNIFTY,50333.3,50364.7,50322.75,50364.7,429897.0
2026-04-02 07:09:00+00:00,NSE:BANKNIFTY,50368.35,50382.55,50350.1,50352.8,551441.0
2026-04-02 07:10:00+00:00,NSE:BANKNIFTY,50352.25,50390.65,50348.55,50385.7,1064881.0
2026-04-02 07:11:00+00:00,NSE:BANKNIFTY,50383.4,50417.75,50383.25,50414.65,1413760.0
2026-04-02 07:12:00+00:00,NSE:BANKNIFTY,50415.7,50425.85,50365.85,50387.3,1723614.0
2026-04-02 07:13:00+00:00,NSE:BANKNIFTY,50386.5,50452.2,50381.85,50452.15,855161.0
2026-04-02 07:14:00+00:00,NSE:BANKNIFTY,50446.95,50452.45,50432.05,50439.1,1236379.0
2026-04-02 07:15:00+00:00,NSE:BANKNIFTY,50440.0,50449.85,50402.85,50402.85,714008.0
2026-04-02 07:16:00+00:00,NSE:BANKNIFTY,50403.45,50404.55,50338.85,50356.15,925487.0
2026-04-02 07:17:00+00:00,NSE:BANKNIFTY,50355.7,50380.0,50347.5,50377.05,370174.0
2026-04-02 07:18:00+00:00,NSE:BANKNIFTY,50377.2,50397.7,50372.3,50395.15,426301.0
2026-04-02 07:19:00+00:00,NSE:BANKNIFTY,50394.45,50411.35,50352.45,50356.4,689951.0
2026-04-02 07:20:00+00:00,NSE:BANKNIFTY,50362.5,50391.3,50357.4,50367.45,603566.0
2026-04-02 07:21:00+00:00,NSE:BANKNIFTY,50367.9,50379.0,50354.2,50361.65,370787.0
2026-04-02 07:22:00+00:00,NSE:BANKNIFTY,50365.55,50366.25,50347.85,50351.1,454607.0
2026-04-02 07:23:00+00:00,NSE:BANKNIFTY,50354.35,50368.65,50348.9,50349.6,509940.0
2026-04-02 07:24:00+00:00,NSE:BANKNIFTY,50351.0,50361.8,50324.6,50330.15,1304514.0
2026-04-02 07:25:00+00:00,NSE:BANKNIFTY,50336.9,50375.4,50334.3,50375.4,1019545.0
2026-04-02 07:26:00+00:00,NSE:BANKNIFTY,50373.75,50416.0,50357.5,50398.65,1732338.0
2026-04-02 07:27:00+00:00,NSE:BANKNIFTY,50397.7,50424.5,50392.15,50424.5,498443.0
2026-04-02 07:28:00+00:00,NSE:BANKNIFTY,50422.05,50460.1,50419.8,50452.3,924241.0
2026-04-02 07:29:00+00:00,NSE:BANKNIFTY,50451.35,50457.6,50438.35,50442.5,566788.0
2026-04-02 07:30:00+00:00,NSE:BANKNIFTY,50445.2,50509.15,50445.2,50500.95,1478309.0
2026-04-02 07:31:00+00:00,NSE:BANKNIFTY,50505.7,50528.7,50501.75,50527.0,440669.0
2026-04-02 07:32:00+00:00,NSE:BANKNIFTY,50527.55,50529.15,50499.3,50510.7,933972.0
2026-04-02 07:33:00+00:00,NSE:BANKNIFTY,50519.7,50519.7,50434.9,50435.55,838500.0
2026-04-02 07:34:00+00:00,NSE:BANKNIFTY,50433.6,50433.6,50401.3,50413.15,645106.0
2026-04-02 07:35:00+00:00,NSE:BANKNIFTY,50413.45,50426.65,50407.55,50410.0,482436.0
2026-04-02 07:36:00+00:00,NSE:BANKNIFTY,50413.9,50415.65,50348.05,50357.75,909705.0
2026-04-02 07:37:00+00:00,NSE:BANKNIFTY,50356.2,50360.95,50314.4,50323.2,1101832.0
2026-04-02 07:38:00+00:00,NSE:BANKNIFTY,50322.0,50417.4,50322.0,50414.15,637822.0
2026-04-02 07:39:00+00:00,NSE:BANKNIFTY,50411.6,50445.95,50409.6,50438.5,234714.0
2026-04-02 07:40:00+00:00,NSE:BANKNIFTY,50441.55,50443.95,50380.3,50387.4,347754.0
2026-04-02 07:41:00+00:00,NSE:BANKNIFTY,50389.2,50411.4,50372.1,50384.9,433254.0
2026-04-02 07:42:00+00:00,NSE:BANKNIFTY,50389.45,50392.9,50373.6,50388.35,328119.0
2026-04-02 07:43:00+00:00,NSE:BANKNIFTY,50384.25,50411.35,50380.65,50388.45,411329.0
2026-04-02 07:44:00+00:00,NSE:BANKNIFTY,50386.0,50410.45,50384.05,50398.25,366888.0
2026-04-02 07:45:00+00:00,NSE:BANKNIFTY,50398.4,50427.9,50398.4,50409.35,666530.0
2026-04-02 07:46:00+00:00,NSE:BANKNIFTY,50405.0,50416.85,50393.7,50400.9,339744.0
2026-04-02 07:47:00+00:00,NSE:BANKNIFTY,50396.55,50436.05,50392.4,50434.6,402016.0
2026-04-02 07:48:00+00:00,NSE:BANKNIFTY,50436.2,50466.25,50434.8,50461.05,797202.0
2026-04-02 07:49:00+00:00,NSE:BANKNIFTY,50461.35,50481.3,50458.3,50472.05,382593.0
2026-04-02 07:50:00+00:00,NSE:BANKNIFTY,50473.3,50489.85,50473.3,50480.75,993663.0
2026-04-02 07:51:00+00:00,NSE:BANKNIFTY,50478.25,50566.95,50478.2,50550.6,1370941.0
2026-04-02 07:52:00+00:00,NSE:BANKNIFTY,50553.5,50559.8,50533.3,50541.2,437115.0
2026-04-02 07:53:00+00:00,NSE:BANKNIFTY,50539.65,50577.85,50535.55,50569.6,1043898.0
2026-04-02 07:54:00+00:00,NSE:BANKNIFTY,50567.2,50576.55,50550.4,50576.55,723407.0
2026-04-02 07:55:00+00:00,NSE:BANKNIFTY,50572.6,50601.45,50533.4,50552.35,1405048.0
2026-04-02 07:56:00+00:00,NSE:BANKNIFTY,50557.15,50595.25,50545.55,50593.7,394026.0
2026-04-02 07:57:00+00:00,NSE:BANKNIFTY,50591.6,50618.65,50588.0,50617.2,578273.0
2026-04-02 07:58:00+00:00,NSE:BANKNIFTY,50618.85,50655.8,50618.85,50653.95,621731.0
2026-04-02 07:59:00+00:00,NSE:BANKNIFTY,50648.5,50743.5,50648.5,50739.7,1191397.0
2026-04-02 08:00:00+00:00,NSE:BANKNIFTY,50745.7,50789.25,50730.95,50771.7,1853049.0
2026-04-02 08:01:00+00:00,NSE:BANKNIFTY,50771.35,50803.65,50746.95,50746.95,1254939.0
2026-04-02 08:02:00+00:00,NSE:BANKNIFTY,50749.25,50755.1,50695.85,50740.8,994679.0
2026-04-02 08:03:00+00:00,NSE:BANKNIFTY,50737.5,50748.75,50721.85,50732.3,376614.0
2026-04-02 08:04:00+00:00,NSE:BANKNIFTY,50735.6,50771.05,50723.5,50764.55,540184.0
2026-04-02 08:05:00+00:00,NSE:BANKNIFTY,50763.3,50766.35,50693.5,50693.5,580239.0
2026-04-02 08:06:00+00:00,NSE:BANKNIFTY,50694.5,50765.9,50693.0,50765.25,455570.0
2026-04-02 08:07:00+00:00,NSE:BANKNIFTY,50765.4,50830.35,50761.3,50817.9,759356.0
2026-04-02 08:08:00+00:00,NSE:BANKNIFTY,50817.05,50848.0,50817.05,50844.25,596738.0
2026-04-02 08:09:00+00:00,NSE:BANKNIFTY,50845.7,50868.45,50839.25,50859.0,610356.0
2026-04-02 08:10:00+00:00,NSE:BANKNIFTY,50853.7,50912.0,50853.7,50884.2,737415.0
2026-04-02 08:11:00+00:00,NSE:BANKNIFTY,50883.75,50883.75,50844.8,50857.15,444658.0
2026-04-02 08:12:00+00:00,NSE:BANKNIFTY,50855.4,50876.0,50837.55,50873.85,474562.0
2026-04-02 08:13:00+00:00,NSE:BANKNIFTY,50877.35,50895.0,50865.5,50886.65,483339.0
2026-04-02 08:14:00+00:00,NSE:BANKNIFTY,50887.1,50906.3,50878.55,50879.4,391591.0
2026-04-02 08:15:00+00:00,NSE:BANKNIFTY,50877.35,50915.65,50877.35,50911.3,383260.0
2026-04-02 08:16:00+00:00,NSE:BANKNIFTY,50909.2,50957.95,50906.9,50949.85,602556.0
2026-04-02 08:17:00+00:00,NSE:BANKNIFTY,50948.85,50951.0,50894.6,50914.05,1847692.0
2026-04-02 08:18:00+00:00,NSE:BANKNIFTY,50910.8,50914.9,50865.35,50866.05,563652.0
2026-04-02 08:19:00+00:00,NSE:BANKNIFTY,50867.45,50882.35,50854.0,50873.1,398365.0
2026-04-02 08:20:00+00:00,NSE:BANKNIFTY,50875.8,50889.65,50856.7,50887.4,465892.0
2026-04-02 08:21:00+00:00,NSE:BANKNIFTY,50887.3,50889.7,50822.55,50827.1,450455.0
2026-04-02 08:22:00+00:00,NSE:BANKNIFTY,50824.6,50873.35,50823.25,50863.6,1044298.0
2026-04-02 08:23:00+00:00,NSE:BANKNIFTY,50861.05,50922.35,50859.7,50920.75,1466585.0
2026-04-02 08:24:00+00:00,NSE:BANKNIFTY,50916.95,50926.1,50863.75,50869.0,379946.0
2026-04-02 08:25:00+00:00,NSE:BANKNIFTY,50864.05,50882.05,50852.5,50868.5,388104.0
2026-04-02 08:26:00+00:00,NSE:BANKNIFTY,50866.5,50884.95,50851.3,50865.2,536935.0
2026-04-02 08:27:00+00:00,NSE:BANKNIFTY,50861.3,50868.5,50819.55,50832.1,593391.0
2026-04-02 08:28:00+00:00,NSE:BANKNIFTY,50819.4,50839.9,50773.5,50839.9,1274238.0
2026-04-02 08:29:00+00:00,NSE:BANKNIFTY,50834.7,50875.8,50828.75,50873.5,624542.0
2026-04-02 08:30:00+00:00,NSE:BANKNIFTY,50871.1,50920.05,50866.95,50920.05,523714.0
2026-04-02 08:31:00+00:00,NSE:BANKNIFTY,50914.15,50942.55,50912.5,50936.85,797652.0
2026-04-02 08:32:00+00:00,NSE:BANKNIFTY,50935.35,50937.25,50863.35,50906.85,662224.0
2026-04-02 08:33:00+00:00,NSE:BANKNIFTY,50907.15,50931.9,50907.15,50925.6,811992.0
2026-04-02 08:34:00+00:00,NSE:BANKNIFTY,50923.5,50963.6,50920.25,50950.65,563407.0
2026-04-02 08:35:00+00:00,NSE:BANKNIFTY,50950.9,50963.85,50938.0,50947.3,748342.0
2026-04-02 08:36:00+00:00,NSE:BANKNIFTY,50947.0,50956.45,50929.15,50938.45,818961.0
2026-04-02 08:37:00+00:00,NSE:BANKNIFTY,50934.5,50940.65,50917.4,50918.75,375399.0
2026-04-02 08:38:00+00:00,NSE:BANKNIFTY,50915.8,50982.95,50907.7,50952.2,1183567.0
2026-04-02 08:39:00+00:00,NSE:BANKNIFTY,50959.45,51001.65,50953.95,50993.75,644875.0
2026-04-02 08:40:00+00:00,NSE:BANKNIFTY,50994.95,51047.3,50984.6,51041.15,1537338.0
2026-04-02 08:41:00+00:00,NSE:BANKNIFTY,51043.55,51082.05,51043.55,51070.65,760348.0
2026-04-02 08:42:00+00:00,NSE:BANKNIFTY,51071.75,51109.2,51048.35,51104.8,784950.0
2026-04-02 08:43:00+00:00,NSE:BANKNIFTY,51101.55,51161.9,51097.45,51161.8,1612781.0
2026-04-02 08:44:00+00:00,NSE:BANKNIFTY,51163.85,51174.85,51132.3,51174.85,1524429.0
2026-04-02 08:45:00+00:00,NSE:BANKNIFTY,51175.1,51252.55,51166.95,51241.8,1151664.0
2026-04-02 08:46:00+00:00,NSE:BANKNIFTY,51243.8,51339.8,51238.35,51243.75,2169908.0
2026-04-02 08:47:00+00:00,NSE:BANKNIFTY,51244.75,51248.55,51181.7,51211.7,1764457.0
2026-04-02 08:48:00+00:00,NSE:BANKNIFTY,51214.15,51215.95,51174.65,51188.8,754924.0
2026-04-02 08:49:00+00:00,NSE:BANKNIFTY,51182.3,51287.8,51175.35,51273.3,872917.0
2026-04-02 08:50:00+00:00,NSE:BANKNIFTY,51267.65,51298.95,51267.65,51294.45,640291.0
2026-04-02 08:51:00+00:00,NSE:BANKNIFTY,51293.0,51295.15,51252.25,51284.9,612213.0
2026-04-02 08:52:00+00:00,NSE:BANKNIFTY,51284.6,51284.6,51257.25,51269.35,554258.0
2026-04-02 08:53:00+00:00,NSE:BANKNIFTY,51266.65,51266.65,51219.1,51233.3,740214.0
2026-04-02 08:54:00+00:00,NSE:BANKNIFTY,51234.3,51311.0,51231.3,51307.7,947426.0
2026-04-02 08:55:00+00:00,NSE:BANKNIFTY,51311.45,51334.85,51273.4,51273.4,1022505.0
2026-04-02 08:56:00+00:00,NSE:BANKNIFTY,51274.75,51274.75,51199.7,51199.7,959727.0
2026-04-02 08:57:00+00:00,NSE:BANKNIFTY,51203.45,51271.25,51200.65,51271.25,610688.0
2026-04-02 08:58:00+00:00,NSE:BANKNIFTY,51271.85,51285.6,51262.35,51284.1,462481.0
2026-04-02 08:59:00+00:00,NSE:BANKNIFTY,51278.9,51278.9,51243.45,51243.45,443979.0
2026-04-02 09:00:00+00:00,NSE:BANKNIFTY,51248.3,51266.3,51223.2,51256.75,830672.0
2026-04-02 09:01:00+00:00,NSE:BANKNIFTY,51261.6,51313.1,51250.7,51291.9,1241453.0
2026-04-02 09:02:00+00:00,NSE:BANKNIFTY,51292.1,51322.8,51275.15,51315.4,542582.0
2026-04-02 09:03:00+00:00,NSE:BANKNIFTY,51319.8,51378.05,51315.8,51373.05,795034.0
2026-04-02 09:04:00+00:00,NSE:BANKNIFTY,51373.7,51381.55,51293.15,51330.5,1025719.0
2026-04-02 09:05:00+00:00,NSE:BANKNIFTY,51330.4,51337.85,51299.05,51320.2,1855454.0
2026-04-02 09:06:00+00:00,NSE:BANKNIFTY,51319.0,51327.6,51258.55,51264.2,1033687.0
2026-04-02 09:07:00+00:00,NSE:BANKNIFTY,51262.45,51264.05,51154.7,51159.4,1461548.0
2026-04-02 09:08:00+00:00,NSE:BANKNIFTY,51159.3,51198.15,51128.65,51147.05,1043529.0
2026-04-02 09:09:00+00:00,NSE:BANKNIFTY,51150.3,51169.8,51135.95,51144.4,928888.0
2026-04-02 09:10:00+00:00,NSE:BANKNIFTY,51149.1,51170.3,51124.85,51124.85,928298.0
2026-04-02 09:11:00+00:00,NSE:BANKNIFTY,51120.45,51121.05,51067.7,51104.95,2018268.0
2026-04-02 09:12:00+00:00,NSE:BANKNIFTY,51103.5,51103.5,51063.5,51084.05,871135.0
2026-04-02 09:13:00+00:00,NSE:BANKNIFTY,51080.5,51081.25,51019.8,51053.0,1336424.0
2026-04-02 09:14:00+00:00,NSE:BANKNIFTY,51047.35,51056.1,51013.8,51029.25,1118503.0
2026-04-02 09:15:00+00:00,NSE:BANKNIFTY,51035.5,51087.9,50989.85,51087.9,1518224.0
2026-04-02 09:16:00+00:00,NSE:BANKNIFTY,51088.85,51180.45,51088.85,51180.45,704315.0
2026-04-02 09:17:00+00:00,NSE:BANKNIFTY,51175.7,51177.75,51081.5,51132.35,654670.0
2026-04-02 09:18:00+00:00,NSE:BANKNIFTY,51133.25,51174.6,51115.2,51174.15,705719.0
2026-04-02 09:19:00+00:00,NSE:BANKNIFTY,51176.15,51176.15,51124.6,51134.15,760783.0
2026-04-02 09:20:00+00:00,NSE:BANKNIFTY,51136.8,51207.5,51114.75,51192.15,1356003.0
2026-04-02 09:21:00+00:00,NSE:BANKNIFTY,51195.45,51261.0,51194.8,51253.45,907656.0
2026-04-02 09:22:00+00:00,NSE:BANKNIFTY,51255.1,51261.65,51219.05,51220.3,745275.0
2026-04-02 09:23:00+00:00,NSE:BANKNIFTY,51219.05,51252.85,51186.75,51242.15,990349.0
2026-04-02 09:24:00+00:00,NSE:BANKNIFTY,51232.2,51262.0,51228.3,51247.15,805015.0
2026-04-02 09:25:00+00:00,NSE:BANKNIFTY,51249.5,51250.5,51226.8,51242.25,416631.0
2026-04-02 09:26:00+00:00,NSE:BANKNIFTY,51243.85,51250.95,51229.05,51236.25,813650.0
2026-04-02 09:27:00+00:00,NSE:BANKNIFTY,51235.75,51262.1,51200.5,51262.1,722464.0
2026-04-02 09:28:00+00:00,NSE:BANKNIFTY,51260.3,51262.6,51225.05,51260.85,1334836.0
2026-04-02 09:29:00+00:00,NSE:BANKNIFTY,51260.5,51283.6,51237.2,51251.95,1249320.0
2026-04-02 09:30:00+00:00,NSE:BANKNIFTY,51254.7,51335.4,51249.3,51335.4,1704106.0
2026-04-02 09:31:00+00:00,NSE:BANKNIFTY,51336.4,51362.2,51311.9,51356.1,2173253.0
2026-04-02 09:32:00+00:00,NSE:BANKNIFTY,51352.95,51424.7,51350.2,51374.05,3477605.0
2026-04-02 09:33:00+00:00,NSE:BANKNIFTY,51369.8,51377.05,51302.25,51357.65,3547988.0
2026-04-02 09:34:00+00:00,NSE:BANKNIFTY,51362.25,51453.5,51362.25,51446.6,2205239.0
2026-04-02 09:35:00+00:00,NSE:BANKNIFTY,51450.3,51497.6,51448.8,51486.25,2704576.0
2026-04-02 09:36:00+00:00,NSE:BANKNIFTY,51489.3,51526.6,51488.45,51488.45,2316026.0
2026-04-02 09:37:00+00:00,NSE:BANKNIFTY,51498.7,51590.0,51498.7,51572.15,2308138.0
2026-04-02 09:38:00+00:00,NSE:BANKNIFTY,51576.7,51644.8,51543.95,51644.8,2451068.0
2026-04-02 09:39:00+00:00,NSE:BANKNIFTY,51655.6,51715.7,51653.25,51710.3,2317728.0
2026-04-02 09:40:00+00:00,NSE:BANKNIFTY,51717.85,51730.0,51673.4,51695.65,2504645.0
2026-04-02 09:41:00+00:00,NSE:BANKNIFTY,51697.15,51730.4,51661.25,51673.8,1922983.0
2026-04-02 09:42:00+00:00,NSE:BANKNIFTY,51679.05,51687.55,51650.95,51654.45,1775686.0
2026-04-02 09:43:00+00:00,NSE:BANKNIFTY,51653.45,51658.2,51621.85,51651.85,1721189.0
2026-04-02 09:44:00+00:00,NSE:BANKNIFTY,51653.3,51677.45,51642.85,51674.35,2330276.0
2026-04-02 09:45:00+00:00,NSE:BANKNIFTY,51674.3,51703.9,51658.7,51689.0,2432503.0
2026-04-02 09:46:00+00:00,NSE:BANKNIFTY,51691.6,51731.95,51691.6,51698.95,1921101.0
2026-04-02 09:47:00+00:00,NSE:BANKNIFTY,51703.8,51708.0,51657.55,51657.55,1483220.0
2026-04-02 09:48:00+00:00,NSE:BANKNIFTY,51658.25,51674.0,51620.4,51620.4,3017807.0
2026-04-02 09:49:00+00:00,NSE:BANKNIFTY,51623.65,51641.1,51570.45,51579.45,3746223.0
2026-04-02 09:50:00+00:00,NSE:BANKNIFTY,51578.6,51585.15,51508.8,51533.35,2452545.0
2026-04-02 09:51:00+00:00,NSE:BANKNIFTY,51532.75,51608.6,51532.75,51585.05,2162168.0
2026-04-02 09:52:00+00:00,NSE:BANKNIFTY,51580.45,51580.45,51534.5,51541.3,2058389.0
2026-04-02 09:53:00+00:00,NSE:BANKNIFTY,51546.95,51562.9,51527.0,51528.3,1753464.0
2026-04-02 09:54:00+00:00,NSE:BANKNIFTY,51529.95,51546.4,51513.3,51529.0,1871081.0
2026-04-02 09:55:00+00:00,NSE:BANKNIFTY,51529.55,51538.1,51487.45,51520.2,1936450.0
2026-04-02 09:56:00+00:00,NSE:BANKNIFTY,51519.75,51564.65,51519.75,51564.55,1714971.0
2026-04-02 09:57:00+00:00,NSE:BANKNIFTY,51562.4,51568.2,51539.8,51553.2,1722870.0
2026-04-02 09:58:00+00:00,NSE:BANKNIFTY,51553.55,51566.2,51539.35,51557.55,1148972.0
2026-04-02 09:59:00+00:00,NSE:BANKNIFTY,51558.35,51607.5,51545.6,51556.2,1217449.0
2026-04-06 03:45:00+00:00,NSE:BANKNIFTY,51782.75,51829.3,51432.95,51437.75,8555156.0
2026-04-06 03:46:00+00:00,NSE:BANKNIFTY,51427.95,51460.8,51257.5,51265.65,5048139.0
2026-04-06 03:47:00+00:00,NSE:BANKNIFTY,51273.5,51276.8,51111.1,51178.85,4596447.0
2026-04-06 03:48:00+00:00,NSE:BANKNIFTY,51185.0,51200.5,51126.95,51180.0,4782844.0
2026-04-06 03:49:00+00:00,NSE:BANKNIFTY,51182.4,51307.1,51178.3,51307.1,3821634.0
2026-04-06 03:50:00+00:00,NSE:BANKNIFTY,51314.45,51428.15,51314.45,51357.4,3580869.0
2026-04-06 03:51:00+00:00,NSE:BANKNIFTY,51362.4,51381.95,51290.15,51311.95,1611308.0
2026-04-06 03:52:00+00:00,NSE:BANKNIFTY,51316.9,51316.9,51244.1,51281.9,1491438.0
2026-04-06 03:53:00+00:00,NSE:BANKNIFTY,51284.2,51335.35,51275.15,51306.25,1150160.0
2026-04-06 03:54:00+00:00,NSE:BANKNIFTY,51311.15,51335.3,51290.65,51301.75,2044796.0
2026-04-06 03:55:00+00:00,NSE:BANKNIFTY,51310.25,51355.3,51291.75,51326.85,2145220.0
2026-04-06 03:56:00+00:00,NSE:BANKNIFTY,51327.4,51364.5,51316.9,51361.5,1696231.0
2026-04-06 03:57:00+00:00,NSE:BANKNIFTY,51371.05,51374.95,51273.3,51292.95,1335740.0
2026-04-06 03:58:00+00:00,NSE:BANKNIFTY,51307.25,51326.25,51287.05,51326.2,1194877.0
2026-04-06 03:59:00+00:00,NSE:BANKNIFTY,51331.4,51382.05,51324.25,51344.6,1599410.0
2026-04-06 04:00:00+00:00,NSE:BANKNIFTY,51341.4,51394.75,51337.3,51394.75,1899693.0
2026-04-06 04:01:00+00:00,NSE:BANKNIFTY,51402.45,51518.7,51402.45,51509.3,2135650.0
2026-04-06 04:02:00+00:00,NSE:BANKNIFTY,51514.3,51542.65,51488.6,51510.25,1889575.0
2026-04-06 04:03:00+00:00,NSE:BANKNIFTY,51509.1,51604.9,51489.95,51600.15,2271529.0
2026-04-06 04:04:00+00:00,NSE:BANKNIFTY,51603.6,51642.2,51591.35,51638.05,1763885.0
2026-04-06 04:05:00+00:00,NSE:BANKNIFTY,51639.75,51733.0,51630.25,51726.8,2527058.0
2026-04-06 04:06:00+00:00,NSE:BANKNIFTY,51723.6,51833.05,51723.6,51782.05,3104478.0
2026-04-06 04:07:00+00:00,NSE:BANKNIFTY,51787.2,51859.3,51787.2,51831.4,2740349.0
2026-04-06 04:08:00+00:00,NSE:BANKNIFTY,51822.95,51851.2,51813.25,51845.25,1628264.0
2026-04-06 04:09:00+00:00,NSE:BANKNIFTY,51847.1,51879.65,51806.15,51814.15,2448991.0
2026-04-06 04:10:00+00:00,NSE:BANKNIFTY,51815.6,51824.8,51730.2,51730.2,2043667.0
2026-04-06 04:11:00+00:00,NSE:BANKNIFTY,51732.95,51732.95,51616.05,51616.05,1784345.0
2026-04-06 04:12:00+00:00,NSE:BANKNIFTY,51613.6,51643.35,51557.9,51600.5,2101390.0
2026-04-06 04:13:00+00:00,NSE:BANKNIFTY,51605.05,51621.4,51570.3,51571.4,1271640.0
2026-04-06 04:14:00+00:00,NSE:BANKNIFTY,51571.0,51604.15,51569.45,51593.2,669279.0
2026-04-06 04:15:00+00:00,NSE:BANKNIFTY,51592.4,51673.65,51592.4,51667.85,1336009.0
2026-04-06 04:16:00+00:00,NSE:BANKNIFTY,51667.05,51667.05,51632.75,51633.3,795723.0
2026-04-06 04:17:00+00:00,NSE:BANKNIFTY,51637.95,51653.75,51559.95,51568.65,1099699.0
2026-04-06 04:18:00+00:00,NSE:BANKNIFTY,51575.25,51581.5,51504.55,51505.4,1077646.0
2026-04-06 04:19:00+00:00,NSE:BANKNIFTY,51511.45,51520.75,51491.0,51504.6,1396711.0
2026-04-06 04:20:00+00:00,NSE:BANKNIFTY,51510.6,51510.6,51431.55,51436.85,1133410.0
2026-04-06 04:21:00+00:00,NSE:BANKNIFTY,51433.7,51454.4,51421.2,51444.9,1004151.0
2026-04-06 04:22:00+00:00,NSE:BANKNIFTY,51450.25,51497.4,51426.4,51454.5,1249923.0
2026-04-06 04:23:00+00:00,NSE:BANKNIFTY,51453.95,51459.95,51416.2,51416.2,772896.0
2026-04-06 04:24:00+00:00,NSE:BANKNIFTY,51418.0,51433.45,51381.95,51391.85,719676.0
2026-04-06 04:25:00+00:00,NSE:BANKNIFTY,51387.75,51435.7,51380.25,51412.3,822420.0
2026-04-06 04:26:00+00:00,NSE:BANKNIFTY,51410.1,51424.1,51374.4,51399.7,531245.0
2026-04-06 04:27:00+00:00,NSE:BANKNIFTY,51403.8,51408.9,51386.65,51390.5,713791.0
2026-04-06 04:28:00+00:00,NSE:BANKNIFTY,51396.6,51400.15,51358.35,51361.8,838627.0
2026-04-06 04:29:00+00:00,NSE:BANKNIFTY,51360.35,51369.9,51348.2,51348.2,646871.0
2026-04-06 04:30:00+00:00,NSE:BANKNIFTY,51348.65,51394.9,51324.9,51344.5,1119677.0
2026-04-06 04:31:00+00:00,NSE:BANKNIFTY,51341.85,51357.0,51327.25,51329.6,741329.0
2026-04-06 04:32:00+00:00,NSE:BANKNIFTY,51325.2,51357.25,51325.2,51355.6,614941.0
2026-04-06 04:33:00+00:00,NSE:BANKNIFTY,51357.4,51380.1,51345.6,51350.25,1146859.0
2026-04-06 04:34:00+00:00,NSE:BANKNIFTY,51351.25,51368.65,51340.45,51368.65,541618.0
2026-04-06 04:35:00+00:00,NSE:BANKNIFTY,51365.15,51411.25,51338.75,51344.95,1015225.0
2026-04-06 04:36:00+00:00,NSE:BANKNIFTY,51347.85,51399.9,51341.0,51393.45,468136.0
2026-04-06 04:37:00+00:00,NSE:BANKNIFTY,51394.55,51423.05,51391.65,51412.25,959507.0
2026-04-06 04:38:00+00:00,NSE:BANKNIFTY,51414.05,51428.1,51401.8,51401.8,934375.0
2026-04-06 04:39:00+00:00,NSE:BANKNIFTY,51394.3,51398.8,51365.55,51378.25,739285.0
2026-04-06 04:40:00+00:00,NSE:BANKNIFTY,51375.7,51378.05,51330.55,51334.1,715053.0
2026-04-06 04:41:00+00:00,NSE:BANKNIFTY,51331.5,51393.85,51326.45,51389.8,1020936.0
2026-04-06 04:42:00+00:00,NSE:BANKNIFTY,51391.05,51421.65,51377.45,51392.1,800056.0
2026-04-06 04:43:00+00:00,NSE:BANKNIFTY,51390.45,51441.15,51383.15,51441.15,1195456.0
2026-04-06 04:44:00+00:00,NSE:BANKNIFTY,51438.0,51483.85,51414.5,51474.25,2028986.0
2026-04-06 04:45:00+00:00,NSE:BANKNIFTY,51490.65,51527.7,51459.9,51482.6,2027883.0
2026-04-06 04:46:00+00:00,NSE:BANKNIFTY,51479.2,51553.2,51472.8,51508.7,757367.0
2026-04-06 04:47:00+00:00,NSE:BANKNIFTY,51504.4,51511.2,51478.2,51496.05,1206760.0
2026-04-06 04:48:00+00:00,NSE:BANKNIFTY,51497.2,51497.75,51369.5,51394.0,1437311.0
2026-04-06 04:49:00+00:00,NSE:BANKNIFTY,51402.55,51446.5,51392.45,51440.9,617156.0
2026-04-06 04:50:00+00:00,NSE:BANKNIFTY,51438.4,51496.15,51433.75,51485.15,660776.0
2026-04-06 04:51:00+00:00,NSE:BANKNIFTY,51487.05,51522.4,51484.4,51521.95,511511.0
2026-04-06 04:52:00+00:00,NSE:BANKNIFTY,51523.45,51532.5,51486.8,51487.15,799616.0
2026-04-06 04:53:00+00:00,NSE:BANKNIFTY,51486.5,51512.0,51474.0,51491.1,450696.0
2026-04-06 04:54:00+00:00,NSE:BANKNIFTY,51487.95,51536.7,51471.65,51471.65,591918.0
2026-04-06 04:55:00+00:00,NSE:BANKNIFTY,51470.0,51494.1,51440.85,51471.55,788527.0
2026-04-06 04:56:00+00:00,NSE:BANKNIFTY,51476.95,51476.95,51362.8,51376.75,727594.0
2026-04-06 04:57:00+00:00,NSE:BANKNIFTY,51372.0,51404.8,51354.35,51397.85,739327.0
2026-04-06 04:58:00+00:00,NSE:BANKNIFTY,51398.95,51398.95,51370.1,51398.45,471003.0
2026-04-06 04:59:00+00:00,NSE:BANKNIFTY,51401.75,51454.05,51401.75,51444.35,509727.0
2026-04-06 05:00:00+00:00,NSE:BANKNIFTY,51441.15,51441.15,51352.55,51367.1,652607.0
2026-04-06 05:01:00+00:00,NSE:BANKNIFTY,51367.45,51401.55,51367.45,51398.75,429485.0
2026-04-06 05:02:00+00:00,NSE:BANKNIFTY,51400.45,51417.9,51381.45,51405.2,645991.0
2026-04-06 05:03:00+00:00,NSE:BANKNIFTY,51402.2,51469.3,51394.75,51465.45,392658.0
2026-04-06 05:04:00+00:00,NSE:BANKNIFTY,51461.95,51461.95,51429.7,51453.0,259165.0
2026-04-06 05:05:00+00:00,NSE:BANKNIFTY,51450.45,51486.5,51450.45,51477.55,322255.0
2026-04-06 05:06:00+00:00,NSE:BANKNIFTY,51481.05,51484.15,51467.6,51477.25,482329.0
2026-04-06 05:07:00+00:00,NSE:BANKNIFTY,51480.55,51533.1,51476.65,51533.1,421572.0
2026-04-06 05:08:00+00:00,NSE:BANKNIFTY,51531.5,51556.2,51526.0,51526.0,620096.0
2026-04-06 05:09:00+00:00,NSE:BANKNIFTY,51522.7,51602.05,51515.3,51602.05,928571.0
2026-04-06 05:10:00+00:00,NSE:BANKNIFTY,51600.15,51604.9,51543.2,51544.25,695350.0
2026-04-06 05:11:00+00:00,NSE:BANKNIFTY,51547.05,51580.9,51532.55,51533.2,1170047.0
2026-04-06 05:12:00+00:00,NSE:BANKNIFTY,51531.6,51541.65,51520.85,51530.2,338320.0
2026-04-06 05:13:00+00:00,NSE:BANKNIFTY,51534.75,51592.6,51530.05,51561.45,624537.0
2026-04-06 05:14:00+00:00,NSE:BANKNIFTY,51560.35,51605.5,51552.5,51603.6,1598794.0
2026-04-06 05:15:00+00:00,NSE:BANKNIFTY,51604.75,51621.15,51590.35,51596.95,793289.0
2026-04-06 05:16:00+00:00,NSE:BANKNIFTY,51594.75,51623.7,51585.7,51623.7,380649.0
2026-04-06 05:17:00+00:00,NSE:BANKNIFTY,51618.65,51664.55,51618.65,51646.65,1334928.0
2026-04-06 05:18:00+00:00,NSE:BANKNIFTY,51648.65,51648.65,51592.3,51598.5,574829.0
2026-04-06 05:19:00+00:00,NSE:BANKNIFTY,51599.15,51622.3,51591.45,51619.1,332128.0
2026-04-06 05:20:00+00:00,NSE:BANKNIFTY,51622.85,51653.55,51618.55,51652.2,606641.0
2026-04-06 05:21:00+00:00,NSE:BANKNIFTY,51653.2,51655.9,51540.25,51545.95,894158.0
2026-04-06 05:22:00+00:00,NSE:BANKNIFTY,51545.6,51572.7,51505.8,51507.35,580038.0
2026-04-06 05:23:00+00:00,NSE:BANKNIFTY,51506.4,51557.65,51496.4,51541.15,678288.0
2026-04-06 05:24:00+00:00,NSE:BANKNIFTY,51536.8,51547.0,51524.25,51539.8,577941.0
2026-04-06 05:25:00+00:00,NSE:BANKNIFTY,51541.75,51556.45,51525.45,51541.7,315116.0
2026-04-06 05:26:00+00:00,NSE:BANKNIFTY,51540.5,51607.0,51536.15,51595.9,575108.0
2026-04-06 05:27:00+00:00,NSE:BANKNIFTY,51596.55,51618.1,51588.65,51618.1,327607.0
2026-04-06 05:28:00+00:00,NSE:BANKNIFTY,51620.35,51626.25,51602.55,51622.25,348238.0
2026-04-06 05:29:00+00:00,NSE:BANKNIFTY,51617.3,51628.75,51599.7,51603.45,502421.0
2026-04-06 05:30:00+00:00,NSE:BANKNIFTY,51604.05,51607.95,51535.95,51559.35,653627.0
2026-04-06 05:31:00+00:00,NSE:BANKNIFTY,51559.25,51559.7,51522.0,51525.4,453827.0
2026-04-06 05:32:00+00:00,NSE:BANKNIFTY,51525.05,51557.6,51517.4,51540.05,315576.0
2026-04-06 05:33:00+00:00,NSE:BANKNIFTY,51539.35,51544.95,51478.7,51496.7,544081.0
2026-04-06 05:34:00+00:00,NSE:BANKNIFTY,51497.1,51497.1,51467.45,51473.95,572843.0
2026-04-06 05:35:00+00:00,NSE:BANKNIFTY,51470.75,51472.1,51416.3,51470.2,773598.0
2026-04-06 05:36:00+00:00,NSE:BANKNIFTY,51470.15,51500.25,51464.85,51483.5,450036.0
2026-04-06 05:37:00+00:00,NSE:BANKNIFTY,51483.25,51488.9,51442.1,51442.1,343966.0
2026-04-06 05:38:00+00:00,NSE:BANKNIFTY,51438.35,51460.1,51428.1,51460.1,710794.0
2026-04-06 05:39:00+00:00,NSE:BANKNIFTY,51452.5,51462.0,51440.7,51457.25,352140.0
2026-04-06 05:40:00+00:00,NSE:BANKNIFTY,51453.55,51453.55,51408.8,51418.3,1600699.0
2026-04-06 05:41:00+00:00,NSE:BANKNIFTY,51421.35,51421.35,51352.95,51367.55,978958.0
2026-04-06 05:42:00+00:00,NSE:BANKNIFTY,51370.6,51373.6,51355.75,51367.95,374361.0
2026-04-06 05:43:00+00:00,NSE:BANKNIFTY,51373.85,51373.85,51358.95,51370.5,707808.0
2026-04-06 05:44:00+00:00,NSE:BANKNIFTY,51369.75,51417.45,51358.15,51417.45,388502.0
2026-04-06 05:45:00+00:00,NSE:BANKNIFTY,51418.6,51418.6,51400.7,51404.5,316482.0
2026-04-06 05:46:00+00:00,NSE:BANKNIFTY,51406.75,51479.5,51400.8,51456.45,409314.0
2026-04-06 05:47:00+00:00,NSE:BANKNIFTY,51457.9,51499.95,51454.45,51496.55,235187.0
2026-04-06 05:48:00+00:00,NSE:BANKNIFTY,51493.8,51520.7,51485.0,51498.35,425119.0
2026-04-06 05:49:00+00:00,NSE:BANKNIFTY,51499.75,51535.75,51488.15,51535.75,664034.0
2026-04-06 05:50:00+00:00,NSE:BANKNIFTY,51531.1,51545.0,51521.2,51531.85,788535.0
2026-04-06 05:51:00+00:00,NSE:BANKNIFTY,51533.45,51577.5,51531.55,51569.05,738397.0
2026-04-06 05:52:00+00:00,NSE:BANKNIFTY,51569.1,51572.55,51488.05,51496.05,731986.0
2026-04-06 05:53:00+00:00,NSE:BANKNIFTY,51494.95,51561.05,51484.45,51543.95,422973.0
2026-04-06 05:54:00+00:00,NSE:BANKNIFTY,51544.85,51545.85,51536.6,51540.55,356549.0
2026-04-06 05:55:00+00:00,NSE:BANKNIFTY,51540.75,51559.9,51507.0,51516.9,336647.0
2026-04-06 05:56:00+00:00,NSE:BANKNIFTY,51514.3,51541.45,51492.45,51520.0,1038885.0
2026-04-06 05:57:00+00:00,NSE:BANKNIFTY,51527.15,51538.0,51516.45,51535.65,713179.0
2026-04-06 05:58:00+00:00,NSE:BANKNIFTY,51536.6,51562.45,51530.05,51555.65,644399.0
2026-04-06 05:59:00+00:00,NSE:BANKNIFTY,51558.2,51565.05,51542.95,51561.55,730361.0
2026-04-06 06:00:00+00:00,NSE:BANKNIFTY,51568.55,51583.5,51507.95,51534.4,387259.0
2026-04-06 06:01:00+00:00,NSE:BANKNIFTY,51537.0,51541.7,51524.55,51537.4,508998.0
2026-04-06 06:02:00+00:00,NSE:BANKNIFTY,51540.4,51540.4,51500.65,51519.4,393959.0
2026-04-06 06:03:00+00:00,NSE:BANKNIFTY,51523.95,51524.8,51488.25,51491.6,375722.0
2026-04-06 06:04:00+00:00,NSE:BANKNIFTY,51492.4,51514.1,51484.1,51503.7,263399.0
2026-04-06 06:05:00+00:00,NSE:BANKNIFTY,51503.95,51511.7,51491.4,51508.75,240666.0
2026-04-06 06:06:00+00:00,NSE:BANKNIFTY,51510.9,51535.55,51490.5,51535.55,518809.0
2026-04-06 06:07:00+00:00,NSE:BANKNIFTY,51535.65,51624.35,51535.65,51587.65,1112440.0
2026-04-06 06:08:00+00:00,NSE:BANKNIFTY,51587.55,51609.15,51574.35,51602.0,411968.0
2026-04-06 06:09:00+00:00,NSE:BANKNIFTY,51599.6,51601.9,51530.15,51536.2,459642.0
2026-04-06 06:10:00+00:00,NSE:BANKNIFTY,51538.55,51582.9,51509.2,51582.3,337557.0
2026-04-06 06:11:00+00:00,NSE:BANKNIFTY,51580.15,51585.95,51562.1,51568.25,287172.0
2026-04-06 06:12:00+00:00,NSE:BANKNIFTY,51574.15,51595.6,51550.8,51582.0,659121.0
2026-04-06 06:13:00+00:00,NSE:BANKNIFTY,51583.7,51591.1,51577.0,51585.7,156963.0
2026-04-06 06:14:00+00:00,NSE:BANKNIFTY,51589.15,51603.25,51582.85,51597.3,345777.0
2026-04-06 06:15:00+00:00,NSE:BANKNIFTY,51595.95,51599.35,51580.65,51583.3,417050.0
2026-04-06 06:16:00+00:00,NSE:BANKNIFTY,51584.4,51632.8,51576.1,51620.05,368219.0
2026-04-06 06:17:00+00:00,NSE:BANKNIFTY,51626.45,51657.35,51625.25,51651.0,455298.0
2026-04-06 06:18:00+00:00,NSE:BANKNIFTY,51653.15,51656.35,51610.65,51615.9,511107.0
2026-04-06 06:19:00+00:00,NSE:BANKNIFTY,51617.65,51636.45,51616.05,51627.3,307425.0
2026-04-06 06:20:00+00:00,NSE:BANKNIFTY,51627.45,51684.45,51624.05,51668.75,891823.0
2026-04-06 06:21:00+00:00,NSE:BANKNIFTY,51673.8,51678.05,51665.55,51667.95,302158.0
2026-04-06 06:22:00+00:00,NSE:BANKNIFTY,51667.55,51675.7,51660.65,51661.5,240675.0
2026-04-06 06:23:00+00:00,NSE:BANKNIFTY,51665.15,51665.5,51642.5,51650.6,585333.0
2026-04-06 06:24:00+00:00,NSE:BANKNIFTY,51649.6,51661.3,51648.45,51657.0,420958.0
2026-04-06 06:25:00+00:00,NSE:BANKNIFTY,51657.65,51676.45,51651.45,51676.0,535285.0
2026-04-06 06:26:00+00:00,NSE:BANKNIFTY,51675.65,51746.55,51675.25,51745.55,1094942.0
2026-04-06 06:27:00+00:00,NSE:BANKNIFTY,51745.95,51773.95,51729.0,51729.6,1095089.0
2026-04-06 06:28:00+00:00,NSE:BANKNIFTY,51730.4,51732.5,51678.6,51679.8,764829.0
2026-04-06 06:29:00+00:00,NSE:BANKNIFTY,51672.7,51680.55,51652.7,51662.4,430244.0
2026-04-06 06:30:00+00:00,NSE:BANKNIFTY,51661.5,51682.8,51652.4,51682.8,452898.0
2026-04-06 06:31:00+00:00,NSE:BANKNIFTY,51681.05,51705.55,51680.45,51698.5,294149.0
2026-04-06 06:32:00+00:00,NSE:BANKNIFTY,51704.65,51707.3,51670.15,51673.95,410107.0
2026-04-06 06:33:00+00:00,NSE:BANKNIFTY,51676.3,51688.0,51664.15,51669.4,293986.0
2026-04-06 06:34:00+00:00,NSE:BANKNIFTY,51667.25,51668.7,51649.75,51664.1,459691.0
2026-04-06 06:35:00+00:00,NSE:BANKNIFTY,51662.15,51692.6,51657.15,51692.6,345365.0
2026-04-06 06:36:00+00:00,NSE:BANKNIFTY,51690.15,51721.35,51690.15,51721.35,535468.0
2026-04-06 06:37:00+00:00,NSE:BANKNIFTY,51717.85,51729.25,51712.45,51722.9,469493.0
2026-04-06 06:38:00+00:00,NSE:BANKNIFTY,51720.7,51730.9,51712.85,51730.9,617611.0
2026-04-06 06:39:00+00:00,NSE:BANKNIFTY,51727.7,51736.35,51685.55,51689.65,657104.0
2026-04-06 06:40:00+00:00,NSE:BANKNIFTY,51688.8,51688.9,51651.2,51667.9,869998.0
2026-04-06 06:41:00+00:00,NSE:BANKNIFTY,51668.9,51702.2,51668.9,51687.7,307739.0
2026-04-06 06:42:00+00:00,NSE:BANKNIFTY,51687.55,51704.1,51667.5,51667.5,1030816.0
2026-04-06 06:43:00+00:00,NSE:BANKNIFTY,51671.0,51689.35,51654.95,51673.65,422315.0
2026-04-06 06:44:00+00:00,NSE:BANKNIFTY,51673.25,51674.85,51652.15,51659.2,237413.0
2026-04-06 06:45:00+00:00,NSE:BANKNIFTY,51659.45,51664.1,51629.25,51645.65,317252.0
2026-04-06 06:46:00+00:00,NSE:BANKNIFTY,51647.85,51682.15,51644.25,51682.15,525678.0
2026-04-06 06:47:00+00:00,NSE:BANKNIFTY,51683.0,51705.15,51674.5,51683.85,339796.0
2026-04-06 06:48:00+00:00,NSE:BANKNIFTY,51684.35,51702.25,51681.85,51696.5,511557.0
2026-04-06 06:49:00+00:00,NSE:BANKNIFTY,51700.05,51704.2,51665.1,51668.8,312502.0
2026-04-06 06:50:00+00:00,NSE:BANKNIFTY,51669.85,51830.0,51664.7,51772.75,2986670.0
2026-04-06 06:51:00+00:00,NSE:BANKNIFTY,51778.2,51794.0,51760.35,51791.2,732451.0
2026-04-06 06:52:00+00:00,NSE:BANKNIFTY,51797.3,51846.45,51771.95,51825.75,843170.0
2026-04-06 06:53:00+00:00,NSE:BANKNIFTY,51832.6,51832.6,51779.75,51800.6,522550.0
2026-04-06 06:54:00+00:00,NSE:BANKNIFTY,51805.05,51810.05,51775.45,51779.95,550516.0
2026-04-06 06:55:00+00:00,NSE:BANKNIFTY,51783.2,51794.2,51769.6,51791.4,308479.0
2026-04-06 06:56:00+00:00,NSE:BANKNIFTY,51794.85,51814.0,51791.75,51808.2,919299.0
2026-04-06 06:57:00+00:00,NSE:BANKNIFTY,51810.9,51814.85,51799.35,51804.75,421665.0
2026-04-06 06:58:00+00:00,NSE:BANKNIFTY,51808.15,51842.25,51804.6,51833.4,1362132.0
2026-04-06 06:59:00+00:00,NSE:BANKNIFTY,51833.2,51839.2,51806.55,51809.65,650890.0
2026-04-06 07:00:00+00:00,NSE:BANKNIFTY,51807.8,51819.95,51774.4,51818.9,1315502.0
2026-04-06 07:01:00+00:00,NSE:BANKNIFTY,51818.25,51823.15,51810.3,51811.25,883214.0
2026-04-06 07:02:00+00:00,NSE:BANKNIFTY,51814.8,51814.8,51757.25,51757.25,744981.0
2026-04-06 07:03:00+00:00,NSE:BANKNIFTY,51762.8,51762.8,51671.6,51671.6,957794.0
2026-04-06 07:04:00+00:00,NSE:BANKNIFTY,51674.65,51675.15,51630.35,51633.55,688658.0
2026-04-06 07:05:00+00:00,NSE:BANKNIFTY,51635.9,51641.3,51617.75,51634.8,601359.0
2026-04-06 07:06:00+00:00,NSE:BANKNIFTY,51636.65,51657.85,51624.75,51656.55,599083.0
2026-04-06 07:07:00+00:00,NSE:BANKNIFTY,51658.05,51710.55,51652.95,51665.1,545923.0
2026-04-06 07:08:00+00:00,NSE:BANKNIFTY,51664.0,51669.35,51648.3,51664.85,412029.0
2026-04-06 07:09:00+00:00,NSE:BANKNIFTY,51666.65,51686.7,51663.0,51683.35,508342.0
2026-04-06 07:10:00+00:00,NSE:BANKNIFTY,51684.95,51727.95,51675.75,51727.95,444852.0
2026-04-06 07:11:00+00:00,NSE:BANKNIFTY,51728.3,51728.8,51661.15,51669.6,504707.0
2026-04-06 07:12:00+00:00,NSE:BANKNIFTY,51673.7,51689.5,51666.45,51677.1,335682.0
2026-04-06 07:13:00+00:00,NSE:BANKNIFTY,51674.9,51717.55,51660.95,51716.5,454080.0
2026-04-06 07:14:00+00:00,NSE:BANKNIFTY,51717.0,51728.2,51705.4,51723.75,463246.0
2026-04-06 07:15:00+00:00,NSE:BANKNIFTY,51724.05,51762.8,51723.5,51755.7,370688.0
2026-04-06 07:16:00+00:00,NSE:BANKNIFTY,51761.8,51800.8,51756.75,51800.8,426637.0
2026-04-06 07:17:00+00:00,NSE:BANKNIFTY,51801.5,51839.6,51798.25,51834.7,787483.0
2026-04-06 07:18:00+00:00,NSE:BANKNIFTY,51833.7,51904.85,51830.2,51903.35,1275577.0
2026-04-06 07:19:00+00:00,NSE:BANKNIFTY,51900.1,51949.45,51899.2,51948.15,1630543.0
2026-04-06 07:20:00+00:00,NSE:BANKNIFTY,51949.9,52018.1,51947.0,52002.3,2854596.0
2026-04-06 07:21:00+00:00,NSE:BANKNIFTY,52002.15,52054.55,52001.5,52047.3,991769.0
2026-04-06 07:22:00+00:00,NSE:BANKNIFTY,52047.35,52047.35,51933.85,51940.3,1260722.0
2026-04-06 07:23:00+00:00,NSE:BANKNIFTY,51942.0,51982.45,51932.6,51979.15,1736025.0
2026-04-06 07:24:00+00:00,NSE:BANKNIFTY,51982.0,51993.15,51967.55,51993.15,444691.0
2026-04-06 07:25:00+00:00,NSE:BANKNIFTY,51995.6,52014.4,51989.9,52006.05,1454628.0
2026-04-06 07:26:00+00:00,NSE:BANKNIFTY,52011.6,52014.6,51987.9,52002.0,383783.0
2026-04-06 07:27:00+00:00,NSE:BANKNIFTY,52003.9,52013.0,51998.05,52006.6,450544.0
2026-04-06 07:28:00+00:00,NSE:BANKNIFTY,52009.45,52020.1,51999.4,52014.3,861111.0
2026-04-06 07:29:00+00:00,NSE:BANKNIFTY,52013.2,52051.95,52012.5,52044.3,1970984.0
2026-04-06 07:30:00+00:00,NSE:BANKNIFTY,52049.9,52075.7,52048.0,52059.0,868303.0
2026-04-06 07:31:00+00:00,NSE:BANKNIFTY,52058.8,52062.0,52038.8,52042.95,659037.0
2026-04-06 07:32:00+00:00,NSE:BANKNIFTY,52050.55,52050.9,51987.55,51991.0,964336.0
2026-04-06 07:33:00+00:00,NSE:BANKNIFTY,51987.6,51991.4,51942.6,51945.65,649667.0
2026-04-06 07:34:00+00:00,NSE:BANKNIFTY,51944.85,51957.75,51925.85,51938.0,596645.0
2026-04-06 07:35:00+00:00,NSE:BANKNIFTY,51940.75,51969.3,51936.0,51960.05,351963.0
2026-04-06 07:36:00+00:00,NSE:BANKNIFTY,51955.45,51983.0,51949.45,51974.4,365509.0
2026-04-06 07:37:00+00:00,NSE:BANKNIFTY,51974.65,52017.25,51965.95,52014.2,1419492.0
2026-04-06 07:38:00+00:00,NSE:BANKNIFTY,52018.0,52030.65,52010.8,52026.2,305858.0
2026-04-06 07:39:00+00:00,NSE:BANKNIFTY,52028.05,52050.4,52027.5,52048.25,729963.0
2026-04-06 07:40:00+00:00,NSE:BANKNIFTY,52052.2,52097.8,52050.5,52093.25,828928.0
2026-04-06 07:41:00+00:00,NSE:BANKNIFTY,52096.3,52165.5,52089.15,52153.9,1205378.0
2026-04-06 07:42:00+00:00,NSE:BANKNIFTY,52157.2,52216.45,52149.6,52214.15,1269363.0
2026-04-06 07:43:00+00:00,NSE:BANKNIFTY,52220.25,52241.2,52185.85,52186.6,1406955.0
2026-04-06 07:44:00+00:00,NSE:BANKNIFTY,52184.85,52228.95,52163.5,52224.25,977166.0
2026-04-06 07:45:00+00:00,NSE:BANKNIFTY,52224.2,52260.8,52160.45,52160.45,840953.0
2026-04-06 07:46:00+00:00,NSE:BANKNIFTY,52160.0,52272.35,52158.45,52272.35,1368886.0
2026-04-06 07:47:00+00:00,NSE:BANKNIFTY,52275.15,52276.1,52211.45,52232.75,971899.0
2026-04-06 07:48:00+00:00,NSE:BANKNIFTY,52239.25,52255.4,52220.1,52238.55,624580.0
2026-04-06 07:49:00+00:00,NSE:BANKNIFTY,52240.75,52248.8,52227.3,52239.35,404396.0
2026-04-06 07:50:00+00:00,NSE:BANKNIFTY,52241.45,52282.3,52237.1,52282.3,601472.0
2026-04-06 07:51:00+00:00,NSE:BANKNIFTY,52283.5,52292.15,52263.5,52263.8,1562999.0
2026-04-06 07:52:00+00:00,NSE:BANKNIFTY,52263.4,52325.15,52257.55,52306.35,2010029.0
2026-04-06 07:53:00+00:00,NSE:BANKNIFTY,52307.75,52311.25,52246.95,52272.9,1160110.0
2026-04-06 07:54:00+00:00,NSE:BANKNIFTY,52275.35,52280.85,52249.5,52276.75,691592.0
2026-04-06 07:55:00+00:00,NSE:BANKNIFTY,52280.25,52282.1,52260.3,52270.55,386764.0
2026-04-06 07:56:00+00:00,NSE:BANKNIFTY,52271.4,52280.0,52253.1,52266.4,430336.0
2026-04-06 07:57:00+00:00,NSE:BANKNIFTY,52267.85,52283.8,52246.75,52260.7,398103.0
2026-04-06 07:58:00+00:00,NSE:BANKNIFTY,52261.55,52296.1,52261.55,52283.9,611014.0
2026-04-06 07:59:00+00:00,NSE:BANKNIFTY,52276.45,52276.45,52188.2,52220.3,2198812.0
2026-04-06 08:00:00+00:00,NSE:BANKNIFTY,52226.4,52274.1,52226.4,52268.85,472673.0
2026-04-06 08:01:00+00:00,NSE:BANKNIFTY,52269.25,52295.2,52265.55,52285.9,463218.0
2026-04-06 08:02:00+00:00,NSE:BANKNIFTY,52285.45,52304.3,52276.3,52296.45,772832.0
2026-04-06 08:03:00+00:00,NSE:BANKNIFTY,52298.9,52311.85,52274.8,52310.35,854875.0
2026-04-06 08:04:00+00:00,NSE:BANKNIFTY,52308.55,52320.25,52293.25,52296.35,728438.0
2026-04-06 08:05:00+00:00,NSE:BANKNIFTY,52296.5,52339.35,52286.4,52331.75,571146.0
2026-04-06 08:06:00+00:00,NSE:BANKNIFTY,52330.45,52336.35,52300.3,52313.4,1779594.0
2026-04-06 08:07:00+00:00,NSE:BANKNIFTY,52312.9,52314.4,52291.0,52291.0,312605.0
2026-04-06 08:08:00+00:00,NSE:BANKNIFTY,52294.75,52308.8,52280.9,52294.6,414288.0
2026-04-06 08:09:00+00:00,NSE:BANKNIFTY,52291.2,52296.95,52238.65,52240.9,591386.0
2026-04-06 08:10:00+00:00,NSE:BANKNIFTY,52238.9,52278.75,52238.25,52264.7,519908.0
2026-04-06 08:11:00+00:00,NSE:BANKNIFTY,52262.25,52272.3,52252.35,52255.25,383896.0
2026-04-06 08:12:00+00:00,NSE:BANKNIFTY,52257.1,52261.5,52192.1,52200.4,1830769.0
2026-04-06 08:13:00+00:00,NSE:BANKNIFTY,52202.05,52224.85,52190.7,52208.05,639752.0
2026-04-06 08:14:00+00:00,NSE:BANKNIFTY,52210.55,52251.0,52200.35,52203.0,801796.0
2026-04-06 08:15:00+00:00,NSE:BANKNIFTY,52202.65,52233.4,52196.25,52233.4,483913.0
2026-04-06 08:16:00+00:00,NSE:BANKNIFTY,52232.7,52236.55,52206.0,52216.1,557525.0
2026-04-06 08:17:00+00:00,NSE:BANKNIFTY,52216.85,52260.7,52213.8,52259.9,526466.0
2026-04-06 08:18:00+00:00,NSE:BANKNIFTY,52259.05,52261.7,52224.2,52249.1,899016.0
2026-04-06 08:19:00+00:00,NSE:BANKNIFTY,52250.0,52258.0,52179.1,52180.0,912987.0
2026-04-06 08:20:00+00:00,NSE:BANKNIFTY,52183.8,52235.0,52177.65,52231.95,677572.0
2026-04-06 08:21:00+00:00,NSE:BANKNIFTY,52233.15,52259.8,52229.85,52250.8,849371.0
2026-04-06 08:22:00+00:00,NSE:BANKNIFTY,52253.4,52256.2,52224.6,52251.1,447723.0
2026-04-06 08:23:00+00:00,NSE:BANKNIFTY,52251.55,52280.4,52248.4,52262.3,592717.0
2026-04-06 08:24:00+00:00,NSE:BANKNIFTY,52266.1,52281.55,52247.85,52269.45,554703.0
2026-04-06 08:25:00+00:00,NSE:BANKNIFTY,52270.8,52281.45,52264.8,52269.9,304664.0
2026-04-06 08:26:00+00:00,NSE:BANKNIFTY,52271.35,52282.05,52218.1,52234.7,602340.0
2026-04-06 08:27:00+00:00,NSE:BANKNIFTY,52235.4,52237.9,52226.7,52228.05,406123.0
2026-04-06 08:28:00+00:00,NSE:BANKNIFTY,52228.9,52254.65,52223.2,52244.95,1068389.0
2026-04-06 08:29:00+00:00,NSE:BANKNIFTY,52243.85,52244.45,52232.25,52235.65,495125.0
2026-04-06 08:30:00+00:00,NSE:BANKNIFTY,52239.7,52269.2,52238.3,52260.75,449959.0
2026-04-06 08:31:00+00:00,NSE:BANKNIFTY,52264.25,52264.25,52242.85,52255.1,316742.0
2026-04-06 08:32:00+00:00,NSE:BANKNIFTY,52257.4,52299.3,52239.2,52299.3,657300.0
2026-04-06 08:33:00+00:00,NSE:BANKNIFTY,52312.55,52340.15,52288.65,52288.65,1229083.0
2026-04-06 08:34:00+00:00,NSE:BANKNIFTY,52291.45,52340.8,52287.85,52337.45,616860.0
2026-04-06 08:35:00+00:00,NSE:BANKNIFTY,52338.2,52338.5,52323.6,52335.2,792774.0
2026-04-06 08:36:00+00:00,NSE:BANKNIFTY,52335.4,52338.1,52291.45,52293.55,645321.0
2026-04-06 08:37:00+00:00,NSE:BANKNIFTY,52294.3,52296.45,52278.7,52292.15,556494.0
2026-04-06 08:38:00+00:00,NSE:BANKNIFTY,52294.3,52295.35,52260.5,52267.1,561671.0
2026-04-06 08:39:00+00:00,NSE:BANKNIFTY,52265.9,52287.1,52260.0,52276.4,628584.0
2026-04-06 08:40:00+00:00,NSE:BANKNIFTY,52280.05,52295.65,52277.35,52293.05,349199.0
2026-04-06 08:41:00+00:00,NSE:BANKNIFTY,52296.65,52343.4,52292.8,52335.3,618667.0
2026-04-06 08:42:00+00:00,NSE:BANKNIFTY,52339.7,52388.75,52334.9,52383.3,608865.0
2026-04-06 08:43:00+00:00,NSE:BANKNIFTY,52381.55,52395.15,52370.5,52380.45,548674.0
2026-04-06 08:44:00+00:00,NSE:BANKNIFTY,52385.3,52397.2,52379.45,52394.55,895544.0
2026-04-06 08:45:00+00:00,NSE:BANKNIFTY,52395.45,52444.5,52394.6,52438.3,1388791.0
2026-04-06 08:46:00+00:00,NSE:BANKNIFTY,52440.95,52449.55,52380.1,52390.2,1008385.0
2026-04-06 08:47:00+00:00,NSE:BANKNIFTY,52394.2,52424.9,52387.0,52423.65,452125.0
2026-04-06 08:48:00+00:00,NSE:BANKNIFTY,52424.35,52466.15,52421.0,52455.0,797099.0
2026-04-06 08:49:00+00:00,NSE:BANKNIFTY,52451.3,52458.45,52426.95,52434.65,828159.0
2026-04-06 08:50:00+00:00,NSE:BANKNIFTY,52438.35,52473.55,52429.55,52473.55,576586.0
2026-04-06 08:51:00+00:00,NSE:BANKNIFTY,52476.75,52479.4,52423.25,52425.55,1095830.0
2026-04-06 08:52:00+00:00,NSE:BANKNIFTY,52426.65,52437.0,52416.65,52429.65,468446.0
2026-04-06 08:53:00+00:00,NSE:BANKNIFTY,52434.5,52451.35,52423.3,52423.3,433512.0
2026-04-06 08:54:00+00:00,NSE:BANKNIFTY,52425.6,52425.6,52396.4,52396.4,584046.0
2026-04-06 08:55:00+00:00,NSE:BANKNIFTY,52400.95,52402.7,52311.85,52351.4,1157148.0
2026-04-06 08:56:00+00:00,NSE:BANKNIFTY,52354.0,52376.75,52344.4,52376.6,449220.0
2026-04-06 08:57:00+00:00,NSE:BANKNIFTY,52377.2,52419.6,52374.25,52419.05,903757.0
2026-04-06 08:58:00+00:00,NSE:BANKNIFTY,52418.5,52418.65,52359.65,52359.65,628499.0
2026-04-06 08:59:00+00:00,NSE:BANKNIFTY,52359.8,52376.65,52351.3,52372.3,637183.0
2026-04-06 09:00:00+00:00,NSE:BANKNIFTY,52376.0,52421.15,52373.25,52418.7,753757.0
2026-04-06 09:01:00+00:00,NSE:BANKNIFTY,52419.0,52441.35,52414.1,52437.8,680206.0
2026-04-06 09:02:00+00:00,NSE:BANKNIFTY,52441.0,52441.0,52422.55,52429.3,421665.0
2026-04-06 09:03:00+00:00,NSE:BANKNIFTY,52429.7,52461.0,52425.75,52456.95,550710.0
2026-04-06 09:04:00+00:00,NSE:BANKNIFTY,52455.15,52458.5,52437.5,52453.05,475809.0
2026-04-06 09:05:00+00:00,NSE:BANKNIFTY,52453.3,52454.05,52387.5,52437.15,1257025.0
2026-04-06 09:06:00+00:00,NSE:BANKNIFTY,52440.45,52462.95,52435.2,52462.95,536707.0
2026-04-06 09:07:00+00:00,NSE:BANKNIFTY,52465.45,52484.15,52433.85,52442.75,714973.0
2026-04-06 09:08:00+00:00,NSE:BANKNIFTY,52444.35,52453.1,52424.05,52436.7,745058.0
2026-04-06 09:09:00+00:00,NSE:BANKNIFTY,52438.2,52443.1,52419.45,52426.0,1287147.0
2026-04-06 09:10:00+00:00,NSE:BANKNIFTY,52428.25,52460.65,52418.65,52436.65,573298.0
2026-04-06 09:11:00+00:00,NSE:BANKNIFTY,52435.1,52438.65,52404.85,52436.2,606611.0
2026-04-06 09:12:00+00:00,NSE:BANKNIFTY,52435.3,52435.9,52399.7,52415.45,487692.0
2026-04-06 09:13:00+00:00,NSE:BANKNIFTY,52415.35,52425.65,52397.65,52420.55,1009479.0
2026-04-06 09:14:00+00:00,NSE:BANKNIFTY,52421.35,52422.35,52396.95,52412.65,749324.0
2026-04-06 09:15:00+00:00,NSE:BANKNIFTY,52416.25,52429.45,52409.2,52427.65,725940.0
2026-04-06 09:16:00+00:00,NSE:BANKNIFTY,52432.05,52454.8,52429.45,52429.45,1331550.0
2026-04-06 09:17:00+00:00,NSE:BANKNIFTY,52430.15,52435.5,52420.55,52429.7,968026.0
2026-04-06 09:18:00+00:00,NSE:BANKNIFTY,52430.95,52448.35,52413.35,52445.85,562765.0
2026-04-06 09:19:00+00:00,NSE:BANKNIFTY,52447.45,52449.0,52426.45,52444.25,1208337.0
2026-04-06 09:20:00+00:00,NSE:BANKNIFTY,52445.25,52455.35,52417.85,52433.5,749343.0
2026-04-06 09:21:00+00:00,NSE:BANKNIFTY,52436.3,52436.3,52399.35,52420.35,845045.0
2026-04-06 09:22:00+00:00,NSE:BANKNIFTY,52422.2,52440.1,52422.2,52438.55,783684.0
2026-04-06 09:23:00+00:00,NSE:BANKNIFTY,52437.4,52441.1,52417.9,52417.9,399710.0
2026-04-06 09:24:00+00:00,NSE:BANKNIFTY,52418.25,52418.5,52391.5,52405.35,690011.0
2026-04-06 09:25:00+00:00,NSE:BANKNIFTY,52406.8,52410.5,52322.95,52365.0,1543304.0
2026-04-06 09:26:00+00:00,NSE:BANKNIFTY,52363.15,52408.0,52363.15,52405.1,560590.0
2026-04-06 09:27:00+00:00,NSE:BANKNIFTY,52403.8,52430.1,52403.8,52420.4,706246.0
2026-04-06 09:28:00+00:00,NSE:BANKNIFTY,52419.55,52419.55,52375.6,52388.8,658078.0
2026-04-06 09:29:00+00:00,NSE:BANKNIFTY,52394.35,52449.85,52387.9,52418.9,1337006.0
2026-04-06 09:30:00+00:00,NSE:BANKNIFTY,52421.45,52447.6,52405.0,52446.35,865956.0
2026-04-06 09:31:00+00:00,NSE:BANKNIFTY,52447.15,52525.25,52446.85,52504.75,1526352.0
2026-04-06 09:32:00+00:00,NSE:BANKNIFTY,52507.1,52542.2,52503.2,52536.15,1105095.0
2026-04-06 09:33:00+00:00,NSE:BANKNIFTY,52537.3,52537.3,52463.7,52464.85,1424340.0
2026-04-06 09:34:00+00:00,NSE:BANKNIFTY,52460.75,52525.35,52458.65,52525.35,1993750.0
2026-04-06 09:35:00+00:00,NSE:BANKNIFTY,52524.4,52574.85,52521.8,52572.95,1870958.0
2026-04-06 09:36:00+00:00,NSE:BANKNIFTY,52575.0,52603.7,52568.25,52591.2,3282389.0
2026-04-06 09:37:00+00:00,NSE:BANKNIFTY,52590.45,52601.0,52574.0,52597.7,1023436.0
2026-04-06 09:38:00+00:00,NSE:BANKNIFTY,52596.1,52630.8,52587.2,52630.2,975543.0
2026-04-06 09:39:00+00:00,NSE:BANKNIFTY,52632.5,52653.6,52623.0,52653.3,1410755.0
2026-04-06 09:40:00+00:00,NSE:BANKNIFTY,52654.4,52661.35,52607.7,52630.1,1801885.0
2026-04-06 09:41:00+00:00,NSE:BANKNIFTY,52633.0,52658.15,52627.5,52649.9,1066416.0
2026-04-06 09:42:00+00:00,NSE:BANKNIFTY,52650.4,52693.9,52645.05,52688.1,1110067.0
2026-04-06 09:43:00+00:00,NSE:BANKNIFTY,52686.15,52689.95,52670.4,52689.95,1078877.0
2026-04-06 09:44:00+00:00,NSE:BANKNIFTY,52685.75,52685.75,52662.05,52676.45,1849905.0
2026-04-06 09:45:00+00:00,NSE:BANKNIFTY,52675.4,52695.15,52650.7,52683.0,2639025.0
2026-04-06 09:46:00+00:00,NSE:BANKNIFTY,52687.3,52704.55,52674.5,52686.65,1784581.0
2026-04-06 09:47:00+00:00,NSE:BANKNIFTY,52684.85,52695.75,52644.05,52659.9,1544566.0
2026-04-06 09:48:00+00:00,NSE:BANKNIFTY,52664.4,52668.55,52645.6,52662.3,2797882.0
2026-04-06 09:49:00+00:00,NSE:BANKNIFTY,52664.0,52675.9,52638.3,52649.25,1691601.0
2026-04-06 09:50:00+00:00,NSE:BANKNIFTY,52650.6,52650.6,52613.55,52618.3,2164681.0
2026-04-06 09:51:00+00:00,NSE:BANKNIFTY,52621.55,52638.55,52603.55,52608.45,1553268.0
2026-04-06 09:52:00+00:00,NSE:BANKNIFTY,52611.85,52626.6,52602.65,52615.1,1245155.0
2026-04-06 09:53:00+00:00,NSE:BANKNIFTY,52617.9,52641.1,52609.6,52627.4,997945.0
2026-04-06 09:54:00+00:00,NSE:BANKNIFTY,52632.8,52632.8,52602.05,52629.55,1546256.0
2026-04-06 09:55:00+00:00,NSE:BANKNIFTY,52628.85,52640.35,52613.25,52638.85,2262702.0
2026-04-06 09:56:00+00:00,NSE:BANKNIFTY,52641.25,52644.35,52625.75,52632.5,1354655.0
2026-04-06 09:57:00+00:00,NSE:BANKNIFTY,52630.1,52637.85,52612.2,52625.7,1735463.0
2026-04-06 09:58:00+00:00,NSE:BANKNIFTY,52628.1,52633.25,52602.8,52614.65,2340410.0
2026-04-06 09:59:00+00:00,NSE:BANKNIFTY,52606.95,52625.25,52555.95,52572.7,1399357.0
