timestamp,open,high,low,close,volume
2026-05-15 15:29:00+05:30,23650.1,23660.75,23645.8,23659.35,0
2026-05-15 15:28:00+05:30,23645.65,23656.05,23642.45,23650.5,0
2026-05-15 15:27:00+05:30,23643.05,23649.0,23642.6,23646.6,0
2026-05-15 15:26:00+05:30,23630.0,23646.15,23628.75,23644.15,0
2026-05-15 15:25:00+05:30,23633.45,23636.5,23625.3,23627.95,0
2026-05-15 15:24:00+05:30,23632.9,23636.45,23629.4,23632.85,0
2026-05-15 15:23:00+05:30,23635.15,23636.15,23630.4,23632.25,0
2026-05-15 15:22:00+05:30,23637.15,23638.4,23626.0,23635.0,0
2026-05-15 15:21:00+05:30,23644.95,23646.85,23635.8,23636.85,0
2026-05-15 15:20:00+05:30,23638.65,23645.65,23637.5,23644.25,0
2026-05-15 15:19:00+05:30,23635.0,23640.3,23632.0,23637.15,0
2026-05-15 15:18:00+05:30,23628.75,23636.85,23626.7,23635.0,0
2026-05-15 15:17:00+05:30,23625.45,23629.05,23622.15,23626.5,0
2026-05-15 15:16:00+05:30,23620.7,23627.15,23616.5,23624.05,0
2026-05-15 15:15:00+05:30,23643.6,23645.85,23619.25,23619.75,0
2026-05-15 15:14:00+05:30,23642.9,23646.05,23640.35,23644.1,0
2026-05-15 15:13:00+05:30,23644.95,23648.9,23642.05,23642.8,0
2026-05-15 15:12:00+05:30,23643.95,23649.05,23640.1,23645.75,0
2026-05-15 15:11:00+05:30,23649.65,23650.15,23643.1,23644.55,0
2026-05-15 15:10:00+05:30,23647.2,23653.2,23646.55,23650.85,0
2026-05-15 15:09:00+05:30,23650.35,23652.05,23644.0,23647.85,0
2026-05-15 15:08:00+05:30,23652.9,23655.6,23646.15,23649.9,0
2026-05-15 15:07:00+05:30,23663.95,23667.2,23652.95,23653.5,0
2026-05-15 15:06:00+05:30,23669.3,23672.15,23661.55,23663.95,0
2026-05-15 15:05:00+05:30,23675.25,23678.35,23667.45,23669.35,0
2026-05-15 15:04:00+05:30,23667.05,23674.75,23662.4,23674.2,0
2026-05-15 15:03:00+05:30,23664.0,23672.85,23664.0,23666.75,0
2026-05-15 15:02:00+05:30,23645.8,23667.3,23645.45,23664.95,0
2026-05-15 15:01:00+05:30,23640.45,23654.85,23640.45,23645.9,0
2026-05-15 15:00:00+05:30,23643.85,23646.15,23633.8,23641.0,0
2026-05-15 14:59:00+05:30,23627.4,23658.15,23627.4,23646.1,0
2026-05-15 14:58:00+05:30,23617.4,23627.85,23612.85,23627.65,0
2026-05-15 14:57:00+05:30,23614.1,23621.6,23614.1,23618.4,0
2026-05-15 14:56:00+05:30,23620.25,23620.8,23612.9,23614.8,0
2026-05-15 14:55:00+05:30,23618.8,23622.9,23611.5,23619.45,0
2026-05-15 14:54:00+05:30,23620.65,23622.05,23611.0,23618.7,0
2026-05-15 14:53:00+05:30,23625.5,23632.3,23619.45,23620.45,0
2026-05-15 14:52:00+05:30,23628.6,23629.0,23618.05,23625.8,0
2026-05-15 14:51:00+05:30,23625.4,23633.3,23616.2,23628.7,0
2026-05-15 14:50:00+05:30,23626.05,23630.75,23610.3,23625.55,0
2026-05-15 14:49:00+05:30,23646.85,23648.4,23625.5,23625.95,0
2026-05-15 14:48:00+05:30,23657.1,23658.8,23643.75,23647.2,0
2026-05-15 14:47:00+05:30,23662.8,23664.75,23652.05,23655.9,0
2026-05-15 14:46:00+05:30,23676.3,23677.0,23661.6,23663.55,0
2026-05-15 14:45:00+05:30,23690.6,23692.25,23675.95,23676.05,0
2026-05-15 14:44:00+05:30,23695.85,23696.95,23689.65,23690.75,0
2026-05-15 14:43:00+05:30,23697.1,23699.7,23693.8,23695.9,0
2026-05-15 14:42:00+05:30,23702.4,23703.15,23693.6,23697.1,0
2026-05-15 14:41:00+05:30,23695.65,23705.3,23693.8,23702.7,0
2026-05-15 14:40:00+05:30,23693.1,23697.65,23690.3,23695.45,0
2026-05-15 14:39:00+05:30,23692.15,23694.45,23685.1,23692.55,0
2026-05-15 14:38:00+05:30,23693.8,23695.0,23690.0,23693.25,0
2026-05-15 14:37:00+05:30,23701.7,23701.7,23690.25,23693.9,0
2026-05-15 14:36:00+05:30,23692.05,23703.2,23688.85,23701.1,0
2026-05-15 14:35:00+05:30,23695.6,23700.5,23691.3,23692.0,0
2026-05-15 14:34:00+05:30,23680.15,23702.95,23680.15,23695.05,0
2026-05-15 14:33:00+05:30,23680.8,23682.7,23676.6,23679.8,0
2026-05-15 14:32:00+05:30,23693.4,23693.9,23680.2,23680.2,0
2026-05-15 14:31:00+05:30,23697.25,23699.35,23693.35,23693.8,0
2026-05-15 14:30:00+05:30,23696.95,23699.85,23692.6,23697.45,0
2026-05-15 14:29:00+05:30,23691.05,23695.7,23685.3,23695.7,0
2026-05-15 14:28:00+05:30,23692.15,23694.65,23689.6,23689.85,0
2026-05-15 14:27:00+05:30,23693.9,23697.5,23688.8,23692.0,0
2026-05-15 14:26:00+05:30,23700.3,23702.65,23693.55,23693.7,0
2026-05-15 14:25:00+05:30,23707.1,23708.5,23698.05,23700.8,0
2026-05-15 14:24:00+05:30,23702.1,23712.95,23702.1,23706.75,0
2026-05-15 14:23:00+05:30,23707.7,23708.75,23701.6,23702.8,0
2026-05-15 14:22:00+05:30,23712.95,23714.35,23704.8,23707.35,0
2026-05-15 14:21:00+05:30,23713.8,23715.9,23712.25,23713.15,0
2026-05-15 14:20:00+05:30,23717.2,23720.2,23712.25,23713.9,0
2026-05-15 14:19:00+05:30,23713.4,23718.15,23713.15,23718.1,0
2026-05-15 14:18:00+05:30,23711.1,23715.4,23709.95,23713.3,0
2026-05-15 14:17:00+05:30,23709.55,23713.7,23704.7,23710.7,0
2026-05-15 14:16:00+05:30,23722.15,23723.9,23709.35,23710.55,0
2026-05-15 14:15:00+05:30,23722.3,23726.65,23720.4,23722.7,0
2026-05-15 14:14:00+05:30,23718.75,23722.35,23715.35,23722.35,0
2026-05-15 14:13:00+05:30,23711.25,23720.65,23711.25,23718.35,0
2026-05-15 14:12:00+05:30,23716.3,23717.45,23704.45,23711.25,0
2026-05-15 14:11:00+05:30,23716.85,23722.2,23714.7,23715.5,0
2026-05-15 14:10:00+05:30,23713.55,23716.35,23712.2,23715.95,0
2026-05-15 14:09:00+05:30,23707.9,23715.0,23702.9,23713.8,0
2026-05-15 14:08:00+05:30,23703.75,23709.7,23703.75,23708.85,0
2026-05-15 14:07:00+05:30,23704.3,23706.6,23700.3,23703.55,0
2026-05-15 14:06:00+05:30,23700.15,23706.75,23695.95,23704.15,0
2026-05-15 14:05:00+05:30,23694.4,23704.25,23693.7,23699.8,0
2026-05-15 14:04:00+05:30,23701.05,23703.45,23694.45,23694.95,0
2026-05-15 14:03:00+05:30,23710.85,23712.0,23699.3,23701.4,0
2026-05-15 14:02:00+05:30,23711.7,23712.95,23708.1,23711.05,0
2026-05-15 14:01:00+05:30,23710.05,23714.5,23709.4,23711.8,0
2026-05-15 14:00:00+05:30,23712.95,23714.65,23706.1,23710.0,0
2026-05-15 13:59:00+05:30,23715.25,23718.15,23711.2,23713.55,0
2026-05-15 13:58:00+05:30,23709.45,23715.15,23705.25,23715.1,0
2026-05-15 13:57:00+05:30,23719.85,23720.65,23707.95,23709.7,0
2026-05-15 13:56:00+05:30,23727.35,23729.15,23719.9,23720.05,0
2026-05-15 13:55:00+05:30,23728.45,23734.75,23726.8,23727.8,0
2026-05-15 13:54:00+05:30,23729.75,23732.35,23727.9,23728.7,0
2026-05-15 13:53:00+05:30,23715.15,23733.85,23715.15,23730.55,0
2026-05-15 13:52:00+05:30,23707.0,23714.7,23706.2,23714.65,0
2026-05-15 13:51:00+05:30,23703.1,23707.55,23699.55,23707.0,0
2026-05-15 13:50:00+05:30,23711.5,23711.5,23701.75,23702.55,0
2026-05-15 13:49:00+05:30,23705.8,23711.6,23702.3,23711.0,0
2026-05-15 13:48:00+05:30,23714.7,23715.85,23704.7,23705.6,0
2026-05-15 13:47:00+05:30,23737.05,23737.05,23714.4,23714.4,0
2026-05-15 13:46:00+05:30,23746.35,23750.65,23735.95,23736.75,0
2026-05-15 13:45:00+05:30,23738.8,23749.4,23738.8,23746.55,0
2026-05-15 13:44:00+05:30,23736.9,23739.6,23732.0,23739.2,0
2026-05-15 13:43:00+05:30,23735.3,23739.0,23733.95,23737.35,0
2026-05-15 13:42:00+05:30,23738.1,23739.55,23728.05,23735.65,0
2026-05-15 13:41:00+05:30,23732.9,23741.5,23731.7,23737.7,0
2026-05-15 13:40:00+05:30,23740.0,23742.65,23728.0,23732.95,0
2026-05-15 13:39:00+05:30,23739.7,23741.9,23737.0,23739.7,0
2026-05-15 13:38:00+05:30,23751.05,23753.2,23739.0,23739.7,0
2026-05-15 13:37:00+05:30,23758.3,23760.3,23747.7,23750.65,0
2026-05-15 13:36:00+05:30,23768.05,23770.8,23757.9,23758.15,0
2026-05-15 13:35:00+05:30,23761.7,23768.65,23755.2,23767.45,0
2026-05-15 13:34:00+05:30,23762.15,23768.95,23758.9,23761.55,0
2026-05-15 13:33:00+05:30,23765.75,23766.45,23758.5,23762.0,0
2026-05-15 13:32:00+05:30,23767.2,23769.0,23764.6,23765.35,0
2026-05-15 13:31:00+05:30,23762.9,23772.3,23761.85,23767.25,0
2026-05-15 13:30:00+05:30,23776.05,23779.6,23762.85,23762.85,0
2026-05-15 13:29:00+05:30,23775.95,23778.1,23771.85,23776.1,0
2026-05-15 13:28:00+05:30,23774.25,23785.2,23774.25,23776.25,0
2026-05-15 13:27:00+05:30,23766.6,23777.85,23765.7,23774.4,0
2026-05-15 13:26:00+05:30,23773.5,23774.55,23766.45,23766.45,0
2026-05-15 13:25:00+05:30,23777.0,23779.0,23773.0,23774.0,0
2026-05-15 13:24:00+05:30,23780.45,23783.25,23775.25,23776.05,0
2026-05-15 13:23:00+05:30,23777.9,23783.55,23777.9,23780.0,0
2026-05-15 13:22:00+05:30,23777.2,23782.85,23775.4,23778.1,0
2026-05-15 13:21:00+05:30,23779.45,23781.8,23774.05,23777.2,0
2026-05-15 13:20:00+05:30,23785.9,23787.8,23777.7,23778.25,0
2026-05-15 13:19:00+05:30,23773.35,23785.85,23773.35,23785.85,0
2026-05-15 13:18:00+05:30,23772.4,23776.3,23770.45,23773.0,0
2026-05-15 13:17:00+05:30,23773.55,23775.85,23771.6,23772.85,0
2026-05-15 13:16:00+05:30,23774.9,23778.65,23772.15,23773.7,0
2026-05-15 13:15:00+05:30,23780.95,23781.2,23774.95,23775.35,0
2026-05-15 13:14:00+05:30,23784.2,23786.05,23775.35,23780.65,0
2026-05-15 13:13:00+05:30,23776.5,23784.6,23775.25,23784.3,0
2026-05-15 13:12:00+05:30,23780.4,23781.1,23775.65,23776.55,0
2026-05-15 13:11:00+05:30,23780.75,23786.2,23776.75,23780.5,0
2026-05-15 13:10:00+05:30,23775.15,23781.05,23775.1,23780.6,0
2026-05-15 13:09:00+05:30,23775.45,23776.55,23770.85,23775.4,0
2026-05-15 13:08:00+05:30,23776.45,23779.45,23766.65,23776.1,0
2026-05-15 13:07:00+05:30,23780.15,23781.7,23776.55,23777.0,0
2026-05-15 13:06:00+05:30,23781.25,23784.4,23779.15,23780.35,0
2026-05-15 13:05:00+05:30,23775.65,23783.25,23775.65,23780.9,0
2026-05-15 13:04:00+05:30,23776.0,23777.05,23773.15,23775.45,0
2026-05-15 13:03:00+05:30,23779.9,23784.1,23774.75,23775.7,0
2026-05-15 13:02:00+05:30,23777.9,23781.3,23776.55,23779.9,0
2026-05-15 13:01:00+05:30,23777.8,23782.9,23776.6,23777.85,0
2026-05-15 13:00:00+05:30,23784.6,23787.35,23777.3,23777.8,0
2026-05-15 12:59:00+05:30,23777.15,23784.75,23777.15,23784.65,0
2026-05-15 12:58:00+05:30,23781.75,23783.5,23774.65,23777.0,0
2026-05-15 12:57:00+05:30,23778.55,23783.9,23778.25,23781.95,0
2026-05-15 12:56:00+05:30,23787.1,23789.1,23778.05,23778.8,0
2026-05-15 12:55:00+05:30,23782.3,23790.05,23782.3,23787.3,0
2026-05-15 12:54:00+05:30,23785.85,23787.8,23777.6,23782.35,0
2026-05-15 12:53:00+05:30,23781.1,23788.65,23781.1,23785.8,0
2026-05-15 12:52:00+05:30,23789.95,23791.5,23780.2,23780.75,0
2026-05-15 12:51:00+05:30,23792.6,23797.5,23789.25,23789.8,0
2026-05-15 12:50:00+05:30,23783.85,23794.1,23783.1,23793.4,0
2026-05-15 12:49:00+05:30,23784.8,23786.95,23779.9,23783.6,0
2026-05-15 12:48:00+05:30,23775.55,23784.85,23774.15,23784.85,0
2026-05-15 12:47:00+05:30,23769.0,23777.5,23769.0,23775.3,0
2026-05-15 12:46:00+05:30,23766.9,23772.0,23766.9,23769.05,0
2026-05-15 12:45:00+05:30,23768.65,23777.85,23766.05,23766.5,0
2026-05-15 12:44:00+05:30,23760.8,23769.7,23760.8,23767.5,0
2026-05-15 12:43:00+05:30,23755.5,23761.95,23755.5,23761.55,0
2026-05-15 12:42:00+05:30,23756.8,23758.95,23752.65,23755.9,0
2026-05-15 12:41:00+05:30,23755.4,23759.95,23752.95,23757.0,0
2026-05-15 12:40:00+05:30,23743.8,23756.65,23743.8,23755.8,0
2026-05-15 12:39:00+05:30,23743.9,23747.8,23740.55,23744.3,0
2026-05-15 12:38:00+05:30,23744.45,23744.95,23738.55,23743.7,0
2026-05-15 12:37:00+05:30,23741.45,23745.7,23740.15,23744.75,0
2026-05-15 12:36:00+05:30,23742.3,23746.15,23740.1,23741.6,0
2026-05-15 12:35:00+05:30,23736.45,23742.9,23734.1,23742.25,0
2026-05-15 12:34:00+05:30,23733.6,23736.45,23728.45,23736.35,0
2026-05-15 12:33:00+05:30,23725.7,23735.05,23725.7,23733.2,0
2026-05-15 12:32:00+05:30,23718.65,23725.7,23718.65,23725.5,0
2026-05-15 12:31:00+05:30,23719.6,23721.55,23715.55,23718.75,0
2026-05-15 12:30:00+05:30,23720.7,23722.3,23718.35,23719.6,0
2026-05-15 12:29:00+05:30,23725.3,23726.35,23718.7,23720.5,0
2026-05-15 12:28:00+05:30,23736.35,23738.25,23723.75,23725.6,0
2026-05-15 12:27:00+05:30,23741.0,23743.2,23736.1,23736.8,0
2026-05-15 12:26:00+05:30,23727.95,23740.8,23727.15,23740.1,0
2026-05-15 12:25:00+05:30,23725.45,23730.6,23724.65,23728.05,0
2026-05-15 12:24:00+05:30,23729.4,23731.8,23724.95,23725.5,0
2026-05-15 12:23:00+05:30,23721.45,23731.25,23721.45,23728.9,0
2026-05-15 12:22:00+05:30,23728.4,23731.9,23720.7,23722.05,0
2026-05-15 12:21:00+05:30,23731.5,23734.55,23727.85,23728.2,0
2026-05-15 12:20:00+05:30,23740.25,23741.7,23731.1,23731.1,0
2026-05-15 12:19:00+05:30,23736.8,23743.8,23731.15,23740.05,0
2026-05-15 12:18:00+05:30,23745.9,23748.0,23735.5,23737.65,0
2026-05-15 12:17:00+05:30,23747.4,23749.5,23742.1,23745.95,0
2026-05-15 12:16:00+05:30,23752.85,23755.3,23746.55,23747.4,0
2026-05-15 12:15:00+05:30,23751.0,23754.05,23747.8,23752.5,0
2026-05-15 12:14:00+05:30,23752.15,23754.35,23747.3,23751.15,0
2026-05-15 12:13:00+05:30,23758.8,23760.15,23750.5,23752.55,0
2026-05-15 12:12:00+05:30,23762.75,23765.6,23758.15,23758.35,0
2026-05-15 12:11:00+05:30,23758.45,23763.4,23758.45,23762.75,0
2026-05-15 12:10:00+05:30,23755.25,23759.85,23751.1,23758.5,0
2026-05-15 12:09:00+05:30,23760.05,23762.05,23752.25,23755.25,0
2026-05-15 12:08:00+05:30,23767.05,23769.6,23759.5,23760.35,0
2026-05-15 12:07:00+05:30,23765.1,23767.75,23762.6,23766.95,0
2026-05-15 12:06:00+05:30,23757.75,23767.1,23757.5,23765.25,0
2026-05-15 12:05:00+05:30,23754.15,23759.35,23753.8,23757.5,0
2026-05-15 12:04:00+05:30,23747.7,23755.85,23747.7,23754.05,0
2026-05-15 12:03:00+05:30,23746.8,23750.5,23745.6,23747.65,0
2026-05-15 12:02:00+05:30,23733.05,23747.0,23733.05,23746.75,0
2026-05-15 12:01:00+05:30,23727.85,23735.95,23727.85,23733.65,0
2026-05-15 12:00:00+05:30,23725.9,23728.8,23718.75,23728.8,0
2026-05-15 11:59:00+05:30,23720.5,23727.4,23718.45,23725.55,0
2026-05-15 11:58:00+05:30,23717.65,23724.55,23716.25,23719.9,0
2026-05-15 11:57:00+05:30,23718.05,23720.4,23715.8,23717.4,0
2026-05-15 11:56:00+05:30,23715.7,23720.1,23713.95,23718.35,0
2026-05-15 11:55:00+05:30,23720.9,23722.45,23713.4,23715.8,0
2026-05-15 11:54:00+05:30,23733.75,23735.3,23718.8,23720.95,0
2026-05-15 11:53:00+05:30,23731.0,23734.25,23730.05,23733.65,0
2026-05-15 11:52:00+05:30,23734.65,23735.0,23728.95,23730.85,0
2026-05-15 11:51:00+05:30,23722.9,23734.2,23721.15,23733.7,0
2026-05-15 11:50:00+05:30,23725.75,23727.2,23720.15,23722.1,0
2026-05-15 11:49:00+05:30,23726.85,23734.45,23725.65,23726.2,0
2026-05-15 11:48:00+05:30,23723.05,23732.55,23723.05,23727.8,0
2026-05-15 11:47:00+05:30,23722.6,23725.65,23720.8,23722.9,0
2026-05-15 11:46:00+05:30,23718.8,23727.9,23718.25,23722.85,0
2026-05-15 11:45:00+05:30,23721.55,23727.1,23717.2,23718.4,0
2026-05-15 11:44:00+05:30,23716.05,23722.9,23714.7,23721.75,0
2026-05-15 11:43:00+05:30,23714.4,23717.45,23711.8,23715.8,0
2026-05-15 11:42:00+05:30,23717.5,23720.4,23712.55,23714.4,0
2026-05-15 11:41:00+05:30,23726.05,23727.15,23716.95,23717.65,0
2026-05-15 11:40:00+05:30,23727.25,23730.45,23723.55,23726.35,0
2026-05-15 11:39:00+05:30,23722.6,23728.3,23721.45,23727.0,0
2026-05-15 11:38:00+05:30,23717.05,23723.7,23715.9,23722.6,0
2026-05-15 11:37:00+05:30,23706.5,23719.45,23705.55,23716.95,0
2026-05-15 11:36:00+05:30,23716.1,23716.2,23704.95,23706.55,0
2026-05-15 11:35:00+05:30,23717.6,23721.65,23712.25,23716.75,0
2026-05-15 11:34:00+05:30,23716.85,23720.1,23713.3,23716.85,0
2026-05-15 11:33:00+05:30,23698.8,23717.6,23698.3,23715.95,0
2026-05-15 11:32:00+05:30,23697.45,23703.55,23696.15,23698.85,0
2026-05-15 11:31:00+05:30,23700.7,23704.3,23677.65,23697.85,0
2026-05-15 11:30:00+05:30,23711.4,23711.6,23698.25,23701.25,0
2026-05-15 11:29:00+05:30,23722.2,23723.8,23712.4,23712.7,0
2026-05-15 11:28:00+05:30,23720.2,23723.6,23714.8,23721.75,0
2026-05-15 11:27:00+05:30,23727.4,23727.95,23718.5,23720.3,0
2026-05-15 11:26:00+05:30,23729.95,23732.85,23726.55,23727.7,0
2026-05-15 11:25:00+05:30,23727.35,23732.1,23726.95,23730.1,0
2026-05-15 11:24:00+05:30,23736.2,23737.2,23725.25,23726.35,0
2026-05-15 11:23:00+05:30,23727.5,23738.8,23727.5,23736.0,0
2026-05-15 11:22:00+05:30,23742.65,23745.1,23725.3,23727.25,0
2026-05-15 11:21:00+05:30,23743.05,23747.65,23739.15,23742.4,0
2026-05-15 11:20:00+05:30,23742.75,23744.5,23734.35,23742.35,0
2026-05-15 11:19:00+05:30,23739.8,23751.7,23739.8,23742.65,0
2026-05-15 11:18:00+05:30,23720.5,23739.8,23720.0,23739.6,0
2026-05-15 11:17:00+05:30,23738.2,23738.3,23713.55,23721.05,0
2026-05-15 11:16:00+05:30,23734.35,23743.75,23734.35,23737.95,0
2026-05-15 11:15:00+05:30,23743.55,23743.55,23733.3,23734.2,0
2026-05-15 11:14:00+05:30,23745.5,23748.45,23741.65,23743.55,0
2026-05-15 11:13:00+05:30,23751.65,23755.4,23745.1,23745.55,0
2026-05-15 11:12:00+05:30,23751.5,23754.0,23745.45,23751.7,0
2026-05-15 11:11:00+05:30,23741.9,23757.2,23741.75,23752.85,0
2026-05-15 11:10:00+05:30,23743.05,23744.15,23732.25,23741.9,0
2026-05-15 11:09:00+05:30,23746.45,23751.5,23742.2,23742.8,0
2026-05-15 11:08:00+05:30,23750.55,23752.95,23741.8,23746.15,0
2026-05-15 11:07:00+05:30,23756.9,23758.9,23749.85,23750.6,0
2026-05-15 11:06:00+05:30,23768.45,23769.25,23755.05,23756.5,0
2026-05-15 11:05:00+05:30,23782.0,23784.45,23768.95,23768.95,0
2026-05-15 11:04:00+05:30,23796.2,23798.8,23780.75,23782.35,0
2026-05-15 11:03:00+05:30,23800.7,23800.7,23792.3,23796.3,0
2026-05-15 11:02:00+05:30,23814.55,23815.5,23799.95,23800.65,0
2026-05-15 11:01:00+05:30,23825.0,23826.0,23814.35,23815.25,0
2026-05-15 11:00:00+05:30,23829.25,23830.75,23825.15,23825.25,0
2026-05-15 10:59:00+05:30,23826.6,23833.5,23826.6,23829.55,0
2026-05-15 10:58:00+05:30,23827.4,23829.5,23825.65,23826.3,0
2026-05-15 10:57:00+05:30,23824.7,23830.8,23824.7,23827.1,0
2026-05-15 10:56:00+05:30,23829.9,23830.25,23820.25,23825.35,0
2026-05-15 10:55:00+05:30,23830.5,23834.85,23829.35,23829.7,0
2026-05-15 10:54:00+05:30,23825.55,23834.8,23825.55,23830.45,0
2026-05-15 10:53:00+05:30,23832.8,23833.3,23822.05,23824.8,0
2026-05-15 10:52:00+05:30,23835.9,23838.25,23831.6,23833.45,0
2026-05-15 10:51:00+05:30,23830.45,23839.3,23830.45,23835.9,0
2026-05-15 10:50:00+05:30,23827.4,23832.75,23827.2,23830.55,0
2026-05-15 10:49:00+05:30,23827.4,23829.9,23824.3,23827.0,0
2026-05-15 10:48:00+05:30,23823.9,23828.4,23821.2,23828.0,0
2026-05-15 10:47:00+05:30,23827.4,23829.85,23820.65,23823.85,0
2026-05-15 10:46:00+05:30,23828.95,23832.05,23827.0,23827.0,0
2026-05-15 10:45:00+05:30,23816.9,23829.75,23816.9,23828.9,0
2026-05-15 10:44:00+05:30,23814.0,23817.5,23811.95,23817.05,0
2026-05-15 10:43:00+05:30,23820.0,23823.2,23814.2,23814.2,0
2026-05-15 10:42:00+05:30,23817.0,23821.1,23816.55,23820.45,0
2026-05-15 10:41:00+05:30,23804.55,23818.9,23804.55,23816.7,0
2026-05-15 10:40:00+05:30,23806.1,23808.8,23800.95,23804.2,0
2026-05-15 10:39:00+05:30,23806.05,23808.0,23802.85,23805.75,0
2026-05-15 10:38:00+05:30,23815.45,23818.0,23805.0,23805.65,0
2026-05-15 10:37:00+05:30,23817.45,23822.1,23813.85,23815.55,0
2026-05-15 10:36:00+05:30,23809.3,23819.05,23809.1,23817.6,0
2026-05-15 10:35:00+05:30,23815.15,23816.1,23808.35,23808.95,0
2026-05-15 10:34:00+05:30,23806.5,23815.55,23806.5,23815.15,0
2026-05-15 10:33:00+05:30,23815.3,23815.3,23805.15,23806.7,0
2026-05-15 10:32:00+05:30,23815.5,23820.35,23813.9,23814.55,0
2026-05-15 10:31:00+05:30,23824.75,23827.25,23809.85,23815.85,0
2026-05-15 10:30:00+05:30,23827.85,23829.25,23823.6,23824.95,0
2026-05-15 10:29:00+05:30,23828.2,23831.3,23824.5,23828.15,0
2026-05-15 10:28:00+05:30,23827.65,23831.65,23822.95,23828.5,0
2026-05-15 10:27:00+05:30,23825.4,23828.8,23821.95,23828.0,0
2026-05-15 10:26:00+05:30,23823.5,23834.15,23822.65,23825.55,0
2026-05-15 10:25:00+05:30,23820.6,23827.15,23820.2,23824.75,0
2026-05-15 10:24:00+05:30,23803.2,23821.0,23801.7,23820.5,0
2026-05-15 10:23:00+05:30,23813.8,23815.0,23801.8,23802.6,0
2026-05-15 10:22:00+05:30,23807.55,23816.55,23804.7,23814.25,0
2026-05-15 10:21:00+05:30,23794.35,23808.0,23793.6,23807.75,0
2026-05-15 10:20:00+05:30,23796.5,23797.7,23788.75,23794.9,0
2026-05-15 10:19:00+05:30,23798.3,23803.85,23795.05,23796.4,0
2026-05-15 10:18:00+05:30,23792.9,23798.45,23792.65,23798.45,0
2026-05-15 10:17:00+05:30,23808.45,23812.55,23792.5,23792.9,0
2026-05-15 10:16:00+05:30,23805.55,23815.5,23804.2,23808.5,0
2026-05-15 10:15:00+05:30,23800.3,23811.2,23800.25,23804.5,0
2026-05-15 10:14:00+05:30,23792.1,23801.45,23791.7,23800.25,0
2026-05-15 10:13:00+05:30,23793.15,23797.85,23791.75,23792.25,0
2026-05-15 10:12:00+05:30,23786.95,23795.4,23781.25,23793.15,0
2026-05-15 10:11:00+05:30,23789.55,23801.35,23785.85,23787.0,0
2026-05-15 10:10:00+05:30,23787.5,23795.7,23787.2,23789.25,0
2026-05-15 10:09:00+05:30,23791.45,23792.95,23785.25,23787.6,0
2026-05-15 10:08:00+05:30,23799.55,23800.95,23789.05,23792.1,0
2026-05-15 10:07:00+05:30,23807.55,23810.75,23797.6,23798.9,0
2026-05-15 10:06:00+05:30,23807.1,23809.05,23799.15,23807.05,0
2026-05-15 10:05:00+05:30,23818.55,23819.25,23801.35,23807.1,0
2026-05-15 10:04:00+05:30,23801.15,23819.55,23801.15,23818.35,0
2026-05-15 10:03:00+05:30,23801.85,23806.2,23797.05,23801.1,0
2026-05-15 10:02:00+05:30,23789.75,23804.6,23788.55,23802.5,0
2026-05-15 10:01:00+05:30,23805.3,23806.25,23787.7,23787.7,0
2026-05-15 10:00:00+05:30,23819.1,23821.35,23802.25,23805.15,0
2026-05-15 09:59:00+05:30,23825.6,23827.9,23817.95,23817.95,0
2026-05-15 09:58:00+05:30,23834.55,23837.0,23823.3,23825.05,0
2026-05-15 09:57:00+05:30,23832.2,23834.7,23827.85,23834.35,0
2026-05-15 09:56:00+05:30,23829.65,23835.5,23828.4,23832.6,0
2026-05-15 09:55:00+05:30,23823.0,23836.0,23823.0,23830.0,0
2026-05-15 09:54:00+05:30,23804.3,23824.75,23804.3,23823.15,0
2026-05-15 09:53:00+05:30,23801.8,23806.95,23799.6,23803.95,0
2026-05-15 09:52:00+05:30,23804.7,23807.85,23799.75,23801.85,0
2026-05-15 09:51:00+05:30,23804.35,23812.2,23799.5,23804.95,0
2026-05-15 09:50:00+05:30,23795.15,23804.45,23791.0,23804.45,0
2026-05-15 09:49:00+05:30,23796.85,23799.7,23793.65,23795.6,0
2026-05-15 09:48:00+05:30,23813.45,23815.55,23796.75,23797.5,0
2026-05-15 09:47:00+05:30,23812.45,23818.0,23808.8,23813.45,0
2026-05-15 09:46:00+05:30,23798.45,23815.05,23798.45,23813.05,0
2026-05-15 09:45:00+05:30,23802.5,23807.85,23792.55,23798.6,0
2026-05-15 09:44:00+05:30,23793.9,23803.15,23791.85,23802.1,0
2026-05-15 09:43:00+05:30,23793.55,23798.8,23792.4,23794.65,0
2026-05-15 09:42:00+05:30,23784.7,23794.65,23784.7,23792.4,0
2026-05-15 09:41:00+05:30,23773.65,23785.75,23772.65,23785.75,0
2026-05-15 09:40:00+05:30,23770.65,23777.3,23769.6,23773.55,0
2026-05-15 09:39:00+05:30,23762.2,23772.9,23760.45,23770.8,0
2026-05-15 09:38:00+05:30,23753.9,23763.6,23753.8,23761.45,0
2026-05-15 09:37:00+05:30,23739.05,23755.05,23737.0,23754.95,0
2026-05-15 09:36:00+05:30,23748.7,23750.9,23734.1,23739.15,0
2026-05-15 09:35:00+05:30,23748.8,23756.4,23737.25,23748.45,0
2026-05-15 09:34:00+05:30,23769.7,23771.35,23748.5,23749.6,0
2026-05-15 09:33:00+05:30,23770.55,23784.9,23768.45,23770.1,0
2026-05-15 09:32:00+05:30,23779.95,23783.95,23763.5,23773.5,0
2026-05-15 09:31:00+05:30,23756.3,23782.05,23753.15,23780.35,0
2026-05-15 09:30:00+05:30,23787.3,23790.25,23755.3,23755.55,0
2026-05-15 09:29:00+05:30,23788.45,23796.95,23787.6,23787.9,0
2026-05-15 09:28:00+05:30,23787.75,23792.05,23781.0,23790.3,0
2026-05-15 09:27:00+05:30,23765.45,23788.9,23764.7,23788.7,0
2026-05-15 09:26:00+05:30,23760.55,23766.45,23751.85,23765.3,0
2026-05-15 09:25:00+05:30,23764.95,23771.25,23759.1,23761.0,0
2026-05-15 09:24:00+05:30,23749.75,23765.7,23743.5,23764.9,0
2026-05-15 09:23:00+05:30,23741.05,23749.6,23735.8,23749.1,0
2026-05-15 09:22:00+05:30,23721.65,23753.35,23707.3,23741.95,0
2026-05-15 09:21:00+05:30,23719.35,23742.65,23715.55,23718.7,0
2026-05-15 09:20:00+05:30,23719.1,23730.45,23712.25,23717.8,0
2026-05-15 09:19:00+05:30,23735.8,23736.8,23716.5,23719.1,0
2026-05-15 09:18:00+05:30,23718.2,23752.95,23716.2,23737.05,0
2026-05-15 09:17:00+05:30,23730.3,23747.65,23716.45,23719.35,0
2026-05-15 09:16:00+05:30,23691.65,23730.75,23663.35,23729.3,0
2026-05-15 09:15:00+05:30,23731.4,23774.95,23688.35,23691.55,0
2026-05-14 15:29:00+05:30,23718.95,23719.55,23706.85,23713.75,0
2026-05-14 15:28:00+05:30,23711.55,23719.1,23710.75,23719.0,0
2026-05-14 15:27:00+05:30,23702.05,23712.25,23700.95,23710.8,0
2026-05-14 15:26:00+05:30,23692.0,23702.3,23690.9,23701.55,0
2026-05-14 15:25:00+05:30,23695.75,23697.45,23688.1,23690.7,0
2026-05-14 15:24:00+05:30,23689.35,23697.25,23684.6,23696.6,0
2026-05-14 15:23:00+05:30,23683.3,23690.85,23681.95,23690.05,0
2026-05-14 15:22:00+05:30,23683.05,23684.75,23679.35,23682.65,0
2026-05-14 15:21:00+05:30,23682.3,23685.55,23679.7,23682.15,0
2026-05-14 15:20:00+05:30,23687.25,23688.9,23679.75,23681.6,0
2026-05-14 15:19:00+05:30,23684.1,23691.0,23683.25,23687.3,0
2026-05-14 15:18:00+05:30,23684.9,23687.2,23680.7,23684.8,0
2026-05-14 15:17:00+05:30,23680.75,23689.1,23678.7,23684.6,0
2026-05-14 15:16:00+05:30,23675.95,23681.45,23668.15,23681.15,0
2026-05-14 15:15:00+05:30,23683.35,23685.55,23675.9,23676.45,0
2026-05-14 15:14:00+05:30,23679.75,23683.85,23672.3,23683.8,0
2026-05-14 15:13:00+05:30,23679.2,23685.1,23677.9,23678.85,0
2026-05-14 15:12:00+05:30,23688.45,23689.8,23675.7,23677.95,0
2026-05-14 15:11:00+05:30,23684.5,23691.95,23679.05,23687.85,0
2026-05-14 15:10:00+05:30,23673.8,23687.55,23670.9,23683.05,0
2026-05-14 15:09:00+05:30,23692.25,23693.35,23672.0,23672.9,0
2026-05-14 15:08:00+05:30,23678.55,23691.2,23670.2,23690.25,0
2026-05-14 15:07:00+05:30,23686.8,23686.8,23676.05,23677.95,0
2026-05-14 15:06:00+05:30,23694.75,23696.05,23683.85,23685.4,0
2026-05-14 15:05:00+05:30,23707.65,23707.65,23690.35,23691.25,0
2026-05-14 15:04:00+05:30,23706.95,23710.7,23700.2,23706.2,0
2026-05-14 15:03:00+05:30,23706.9,23707.35,23691.15,23705.2,0
2026-05-14 15:02:00+05:30,23698.25,23713.1,23697.55,23703.95,0
2026-05-14 15:01:00+05:30,23707.4,23707.4,23690.2,23697.0,0
2026-05-14 15:00:00+05:30,23711.65,23713.25,23701.6,23707.3,0
2026-05-14 14:59:00+05:30,23695.0,23722.9,23694.65,23710.15,0
2026-05-14 14:58:00+05:30,23700.95,23700.95,23688.25,23693.8,0
2026-05-14 14:57:00+05:30,23706.0,23707.3,23698.6,23700.15,0
2026-05-14 14:56:00+05:30,23706.75,23706.8,23700.25,23705.45,0
2026-05-14 14:55:00+05:30,23702.85,23708.5,23701.95,23705.45,0
2026-05-14 14:54:00+05:30,23711.0,23714.3,23698.9,23702.4,0
2026-05-14 14:53:00+05:30,23714.7,23714.7,23700.6,23709.85,0
2026-05-14 14:52:00+05:30,23710.5,23716.75,23707.85,23712.35,0
2026-05-14 14:51:00+05:30,23706.9,23709.5,23695.8,23706.85,0
2026-05-14 14:50:00+05:30,23695.5,23713.95,23692.35,23704.35,0
2026-05-14 14:49:00+05:30,23699.0,23701.3,23693.2,23694.7,0
2026-05-14 14:48:00+05:30,23710.5,23713.8,23695.85,23697.0,0
2026-05-14 14:47:00+05:30,23703.9,23714.8,23698.2,23708.4,0
2026-05-14 14:46:00+05:30,23717.9,23717.9,23696.9,23701.2,0
2026-05-14 14:45:00+05:30,23729.85,23733.0,23714.0,23716.35,0
2026-05-14 14:44:00+05:30,23734.8,23735.2,23727.1,23730.1,0
2026-05-14 14:43:00+05:30,23732.0,23734.6,23727.65,23733.55,0
2026-05-14 14:42:00+05:30,23728.95,23734.35,23726.25,23728.9,0
2026-05-14 14:41:00+05:30,23728.0,23730.05,23722.3,23726.9,0
2026-05-14 14:40:00+05:30,23739.75,23742.6,23725.45,23725.9,0
2026-05-14 14:39:00+05:30,23743.8,23744.75,23735.6,23737.75,0
2026-05-14 14:38:00+05:30,23737.85,23746.1,23730.95,23741.85,0
2026-05-14 14:37:00+05:30,23731.65,23742.9,23725.95,23737.2,0
2026-05-14 14:36:00+05:30,23755.45,23755.45,23727.5,23729.7,0
2026-05-14 14:35:00+05:30,23760.7,23761.05,23750.05,23753.3,0
2026-05-14 14:34:00+05:30,23774.95,23777.2,23758.7,23758.85,0
2026-05-14 14:33:00+05:30,23763.5,23774.95,23761.6,23774.75,0
2026-05-14 14:32:00+05:30,23759.85,23765.2,23755.4,23761.8,0
2026-05-14 14:31:00+05:30,23757.2,23758.8,23751.65,23756.75,0
2026-05-14 14:30:00+05:30,23756.1,23758.8,23750.15,23755.65,0
2026-05-14 14:29:00+05:30,23754.55,23757.8,23750.4,23755.35,0
2026-05-14 14:28:00+05:30,23754.15,23754.8,23748.05,23752.7,0
2026-05-14 14:27:00+05:30,23752.2,23754.2,23747.75,23752.7,0
2026-05-14 14:26:00+05:30,23752.55,23754.1,23749.1,23750.4,0
2026-05-14 14:25:00+05:30,23741.5,23754.15,23740.9,23750.1,0
2026-05-14 14:24:00+05:30,23738.85,23743.45,23735.2,23740.2,0
2026-05-14 14:23:00+05:30,23736.85,23741.2,23734.6,23735.9,0
2026-05-14 14:22:00+05:30,23738.7,23738.75,23731.05,23733.85,0
2026-05-14 14:21:00+05:30,23736.85,23741.9,23733.6,23737.9,0
2026-05-14 14:20:00+05:30,23727.35,23736.2,23719.8,23736.2,0
2026-05-14 14:19:00+05:30,23751.75,23752.5,23724.4,23724.9,0
2026-05-14 14:18:00+05:30,23752.05,23754.8,23749.2,23750.25,0
2026-05-14 14:17:00+05:30,23754.9,23754.9,23747.15,23750.3,0
2026-05-14 14:16:00+05:30,23754.5,23757.6,23752.8,23754.5,0
2026-05-14 14:15:00+05:30,23746.45,23755.4,23744.25,23752.75,0
2026-05-14 14:14:00+05:30,23749.65,23749.75,23741.45,23744.55,0
2026-05-14 14:13:00+05:30,23753.55,23754.15,23746.0,23749.65,0
2026-05-14 14:12:00+05:30,23760.55,23760.55,23749.3,23751.95,0
2026-05-14 14:11:00+05:30,23757.75,23759.75,23749.8,23759.75,0
2026-05-14 14:10:00+05:30,23759.6,23765.2,23755.9,23755.9,0
2026-05-14 14:09:00+05:30,23758.15,23761.65,23752.9,23758.05,0
2026-05-14 14:08:00+05:30,23766.6,23766.6,23754.1,23757.65,0
2026-05-14 14:07:00+05:30,23752.75,23768.75,23750.0,23763.7,0
2026-05-14 14:06:00+05:30,23757.55,23757.85,23745.35,23751.45,0
2026-05-14 14:05:00+05:30,23753.7,23759.15,23748.9,23756.5,0
2026-05-14 14:04:00+05:30,23749.85,23756.8,23745.75,23751.05,0
2026-05-14 14:03:00+05:30,23749.75,23751.0,23742.35,23748.6,0
2026-05-14 14:02:00+05:30,23751.85,23758.5,23747.05,23748.15,0
2026-05-14 14:01:00+05:30,23746.9,23750.6,23740.0,23750.6,0
2026-05-14 14:00:00+05:30,23751.85,23753.9,23741.1,23745.35,0
2026-05-14 13:59:00+05:30,23752.05,23753.55,23747.5,23751.35,0
2026-05-14 13:58:00+05:30,23753.35,23756.15,23747.7,23751.1,0
2026-05-14 13:57:00+05:30,23751.1,23753.7,23745.6,23751.55,0
2026-05-14 13:56:00+05:30,23752.2,23755.1,23746.2,23750.3,0
2026-05-14 13:55:00+05:30,23749.95,23751.05,23738.2,23750.65,0
2026-05-14 13:54:00+05:30,23732.25,23749.75,23727.25,23747.85,0
2026-05-14 13:53:00+05:30,23735.7,23739.45,23725.95,23730.85,0
2026-05-14 13:52:00+05:30,23743.3,23743.3,23732.4,23734.1,0
2026-05-14 13:51:00+05:30,23751.7,23753.5,23739.95,23742.45,0
2026-05-14 13:50:00+05:30,23742.5,23749.9,23739.15,23749.9,0
2026-05-14 13:49:00+05:30,23740.15,23748.8,23738.15,23740.9,0
2026-05-14 13:48:00+05:30,23744.15,23744.15,23735.45,23739.05,0
2026-05-14 13:47:00+05:30,23747.5,23748.75,23741.2,23741.3,0
2026-05-14 13:46:00+05:30,23755.65,23759.15,23744.85,23744.85,0
2026-05-14 13:45:00+05:30,23753.8,23763.65,23752.15,23753.55,0
2026-05-14 13:44:00+05:30,23749.85,23753.1,23745.2,23752.55,0
2026-05-14 13:43:00+05:30,23742.9,23752.25,23740.5,23749.4,0
2026-05-14 13:42:00+05:30,23745.35,23751.1,23739.2,23742.2,0
2026-05-14 13:41:00+05:30,23758.55,23758.6,23743.9,23744.2,0
2026-05-14 13:40:00+05:30,23740.55,23757.75,23738.05,23757.45,0
2026-05-14 13:39:00+05:30,23756.55,23756.55,23738.0,23739.25,0
2026-05-14 13:38:00+05:30,23758.25,23760.25,23752.8,23755.8,0
2026-05-14 13:37:00+05:30,23752.55,23760.45,23750.9,23757.05,0
2026-05-14 13:36:00+05:30,23743.75,23751.9,23740.25,23750.75,0
2026-05-14 13:35:00+05:30,23741.3,23743.5,23735.75,23741.65,0
2026-05-14 13:34:00+05:30,23735.95,23739.55,23731.3,23737.85,0
2026-05-14 13:33:00+05:30,23732.7,23738.9,23730.9,23735.95,0
2026-05-14 13:32:00+05:30,23730.3,23734.75,23724.85,23731.35,0
2026-05-14 13:31:00+05:30,23725.65,23731.2,23722.8,23728.9,0
2026-05-14 13:30:00+05:30,23718.1,23724.9,23709.3,23724.8,0
2026-05-14 13:29:00+05:30,23725.7,23729.5,23711.8,23715.15,0
2026-05-14 13:28:00+05:30,23723.6,23728.4,23717.5,23724.4,0
2026-05-14 13:27:00+05:30,23723.95,23724.2,23718.05,23720.35,0
2026-05-14 13:26:00+05:30,23718.15,23725.25,23716.25,23721.0,0
2026-05-14 13:25:00+05:30,23711.9,23718.4,23709.9,23716.7,0
2026-05-14 13:24:00+05:30,23723.35,23724.35,23710.65,23710.75,0
2026-05-14 13:23:00+05:30,23716.9,23727.3,23713.45,23721.25,0
2026-05-14 13:22:00+05:30,23722.2,23725.75,23714.35,23715.15,0
2026-05-14 13:21:00+05:30,23719.85,23724.75,23715.0,23721.7,0
2026-05-14 13:20:00+05:30,23722.15,23722.4,23712.15,23717.1,0
2026-05-14 13:19:00+05:30,23714.35,23724.55,23709.8,23721.15,0
2026-05-14 13:18:00+05:30,23722.85,23726.35,23711.4,23712.15,0
2026-05-14 13:17:00+05:30,23728.95,23732.85,23718.15,23721.9,0
2026-05-14 13:16:00+05:30,23722.6,23728.9,23719.75,23728.1,0
2026-05-14 13:15:00+05:30,23715.25,23721.25,23709.65,23720.75,0
2026-05-14 13:14:00+05:30,23715.45,23720.95,23707.4,23713.55,0
2026-05-14 13:13:00+05:30,23719.15,23722.85,23710.3,23713.9,0
2026-05-14 13:12:00+05:30,23701.6,23718.35,23698.0,23717.15,0
2026-05-14 13:11:00+05:30,23709.4,23709.4,23695.9,23699.5,0
2026-05-14 13:10:00+05:30,23723.4,23726.7,23708.15,23708.35,0
2026-05-14 13:09:00+05:30,23725.4,23728.1,23721.55,23722.75,0
2026-05-14 13:08:00+05:30,23734.25,23734.25,23723.1,23723.1,0
2026-05-14 13:07:00+05:30,23735.1,23736.2,23729.85,23733.3,0
2026-05-14 13:06:00+05:30,23744.1,23744.25,23730.75,23732.85,0
2026-05-14 13:05:00+05:30,23739.45,23747.8,23738.05,23742.35,0
2026-05-14 13:04:00+05:30,23727.2,23739.65,23727.2,23738.45,0
2026-05-14 13:03:00+05:30,23718.95,23726.4,23717.3,23726.25,0
2026-05-14 13:02:00+05:30,23706.35,23718.2,23697.4,23716.35,0
2026-05-14 13:01:00+05:30,23707.35,23707.55,23699.2,23705.35,0
2026-05-14 13:00:00+05:30,23690.2,23708.35,23689.3,23706.6,0
2026-05-14 12:59:00+05:30,23695.2,23696.0,23688.1,23689.0,0
2026-05-14 12:58:00+05:30,23694.0,23697.1,23688.65,23694.95,0
2026-05-14 12:57:00+05:30,23680.85,23694.0,23679.65,23692.6,0
2026-05-14 12:56:00+05:30,23686.05,23686.05,23676.65,23679.1,0
2026-05-14 12:55:00+05:30,23686.15,23692.5,23684.2,23684.35,0
2026-05-14 12:54:00+05:30,23681.9,23688.3,23679.95,23684.95,0
2026-05-14 12:53:00+05:30,23682.0,23682.4,23675.8,23680.9,0
2026-05-14 12:52:00+05:30,23692.65,23693.2,23677.7,23680.65,0
2026-05-14 12:51:00+05:30,23703.05,23704.2,23693.2,23693.2,0
2026-05-14 12:50:00+05:30,23711.75,23711.75,23696.5,23700.95,0
2026-05-14 12:49:00+05:30,23706.85,23713.0,23706.6,23710.55,0
2026-05-14 12:48:00+05:30,23706.1,23708.65,23702.6,23705.7,0
2026-05-14 12:47:00+05:30,23685.6,23705.35,23685.2,23704.2,0
2026-05-14 12:46:00+05:30,23702.6,23707.8,23684.15,23684.65,0
2026-05-14 12:45:00+05:30,23703.35,23708.1,23698.95,23701.7,0
2026-05-14 12:44:00+05:30,23686.35,23702.9,23684.95,23701.7,0
2026-05-14 12:43:00+05:30,23685.4,23687.05,23681.6,23684.8,0
2026-05-14 12:42:00+05:30,23676.5,23684.5,23673.1,23683.5,0
2026-05-14 12:41:00+05:30,23679.0,23682.0,23674.0,23674.8,0
2026-05-14 12:40:00+05:30,23679.45,23683.95,23676.9,23678.35,0
2026-05-14 12:39:00+05:30,23679.1,23679.1,23667.45,23677.35,0
2026-05-14 12:38:00+05:30,23679.9,23684.45,23678.05,23678.25,0
2026-05-14 12:37:00+05:30,23687.75,23687.75,23677.05,23678.1,0
2026-05-14 12:36:00+05:30,23686.35,23690.15,23684.35,23686.1,0
2026-05-14 12:35:00+05:30,23682.4,23685.35,23675.35,23684.85,0
2026-05-14 12:34:00+05:30,23690.0,23690.75,23681.6,23682.7,0
2026-05-14 12:33:00+05:30,23691.6,23692.05,23684.8,23689.0,0
2026-05-14 12:32:00+05:30,23687.85,23693.3,23684.2,23689.95,0
2026-05-14 12:31:00+05:30,23691.1,23691.1,23679.2,23686.5,0
2026-05-14 12:30:00+05:30,23695.2,23701.25,23689.5,23690.35,0
2026-05-14 12:29:00+05:30,23707.0,23708.3,23691.45,23692.65,0
2026-05-14 12:28:00+05:30,23693.8,23706.05,23693.2,23705.5,0
2026-05-14 12:27:00+05:30,23696.65,23702.9,23691.75,23692.05,0
2026-05-14 12:26:00+05:30,23693.0,23697.4,23688.2,23695.5,0
2026-05-14 12:25:00+05:30,23697.9,23699.8,23691.0,23691.4,0
2026-05-14 12:24:00+05:30,23693.15,23699.1,23690.5,23696.25,0
2026-05-14 12:23:00+05:30,23690.0,23692.65,23680.45,23692.65,0
2026-05-14 12:22:00+05:30,23683.2,23689.35,23681.2,23689.2,0
2026-05-14 12:21:00+05:30,23688.9,23693.75,23682.6,23683.2,0
2026-05-14 12:20:00+05:30,23682.6,23696.0,23680.2,23687.65,0
2026-05-14 12:19:00+05:30,23700.45,23700.45,23680.15,23681.65,0
2026-05-14 12:18:00+05:30,23707.4,23708.1,23697.85,23699.85,0
2026-05-14 12:17:00+05:30,23690.6,23707.45,23689.55,23706.3,0
2026-05-14 12:16:00+05:30,23677.95,23690.15,23676.5,23689.8,0
2026-05-14 12:15:00+05:30,23667.95,23682.7,23667.2,23675.85,0
2026-05-14 12:14:00+05:30,23648.5,23668.25,23645.55,23667.4,0
2026-05-14 12:13:00+05:30,23646.25,23649.3,23641.15,23646.8,0
2026-05-14 12:12:00+05:30,23651.05,23653.2,23643.6,23644.15,0
2026-05-14 12:11:00+05:30,23641.35,23652.9,23636.45,23650.5,0
2026-05-14 12:10:00+05:30,23651.95,23653.75,23636.85,23638.8,0
2026-05-14 12:09:00+05:30,23666.4,23667.15,23645.85,23650.65,0
2026-05-14 12:08:00+05:30,23669.1,23669.1,23658.45,23665.25,0
2026-05-14 12:07:00+05:30,23653.3,23669.3,23649.9,23667.6,0
2026-05-14 12:06:00+05:30,23655.9,23655.9,23646.4,23652.25,0
2026-05-14 12:05:00+05:30,23653.45,23658.25,23647.1,23654.95,0
2026-05-14 12:04:00+05:30,23653.75,23655.45,23645.95,23650.6,0
2026-05-14 12:03:00+05:30,23667.3,23667.3,23651.2,23651.2,0
2026-05-14 12:02:00+05:30,23658.95,23665.55,23653.45,23664.7,0
2026-05-14 12:01:00+05:30,23668.7,23673.15,23658.0,23658.0,0
2026-05-14 12:00:00+05:30,23685.55,23685.55,23666.6,23668.3,0
2026-05-14 11:59:00+05:30,23681.95,23689.3,23679.55,23684.6,0
2026-05-14 11:58:00+05:30,23685.7,23689.0,23678.8,23679.4,0
2026-05-14 11:57:00+05:30,23682.5,23688.35,23679.25,23684.65,0
2026-05-14 11:56:00+05:30,23672.3,23687.55,23668.8,23681.0,0
2026-05-14 11:55:00+05:30,23675.45,23685.65,23666.9,23670.6,0
2026-05-14 11:54:00+05:30,23681.45,23681.45,23669.4,23673.75,0
2026-05-14 11:53:00+05:30,23692.15,23692.15,23679.6,23680.4,0
2026-05-14 11:52:00+05:30,23690.85,23702.5,23688.35,23691.1,0
2026-05-14 11:51:00+05:30,23688.75,23695.45,23676.8,23689.4,0
2026-05-14 11:50:00+05:30,23683.35,23687.65,23671.7,23687.55,0
2026-05-14 11:49:00+05:30,23675.15,23683.55,23673.25,23681.25,0
2026-05-14 11:48:00+05:30,23668.65,23675.7,23664.95,23673.95,0
2026-05-14 11:47:00+05:30,23655.9,23669.5,23655.05,23667.85,0
2026-05-14 11:46:00+05:30,23655.25,23655.6,23645.05,23654.95,0
2026-05-14 11:45:00+05:30,23670.7,23682.7,23651.55,23652.65,0
2026-05-14 11:44:00+05:30,23652.45,23669.45,23651.2,23668.6,0
2026-05-14 11:43:00+05:30,23658.95,23660.6,23643.3,23651.4,0
2026-05-14 11:42:00+05:30,23647.5,23659.55,23646.55,23657.0,0
2026-05-14 11:41:00+05:30,23627.45,23656.75,23626.2,23646.7,0
2026-05-14 11:40:00+05:30,23629.15,23629.85,23612.25,23626.85,0
2026-05-14 11:39:00+05:30,23620.55,23634.2,23618.05,23628.05,0
2026-05-14 11:38:00+05:30,23611.05,23618.85,23607.75,23618.25,0
2026-05-14 11:37:00+05:30,23614.65,23616.9,23600.9,23609.1,0
2026-05-14 11:36:00+05:30,23621.2,23626.6,23612.75,23613.4,0
2026-05-14 11:35:00+05:30,23605.3,23621.2,23603.7,23618.2,0
2026-05-14 11:34:00+05:30,23603.85,23610.35,23601.4,23604.65,0
2026-05-14 11:33:00+05:30,23585.7,23605.6,23584.35,23602.65,0
2026-05-14 11:32:00+05:30,23586.7,23589.1,23577.55,23583.8,0
2026-05-14 11:31:00+05:30,23578.45,23585.65,23569.95,23584.9,0
2026-05-14 11:30:00+05:30,23568.5,23578.3,23566.6,23576.15,0
2026-05-14 11:29:00+05:30,23574.1,23577.8,23560.65,23567.4,0
2026-05-14 11:28:00+05:30,23549.05,23574.75,23544.5,23574.6,0
2026-05-14 11:27:00+05:30,23521.1,23548.85,23520.95,23545.8,0
2026-05-14 11:26:00+05:30,23533.3,23535.95,23514.05,23518.7,0
2026-05-14 11:25:00+05:30,23545.7,23545.7,23530.45,23530.65,0
2026-05-14 11:24:00+05:30,23537.05,23549.25,23536.55,23543.15,0
2026-05-14 11:23:00+05:30,23530.0,23536.6,23525.65,23535.15,0
2026-05-14 11:22:00+05:30,23522.5,23530.35,23521.85,23528.95,0
2026-05-14 11:21:00+05:30,23507.85,23521.1,23505.7,23520.9,0
2026-05-14 11:20:00+05:30,23503.85,23506.85,23500.7,23506.85,0
2026-05-14 11:19:00+05:30,23494.6,23502.95,23490.45,23502.95,0
2026-05-14 11:18:00+05:30,23484.05,23496.05,23483.15,23492.9,0
2026-05-14 11:17:00+05:30,23478.2,23482.5,23475.5,23480.65,0
2026-05-14 11:16:00+05:30,23475.5,23477.85,23464.05,23477.05,0
2026-05-14 11:15:00+05:30,23459.85,23475.15,23459.0,23473.15,0
2026-05-14 11:14:00+05:30,23451.05,23461.35,23449.55,23459.15,0
2026-05-14 11:13:00+05:30,23456.7,23456.7,23444.75,23449.7,0
2026-05-14 11:12:00+05:30,23452.5,23457.5,23451.9,23456.2,0
2026-05-14 11:11:00+05:30,23445.0,23452.25,23440.65,23452.0,0
2026-05-14 11:10:00+05:30,23433.45,23444.5,23429.7,23443.2,0
2026-05-14 11:09:00+05:30,23433.95,23434.9,23427.85,23432.1,0
2026-05-14 11:08:00+05:30,23440.0,23440.0,23428.35,23433.25,0
2026-05-14 11:07:00+05:30,23444.15,23444.6,23434.35,23437.7,0
2026-05-14 11:06:00+05:30,23441.0,23446.4,23438.15,23442.9,0
2026-05-14 11:05:00+05:30,23435.95,23440.2,23433.1,23439.45,0
2026-05-14 11:04:00+05:30,23441.85,23443.8,23434.3,23435.25,0
2026-05-14 11:03:00+05:30,23435.2,23444.15,23435.05,23440.65,0
2026-05-14 11:02:00+05:30,23437.35,23439.05,23433.3,23434.35,0
2026-05-14 11:01:00+05:30,23439.85,23440.0,23435.95,23436.2,0
2026-05-14 11:00:00+05:30,23432.9,23442.7,23431.65,23438.85,0
2026-05-14 10:59:00+05:30,23442.2,23442.6,23430.45,23430.45,0
2026-05-14 10:58:00+05:30,23441.2,23444.0,23434.35,23441.45,0
2026-05-14 10:57:00+05:30,23453.35,23453.35,23438.5,23438.5,0
2026-05-14 10:56:00+05:30,23469.85,23471.15,23449.55,23452.4,0
2026-05-14 10:55:00+05:30,23473.3,23473.75,23462.5,23468.6,0
2026-05-14 10:54:00+05:30,23471.2,23480.6,23470.65,23473.0,0
2026-05-14 10:53:00+05:30,23472.35,23474.05,23465.9,23470.0,0
2026-05-14 10:52:00+05:30,23462.15,23470.55,23461.3,23470.35,0
2026-05-14 10:51:00+05:30,23457.55,23468.5,23453.7,23460.45,0
2026-05-14 10:50:00+05:30,23439.0,23456.5,23426.55,23456.3,0
2026-05-14 10:49:00+05:30,23456.6,23456.6,23436.05,23437.2,0
2026-05-14 10:48:00+05:30,23462.6,23463.5,23450.5,23455.0,0
2026-05-14 10:47:00+05:30,23474.25,23474.25,23460.65,23461.85,0
2026-05-14 10:46:00+05:30,23481.45,23482.25,23472.45,23472.95,0
2026-05-14 10:45:00+05:30,23495.6,23495.6,23473.7,23482.15,0
2026-05-14 10:44:00+05:30,23503.05,23504.35,23496.8,23497.25,0
2026-05-14 10:43:00+05:30,23518.0,23518.0,23499.25,23502.15,0
2026-05-14 10:42:00+05:30,23522.15,23525.4,23516.55,23516.75,0
2026-05-14 10:41:00+05:30,23529.25,23529.95,23520.1,23521.25,0
2026-05-14 10:40:00+05:30,23530.55,23533.25,23524.5,23528.85,0
2026-05-14 10:39:00+05:30,23532.95,23534.7,23527.2,23529.4,0
2026-05-14 10:38:00+05:30,23533.8,23536.55,23528.7,23531.75,0
2026-05-14 10:37:00+05:30,23536.45,23536.6,23531.05,23532.25,0
2026-05-14 10:36:00+05:30,23531.75,23537.5,23526.1,23535.3,0
2026-05-14 10:35:00+05:30,23520.2,23533.35,23519.4,23530.4,0
2026-05-14 10:34:00+05:30,23511.9,23519.4,23505.8,23519.05,0
2026-05-14 10:33:00+05:30,23508.3,23511.35,23504.9,23509.4,0
2026-05-14 10:32:00+05:30,23509.85,23510.0,23504.05,23506.05,0
2026-05-14 10:31:00+05:30,23512.35,23512.6,23504.05,23509.05,0
2026-05-14 10:30:00+05:30,23507.65,23512.4,23505.25,23510.2,0
2026-05-14 10:29:00+05:30,23517.45,23517.45,23505.6,23506.4,0
2026-05-14 10:28:00+05:30,23510.6,23517.5,23507.55,23516.75,0
2026-05-14 10:27:00+05:30,23505.75,23510.5,23501.3,23510.1,0
2026-05-14 10:26:00+05:30,23497.15,23506.6,23492.95,23505.0,0
2026-05-14 10:25:00+05:30,23495.95,23498.5,23491.9,23496.15,0
2026-05-14 10:24:00+05:30,23486.4,23495.8,23484.65,23494.55,0
2026-05-14 10:23:00+05:30,23478.4,23487.55,23473.25,23484.4,0
2026-05-14 10:22:00+05:30,23487.5,23489.1,23476.85,23476.85,0
2026-05-14 10:21:00+05:30,23496.6,23496.6,23483.7,23485.15,0
2026-05-14 10:20:00+05:30,23515.35,23516.25,23495.95,23495.95,0
2026-05-14 10:19:00+05:30,23502.7,23513.7,23500.4,23513.7,0
2026-05-14 10:18:00+05:30,23505.2,23509.65,23497.55,23501.65,0
2026-05-14 10:17:00+05:30,23485.2,23505.7,23482.6,23505.1,0
2026-05-14 10:16:00+05:30,23491.0,23491.0,23481.35,23484.95,0
2026-05-14 10:15:00+05:30,23496.8,23496.8,23488.3,23491.45,0
2026-05-14 10:14:00+05:30,23485.05,23496.35,23482.15,23495.8,0
2026-05-14 10:13:00+05:30,23486.85,23494.65,23483.2,23483.3,0
2026-05-14 10:12:00+05:30,23488.5,23490.7,23481.25,23485.35,0
2026-05-14 10:11:00+05:30,23477.1,23488.6,23472.2,23488.6,0
2026-05-14 10:10:00+05:30,23483.85,23484.1,23475.45,23475.85,0
2026-05-14 10:09:00+05:30,23464.45,23487.4,23459.65,23484.95,0
2026-05-14 10:08:00+05:30,23470.3,23472.5,23461.7,23462.4,0
2026-05-14 10:07:00+05:30,23468.75,23474.15,23464.75,23469.6,0
2026-05-14 10:06:00+05:30,23484.95,23484.95,23465.7,23465.8,0
2026-05-14 10:05:00+05:30,23483.8,23490.35,23482.45,23483.8,0
2026-05-14 10:04:00+05:30,23487.35,23488.0,23478.1,23482.55,0
2026-05-14 10:03:00+05:30,23490.8,23492.6,23482.8,23485.85,0
2026-05-14 10:02:00+05:30,23471.6,23489.4,23471.2,23489.4,0
2026-05-14 10:01:00+05:30,23457.8,23470.55,23456.45,23470.55,0
2026-05-14 10:00:00+05:30,23466.1,23468.75,23455.45,23455.45,0
2026-05-14 09:59:00+05:30,23450.8,23465.7,23446.7,23464.45,0
2026-05-14 09:58:00+05:30,23468.25,23468.7,23447.85,23447.95,0
2026-05-14 09:57:00+05:30,23462.9,23469.15,23452.85,23467.15,0
2026-05-14 09:56:00+05:30,23470.55,23475.35,23459.45,23461.2,0
2026-05-14 09:55:00+05:30,23473.2,23479.35,23464.4,23468.0,0
2026-05-14 09:54:00+05:30,23482.1,23483.0,23468.65,23471.45,0
2026-05-14 09:53:00+05:30,23497.1,23497.1,23478.0,23478.35,0
2026-05-14 09:52:00+05:30,23498.3,23502.8,23496.25,23496.4,0
2026-05-14 09:51:00+05:30,23495.2,23500.7,23492.5,23496.45,0
2026-05-14 09:50:00+05:30,23494.05,23498.35,23489.15,23494.0,0
2026-05-14 09:49:00+05:30,23498.25,23498.25,23490.2,23492.65,0
2026-05-14 09:48:00+05:30,23517.4,23518.45,23495.25,23497.05,0
2026-05-14 09:47:00+05:30,23519.65,23526.25,23515.3,23516.45,0
2026-05-14 09:46:00+05:30,23518.4,23532.95,23514.85,23517.35,0
2026-05-14 09:45:00+05:30,23499.0,23516.45,23496.45,23515.8,0
2026-05-14 09:44:00+05:30,23506.75,23509.05,23493.8,23496.8,0
2026-05-14 09:43:00+05:30,23505.4,23512.5,23504.3,23505.35,0
2026-05-14 09:42:00+05:30,23512.95,23512.95,23502.35,23503.55,0
2026-05-14 09:41:00+05:30,23521.05,23521.25,23511.05,23511.1,0
2026-05-14 09:40:00+05:30,23525.75,23526.3,23517.15,23518.25,0
2026-05-14 09:39:00+05:30,23541.85,23541.85,23523.85,23524.5,0
2026-05-14 09:38:00+05:30,23553.75,23553.75,23538.7,23540.85,0
2026-05-14 09:37:00+05:30,23551.7,23553.5,23538.95,23552.6,0
2026-05-14 09:36:00+05:30,23562.9,23569.95,23549.3,23550.3,0
2026-05-14 09:35:00+05:30,23565.5,23565.55,23557.3,23560.65,0
2026-05-14 09:34:00+05:30,23577.55,23580.25,23562.8,23564.3,0
2026-05-14 09:33:00+05:30,23577.25,23581.8,23573.1,23576.15,0
2026-05-14 09:32:00+05:30,23580.0,23580.0,23570.05,23574.65,0
2026-05-14 09:31:00+05:30,23573.45,23579.85,23570.55,23577.85,0
2026-05-14 09:30:00+05:30,23581.35,23586.2,23571.8,23573.9,0
2026-05-14 09:29:00+05:30,23573.8,23589.2,23573.3,23581.3,0
2026-05-14 09:28:00+05:30,23571.15,23576.9,23567.65,23573.95,0
2026-05-14 09:27:00+05:30,23578.5,23580.3,23568.3,23571.0,0
2026-05-14 09:26:00+05:30,23567.3,23581.25,23564.55,23578.25,0
2026-05-14 09:25:00+05:30,23569.7,23575.3,23564.3,23567.25,0
2026-05-14 09:24:00+05:30,23566.65,23570.3,23556.8,23569.45,0
2026-05-14 09:23:00+05:30,23568.7,23572.3,23560.0,23566.85,0
2026-05-14 09:22:00+05:30,23559.5,23575.65,23558.4,23567.95,0
2026-05-14 09:21:00+05:30,23558.55,23573.75,23554.35,23558.5,0
2026-05-14 09:20:00+05:30,23549.9,23571.4,23548.9,23557.3,0
2026-05-14 09:19:00+05:30,23558.4,23560.95,23548.6,23550.05,0
2026-05-14 09:18:00+05:30,23568.65,23581.5,23558.95,23560.0,0
2026-05-14 09:17:00+05:30,23540.35,23567.95,23535.3,23567.25,0
2026-05-14 09:16:00+05:30,23536.05,23563.9,23515.6,23541.5,0
2026-05-14 09:15:00+05:30,23530.25,23570.85,23530.25,23534.35,0
2026-05-13 15:29:00+05:30,23422.65,23436.95,23420.0,23428.7,0
2026-05-13 15:28:00+05:30,23411.15,23423.05,23404.9,23421.15,0
2026-05-13 15:27:00+05:30,23412.4,23413.3,23403.0,23410.3,0
2026-05-13 15:26:00+05:30,23403.9,23415.25,23403.4,23412.55,0
2026-05-13 15:25:00+05:30,23397.35,23406.2,23397.35,23405.5,0
2026-05-13 15:24:00+05:30,23398.4,23401.55,23394.4,23398.25,0
2026-05-13 15:23:00+05:30,23396.0,23401.2,23394.35,23399.7,0
2026-05-13 15:22:00+05:30,23400.45,23403.7,23395.25,23396.45,0
2026-05-13 15:21:00+05:30,23405.35,23407.15,23399.95,23401.85,0
2026-05-13 15:20:00+05:30,23412.55,23414.85,23404.5,23405.9,0
2026-05-13 15:19:00+05:30,23415.85,23417.95,23411.75,23412.7,0
2026-05-13 15:18:00+05:30,23418.6,23420.25,23413.65,23416.7,0
2026-05-13 15:17:00+05:30,23422.7,23425.2,23418.5,23419.5,0
2026-05-13 15:16:00+05:30,23421.25,23428.25,23421.15,23424.15,0
2026-05-13 15:15:00+05:30,23425.4,23428.15,23417.15,23422.4,0
2026-05-13 15:14:00+05:30,23414.55,23426.25,23412.85,23425.7,0
2026-05-13 15:13:00+05:30,23407.15,23415.3,23407.15,23415.3,0
2026-05-13 15:12:00+05:30,23407.55,23412.15,23405.9,23407.55,0
2026-05-13 15:11:00+05:30,23413.15,23418.3,23405.0,23408.2,0
2026-05-13 15:10:00+05:30,23423.35,23424.95,23408.0,23414.15,0
2026-05-13 15:09:00+05:30,23407.0,23425.7,23407.0,23423.95,0
2026-05-13 15:08:00+05:30,23412.05,23412.85,23402.85,23407.85,0
2026-05-13 15:07:00+05:30,23410.45,23415.45,23410.05,23412.35,0
2026-05-13 15:06:00+05:30,23407.15,23412.3,23404.4,23410.75,0
2026-05-13 15:05:00+05:30,23418.8,23421.25,23406.25,23407.6,0
2026-05-13 15:04:00+05:30,23432.05,23434.25,23417.9,23418.3,0
2026-05-13 15:03:00+05:30,23420.05,23434.35,23416.25,23433.05,0
2026-05-13 15:02:00+05:30,23423.75,23426.1,23418.45,23421.0,0
2026-05-13 15:01:00+05:30,23434.3,23439.6,23423.3,23426.0,0
2026-05-13 15:00:00+05:30,23476.75,23478.7,23432.65,23435.65,0
2026-05-13 14:59:00+05:30,23483.25,23483.95,23474.65,23479.2,0
2026-05-13 14:58:00+05:30,23478.15,23483.85,23477.3,23483.3,0
2026-05-13 14:57:00+05:30,23479.0,23484.2,23476.45,23478.65,0
2026-05-13 14:56:00+05:30,23479.55,23482.25,23474.25,23479.4,0
2026-05-13 14:55:00+05:30,23483.95,23486.65,23477.95,23479.95,0
2026-05-13 14:54:00+05:30,23483.05,23487.5,23480.6,23485.1,0
2026-05-13 14:53:00+05:30,23481.35,23486.6,23478.75,23483.2,0
2026-05-13 14:52:00+05:30,23479.2,23483.2,23477.35,23481.5,0
2026-05-13 14:51:00+05:30,23488.65,23490.85,23469.55,23479.2,0
2026-05-13 14:50:00+05:30,23482.7,23490.05,23477.9,23488.8,0
2026-05-13 14:49:00+05:30,23476.0,23484.35,23474.95,23482.85,0
2026-05-13 14:48:00+05:30,23476.55,23484.2,23475.35,23476.1,0
2026-05-13 14:47:00+05:30,23477.35,23483.75,23474.95,23477.3,0
2026-05-13 14:46:00+05:30,23448.55,23478.7,23446.65,23478.7,0
2026-05-13 14:45:00+05:30,23468.2,23468.3,23448.3,23448.4,0
2026-05-13 14:44:00+05:30,23487.4,23489.1,23465.2,23467.5,0
2026-05-13 14:43:00+05:30,23480.35,23489.4,23478.75,23488.1,0
2026-05-13 14:42:00+05:30,23485.2,23495.4,23480.8,23481.6,0
2026-05-13 14:41:00+05:30,23480.95,23485.05,23472.4,23484.85,0
2026-05-13 14:40:00+05:30,23499.7,23501.5,23481.8,23481.8,0
2026-05-13 14:39:00+05:30,23502.0,23504.4,23498.4,23500.15,0
2026-05-13 14:38:00+05:30,23496.4,23504.0,23491.8,23502.7,0
2026-05-13 14:37:00+05:30,23489.4,23496.3,23487.7,23496.3,0
2026-05-13 14:36:00+05:30,23494.8,23498.75,23488.35,23489.5,0
2026-05-13 14:35:00+05:30,23497.4,23503.0,23490.9,23495.1,0
2026-05-13 14:34:00+05:30,23492.35,23498.55,23491.0,23498.15,0
2026-05-13 14:33:00+05:30,23499.25,23502.9,23491.7,23491.7,0
2026-05-13 14:32:00+05:30,23500.6,23502.95,23498.25,23499.55,0
2026-05-13 14:31:00+05:30,23491.2,23500.6,23490.2,23500.6,0
2026-05-13 14:30:00+05:30,23491.05,23496.75,23491.05,23492.2,0
2026-05-13 14:29:00+05:30,23494.8,23498.35,23489.8,23491.35,0
2026-05-13 14:28:00+05:30,23488.55,23496.05,23488.45,23494.9,0
2026-05-13 14:27:00+05:30,23492.95,23493.9,23481.4,23488.25,0
2026-05-13 14:26:00+05:30,23494.55,23497.85,23488.0,23493.8,0
2026-05-13 14:25:00+05:30,23509.5,23516.35,23495.9,23496.8,0
2026-05-13 14:24:00+05:30,23491.9,23514.3,23491.9,23510.55,0
2026-05-13 14:23:00+05:30,23481.5,23491.2,23477.9,23491.15,0
2026-05-13 14:22:00+05:30,23474.45,23483.8,23474.45,23481.85,0
2026-05-13 14:21:00+05:30,23471.85,23480.85,23469.8,23474.35,0
2026-05-13 14:20:00+05:30,23482.35,23484.2,23471.6,23471.85,0
2026-05-13 14:19:00+05:30,23490.05,23492.45,23483.25,23483.45,0
2026-05-13 14:18:00+05:30,23514.4,23514.4,23487.6,23490.05,0
2026-05-13 14:17:00+05:30,23513.6,23518.45,23513.05,23514.2,0
2026-05-13 14:16:00+05:30,23517.6,23520.35,23512.4,23515.15,0
2026-05-13 14:15:00+05:30,23516.5,23522.4,23515.25,23517.5,0
2026-05-13 14:14:00+05:30,23518.35,23519.85,23514.1,23516.8,0
2026-05-13 14:13:00+05:30,23521.65,23525.0,23516.1,23519.3,0
2026-05-13 14:12:00+05:30,23509.25,23523.5,23507.95,23522.15,0
2026-05-13 14:11:00+05:30,23517.3,23517.8,23507.65,23509.3,0
2026-05-13 14:10:00+05:30,23512.9,23519.3,23512.55,23517.5,0
2026-05-13 14:09:00+05:30,23506.0,23513.45,23506.0,23513.0,0
2026-05-13 14:08:00+05:30,23494.85,23508.6,23494.8,23506.15,0
2026-05-13 14:07:00+05:30,23499.55,23506.65,23493.3,23495.15,0
2026-05-13 14:06:00+05:30,23495.35,23499.9,23493.25,23498.7,0
2026-05-13 14:05:00+05:30,23489.85,23498.85,23489.85,23496.1,0
2026-05-13 14:04:00+05:30,23494.55,23495.35,23481.8,23490.15,0
2026-05-13 14:03:00+05:30,23493.25,23500.6,23493.0,23494.9,0
2026-05-13 14:02:00+05:30,23493.8,23496.7,23490.75,23493.5,0
2026-05-13 14:01:00+05:30,23504.9,23508.1,23489.4,23493.7,0
2026-05-13 14:00:00+05:30,23499.85,23512.3,23497.05,23506.3,0
2026-05-13 13:59:00+05:30,23492.5,23500.85,23492.4,23499.8,0
2026-05-13 13:58:00+05:30,23501.75,23506.15,23491.8,23492.35,0
2026-05-13 13:57:00+05:30,23494.75,23503.65,23493.75,23501.6,0
2026-05-13 13:56:00+05:30,23481.85,23494.7,23480.25,23494.1,0
2026-05-13 13:55:00+05:30,23508.0,23509.6,23481.75,23483.15,0
2026-05-13 13:54:00+05:30,23510.0,23513.65,23507.5,23508.0,0
2026-05-13 13:53:00+05:30,23515.05,23515.35,23509.3,23510.35,0
2026-05-13 13:52:00+05:30,23517.65,23522.0,23514.15,23515.45,0
2026-05-13 13:51:00+05:30,23512.0,23521.6,23512.0,23517.8,0
2026-05-13 13:50:00+05:30,23510.75,23513.25,23507.1,23512.05,0
2026-05-13 13:49:00+05:30,23514.4,23516.95,23504.55,23511.75,0
2026-05-13 13:48:00+05:30,23530.05,23535.0,23513.55,23515.45,0
2026-05-13 13:47:00+05:30,23518.85,23530.05,23518.85,23529.95,0
2026-05-13 13:46:00+05:30,23525.35,23528.05,23517.55,23518.85,0
2026-05-13 13:45:00+05:30,23522.05,23532.05,23518.4,23524.55,0
2026-05-13 13:44:00+05:30,23528.1,23529.15,23520.8,23523.35,0
2026-05-13 13:43:00+05:30,23529.75,23534.75,23527.55,23527.55,0
2026-05-13 13:42:00+05:30,23537.1,23538.75,23527.0,23530.5,0
2026-05-13 13:41:00+05:30,23534.8,23538.6,23532.2,23537.2,0
2026-05-13 13:40:00+05:30,23535.9,23538.1,23531.85,23535.4,0
2026-05-13 13:39:00+05:30,23521.5,23536.85,23521.25,23535.55,0
2026-05-13 13:38:00+05:30,23518.5,23523.0,23518.0,23521.45,0
2026-05-13 13:37:00+05:30,23537.5,23538.0,23516.95,23519.4,0
2026-05-13 13:36:00+05:30,23535.15,23539.15,23533.75,23538.05,0
2026-05-13 13:35:00+05:30,23532.85,23536.4,23526.55,23535.55,0
2026-05-13 13:34:00+05:30,23532.9,23535.1,23526.9,23533.55,0
2026-05-13 13:33:00+05:30,23535.0,23540.5,23528.05,23533.3,0
2026-05-13 13:32:00+05:30,23514.2,23536.9,23513.8,23534.7,0
2026-05-13 13:31:00+05:30,23498.55,23516.05,23496.95,23514.25,0
2026-05-13 13:30:00+05:30,23492.05,23506.8,23492.05,23498.8,0
2026-05-13 13:29:00+05:30,23494.95,23499.55,23490.55,23496.75,0
2026-05-13 13:28:00+05:30,23508.85,23510.2,23495.85,23495.95,0
2026-05-13 13:27:00+05:30,23506.65,23512.7,23506.65,23509.15,0
2026-05-13 13:26:00+05:30,23502.7,23508.0,23498.2,23506.95,0
2026-05-13 13:25:00+05:30,23508.5,23510.55,23500.8,23502.95,0
2026-05-13 13:24:00+05:30,23506.85,23512.65,23504.65,23508.3,0
2026-05-13 13:23:00+05:30,23500.8,23511.75,23499.6,23507.15,0
2026-05-13 13:22:00+05:30,23500.55,23508.05,23500.55,23501.45,0
2026-05-13 13:21:00+05:30,23508.7,23509.35,23495.1,23500.7,0
2026-05-13 13:20:00+05:30,23505.15,23514.55,23504.05,23508.9,0
2026-05-13 13:19:00+05:30,23498.75,23509.85,23498.3,23505.1,0
2026-05-13 13:18:00+05:30,23506.2,23507.5,23494.4,23499.4,0
2026-05-13 13:17:00+05:30,23517.7,23520.2,23502.8,23506.45,0
2026-05-13 13:16:00+05:30,23523.25,23525.2,23514.65,23518.55,0
2026-05-13 13:15:00+05:30,23538.0,23538.95,23523.0,23523.6,0
2026-05-13 13:14:00+05:30,23542.1,23542.65,23534.8,23538.5,0
2026-05-13 13:13:00+05:30,23546.6,23547.8,23540.05,23542.5,0
2026-05-13 13:12:00+05:30,23541.2,23553.6,23541.15,23547.3,0
2026-05-13 13:11:00+05:30,23540.7,23542.85,23539.25,23541.25,0
2026-05-13 13:10:00+05:30,23531.5,23541.65,23530.1,23541.25,0
2026-05-13 13:09:00+05:30,23532.05,23539.8,23531.4,23532.45,0
2026-05-13 13:08:00+05:30,23537.75,23538.45,23528.3,23533.0,0
2026-05-13 13:07:00+05:30,23550.95,23552.1,23537.4,23537.65,0
2026-05-13 13:06:00+05:30,23551.8,23560.15,23550.6,23551.55,0
2026-05-13 13:05:00+05:30,23558.65,23561.95,23550.65,23553.05,0
2026-05-13 13:04:00+05:30,23567.05,23568.85,23558.15,23559.35,0
2026-05-13 13:03:00+05:30,23555.15,23572.3,23555.15,23567.65,0
2026-05-13 13:02:00+05:30,23560.35,23565.7,23549.35,23555.85,0
2026-05-13 13:01:00+05:30,23557.7,23563.0,23554.05,23561.05,0
2026-05-13 13:00:00+05:30,23578.1,23582.95,23553.3,23559.05,0
2026-05-13 12:59:00+05:30,23572.8,23579.6,23569.55,23577.95,0
2026-05-13 12:58:00+05:30,23572.05,23573.05,23566.75,23572.9,0
2026-05-13 12:57:00+05:30,23557.95,23575.55,23556.95,23572.65,0
2026-05-13 12:56:00+05:30,23540.05,23557.95,23540.05,23557.5,0
2026-05-13 12:55:00+05:30,23525.85,23542.9,23525.85,23540.15,0
2026-05-13 12:54:00+05:30,23501.9,23526.85,23501.9,23525.85,0
2026-05-13 12:53:00+05:30,23493.45,23504.25,23491.3,23502.05,0
2026-05-13 12:52:00+05:30,23481.8,23495.05,23478.85,23493.6,0
2026-05-13 12:51:00+05:30,23477.55,23483.15,23474.55,23482.05,0
2026-05-13 12:50:00+05:30,23468.2,23477.6,23467.65,23477.2,0
2026-05-13 12:49:00+05:30,23460.95,23469.15,23460.95,23468.45,0
2026-05-13 12:48:00+05:30,23462.55,23465.05,23460.15,23461.3,0
2026-05-13 12:47:00+05:30,23463.7,23469.75,23462.7,23463.15,0
2026-05-13 12:46:00+05:30,23459.3,23464.25,23454.6,23464.05,0
2026-05-13 12:45:00+05:30,23453.55,23461.4,23449.65,23459.65,0
2026-05-13 12:44:00+05:30,23455.0,23456.8,23453.1,23453.9,0
2026-05-13 12:43:00+05:30,23447.4,23455.85,23445.95,23455.05,0
2026-05-13 12:42:00+05:30,23424.0,23448.2,23424.0,23447.85,0
2026-05-13 12:41:00+05:30,23438.1,23439.05,23423.3,23424.3,0
2026-05-13 12:40:00+05:30,23465.0,23466.0,23437.9,23439.05,0
2026-05-13 12:39:00+05:30,23467.7,23470.4,23459.85,23465.25,0
2026-05-13 12:38:00+05:30,23461.85,23469.0,23460.4,23467.6,0
2026-05-13 12:37:00+05:30,23450.2,23467.6,23449.7,23461.6,0
2026-05-13 12:36:00+05:30,23463.2,23467.45,23449.5,23450.35,0
2026-05-13 12:35:00+05:30,23478.95,23484.25,23459.65,23463.5,0
2026-05-13 12:34:00+05:30,23476.65,23480.75,23475.1,23478.95,0
2026-05-13 12:33:00+05:30,23484.85,23485.9,23474.4,23476.3,0
2026-05-13 12:32:00+05:30,23488.35,23490.0,23482.65,23485.05,0
2026-05-13 12:31:00+05:30,23492.35,23497.05,23489.1,23489.1,0
2026-05-13 12:30:00+05:30,23489.5,23496.0,23489.5,23493.45,0
2026-05-13 12:29:00+05:30,23488.95,23491.25,23484.45,23491.0,0
2026-05-13 12:28:00+05:30,23492.1,23492.7,23484.5,23488.95,0
2026-05-13 12:27:00+05:30,23490.75,23495.9,23490.75,23492.35,0
2026-05-13 12:26:00+05:30,23486.4,23493.0,23481.75,23491.85,0
2026-05-13 12:25:00+05:30,23488.2,23491.35,23485.75,23486.85,0
2026-05-13 12:24:00+05:30,23487.25,23490.6,23484.55,23488.5,0
2026-05-13 12:23:00+05:30,23489.6,23491.4,23486.75,23488.15,0
2026-05-13 12:22:00+05:30,23491.95,23493.45,23487.3,23491.6,0
2026-05-13 12:21:00+05:30,23488.3,23493.0,23486.6,23492.25,0
2026-05-13 12:20:00+05:30,23497.15,23497.65,23483.65,23489.0,0
2026-05-13 12:19:00+05:30,23492.4,23501.4,23492.4,23497.95,0
2026-05-13 12:18:00+05:30,23480.75,23495.65,23479.05,23493.9,0
2026-05-13 12:17:00+05:30,23494.5,23498.15,23481.1,23481.1,0
2026-05-13 12:16:00+05:30,23510.5,23511.5,23491.0,23493.95,0
2026-05-13 12:15:00+05:30,23511.95,23518.7,23509.65,23511.5,0
2026-05-13 12:14:00+05:30,23505.35,23514.15,23505.35,23512.75,0
2026-05-13 12:13:00+05:30,23498.9,23507.6,23498.9,23506.45,0
2026-05-13 12:12:00+05:30,23495.35,23499.9,23494.55,23498.95,0
2026-05-13 12:11:00+05:30,23501.3,23503.1,23492.6,23495.5,0
2026-05-13 12:10:00+05:30,23496.85,23503.0,23493.05,23502.2,0
2026-05-13 12:09:00+05:30,23488.5,23498.6,23486.9,23497.7,0
2026-05-13 12:08:00+05:30,23494.55,23499.3,23488.7,23491.2,0
2026-05-13 12:07:00+05:30,23491.25,23495.85,23485.8,23495.6,0
2026-05-13 12:06:00+05:30,23483.1,23496.35,23483.1,23492.1,0
2026-05-13 12:05:00+05:30,23486.3,23491.35,23481.7,23483.95,0
2026-05-13 12:04:00+05:30,23482.1,23488.75,23482.1,23486.65,0
2026-05-13 12:03:00+05:30,23472.95,23483.8,23471.55,23482.6,0
2026-05-13 12:02:00+05:30,23475.3,23478.55,23471.55,23473.45,0
2026-05-13 12:01:00+05:30,23478.8,23485.15,23474.55,23475.9,0
2026-05-13 12:00:00+05:30,23465.45,23481.55,23465.45,23479.4,0
2026-05-13 11:59:00+05:30,23478.7,23481.6,23466.0,23466.1,0
2026-05-13 11:58:00+05:30,23479.0,23480.8,23471.25,23479.0,0
2026-05-13 11:57:00+05:30,23486.8,23488.85,23479.0,23480.75,0
2026-05-13 11:56:00+05:30,23487.25,23488.9,23480.25,23487.05,0
2026-05-13 11:55:00+05:30,23473.15,23488.1,23472.1,23487.5,0
2026-05-13 11:54:00+05:30,23477.85,23479.65,23472.85,23474.5,0
2026-05-13 11:53:00+05:30,23496.15,23498.0,23473.3,23478.55,0
2026-05-13 11:52:00+05:30,23490.95,23500.25,23490.95,23495.4,0
2026-05-13 11:51:00+05:30,23485.9,23491.7,23484.85,23491.2,0
2026-05-13 11:50:00+05:30,23481.95,23491.2,23477.3,23485.9,0
2026-05-13 11:49:00+05:30,23490.05,23491.55,23480.55,23482.55,0
2026-05-13 11:48:00+05:30,23488.1,23493.2,23482.55,23489.9,0
2026-05-13 11:47:00+05:30,23494.1,23500.3,23488.9,23489.45,0
2026-05-13 11:46:00+05:30,23499.95,23501.3,23494.35,23495.45,0
2026-05-13 11:45:00+05:30,23499.0,23509.9,23498.7,23501.45,0
2026-05-13 11:44:00+05:30,23490.9,23498.85,23486.7,23498.6,0
2026-05-13 11:43:00+05:30,23492.45,23497.25,23485.0,23489.9,0
2026-05-13 11:42:00+05:30,23476.8,23493.0,23476.25,23493.0,0
2026-05-13 11:41:00+05:30,23474.75,23480.05,23474.6,23476.4,0
2026-05-13 11:40:00+05:30,23468.6,23475.35,23466.6,23474.7,0
2026-05-13 11:39:00+05:30,23458.0,23468.5,23453.7,23468.5,0
2026-05-13 11:38:00+05:30,23446.7,23462.8,23446.7,23458.95,0
2026-05-13 11:37:00+05:30,23436.1,23448.7,23435.9,23446.85,0
2026-05-13 11:36:00+05:30,23414.65,23440.4,23413.65,23436.45,0
2026-05-13 11:35:00+05:30,23405.75,23415.8,23405.15,23414.3,0
2026-05-13 11:34:00+05:30,23401.6,23407.9,23401.5,23406.95,0
2026-05-13 11:33:00+05:30,23402.2,23405.35,23397.35,23401.9,0
2026-05-13 11:32:00+05:30,23408.3,23410.8,23402.25,23403.15,0
2026-05-13 11:31:00+05:30,23399.3,23409.95,23398.5,23409.9,0
2026-05-13 11:30:00+05:30,23399.85,23401.65,23395.7,23400.25,0
2026-05-13 11:29:00+05:30,23397.1,23405.25,23396.5,23399.0,0
2026-05-13 11:28:00+05:30,23398.7,23400.8,23393.0,23398.05,0
2026-05-13 11:27:00+05:30,23401.85,23405.75,23397.1,23399.2,0
2026-05-13 11:26:00+05:30,23403.95,23405.9,23399.4,23402.05,0
2026-05-13 11:25:00+05:30,23409.45,23410.7,23401.3,23404.15,0
2026-05-13 11:24:00+05:30,23399.75,23416.0,23399.4,23409.6,0
2026-05-13 11:23:00+05:30,23397.45,23403.1,23392.75,23399.15,0
2026-05-13 11:22:00+05:30,23402.65,23407.65,23398.7,23398.75,0
2026-05-13 11:21:00+05:30,23409.55,23410.35,23397.65,23402.55,0
2026-05-13 11:20:00+05:30,23409.25,23411.2,23406.6,23409.7,0
2026-05-13 11:19:00+05:30,23405.0,23412.05,23405.0,23409.4,0
2026-05-13 11:18:00+05:30,23399.95,23406.4,23395.95,23405.45,0
2026-05-13 11:17:00+05:30,23411.8,23412.3,23392.85,23400.35,0
2026-05-13 11:16:00+05:30,23409.75,23416.45,23409.4,23412.2,0
2026-05-13 11:15:00+05:30,23403.8,23411.55,23402.05,23409.7,0
2026-05-13 11:14:00+05:30,23390.3,23405.2,23387.9,23403.95,0
2026-05-13 11:13:00+05:30,23384.05,23394.8,23382.95,23390.5,0
2026-05-13 11:12:00+05:30,23396.5,23397.05,23383.1,23383.95,0
2026-05-13 11:11:00+05:30,23401.7,23404.55,23395.6,23397.3,0
2026-05-13 11:10:00+05:30,23400.3,23402.0,23393.5,23401.8,0
2026-05-13 11:09:00+05:30,23394.6,23404.3,23393.8,23400.45,0
2026-05-13 11:08:00+05:30,23395.75,23397.75,23393.85,23395.0,0
2026-05-13 11:07:00+05:30,23384.3,23398.35,23383.55,23395.85,0
2026-05-13 11:06:00+05:30,23394.4,23396.1,23382.6,23384.15,0
2026-05-13 11:05:00+05:30,23401.45,23404.25,23393.55,23395.25,0
2026-05-13 11:04:00+05:30,23401.7,23407.15,23395.6,23402.05,0
2026-05-13 11:03:00+05:30,23395.35,23409.4,23393.8,23401.45,0
2026-05-13 11:02:00+05:30,23387.7,23395.55,23384.25,23395.4,0
2026-05-13 11:01:00+05:30,23381.85,23392.1,23379.1,23387.8,0
2026-05-13 11:00:00+05:30,23374.8,23383.15,23368.05,23381.9,0
2026-05-13 10:59:00+05:30,23380.3,23385.7,23374.8,23374.8,0
2026-05-13 10:58:00+05:30,23403.6,23403.75,23382.6,23383.8,0
2026-05-13 10:57:00+05:30,23416.85,23417.0,23402.95,23403.65,0
2026-05-13 10:56:00+05:30,23421.35,23423.1,23415.1,23416.4,0
2026-05-13 10:55:00+05:30,23441.15,23443.15,23420.2,23421.0,0
2026-05-13 10:54:00+05:30,23439.4,23446.3,23437.3,23440.75,0
2026-05-13 10:53:00+05:30,23457.95,23459.0,23437.85,23438.9,0
2026-05-13 10:52:00+05:30,23447.6,23457.85,23445.4,23457.85,0
2026-05-13 10:51:00+05:30,23447.0,23451.75,23444.6,23447.4,0
2026-05-13 10:50:00+05:30,23445.65,23450.5,23445.45,23447.25,0
2026-05-13 10:49:00+05:30,23462.6,23463.45,23445.4,23445.6,0
2026-05-13 10:48:00+05:30,23459.95,23462.9,23455.5,23462.75,0
2026-05-13 10:47:00+05:30,23462.85,23465.75,23460.2,23460.35,0
2026-05-13 10:46:00+05:30,23469.35,23469.65,23462.25,23462.85,0
2026-05-13 10:45:00+05:30,23464.05,23472.45,23462.9,23469.65,0
2026-05-13 10:44:00+05:30,23461.95,23466.1,23460.8,23464.0,0
2026-05-13 10:43:00+05:30,23459.2,23464.6,23456.6,23462.35,0
2026-05-13 10:42:00+05:30,23460.95,23463.0,23454.6,23459.15,0
2026-05-13 10:41:00+05:30,23451.45,23463.1,23450.55,23460.55,0
2026-05-13 10:40:00+05:30,23429.85,23451.8,23429.25,23451.8,0
2026-05-13 10:39:00+05:30,23447.65,23449.3,23423.6,23429.1,0
2026-05-13 10:38:00+05:30,23462.1,23464.15,23448.1,23448.1,0
2026-05-13 10:37:00+05:30,23453.25,23463.5,23449.7,23462.75,0
2026-05-13 10:36:00+05:30,23461.8,23461.9,23453.55,23453.55,0
2026-05-13 10:35:00+05:30,23475.5,23476.55,23461.65,23461.65,0
2026-05-13 10:34:00+05:30,23454.35,23478.6,23454.35,23475.9,0
2026-05-13 10:33:00+05:30,23451.55,23456.8,23450.0,23454.3,0
2026-05-13 10:32:00+05:30,23452.1,23456.95,23446.25,23451.55,0
2026-05-13 10:31:00+05:30,23448.5,23458.1,23446.45,23452.05,0
2026-05-13 10:30:00+05:30,23452.25,23456.95,23443.35,23448.8,0
2026-05-13 10:29:00+05:30,23466.95,23468.8,23452.1,23452.45,0
2026-05-13 10:28:00+05:30,23474.7,23477.8,23467.65,23468.8,0
2026-05-13 10:27:00+05:30,23468.3,23475.85,23466.0,23475.05,0
2026-05-13 10:26:00+05:30,23460.55,23468.1,23460.3,23468.05,0
2026-05-13 10:25:00+05:30,23460.85,23467.4,23459.45,23460.7,0
2026-05-13 10:24:00+05:30,23459.75,23461.75,23452.1,23460.85,0
2026-05-13 10:23:00+05:30,23443.95,23462.2,23443.9,23459.65,0
2026-05-13 10:22:00+05:30,23447.85,23448.25,23440.8,23443.95,0
2026-05-13 10:21:00+05:30,23451.75,23463.95,23443.8,23448.55,0
2026-05-13 10:20:00+05:30,23435.8,23452.45,23435.8,23452.0,0
2026-05-13 10:19:00+05:30,23439.4,23439.95,23430.5,23436.05,0
2026-05-13 10:18:00+05:30,23434.2,23440.55,23430.95,23439.45,0
2026-05-13 10:17:00+05:30,23421.5,23434.5,23421.45,23434.2,0
2026-05-13 10:16:00+05:30,23413.55,23424.25,23413.4,23422.1,0
2026-05-13 10:15:00+05:30,23403.2,23414.65,23398.45,23413.8,0
2026-05-13 10:14:00+05:30,23400.55,23407.9,23399.7,23403.05,0
2026-05-13 10:13:00+05:30,23389.65,23402.15,23387.65,23400.9,0
2026-05-13 10:12:00+05:30,23383.7,23399.25,23381.25,23390.1,0
2026-05-13 10:11:00+05:30,23393.65,23394.95,23382.9,23384.7,0
2026-05-13 10:10:00+05:30,23407.5,23411.4,23394.35,23394.35,0
2026-05-13 10:09:00+05:30,23410.0,23413.85,23405.4,23407.4,0
2026-05-13 10:08:00+05:30,23412.25,23412.7,23402.05,23410.35,0
2026-05-13 10:07:00+05:30,23412.65,23426.25,23411.9,23412.6,0
2026-05-13 10:06:00+05:30,23399.45,23415.85,23398.95,23413.35,0
2026-05-13 10:05:00+05:30,23392.6,23404.35,23392.2,23399.75,0
2026-05-13 10:04:00+05:30,23375.6,23392.45,23371.7,23392.45,0
2026-05-13 10:03:00+05:30,23376.45,23380.85,23368.45,23376.1,0
2026-05-13 10:02:00+05:30,23380.45,23384.85,23376.6,23376.6,0
2026-05-13 10:01:00+05:30,23362.35,23390.95,23362.35,23380.15,0
2026-05-13 10:00:00+05:30,23371.15,23371.15,23354.15,23362.45,0
2026-05-13 09:59:00+05:30,23361.1,23372.45,23360.8,23372.45,0
2026-05-13 09:58:00+05:30,23353.25,23361.8,23344.7,23361.45,0
2026-05-13 09:57:00+05:30,23368.45,23369.7,23354.25,23354.7,0
2026-05-13 09:56:00+05:30,23373.4,23375.95,23365.85,23369.0,0
2026-05-13 09:55:00+05:30,23367.25,23389.7,23367.25,23373.4,0
2026-05-13 09:54:00+05:30,23361.6,23372.45,23360.75,23367.6,0
2026-05-13 09:53:00+05:30,23352.85,23361.8,23352.85,23361.8,0
2026-05-13 09:52:00+05:30,23335.25,23353.0,23332.1,23353.0,0
2026-05-13 09:51:00+05:30,23306.55,23335.8,23305.2,23335.45,0
2026-05-13 09:50:00+05:30,23299.05,23307.2,23298.6,23306.5,0
2026-05-13 09:49:00+05:30,23289.35,23305.05,23287.9,23298.75,0
2026-05-13 09:48:00+05:30,23291.15,23300.6,23287.1,23289.6,0
2026-05-13 09:47:00+05:30,23306.65,23307.45,23291.5,23291.85,0
2026-05-13 09:46:00+05:30,23311.6,23314.3,23305.1,23307.25,0
2026-05-13 09:45:00+05:30,23308.9,23327.0,23307.75,23311.8,0
2026-05-13 09:44:00+05:30,23298.7,23314.2,23298.05,23308.5,0
2026-05-13 09:43:00+05:30,23305.1,23307.5,23293.05,23298.8,0
2026-05-13 09:42:00+05:30,23275.95,23307.65,23275.95,23304.95,0
2026-05-13 09:41:00+05:30,23269.1,23280.7,23268.25,23275.4,0
2026-05-13 09:40:00+05:30,23275.5,23279.25,23264.45,23268.5,0
2026-05-13 09:39:00+05:30,23279.55,23281.6,23262.55,23276.5,0
2026-05-13 09:38:00+05:30,23286.15,23296.8,23279.2,23280.3,0
2026-05-13 09:37:00+05:30,23308.9,23312.35,23285.7,23287.6,0
2026-05-13 09:36:00+05:30,23316.75,23317.7,23308.45,23308.85,0
2026-05-13 09:35:00+05:30,23337.3,23339.35,23315.6,23315.7,0
2026-05-13 09:34:00+05:30,23355.55,23360.45,23335.7,23337.95,0
2026-05-13 09:33:00+05:30,23352.3,23360.1,23347.9,23354.85,0
2026-05-13 09:32:00+05:30,23357.75,23362.95,23351.05,23351.95,0
2026-05-13 09:31:00+05:30,23384.9,23385.7,23355.0,23357.85,0
2026-05-13 09:30:00+05:30,23367.7,23387.65,23367.7,23385.0,0
2026-05-13 09:29:00+05:30,23393.8,23394.65,23367.05,23367.05,0
2026-05-13 09:28:00+05:30,23415.4,23421.7,23389.9,23395.6,0
2026-05-13 09:27:00+05:30,23397.4,23416.0,23396.1,23415.2,0
2026-05-13 09:26:00+05:30,23411.95,23413.15,23394.95,23395.95,0
2026-05-13 09:25:00+05:30,23438.4,23439.95,23402.45,23411.9,0
2026-05-13 09:24:00+05:30,23431.05,23441.15,23427.3,23437.9,0
2026-05-13 09:23:00+05:30,23395.3,23435.0,23392.3,23431.6,0
2026-05-13 09:22:00+05:30,23387.2,23398.2,23379.8,23394.95,0
2026-05-13 09:21:00+05:30,23415.15,23415.85,23383.0,23387.15,0
2026-05-13 09:20:00+05:30,23405.45,23424.6,23402.65,23415.85,0
2026-05-13 09:19:00+05:30,23439.55,23439.95,23403.3,23405.4,0
2026-05-13 09:18:00+05:30,23421.3,23440.0,23412.55,23439.75,0
2026-05-13 09:17:00+05:30,23424.6,23448.95,23418.8,23421.85,0
2026-05-13 09:16:00+05:30,23447.3,23476.2,23411.3,23424.8,0
2026-05-13 09:15:00+05:30,23362.45,23503.8,23362.45,23448.85,0
2026-05-12 15:29:00+05:30,23416.5,23434.85,23415.55,23430.55,0
2026-05-12 15:28:00+05:30,23418.3,23426.2,23411.65,23415.85,0
2026-05-12 15:27:00+05:30,23401.05,23420.7,23401.05,23418.85,0
2026-05-12 15:26:00+05:30,23388.15,23403.2,23387.4,23402.9,0
2026-05-12 15:25:00+05:30,23391.25,23392.85,23383.55,23388.1,0
2026-05-12 15:24:00+05:30,23387.0,23391.8,23383.6,23389.75,0
2026-05-12 15:23:00+05:30,23388.4,23388.6,23382.5,23386.15,0
2026-05-12 15:22:00+05:30,23386.15,23388.35,23377.55,23388.35,0
2026-05-12 15:21:00+05:30,23387.9,23389.45,23384.4,23385.85,0
2026-05-12 15:20:00+05:30,23386.75,23388.6,23384.9,23387.45,0
2026-05-12 15:19:00+05:30,23379.3,23386.55,23378.1,23386.55,0
2026-05-12 15:18:00+05:30,23374.45,23378.85,23368.9,23377.9,0
2026-05-12 15:17:00+05:30,23375.8,23381.75,23372.8,23373.95,0
2026-05-12 15:16:00+05:30,23374.0,23374.0,23358.8,23373.95,0
2026-05-12 15:15:00+05:30,23356.0,23375.0,23355.6,23372.35,0
2026-05-12 15:14:00+05:30,23360.25,23363.0,23353.55,23354.8,0
2026-05-12 15:13:00+05:30,23355.95,23360.9,23355.3,23358.9,0
2026-05-12 15:12:00+05:30,23364.9,23364.9,23348.4,23355.8,0
2026-05-12 15:11:00+05:30,23363.55,23375.7,23361.6,23363.95,0
2026-05-12 15:10:00+05:30,23363.95,23371.2,23356.2,23362.15,0
2026-05-12 15:09:00+05:30,23362.9,23367.15,23361.5,23363.55,0
2026-05-12 15:08:00+05:30,23360.75,23363.35,23357.25,23362.3,0
2026-05-12 15:07:00+05:30,23369.55,23370.6,23358.45,23360.05,0
2026-05-12 15:06:00+05:30,23382.5,23393.3,23367.2,23368.75,0
2026-05-12 15:05:00+05:30,23393.25,23393.7,23379.1,23385.35,0
2026-05-12 15:04:00+05:30,23376.55,23392.55,23374.7,23390.9,0
2026-05-12 15:03:00+05:30,23372.45,23376.55,23366.4,23373.85,0
2026-05-12 15:02:00+05:30,23389.5,23389.85,23370.45,23371.6,0
2026-05-12 15:01:00+05:30,23396.85,23398.25,23375.65,23389.8,0
2026-05-12 15:00:00+05:30,23422.5,23423.65,23395.7,23396.2,0
2026-05-12 14:59:00+05:30,23422.85,23425.45,23417.05,23421.25,0
2026-05-12 14:58:00+05:30,23418.05,23422.1,23414.6,23422.1,0
2026-05-12 14:57:00+05:30,23426.35,23432.1,23413.5,23417.3,0
2026-05-12 14:56:00+05:30,23426.35,23428.35,23421.6,23425.35,0
2026-05-12 14:55:00+05:30,23435.35,23435.65,23418.05,23423.85,0
2026-05-12 14:54:00+05:30,23437.35,23439.0,23428.35,23433.75,0
2026-05-12 14:53:00+05:30,23448.95,23448.95,23435.85,23436.2,0
2026-05-12 14:52:00+05:30,23454.8,23456.7,23441.05,23445.5,0
2026-05-12 14:51:00+05:30,23455.3,23461.8,23452.2,23454.15,0
2026-05-12 14:50:00+05:30,23464.95,23466.4,23451.8,23453.85,0
2026-05-12 14:49:00+05:30,23472.45,23474.6,23460.8,23463.8,0
2026-05-12 14:48:00+05:30,23461.05,23471.95,23459.75,23471.1,0
2026-05-12 14:47:00+05:30,23461.45,23463.9,23458.45,23460.7,0
2026-05-12 14:46:00+05:30,23467.35,23468.85,23459.65,23460.6,0
2026-05-12 14:45:00+05:30,23464.9,23466.3,23460.55,23465.9,0
2026-05-12 14:44:00+05:30,23464.25,23472.25,23460.8,23463.6,0
2026-05-12 14:43:00+05:30,23461.05,23466.75,23459.15,23462.75,0
2026-05-12 14:42:00+05:30,23470.1,23471.65,23458.9,23460.2,0
2026-05-12 14:41:00+05:30,23461.7,23468.85,23456.25,23468.45,0
2026-05-12 14:40:00+05:30,23463.95,23467.45,23456.3,23460.9,0
2026-05-12 14:39:00+05:30,23468.15,23470.95,23462.75,23462.95,0
2026-05-12 14:38:00+05:30,23455.35,23469.3,23454.95,23467.85,0
2026-05-12 14:37:00+05:30,23457.2,23458.35,23451.25,23453.4,0
2026-05-12 14:36:00+05:30,23451.65,23457.45,23447.6,23455.6,0
2026-05-12 14:35:00+05:30,23439.2,23453.35,23434.45,23450.65,0
2026-05-12 14:34:00+05:30,23450.35,23450.35,23437.3,23438.35,0
2026-05-12 14:33:00+05:30,23456.3,23458.6,23449.05,23449.2,0
2026-05-12 14:32:00+05:30,23464.5,23469.65,23454.85,23454.85,0
2026-05-12 14:31:00+05:30,23467.8,23469.35,23462.2,23463.2,0
2026-05-12 14:30:00+05:30,23469.35,23471.3,23465.2,23466.4,0
2026-05-12 14:29:00+05:30,23469.25,23471.35,23465.9,23468.6,0
2026-05-12 14:28:00+05:30,23473.15,23473.85,23465.1,23468.1,0
2026-05-12 14:27:00+05:30,23469.05,23471.75,23461.45,23470.9,0
2026-05-12 14:26:00+05:30,23468.7,23468.7,23459.25,23466.85,0
2026-05-12 14:25:00+05:30,23487.3,23487.3,23468.1,23468.45,0
2026-05-12 14:24:00+05:30,23470.05,23492.7,23468.45,23486.25,0
2026-05-12 14:23:00+05:30,23458.4,23470.65,23456.35,23468.65,0
2026-05-12 14:22:00+05:30,23456.8,23458.7,23453.1,23457.35,0
2026-05-12 14:21:00+05:30,23461.45,23462.15,23454.45,23454.95,0
2026-05-12 14:20:00+05:30,23460.5,23466.4,23459.55,23460.75,0
2026-05-12 14:19:00+05:30,23466.6,23467.85,23456.4,23460.15,0
2026-05-12 14:18:00+05:30,23469.85,23472.75,23466.1,23466.75,0
2026-05-12 14:17:00+05:30,23468.65,23470.85,23464.75,23468.95,0
2026-05-12 14:16:00+05:30,23467.25,23471.85,23463.85,23467.7,0
2026-05-12 14:15:00+05:30,23458.75,23466.65,23452.1,23465.8,0
2026-05-12 14:14:00+05:30,23462.0,23462.45,23456.25,23457.5,0
2026-05-12 14:13:00+05:30,23452.8,23460.55,23452.1,23460.25,0
2026-05-12 14:12:00+05:30,23460.5,23461.05,23447.85,23451.4,0
2026-05-12 14:11:00+05:30,23458.8,23465.1,23456.7,23458.65,0
2026-05-12 14:10:00+05:30,23466.25,23467.95,23454.2,23457.55,0
2026-05-12 14:09:00+05:30,23467.8,23469.1,23461.4,23465.0,0
2026-05-12 14:08:00+05:30,23468.7,23472.9,23466.5,23466.7,0
2026-05-12 14:07:00+05:30,23489.4,23490.6,23466.05,23467.5,0
2026-05-12 14:06:00+05:30,23484.75,23490.7,23482.05,23487.4,0
2026-05-12 14:05:00+05:30,23484.05,23486.0,23476.05,23483.9,0
2026-05-12 14:04:00+05:30,23484.65,23485.15,23479.05,23481.5,0
2026-05-12 14:03:00+05:30,23490.1,23496.9,23480.5,23480.5,0
2026-05-12 14:02:00+05:30,23481.8,23490.3,23477.5,23489.35,0
2026-05-12 14:01:00+05:30,23483.3,23483.65,23478.8,23480.2,0
2026-05-12 14:00:00+05:30,23492.8,23492.8,23478.75,23479.4,0
2026-05-12 13:59:00+05:30,23499.55,23500.55,23490.8,23491.5,0
2026-05-12 13:58:00+05:30,23498.05,23499.4,23495.15,23499.05,0
2026-05-12 13:57:00+05:30,23501.8,23502.45,23491.05,23496.8,0
2026-05-12 13:56:00+05:30,23493.35,23502.15,23490.9,23500.4,0
2026-05-12 13:55:00+05:30,23500.05,23501.75,23489.4,23490.5,0
2026-05-12 13:54:00+05:30,23510.45,23510.6,23495.85,23495.85,0
2026-05-12 13:53:00+05:30,23519.35,23519.65,23505.65,23508.85,0
2026-05-12 13:52:00+05:30,23529.75,23530.85,23516.75,23518.15,0
2026-05-12 13:51:00+05:30,23518.4,23528.6,23515.55,23527.8,0
2026-05-12 13:50:00+05:30,23515.05,23519.65,23513.0,23516.05,0
2026-05-12 13:49:00+05:30,23518.55,23519.35,23512.65,23513.4,0
2026-05-12 13:48:00+05:30,23510.1,23518.9,23507.25,23517.7,0
2026-05-12 13:47:00+05:30,23496.1,23508.8,23494.35,23508.6,0
2026-05-12 13:46:00+05:30,23500.15,23500.9,23493.45,23494.5,0
2026-05-12 13:45:00+05:30,23510.05,23510.9,23495.4,23497.65,0
2026-05-12 13:44:00+05:30,23505.5,23510.35,23501.25,23506.8,0
2026-05-12 13:43:00+05:30,23502.35,23509.0,23499.35,23503.4,0
2026-05-12 13:42:00+05:30,23507.5,23507.5,23496.55,23500.45,0
2026-05-12 13:41:00+05:30,23511.4,23512.3,23503.75,23505.9,0
2026-05-12 13:40:00+05:30,23515.5,23518.4,23508.45,23510.85,0
2026-05-12 13:39:00+05:30,23514.1,23520.1,23511.0,23514.0,0
2026-05-12 13:38:00+05:30,23519.05,23521.95,23511.8,23512.9,0
2026-05-12 13:37:00+05:30,23517.25,23522.9,23511.9,23517.6,0
2026-05-12 13:36:00+05:30,23534.45,23535.3,23515.95,23515.95,0
2026-05-12 13:35:00+05:30,23530.45,23534.7,23524.8,23532.9,0
2026-05-12 13:34:00+05:30,23546.85,23548.2,23528.75,23529.45,0
2026-05-12 13:33:00+05:30,23547.85,23550.2,23542.85,23545.75,0
2026-05-12 13:32:00+05:30,23538.35,23547.25,23536.2,23547.25,0
2026-05-12 13:31:00+05:30,23536.65,23539.65,23532.75,23537.15,0
2026-05-12 13:30:00+05:30,23532.45,23536.35,23529.55,23535.7,0
2026-05-12 13:29:00+05:30,23527.8,23534.5,23526.4,23531.05,0
2026-05-12 13:28:00+05:30,23530.8,23531.6,23524.25,23526.75,0
2026-05-12 13:27:00+05:30,23534.8,23539.5,23526.3,23528.35,0
2026-05-12 13:26:00+05:30,23526.7,23536.75,23524.3,23533.45,0
2026-05-12 13:25:00+05:30,23528.35,23531.55,23524.35,23525.2,0
2026-05-12 13:24:00+05:30,23529.85,23532.1,23527.35,23527.55,0
2026-05-12 13:23:00+05:30,23531.45,23536.4,23526.45,23528.45,0
2026-05-12 13:22:00+05:30,23541.05,23545.2,23529.1,23529.95,0
2026-05-12 13:21:00+05:30,23541.35,23544.6,23536.85,23539.8,0
2026-05-12 13:20:00+05:30,23544.0,23544.0,23534.95,23539.5,0
2026-05-12 13:19:00+05:30,23553.9,23553.9,23537.5,23542.8,0
2026-05-12 13:18:00+05:30,23546.7,23564.05,23543.2,23553.25,0
2026-05-12 13:17:00+05:30,23548.05,23550.7,23544.95,23544.95,0
2026-05-12 13:16:00+05:30,23544.5,23552.05,23544.0,23546.85,0
2026-05-12 13:15:00+05:30,23538.05,23544.1,23536.25,23543.6,0
2026-05-12 13:14:00+05:30,23528.25,23536.8,23526.9,23536.8,0
2026-05-12 13:13:00+05:30,23525.9,23531.05,23522.25,23526.65,0
2026-05-12 13:12:00+05:30,23508.1,23526.0,23506.0,23524.7,0
2026-05-12 13:11:00+05:30,23517.2,23517.9,23506.5,23507.9,0
2026-05-12 13:10:00+05:30,23511.95,23521.05,23511.75,23516.7,0
2026-05-12 13:09:00+05:30,23519.65,23519.65,23510.85,23510.85,0
2026-05-12 13:08:00+05:30,23525.45,23528.85,23516.65,23517.85,0
2026-05-12 13:07:00+05:30,23525.85,23530.45,23523.8,23525.25,0
2026-05-12 13:06:00+05:30,23529.8,23530.15,23522.2,23524.55,0
2026-05-12 13:05:00+05:30,23531.7,23532.2,23527.95,23528.9,0
2026-05-12 13:04:00+05:30,23533.35,23533.65,23522.8,23530.6,0
2026-05-12 13:03:00+05:30,23528.0,23532.8,23523.75,23532.2,0
2026-05-12 13:02:00+05:30,23523.95,23528.0,23521.0,23526.6,0
2026-05-12 13:01:00+05:30,23525.9,23527.65,23520.8,23522.85,0
2026-05-12 13:00:00+05:30,23525.15,23527.2,23519.55,23524.55,0
2026-05-12 12:59:00+05:30,23523.0,23526.85,23515.55,23524.55,0
2026-05-12 12:58:00+05:30,23521.7,23523.15,23517.1,23523.0,0
2026-05-12 12:57:00+05:30,23519.75,23524.7,23514.75,23520.25,0
2026-05-12 12:56:00+05:30,23532.8,23532.8,23517.9,23518.95,0
2026-05-12 12:55:00+05:30,23515.2,23532.85,23515.2,23531.85,0
2026-05-12 12:54:00+05:30,23528.05,23528.05,23513.3,23513.35,0
2026-05-12 12:53:00+05:30,23532.35,23535.0,23525.55,23527.75,0
2026-05-12 12:52:00+05:30,23523.45,23532.0,23520.95,23530.9,0
2026-05-12 12:51:00+05:30,23524.35,23526.25,23520.4,23522.05,0
2026-05-12 12:50:00+05:30,23527.3,23529.4,23522.3,23523.75,0
2026-05-12 12:49:00+05:30,23525.05,23529.8,23524.0,23526.85,0
2026-05-12 12:48:00+05:30,23520.5,23525.0,23516.4,23524.1,0
2026-05-12 12:47:00+05:30,23529.65,23530.75,23518.2,23519.8,0
2026-05-12 12:46:00+05:30,23538.95,23540.1,23529.1,23529.8,0
2026-05-12 12:45:00+05:30,23527.25,23539.6,23523.6,23537.95,0
2026-05-12 12:44:00+05:30,23529.1,23532.7,23525.45,23526.15,0
2026-05-12 12:43:00+05:30,23522.65,23528.25,23521.3,23527.85,0
2026-05-12 12:42:00+05:30,23525.15,23526.25,23519.3,23521.6,0
2026-05-12 12:41:00+05:30,23517.55,23528.15,23517.25,23523.95,0
2026-05-12 12:40:00+05:30,23517.35,23520.75,23513.1,23515.75,0
2026-05-12 12:39:00+05:30,23524.3,23525.7,23515.8,23516.2,0
2026-05-12 12:38:00+05:30,23518.05,23526.8,23514.85,23523.95,0
2026-05-12 12:37:00+05:30,23518.3,23518.75,23508.35,23517.35,0
2026-05-12 12:36:00+05:30,23517.55,23520.75,23512.8,23516.1,0
2026-05-12 12:35:00+05:30,23523.4,23523.9,23514.4,23516.95,0
2026-05-12 12:34:00+05:30,23526.65,23528.25,23521.8,23522.3,0
2026-05-12 12:33:00+05:30,23530.05,23532.35,23525.3,23525.3,0
2026-05-12 12:32:00+05:30,23534.1,23535.5,23527.5,23530.45,0
2026-05-12 12:31:00+05:30,23529.4,23531.55,23522.2,23531.55,0
2026-05-12 12:30:00+05:30,23557.8,23558.95,23528.05,23528.25,0
2026-05-12 12:29:00+05:30,23558.75,23560.9,23555.7,23557.3,0
2026-05-12 12:28:00+05:30,23559.95,23562.4,23554.7,23557.8,0
2026-05-12 12:27:00+05:30,23560.45,23561.7,23557.75,23558.3,0
2026-05-12 12:26:00+05:30,23562.55,23567.45,23558.15,23559.25,0
2026-05-12 12:25:00+05:30,23567.6,23568.75,23559.7,23562.1,0
2026-05-12 12:24:00+05:30,23562.85,23568.3,23561.3,23566.5,0
2026-05-12 12:23:00+05:30,23566.3,23567.05,23559.0,23562.85,0
2026-05-12 12:22:00+05:30,23573.85,23574.8,23564.65,23565.95,0
2026-05-12 12:21:00+05:30,23568.65,23575.9,23566.8,23572.85,0
2026-05-12 12:20:00+05:30,23573.75,23574.3,23563.65,23568.25,0
2026-05-12 12:19:00+05:30,23571.35,23573.0,23566.8,23572.9,0
2026-05-12 12:18:00+05:30,23574.5,23574.7,23567.35,23570.05,0
2026-05-12 12:17:00+05:30,23572.05,23580.05,23571.0,23573.45,0
2026-05-12 12:16:00+05:30,23567.1,23573.9,23562.55,23570.65,0
2026-05-12 12:15:00+05:30,23559.5,23566.45,23555.1,23566.45,0
2026-05-12 12:14:00+05:30,23563.1,23563.95,23555.75,23557.8,0
2026-05-12 12:13:00+05:30,23555.9,23563.25,23554.25,23562.5,0
2026-05-12 12:12:00+05:30,23567.1,23568.3,23553.0,23553.6,0
2026-05-12 12:11:00+05:30,23566.35,23570.0,23563.9,23565.45,0
2026-05-12 12:10:00+05:30,23559.95,23565.4,23551.3,23564.5,0
2026-05-12 12:09:00+05:30,23566.1,23566.5,23556.15,23558.1,0
2026-05-12 12:08:00+05:30,23579.85,23580.05,23561.0,23564.95,0
2026-05-12 12:07:00+05:30,23586.0,23588.25,23578.3,23579.05,0
2026-05-12 12:06:00+05:30,23588.6,23588.6,23579.4,23583.1,0
2026-05-12 12:05:00+05:30,23587.25,23589.25,23582.65,23587.45,0
2026-05-12 12:04:00+05:30,23586.45,23588.55,23581.9,23586.3,0
2026-05-12 12:03:00+05:30,23587.5,23590.25,23584.85,23585.05,0
2026-05-12 12:02:00+05:30,23586.75,23591.85,23584.1,23586.45,0
2026-05-12 12:01:00+05:30,23592.15,23592.25,23586.1,23586.1,0
2026-05-12 12:00:00+05:30,23598.45,23599.55,23589.75,23590.6,0
2026-05-12 11:59:00+05:30,23606.35,23606.7,23596.6,23597.5,0
2026-05-12 11:58:00+05:30,23606.9,23610.55,23601.15,23605.55,0
2026-05-12 11:57:00+05:30,23609.05,23610.0,23603.55,23606.45,0
2026-05-12 11:56:00+05:30,23605.8,23612.85,23605.45,23608.45,0
2026-05-12 11:55:00+05:30,23601.8,23605.55,23595.85,23605.55,0
2026-05-12 11:54:00+05:30,23598.05,23605.8,23596.0,23600.05,0
2026-05-12 11:53:00+05:30,23602.1,23602.1,23596.0,23597.2,0
2026-05-12 11:52:00+05:30,23593.5,23601.4,23591.3,23601.4,0
2026-05-12 11:51:00+05:30,23586.7,23595.3,23585.25,23593.2,0
2026-05-12 11:50:00+05:30,23596.15,23597.55,23584.75,23585.45,0
2026-05-12 11:49:00+05:30,23585.95,23598.3,23584.6,23594.7,0
2026-05-12 11:48:00+05:30,23596.9,23596.9,23584.35,23584.35,0
2026-05-12 11:47:00+05:30,23601.4,23602.0,23591.45,23596.1,0
2026-05-12 11:46:00+05:30,23598.75,23602.5,23593.2,23600.7,0
2026-05-12 11:45:00+05:30,23603.95,23604.55,23597.35,23597.75,0
2026-05-12 11:44:00+05:30,23602.75,23606.15,23598.75,23602.7,0
2026-05-12 11:43:00+05:30,23602.15,23605.7,23600.15,23602.2,0
2026-05-12 11:42:00+05:30,23605.05,23607.0,23599.8,23600.8,0
2026-05-12 11:41:00+05:30,23603.0,23607.65,23600.25,23603.1,0
2026-05-12 11:40:00+05:30,23599.15,23601.1,23591.95,23600.4,0
2026-05-12 11:39:00+05:30,23593.1,23601.85,23590.7,23598.0,0
2026-05-12 11:38:00+05:30,23590.1,23592.1,23581.75,23591.55,0
2026-05-12 11:37:00+05:30,23592.9,23599.15,23588.25,23588.5,0
2026-05-12 11:36:00+05:30,23586.8,23593.9,23579.9,23591.7,0
2026-05-12 11:35:00+05:30,23597.4,23597.8,23584.65,23584.65,0
2026-05-12 11:34:00+05:30,23594.9,23600.2,23592.75,23597.25,0
2026-05-12 11:33:00+05:30,23580.6,23594.55,23579.0,23594.5,0
2026-05-12 11:32:00+05:30,23581.7,23588.45,23578.65,23579.4,0
2026-05-12 11:31:00+05:30,23586.65,23587.7,23580.3,23581.3,0
2026-05-12 11:30:00+05:30,23589.5,23589.5,23581.35,23585.05,0
2026-05-12 11:29:00+05:30,23594.35,23596.95,23588.7,23588.9,0
2026-05-12 11:28:00+05:30,23603.95,23604.55,23591.7,23593.55,0
2026-05-12 11:27:00+05:30,23596.35,23604.35,23591.5,23603.15,0
2026-05-12 11:26:00+05:30,23599.45,23601.4,23593.55,23594.1,0
2026-05-12 11:25:00+05:30,23590.95,23599.0,23590.45,23599.0,0
2026-05-12 11:24:00+05:30,23599.2,23605.55,23589.4,23589.6,0
2026-05-12 11:23:00+05:30,23599.65,23602.45,23590.1,23598.35,0
2026-05-12 11:22:00+05:30,23606.6,23606.65,23595.6,23598.4,0
2026-05-12 11:21:00+05:30,23609.85,23613.4,23604.6,23604.6,0
2026-05-12 11:20:00+05:30,23608.55,23612.45,23604.45,23609.8,0
2026-05-12 11:19:00+05:30,23609.25,23611.4,23602.45,23608.05,0
2026-05-12 11:18:00+05:30,23604.75,23612.25,23603.85,23607.7,0
2026-05-12 11:17:00+05:30,23596.2,23604.05,23593.45,23603.55,0
2026-05-12 11:16:00+05:30,23595.65,23598.2,23592.0,23595.8,0
2026-05-12 11:15:00+05:30,23589.6,23594.55,23585.85,23592.75,0
2026-05-12 11:14:00+05:30,23593.8,23593.8,23585.65,23589.35,0
2026-05-12 11:13:00+05:30,23591.25,23593.85,23588.8,23592.7,0
2026-05-12 11:12:00+05:30,23590.15,23591.8,23586.05,23590.8,0
2026-05-12 11:11:00+05:30,23591.45,23592.75,23587.5,23589.3,0
2026-05-12 11:10:00+05:30,23590.95,23595.1,23588.25,23590.4,0
2026-05-12 11:09:00+05:30,23593.6,23596.65,23589.55,23590.4,0
2026-05-12 11:08:00+05:30,23589.1,23593.6,23587.85,23592.9,0
2026-05-12 11:07:00+05:30,23585.3,23590.65,23577.85,23588.6,0
2026-05-12 11:06:00+05:30,23594.05,23597.7,23583.3,23583.65,0
2026-05-12 11:05:00+05:30,23590.6,23596.95,23587.7,23593.35,0
2026-05-12 11:04:00+05:30,23591.35,23593.25,23586.15,23590.6,0
2026-05-12 11:03:00+05:30,23592.2,23592.2,23584.35,23590.55,0
2026-05-12 11:02:00+05:30,23601.0,23601.0,23587.35,23591.35,0
2026-05-12 11:01:00+05:30,23607.7,23609.9,23600.85,23600.85,0
2026-05-12 11:00:00+05:30,23615.1,23615.65,23607.05,23607.05,0
2026-05-12 10:59:00+05:30,23616.5,23618.7,23610.85,23614.7,0
2026-05-12 10:58:00+05:30,23616.45,23620.5,23614.1,23616.65,0
2026-05-12 10:57:00+05:30,23614.5,23618.5,23610.25,23615.65,0
2026-05-12 10:56:00+05:30,23608.8,23623.45,23608.8,23614.0,0
2026-05-12 10:55:00+05:30,23605.85,23609.75,23602.65,23608.45,0
2026-05-12 10:54:00+05:30,23603.75,23607.15,23601.1,23605.25,0
2026-05-12 10:53:00+05:30,23606.05,23608.35,23601.65,23604.2,0
2026-05-12 10:52:00+05:30,23603.95,23608.5,23600.8,23604.3,0
2026-05-12 10:51:00+05:30,23608.65,23608.65,23600.95,23602.05,0
2026-05-12 10:50:00+05:30,23603.75,23611.15,23602.25,23607.1,0
2026-05-12 10:49:00+05:30,23607.65,23608.95,23599.3,23603.25,0
2026-05-12 10:48:00+05:30,23615.3,23615.5,23603.75,23606.1,0
2026-05-12 10:47:00+05:30,23612.05,23615.4,23604.15,23614.65,0
2026-05-12 10:46:00+05:30,23622.95,23623.2,23609.7,23609.7,0
2026-05-12 10:45:00+05:30,23628.05,23629.6,23622.5,23622.5,0
2026-05-12 10:44:00+05:30,23629.25,23632.85,23624.85,23627.55,0
2026-05-12 10:43:00+05:30,23627.85,23638.65,23627.05,23628.85,0
2026-05-12 10:42:00+05:30,23614.4,23628.2,23614.4,23625.65,0
2026-05-12 10:41:00+05:30,23612.65,23616.2,23610.55,23613.6,0
2026-05-12 10:40:00+05:30,23606.6,23612.8,23602.55,23612.7,0
2026-05-12 10:39:00+05:30,23601.95,23609.6,23601.55,23605.3,0
2026-05-12 10:38:00+05:30,23604.85,23604.85,23596.35,23601.05,0
2026-05-12 10:37:00+05:30,23610.8,23611.8,23604.2,23604.6,0
2026-05-12 10:36:00+05:30,23613.7,23620.2,23610.0,23610.0,0
2026-05-12 10:35:00+05:30,23609.2,23613.2,23605.45,23613.15,0
2026-05-12 10:34:00+05:30,23607.6,23609.85,23603.7,23607.65,0
2026-05-12 10:33:00+05:30,23614.2,23614.45,23605.3,23605.85,0
2026-05-12 10:32:00+05:30,23616.2,23617.05,23610.4,23613.65,0
2026-05-12 10:31:00+05:30,23607.95,23616.15,23605.6,23615.75,0
2026-05-12 10:30:00+05:30,23613.55,23613.75,23604.55,23606.75,0
2026-05-12 10:29:00+05:30,23609.5,23617.7,23605.05,23613.25,0
2026-05-12 10:28:00+05:30,23619.7,23619.8,23606.6,23608.15,0
2026-05-12 10:27:00+05:30,23626.6,23628.55,23616.65,23618.75,0
2026-05-12 10:26:00+05:30,23623.85,23630.55,23621.65,23625.95,0
2026-05-12 10:25:00+05:30,23631.8,23634.15,23622.1,23622.65,0
2026-05-12 10:24:00+05:30,23636.85,23639.35,23627.85,23630.3,0
2026-05-12 10:23:00+05:30,23654.2,23654.2,23634.7,23635.35,0
2026-05-12 10:22:00+05:30,23663.9,23663.9,23649.5,23653.3,0
2026-05-12 10:21:00+05:30,23673.2,23675.2,23660.9,23660.9,0
2026-05-12 10:20:00+05:30,23669.25,23673.4,23668.15,23672.4,0
2026-05-12 10:19:00+05:30,23665.25,23668.25,23661.15,23668.25,0
2026-05-12 10:18:00+05:30,23667.85,23667.85,23658.9,23663.25,0
2026-05-12 10:17:00+05:30,23653.9,23668.15,23653.3,23666.7,0
2026-05-12 10:16:00+05:30,23650.75,23654.9,23647.9,23652.55,0
2026-05-12 10:15:00+05:30,23652.05,23652.9,23647.75,23649.45,0
2026-05-12 10:14:00+05:30,23646.35,23655.4,23644.95,23651.4,0
2026-05-12 10:13:00+05:30,23639.95,23647.3,23638.9,23644.05,0
2026-05-12 10:12:00+05:30,23644.6,23646.65,23638.4,23639.65,0
2026-05-12 10:11:00+05:30,23637.55,23644.65,23636.5,23644.05,0
2026-05-12 10:10:00+05:30,23636.4,23637.85,23629.15,23637.3,0
2026-05-12 10:09:00+05:30,23636.3,23637.75,23634.1,23636.1,0
2026-05-12 10:08:00+05:30,23638.6,23639.25,23633.1,23634.85,0
2026-05-12 10:07:00+05:30,23640.0,23642.55,23632.55,23638.45,0
2026-05-12 10:06:00+05:30,23620.35,23640.1,23620.0,23639.55,0
2026-05-12 10:05:00+05:30,23630.45,23631.4,23613.55,23619.55,0
2026-05-12 10:04:00+05:30,23634.05,23635.25,23628.95,23630.2,0
2026-05-12 10:03:00+05:30,23624.4,23634.55,23622.25,23633.25,0
2026-05-12 10:02:00+05:30,23624.8,23627.55,23619.8,23623.65,0
2026-05-12 10:01:00+05:30,23622.65,23631.85,23621.7,23625.3,0
2026-05-12 10:00:00+05:30,23627.0,23630.15,23620.85,23622.15,0
2026-05-12 09:59:00+05:30,23631.05,23631.3,23624.55,23625.85,0
2026-05-12 09:58:00+05:30,23630.0,23634.7,23626.75,23630.75,0
2026-05-12 09:57:00+05:30,23637.65,23639.95,23624.75,23629.7,0
2026-05-12 09:56:00+05:30,23650.05,23652.05,23633.05,23636.45,0
2026-05-12 09:55:00+05:30,23638.55,23652.2,23638.3,23649.2,0
2026-05-12 09:54:00+05:30,23645.6,23646.7,23634.9,23638.25,0
2026-05-12 09:53:00+05:30,23636.8,23644.6,23634.35,23644.25,0
2026-05-12 09:52:00+05:30,23641.45,23645.05,23632.8,23636.8,0
2026-05-12 09:51:00+05:30,23635.0,23641.25,23632.1,23640.25,0
2026-05-12 09:50:00+05:30,23638.4,23645.65,23634.6,23635.15,0
2026-05-12 09:49:00+05:30,23634.7,23638.75,23631.95,23638.2,0
2026-05-12 09:48:00+05:30,23632.75,23637.9,23628.85,23634.65,0
2026-05-12 09:47:00+05:30,23640.1,23645.45,23630.0,23630.0,0
2026-05-12 09:46:00+05:30,23647.6,23650.15,23637.5,23638.85,0
2026-05-12 09:45:00+05:30,23640.75,23647.65,23633.3,23645.7,0
2026-05-12 09:44:00+05:30,23649.95,23650.25,23636.25,23640.65,0
2026-05-12 09:43:00+05:30,23644.65,23657.85,23641.55,23648.8,0
2026-05-12 09:42:00+05:30,23638.95,23646.75,23631.3,23644.65,0
2026-05-12 09:41:00+05:30,23634.35,23642.95,23633.9,23638.6,0
2026-05-12 09:40:00+05:30,23626.35,23633.5,23624.45,23632.15,0
2026-05-12 09:39:00+05:30,23644.15,23645.0,23620.5,23626.15,0
2026-05-12 09:38:00+05:30,23645.15,23649.15,23639.9,23643.5,0
2026-05-12 09:37:00+05:30,23643.0,23645.35,23638.35,23644.25,0
2026-05-12 09:36:00+05:30,23634.05,23648.0,23631.8,23642.7,0
2026-05-12 09:35:00+05:30,23634.65,23634.85,23626.65,23632.0,0
2026-05-12 09:34:00+05:30,23625.1,23634.05,23619.85,23634.05,0
2026-05-12 09:33:00+05:30,23626.65,23627.8,23617.7,23625.25,0
2026-05-12 09:32:00+05:30,23632.65,23638.6,23624.5,23624.5,0
2026-05-12 09:31:00+05:30,23633.25,23643.75,23631.15,23632.05,0
2026-05-12 09:30:00+05:30,23638.95,23638.95,23624.0,23632.45,0
2026-05-12 09:29:00+05:30,23640.95,23645.35,23637.0,23638.3,0
2026-05-12 09:28:00+05:30,23642.25,23653.45,23639.15,23639.35,0
2026-05-12 09:27:00+05:30,23653.45,23655.3,23633.1,23642.85,0
2026-05-12 09:26:00+05:30,23657.5,23661.65,23650.8,23654.0,0
2026-05-12 09:25:00+05:30,23685.45,23685.45,23651.35,23656.35,0
2026-05-12 09:24:00+05:30,23701.1,23701.7,23684.0,23684.2,0
2026-05-12 09:23:00+05:30,23718.6,23718.8,23698.5,23700.5,0
2026-05-12 09:22:00+05:30,23716.75,23717.85,23709.35,23717.75,0
2026-05-12 09:21:00+05:30,23723.2,23727.0,23707.75,23714.6,0
2026-05-12 09:20:00+05:30,23737.8,23737.8,23706.85,23721.6,0
2026-05-12 09:19:00+05:30,23706.45,23738.4,23700.05,23736.9,0
2026-05-12 09:18:00+05:30,23723.95,23727.7,23698.55,23706.85,0
2026-05-12 09:17:00+05:30,23696.25,23721.0,23689.1,23719.25,0
2026-05-12 09:16:00+05:30,23732.95,23741.9,23689.75,23693.3,0
2026-05-12 09:15:00+05:30,23722.6,23757.55,23716.35,23732.8,0
2026-05-11 15:29:00+05:30,23809.15,23820.35,23804.6,23820.35,0
2026-05-11 15:28:00+05:30,23810.3,23812.65,23803.7,23810.3,0
2026-05-11 15:27:00+05:30,23812.6,23814.85,23806.1,23811.95,0
2026-05-11 15:26:00+05:30,23811.3,23817.55,23809.15,23812.45,0
2026-05-11 15:25:00+05:30,23810.5,23813.45,23802.4,23811.25,0
2026-05-11 15:24:00+05:30,23806.8,23813.25,23799.1,23810.15,0
2026-05-11 15:23:00+05:30,23808.8,23809.15,23803.3,23805.65,0
2026-05-11 15:22:00+05:30,23806.5,23810.1,23802.8,23808.65,0
2026-05-11 15:21:00+05:30,23804.95,23810.3,23803.85,23806.85,0
2026-05-11 15:20:00+05:30,23804.6,23806.55,23800.95,23805.25,0
2026-05-11 15:19:00+05:30,23810.15,23810.9,23802.85,23803.8,0
2026-05-11 15:18:00+05:30,23815.7,23818.8,23809.75,23809.75,0
2026-05-11 15:17:00+05:30,23815.0,23817.65,23811.65,23813.85,0
2026-05-11 15:16:00+05:30,23818.05,23818.85,23812.35,23815.15,0
2026-05-11 15:15:00+05:30,23806.2,23820.25,23806.2,23818.1,0
2026-05-11 15:14:00+05:30,23808.75,23811.0,23804.9,23805.75,0
2026-05-11 15:13:00+05:30,23804.8,23814.15,23804.8,23808.75,0
2026-05-11 15:12:00+05:30,23807.6,23810.1,23804.65,23805.1,0
2026-05-11 15:11:00+05:30,23812.25,23812.85,23801.4,23807.2,0
2026-05-11 15:10:00+05:30,23817.7,23824.05,23811.3,23811.85,0
2026-05-11 15:09:00+05:30,23816.4,23818.65,23813.95,23817.45,0
2026-05-11 15:08:00+05:30,23815.0,23820.3,23814.35,23816.35,0
2026-05-11 15:07:00+05:30,23813.7,23816.65,23809.75,23815.75,0
2026-05-11 15:06:00+05:30,23820.95,23822.15,23811.5,23814.4,0
2026-05-11 15:05:00+05:30,23830.45,23832.7,23820.0,23820.9,0
2026-05-11 15:04:00+05:30,23830.95,23831.7,23820.9,23830.7,0
2026-05-11 15:03:00+05:30,23843.7,23844.8,23830.85,23831.55,0
2026-05-11 15:02:00+05:30,23849.75,23850.8,23842.65,23843.45,0
2026-05-11 15:01:00+05:30,23857.05,23858.0,23850.0,23850.95,0
2026-05-11 15:00:00+05:30,23878.55,23879.7,23854.1,23857.2,0
2026-05-11 14:59:00+05:30,23880.8,23884.35,23875.9,23875.9,0
2026-05-11 14:58:00+05:30,23883.1,23885.2,23879.95,23881.35,0
2026-05-11 14:57:00+05:30,23889.85,23891.05,23883.35,23883.35,0
2026-05-11 14:56:00+05:30,23895.85,23896.2,23888.85,23889.7,0
2026-05-11 14:55:00+05:30,23894.05,23896.85,23893.1,23895.1,0
2026-05-11 14:54:00+05:30,23897.25,23899.5,23893.9,23894.15,0
2026-05-11 14:53:00+05:30,23891.85,23897.0,23891.85,23897.0,0
2026-05-11 14:52:00+05:30,23909.35,23910.8,23890.95,23891.85,0
2026-05-11 14:51:00+05:30,23911.0,23914.15,23908.85,23909.7,0
2026-05-11 14:50:00+05:30,23889.95,23913.1,23888.25,23911.9,0
2026-05-11 14:49:00+05:30,23894.1,23894.9,23883.1,23889.9,0
2026-05-11 14:48:00+05:30,23908.25,23910.0,23893.45,23894.1,0
2026-05-11 14:47:00+05:30,23921.85,23923.25,23905.45,23907.9,0
2026-05-11 14:46:00+05:30,23919.9,23924.35,23919.35,23921.9,0
2026-05-11 14:45:00+05:30,23916.6,23919.05,23914.9,23918.65,0
2026-05-11 14:44:00+05:30,23910.7,23918.95,23910.7,23916.35,0
2026-05-11 14:43:00+05:30,23925.45,23925.6,23904.2,23911.25,0
2026-05-11 14:42:00+05:30,23927.6,23931.3,23925.7,23925.7,0
2026-05-11 14:41:00+05:30,23923.05,23930.2,23923.05,23927.75,0
2026-05-11 14:40:00+05:30,23925.95,23927.75,23923.2,23923.25,0
2026-05-11 14:39:00+05:30,23926.75,23927.6,23921.75,23926.1,0
2026-05-11 14:38:00+05:30,23924.85,23928.0,23923.25,23925.8,0
2026-05-11 14:37:00+05:30,23933.65,23936.1,23925.4,23925.85,0
2026-05-11 14:36:00+05:30,23946.85,23949.5,23932.95,23934.25,0
2026-05-11 14:35:00+05:30,23952.9,23957.85,23946.25,23947.55,0
2026-05-11 14:34:00+05:30,23938.9,23953.55,23935.7,23953.0,0
2026-05-11 14:33:00+05:30,23930.95,23939.1,23930.4,23938.45,0
2026-05-11 14:32:00+05:30,23930.35,23933.8,23928.0,23930.8,0
2026-05-11 14:31:00+05:30,23929.15,23933.6,23927.3,23929.9,0
2026-05-11 14:30:00+05:30,23931.95,23936.15,23926.15,23929.1,0
2026-05-11 14:29:00+05:30,23934.35,23935.55,23929.45,23931.9,0
2026-05-11 14:28:00+05:30,23930.5,23936.2,23922.15,23934.15,0
2026-05-11 14:27:00+05:30,23940.45,23942.2,23928.2,23930.6,0
2026-05-11 14:26:00+05:30,23938.05,23940.95,23933.95,23940.7,0
2026-05-11 14:25:00+05:30,23941.6,23942.9,23937.85,23938.25,0
2026-05-11 14:24:00+05:30,23941.2,23948.6,23941.1,23941.7,0
2026-05-11 14:23:00+05:30,23941.45,23945.05,23939.8,23940.25,0
2026-05-11 14:22:00+05:30,23947.15,23948.45,23939.9,23941.65,0
2026-05-11 14:21:00+05:30,23943.95,23949.5,23943.0,23947.15,0
2026-05-11 14:20:00+05:30,23939.55,23949.4,23939.15,23943.6,0
2026-05-11 14:19:00+05:30,23945.25,23946.1,23939.05,23939.75,0
2026-05-11 14:18:00+05:30,23941.05,23951.4,23940.35,23945.45,0
2026-05-11 14:17:00+05:30,23937.8,23944.0,23933.95,23941.35,0
2026-05-11 14:16:00+05:30,23949.6,23950.65,23937.0,23937.65,0
2026-05-11 14:15:00+05:30,23945.25,23954.1,23945.25,23949.95,0
2026-05-11 14:14:00+05:30,23952.7,23952.8,23943.1,23946.3,0
2026-05-11 14:13:00+05:30,23956.8,23958.45,23951.2,23952.0,0
2026-05-11 14:12:00+05:30,23958.6,23961.25,23955.85,23956.85,0
2026-05-11 14:11:00+05:30,23962.75,23965.6,23957.5,23957.95,0
2026-05-11 14:10:00+05:30,23958.95,23967.15,23958.95,23962.7,0
2026-05-11 14:09:00+05:30,23965.0,23970.1,23958.05,23958.95,0
2026-05-11 14:08:00+05:30,23971.25,23973.5,23963.85,23965.2,0
2026-05-11 14:07:00+05:30,23964.25,23971.85,23963.9,23970.75,0
2026-05-11 14:06:00+05:30,23969.9,23971.1,23963.95,23964.55,0
2026-05-11 14:05:00+05:30,23963.35,23970.2,23963.05,23969.75,0
2026-05-11 14:04:00+05:30,23967.65,23969.45,23961.75,23963.55,0
2026-05-11 14:03:00+05:30,23965.2,23970.25,23964.9,23967.35,0
2026-05-11 14:02:00+05:30,23966.3,23967.85,23961.95,23965.75,0
2026-05-11 14:01:00+05:30,23970.45,23973.25,23965.85,23965.9,0
2026-05-11 14:00:00+05:30,23966.45,23971.9,23957.95,23971.0,0
2026-05-11 13:59:00+05:30,23971.3,23973.25,23966.25,23966.45,0
2026-05-11 13:58:00+05:30,23978.85,23979.75,23968.4,23970.95,0
2026-05-11 13:57:00+05:30,23986.35,23988.75,23977.0,23978.6,0
2026-05-11 13:56:00+05:30,23987.7,23989.3,23982.1,23986.25,0
2026-05-11 13:55:00+05:30,23994.3,23997.0,23986.3,23987.55,0
2026-05-11 13:54:00+05:30,23985.15,23997.45,23985.15,23993.95,0
2026-05-11 13:53:00+05:30,23979.0,23985.9,23976.2,23984.95,0
2026-05-11 13:52:00+05:30,23981.5,23983.25,23978.45,23979.05,0
2026-05-11 13:51:00+05:30,23977.75,23981.75,23975.75,23980.75,0
2026-05-11 13:50:00+05:30,23978.85,23983.45,23977.05,23977.55,0
2026-05-11 13:49:00+05:30,23981.2,23982.7,23977.1,23979.8,0
2026-05-11 13:48:00+05:30,23980.75,23986.35,23980.05,23981.0,0
2026-05-11 13:47:00+05:30,23986.1,23987.55,23979.5,23980.05,0
2026-05-11 13:46:00+05:30,23979.1,23986.3,23978.45,23986.2,0
2026-05-11 13:45:00+05:30,23966.55,23981.0,23965.7,23978.85,0
2026-05-11 13:44:00+05:30,23965.8,23971.7,23964.75,23965.45,0
2026-05-11 13:43:00+05:30,23972.25,23973.75,23965.35,23965.95,0
2026-05-11 13:42:00+05:30,23961.7,23973.05,23961.6,23971.85,0
2026-05-11 13:41:00+05:30,23956.65,23962.7,23954.4,23961.65,0
2026-05-11 13:40:00+05:30,23952.05,23957.85,23946.35,23957.15,0
2026-05-11 13:39:00+05:30,23962.25,23965.55,23952.1,23952.1,0
2026-05-11 13:38:00+05:30,23964.75,23965.85,23954.85,23962.35,0
2026-05-11 13:37:00+05:30,23975.35,23977.65,23963.85,23965.1,0
2026-05-11 13:36:00+05:30,23971.85,23988.25,23970.55,23975.45,0
2026-05-11 13:35:00+05:30,23950.6,23972.4,23949.8,23971.95,0
2026-05-11 13:34:00+05:30,23948.05,23951.3,23945.55,23950.7,0
2026-05-11 13:33:00+05:30,23949.8,23951.25,23947.35,23947.55,0
2026-05-11 13:32:00+05:30,23950.6,23955.15,23948.45,23949.45,0
2026-05-11 13:31:00+05:30,23944.6,23951.75,23943.35,23950.2,0
2026-05-11 13:30:00+05:30,23946.1,23951.2,23944.15,23944.4,0
2026-05-11 13:29:00+05:30,23941.85,23948.15,23940.4,23946.35,0
2026-05-11 13:28:00+05:30,23948.4,23948.7,23940.85,23942.05,0
2026-05-11 13:27:00+05:30,23951.1,23952.05,23946.15,23947.85,0
2026-05-11 13:26:00+05:30,23951.25,23953.3,23948.2,23950.8,0
2026-05-11 13:25:00+05:30,23950.65,23952.5,23948.05,23951.3,0
2026-05-11 13:24:00+05:30,23945.8,23950.7,23944.8,23949.5,0
2026-05-11 13:23:00+05:30,23946.65,23947.85,23942.5,23944.3,0
2026-05-11 13:22:00+05:30,23944.85,23950.05,23944.5,23946.35,0
2026-05-11 13:21:00+05:30,23939.8,23945.4,23939.8,23945.35,0
2026-05-11 13:20:00+05:30,23935.35,23940.95,23935.35,23940.5,0
2026-05-11 13:19:00+05:30,23944.6,23945.15,23934.5,23934.95,0
2026-05-11 13:18:00+05:30,23941.2,23945.8,23937.9,23945.15,0
2026-05-11 13:17:00+05:30,23943.05,23944.85,23940.5,23941.35,0
2026-05-11 13:16:00+05:30,23947.5,23948.95,23943.65,23944.0,0
2026-05-11 13:15:00+05:30,23949.9,23950.9,23945.3,23947.95,0
2026-05-11 13:14:00+05:30,23938.7,23949.8,23938.5,23949.8,0
2026-05-11 13:13:00+05:30,23933.55,23943.2,23933.55,23939.55,0
2026-05-11 13:12:00+05:30,23934.05,23942.55,23933.65,23933.65,0
2026-05-11 13:11:00+05:30,23940.25,23941.4,23932.5,23934.35,0
2026-05-11 13:10:00+05:30,23939.2,23944.95,23939.15,23940.55,0
2026-05-11 13:09:00+05:30,23926.55,23939.2,23926.1,23939.15,0
2026-05-11 13:08:00+05:30,23922.2,23928.4,23919.2,23926.45,0
2026-05-11 13:07:00+05:30,23907.75,23926.3,23906.95,23921.85,0
2026-05-11 13:06:00+05:30,23910.5,23913.5,23905.05,23908.2,0
2026-05-11 13:05:00+05:30,23918.55,23923.0,23910.9,23910.9,0
2026-05-11 13:04:00+05:30,23918.35,23924.75,23918.35,23918.7,0
2026-05-11 13:03:00+05:30,23932.75,23937.55,23918.3,23918.65,0
2026-05-11 13:02:00+05:30,23941.0,23941.85,23931.45,23932.85,0
2026-05-11 13:01:00+05:30,23939.1,23943.3,23932.1,23940.5,0
2026-05-11 13:00:00+05:30,23945.4,23946.2,23938.05,23938.65,0
2026-05-11 12:59:00+05:30,23945.2,23948.95,23944.35,23945.55,0
2026-05-11 12:58:00+05:30,23943.95,23949.1,23942.55,23945.95,0
2026-05-11 12:57:00+05:30,23946.3,23951.75,23943.55,23944.5,0
2026-05-11 12:56:00+05:30,23943.2,23945.7,23941.3,23945.5,0
2026-05-11 12:55:00+05:30,23938.25,23945.05,23937.4,23942.6,0
2026-05-11 12:54:00+05:30,23941.8,23942.6,23932.0,23938.3,0
2026-05-11 12:53:00+05:30,23948.6,23951.9,23940.8,23941.6,0
2026-05-11 12:52:00+05:30,23943.05,23950.75,23942.65,23948.8,0
2026-05-11 12:51:00+05:30,23943.7,23945.05,23940.2,23942.95,0
2026-05-11 12:50:00+05:30,23940.95,23945.55,23940.05,23943.65,0
2026-05-11 12:49:00+05:30,23942.1,23942.8,23936.55,23940.9,0
2026-05-11 12:48:00+05:30,23941.7,23946.2,23940.75,23942.0,0
2026-05-11 12:47:00+05:30,23947.2,23949.15,23940.35,23941.85,0
2026-05-11 12:46:00+05:30,23948.7,23950.75,23946.15,23947.1,0
2026-05-11 12:45:00+05:30,23949.7,23954.65,23947.3,23948.65,0
2026-05-11 12:44:00+05:30,23947.4,23954.95,23947.4,23950.35,0
2026-05-11 12:43:00+05:30,23941.75,23949.8,23940.95,23948.0,0
2026-05-11 12:42:00+05:30,23924.05,23943.3,23923.65,23940.8,0
2026-05-11 12:41:00+05:30,23921.65,23927.55,23921.45,23923.9,0
2026-05-11 12:40:00+05:30,23913.8,23921.85,23913.7,23919.9,0
2026-05-11 12:39:00+05:30,23904.7,23913.7,23902.45,23913.1,0
2026-05-11 12:38:00+05:30,23917.95,23919.75,23902.7,23904.0,0
2026-05-11 12:37:00+05:30,23925.15,23928.85,23918.15,23918.55,0
2026-05-11 12:36:00+05:30,23928.45,23933.9,23924.5,23925.4,0
2026-05-11 12:35:00+05:30,23924.7,23930.7,23924.25,23928.1,0
2026-05-11 12:34:00+05:30,23921.0,23927.35,23920.15,23924.3,0
2026-05-11 12:33:00+05:30,23908.9,23922.0,23908.75,23922.0,0
2026-05-11 12:32:00+05:30,23915.35,23919.45,23908.45,23909.3,0
2026-05-11 12:31:00+05:30,23926.05,23927.35,23914.45,23915.0,0
2026-05-11 12:30:00+05:30,23928.9,23930.2,23924.25,23925.75,0
2026-05-11 12:29:00+05:30,23931.75,23934.4,23928.05,23929.05,0
2026-05-11 12:28:00+05:30,23935.5,23937.4,23929.85,23931.9,0
2026-05-11 12:27:00+05:30,23937.6,23939.6,23933.75,23935.6,0
2026-05-11 12:26:00+05:30,23941.25,23944.15,23936.2,23938.0,0
2026-05-11 12:25:00+05:30,23942.2,23945.05,23937.7,23941.25,0
2026-05-11 12:24:00+05:30,23939.85,23943.95,23938.85,23942.5,0
2026-05-11 12:23:00+05:30,23936.75,23941.0,23935.55,23939.3,0
2026-05-11 12:22:00+05:30,23931.05,23936.6,23928.85,23936.6,0
2026-05-11 12:21:00+05:30,23931.8,23935.45,23930.15,23931.1,0
2026-05-11 12:20:00+05:30,23938.2,23940.5,23930.6,23931.65,0
2026-05-11 12:19:00+05:30,23934.8,23942.55,23934.55,23938.0,0
2026-05-11 12:18:00+05:30,23931.4,23936.8,23930.8,23934.7,0
2026-05-11 12:17:00+05:30,23929.1,23934.2,23926.65,23931.3,0
2026-05-11 12:16:00+05:30,23936.0,23936.3,23928.6,23929.0,0
2026-05-11 12:15:00+05:30,23935.2,23940.05,23934.1,23935.05,0
2026-05-11 12:14:00+05:30,23937.3,23940.2,23933.05,23935.55,0
2026-05-11 12:13:00+05:30,23930.95,23937.5,23930.95,23937.5,0
2026-05-11 12:12:00+05:30,23933.85,23935.6,23930.4,23931.25,0
2026-05-11 12:11:00+05:30,23940.8,23941.45,23932.55,23933.3,0
2026-05-11 12:10:00+05:30,23939.45,23942.4,23933.05,23940.75,0
2026-05-11 12:09:00+05:30,23937.55,23943.95,23936.65,23939.3,0
2026-05-11 12:08:00+05:30,23933.45,23939.5,23932.35,23938.65,0
2026-05-11 12:07:00+05:30,23926.85,23934.2,23926.1,23931.6,0
2026-05-11 12:06:00+05:30,23928.75,23933.9,23926.6,23926.85,0
2026-05-11 12:05:00+05:30,23923.7,23929.25,23920.3,23928.5,0
2026-05-11 12:04:00+05:30,23933.5,23936.0,23922.5,23923.7,0
2026-05-11 12:03:00+05:30,23931.0,23937.8,23929.7,23933.2,0
2026-05-11 12:02:00+05:30,23925.7,23932.45,23924.55,23931.2,0
2026-05-11 12:01:00+05:30,23931.0,23931.25,23926.0,23926.05,0
2026-05-11 12:00:00+05:30,23931.25,23934.7,23928.6,23931.3,0
2026-05-11 11:59:00+05:30,23927.25,23931.8,23926.8,23930.9,0
2026-05-11 11:58:00+05:30,23925.55,23927.15,23923.65,23926.9,0
2026-05-11 11:57:00+05:30,23930.35,23932.95,23925.3,23925.3,0
2026-05-11 11:56:00+05:30,23934.0,23935.9,23930.1,23930.9,0
2026-05-11 11:55:00+05:30,23937.7,23939.0,23933.05,23933.75,0
2026-05-11 11:54:00+05:30,23936.8,23941.0,23934.75,23937.75,0
2026-05-11 11:53:00+05:30,23930.4,23939.35,23930.4,23937.25,0
2026-05-11 11:52:00+05:30,23926.8,23932.25,23923.9,23930.15,0
2026-05-11 11:51:00+05:30,23927.3,23928.95,23921.4,23927.0,0
2026-05-11 11:50:00+05:30,23922.1,23928.6,23921.85,23926.8,0
2026-05-11 11:49:00+05:30,23925.8,23927.15,23920.35,23921.25,0
2026-05-11 11:48:00+05:30,23930.2,23933.9,23924.9,23925.4,0
2026-05-11 11:47:00+05:30,23938.45,23940.8,23927.55,23931.2,0
2026-05-11 11:46:00+05:30,23952.55,23953.4,23937.8,23938.9,0
2026-05-11 11:45:00+05:30,23949.55,23956.9,23948.15,23952.65,0
2026-05-11 11:44:00+05:30,23951.0,23952.7,23947.05,23949.4,0
2026-05-11 11:43:00+05:30,23950.65,23951.25,23946.95,23951.1,0
2026-05-11 11:42:00+05:30,23948.3,23951.05,23945.75,23950.5,0
2026-05-11 11:41:00+05:30,23937.95,23949.2,23937.55,23947.75,0
2026-05-11 11:40:00+05:30,23936.05,23939.5,23932.9,23938.25,0
2026-05-11 11:39:00+05:30,23919.3,23936.1,23918.55,23936.1,0
2026-05-11 11:38:00+05:30,23925.6,23926.8,23916.95,23918.8,0
2026-05-11 11:37:00+05:30,23926.9,23933.45,23924.0,23925.65,0
2026-05-11 11:36:00+05:30,23929.25,23932.2,23925.25,23927.4,0
2026-05-11 11:35:00+05:30,23925.1,23930.2,23921.3,23929.75,0
2026-05-11 11:34:00+05:30,23918.7,23925.15,23916.4,23924.6,0
2026-05-11 11:33:00+05:30,23920.55,23922.55,23918.05,23918.45,0
2026-05-11 11:32:00+05:30,23920.85,23930.85,23920.1,23920.15,0
2026-05-11 11:31:00+05:30,23916.2,23922.55,23907.25,23921.9,0
2026-05-11 11:30:00+05:30,23928.2,23930.15,23916.35,23916.7,0
2026-05-11 11:29:00+05:30,23920.55,23931.4,23919.5,23927.8,0
2026-05-11 11:28:00+05:30,23919.4,23921.7,23913.25,23921.15,0
2026-05-11 11:27:00+05:30,23922.85,23925.15,23917.1,23919.05,0
2026-05-11 11:26:00+05:30,23929.0,23934.95,23922.1,23922.75,0
2026-05-11 11:25:00+05:30,23926.2,23931.7,23926.2,23928.45,0
2026-05-11 11:24:00+05:30,23935.1,23936.25,23925.9,23926.2,0
2026-05-11 11:23:00+05:30,23935.8,23937.95,23932.5,23935.45,0
2026-05-11 11:22:00+05:30,23934.95,23936.75,23930.25,23936.0,0
2026-05-11 11:21:00+05:30,23935.9,23942.95,23934.25,23935.15,0
2026-05-11 11:20:00+05:30,23918.65,23936.9,23918.2,23935.75,0
2026-05-11 11:19:00+05:30,23912.9,23918.95,23910.4,23918.3,0
2026-05-11 11:18:00+05:30,23914.6,23918.55,23912.6,23912.7,0
2026-05-11 11:17:00+05:30,23916.8,23921.7,23913.95,23913.95,0
2026-05-11 11:16:00+05:30,23916.45,23917.85,23914.2,23916.4,0
2026-05-11 11:15:00+05:30,23914.6,23920.15,23914.6,23916.45,0
2026-05-11 11:14:00+05:30,23914.8,23917.95,23911.6,23914.6,0
2026-05-11 11:13:00+05:30,23915.4,23918.25,23911.2,23914.9,0
2026-05-11 11:12:00+05:30,23918.0,23922.55,23914.05,23915.75,0
2026-05-11 11:11:00+05:30,23907.75,23918.2,23907.5,23918.2,0
2026-05-11 11:10:00+05:30,23902.9,23909.95,23902.9,23908.45,0
2026-05-11 11:09:00+05:30,23897.65,23904.4,23897.65,23903.25,0
2026-05-11 11:08:00+05:30,23901.55,23903.1,23893.35,23897.85,0
2026-05-11 11:07:00+05:30,23902.2,23907.3,23901.65,23902.0,0
2026-05-11 11:06:00+05:30,23899.3,23904.3,23898.95,23902.6,0
2026-05-11 11:05:00+05:30,23895.8,23900.8,23895.8,23899.65,0
2026-05-11 11:04:00+05:30,23889.7,23897.35,23889.45,23896.2,0
2026-05-11 11:03:00+05:30,23881.3,23890.6,23878.55,23889.85,0
2026-05-11 11:02:00+05:30,23890.6,23894.3,23881.1,23881.5,0
2026-05-11 11:01:00+05:30,23888.85,23891.7,23887.3,23890.6,0
2026-05-11 11:00:00+05:30,23887.0,23891.15,23884.75,23889.1,0
2026-05-11 10:59:00+05:30,23889.8,23891.4,23886.05,23886.95,0
2026-05-11 10:58:00+05:30,23886.0,23892.5,23885.5,23889.75,0
2026-05-11 10:57:00+05:30,23885.05,23890.45,23884.55,23885.7,0
2026-05-11 10:56:00+05:30,23887.0,23888.85,23882.1,23884.55,0
2026-05-11 10:55:00+05:30,23890.1,23892.2,23883.3,23886.7,0
2026-05-11 10:54:00+05:30,23877.2,23890.65,23876.6,23889.85,0
2026-05-11 10:53:00+05:30,23868.5,23878.85,23865.15,23878.1,0
2026-05-11 10:52:00+05:30,23864.4,23871.2,23862.4,23868.2,0
2026-05-11 10:51:00+05:30,23867.15,23868.95,23864.65,23864.65,0
2026-05-11 10:50:00+05:30,23860.15,23867.25,23859.2,23866.8,0
2026-05-11 10:49:00+05:30,23852.15,23863.05,23851.6,23860.4,0
2026-05-11 10:48:00+05:30,23858.0,23859.5,23850.85,23852.35,0
2026-05-11 10:47:00+05:30,23859.95,23863.0,23857.55,23857.8,0
2026-05-11 10:46:00+05:30,23853.75,23863.35,23851.9,23859.75,0
2026-05-11 10:45:00+05:30,23859.95,23861.25,23852.55,23853.8,0
2026-05-11 10:44:00+05:30,23857.65,23860.9,23856.6,23860.1,0
2026-05-11 10:43:00+05:30,23856.3,23857.85,23851.6,23857.15,0
2026-05-11 10:42:00+05:30,23863.7,23864.75,23854.0,23855.95,0
2026-05-11 10:41:00+05:30,23862.65,23865.15,23859.9,23863.45,0
2026-05-11 10:40:00+05:30,23862.65,23863.95,23857.1,23862.75,0
2026-05-11 10:39:00+05:30,23855.55,23863.15,23847.45,23863.15,0
2026-05-11 10:38:00+05:30,23859.0,23859.95,23853.0,23855.55,0
2026-05-11 10:37:00+05:30,23865.5,23866.25,23857.0,23858.5,0
2026-05-11 10:36:00+05:30,23872.25,23874.8,23865.25,23865.45,0
2026-05-11 10:35:00+05:30,23870.3,23872.6,23867.75,23872.25,0
2026-05-11 10:34:00+05:30,23866.35,23874.5,23865.9,23870.05,0
2026-05-11 10:33:00+05:30,23864.4,23869.7,23860.75,23866.05,0
2026-05-11 10:32:00+05:30,23862.85,23868.25,23861.9,23863.7,0
2026-05-11 10:31:00+05:30,23865.45,23865.9,23860.15,23863.1,0
2026-05-11 10:30:00+05:30,23868.45,23872.6,23864.45,23864.95,0
2026-05-11 10:29:00+05:30,23868.35,23871.6,23866.2,23869.2,0
2026-05-11 10:28:00+05:30,23869.0,23871.75,23866.8,23868.0,0
2026-05-11 10:27:00+05:30,23874.9,23878.3,23868.6,23869.0,0
2026-05-11 10:26:00+05:30,23867.35,23877.15,23865.15,23875.5,0
2026-05-11 10:25:00+05:30,23871.2,23872.1,23864.3,23867.35,0
2026-05-11 10:24:00+05:30,23867.25,23873.85,23864.7,23871.7,0
2026-05-11 10:23:00+05:30,23876.15,23877.5,23865.8,23866.8,0
2026-05-11 10:22:00+05:30,23865.8,23875.95,23864.4,23875.75,0
2026-05-11 10:21:00+05:30,23854.3,23866.35,23853.1,23866.35,0
2026-05-11 10:20:00+05:30,23850.85,23855.6,23845.3,23855.0,0
2026-05-11 10:19:00+05:30,23856.75,23859.9,23850.25,23851.25,0
2026-05-11 10:18:00+05:30,23875.15,23876.95,23854.95,23856.95,0
2026-05-11 10:17:00+05:30,23885.0,23887.25,23874.0,23875.6,0
2026-05-11 10:16:00+05:30,23883.85,23891.9,23881.85,23884.8,0
2026-05-11 10:15:00+05:30,23894.75,23896.25,23882.85,23884.0,0
2026-05-11 10:14:00+05:30,23898.6,23901.2,23892.6,23893.4,0
2026-05-11 10:13:00+05:30,23895.55,23900.3,23894.3,23898.6,0
2026-05-11 10:12:00+05:30,23893.5,23896.5,23887.3,23895.25,0
2026-05-11 10:11:00+05:30,23893.65,23897.55,23892.95,23893.85,0
2026-05-11 10:10:00+05:30,23899.6,23902.8,23890.05,23893.25,0
2026-05-11 10:09:00+05:30,23892.7,23903.7,23892.65,23899.15,0
2026-05-11 10:08:00+05:30,23891.75,23900.7,23891.75,23893.55,0
2026-05-11 10:07:00+05:30,23893.45,23898.9,23891.35,23891.6,0
2026-05-11 10:06:00+05:30,23893.35,23895.0,23888.7,23893.55,0
2026-05-11 10:05:00+05:30,23892.9,23896.1,23887.1,23893.2,0
2026-05-11 10:04:00+05:30,23893.6,23897.4,23890.45,23893.15,0
2026-05-11 10:03:00+05:30,23884.75,23894.55,23883.9,23893.3,0
2026-05-11 10:02:00+05:30,23882.4,23888.3,23881.1,23884.8,0
2026-05-11 10:01:00+05:30,23880.4,23884.1,23877.0,23882.4,0
2026-05-11 10:00:00+05:30,23874.6,23881.65,23873.25,23880.5,0
2026-05-11 09:59:00+05:30,23878.6,23880.15,23872.85,23874.25,0
2026-05-11 09:58:00+05:30,23881.4,23886.4,23876.85,23878.85,0
2026-05-11 09:57:00+05:30,23872.05,23882.85,23868.2,23881.0,0
2026-05-11 09:56:00+05:30,23876.3,23881.95,23869.6,23872.9,0
2026-05-11 09:55:00+05:30,23893.7,23899.95,23876.7,23876.8,0
2026-05-11 09:54:00+05:30,23885.05,23893.5,23884.2,23892.75,0
2026-05-11 09:53:00+05:30,23876.6,23885.1,23870.5,23884.15,0
2026-05-11 09:52:00+05:30,23878.15,23879.9,23875.45,23876.65,0
2026-05-11 09:51:00+05:30,23881.55,23883.8,23876.9,23877.85,0
2026-05-11 09:50:00+05:30,23885.35,23888.05,23878.4,23880.75,0
2026-05-11 09:49:00+05:30,23879.35,23887.45,23874.7,23885.0,0
2026-05-11 09:48:00+05:30,23884.35,23889.85,23877.5,23879.35,0
2026-05-11 09:47:00+05:30,23881.25,23884.55,23876.7,23883.95,0
2026-05-11 09:46:00+05:30,23865.25,23881.55,23864.7,23881.4,0
2026-05-11 09:45:00+05:30,23866.15,23876.85,23864.2,23866.0,0
2026-05-11 09:44:00+05:30,23872.45,23873.15,23864.1,23865.65,0
2026-05-11 09:43:00+05:30,23883.55,23887.1,23867.55,23872.05,0
2026-05-11 09:42:00+05:30,23885.55,23898.15,23882.6,23882.6,0
2026-05-11 09:41:00+05:30,23879.4,23895.85,23878.75,23885.45,0
2026-05-11 09:40:00+05:30,23881.35,23882.5,23871.0,23878.45,0
2026-05-11 09:39:00+05:30,23890.55,23891.65,23874.7,23881.8,0
2026-05-11 09:38:00+05:30,23900.65,23901.45,23890.15,23890.8,0
2026-05-11 09:37:00+05:30,23906.85,23908.25,23900.45,23900.95,0
2026-05-11 09:36:00+05:30,23917.9,23919.35,23905.55,23908.0,0
2026-05-11 09:35:00+05:30,23930.6,23931.3,23916.1,23918.75,0
2026-05-11 09:34:00+05:30,23918.55,23937.25,23917.05,23930.7,0
2026-05-11 09:33:00+05:30,23947.15,23948.05,23917.35,23920.4,0
2026-05-11 09:32:00+05:30,23956.15,23957.25,23946.75,23946.75,0
2026-05-11 09:31:00+05:30,23947.55,23959.55,23946.1,23955.85,0
2026-05-11 09:30:00+05:30,23952.2,23955.85,23945.9,23947.8,0
2026-05-11 09:29:00+05:30,23941.95,23956.3,23940.15,23953.25,0
2026-05-11 09:28:00+05:30,23944.45,23947.55,23933.4,23941.8,0
2026-05-11 09:27:00+05:30,23921.75,23948.6,23920.5,23944.6,0
2026-05-11 09:26:00+05:30,23926.2,23930.55,23918.7,23920.3,0
2026-05-11 09:25:00+05:30,23936.8,23944.1,23926.1,23926.5,0
2026-05-11 09:24:00+05:30,23917.7,23942.6,23917.7,23937.45,0
2026-05-11 09:23:00+05:30,23909.3,23918.0,23905.6,23918.0,0
2026-05-11 09:22:00+05:30,23907.65,23916.35,23903.55,23908.7,0
2026-05-11 09:21:00+05:30,23901.65,23911.2,23895.55,23907.6,0
2026-05-11 09:20:00+05:30,23919.05,23920.05,23898.6,23901.25,0
2026-05-11 09:19:00+05:30,23909.6,23927.95,23904.55,23918.75,0
2026-05-11 09:18:00+05:30,23926.05,23926.05,23906.25,23910.2,0
2026-05-11 09:17:00+05:30,23946.75,23951.2,23922.55,23928.05,0
2026-05-11 09:16:00+05:30,23943.6,23950.8,23921.25,23945.25,0
2026-05-11 09:15:00+05:30,23970.1,23986.8,23897.2,23943.2,0
2026-05-08 15:29:00+05:30,24175.25,24180.65,24170.05,24179.8,0
2026-05-08 15:28:00+05:30,24173.7,24176.4,24170.25,24175.75,0
2026-05-08 15:27:00+05:30,24173.45,24178.35,24172.1,24174.5,0
2026-05-08 15:26:00+05:30,24176.5,24177.4,24171.95,24173.95,0
2026-05-08 15:25:00+05:30,24170.55,24178.05,24169.7,24175.85,0
2026-05-08 15:24:00+05:30,24170.95,24171.9,24164.85,24170.7,0
2026-05-08 15:23:00+05:30,24166.65,24172.65,24163.5,24171.5,0
2026-05-08 15:22:00+05:30,24169.0,24169.9,24165.45,24166.95,0
2026-05-08 15:21:00+05:30,24169.5,24171.0,24164.5,24168.1,0
2026-05-08 15:20:00+05:30,24174.05,24174.95,24167.9,24169.7,0
2026-05-08 15:19:00+05:30,24175.35,24176.9,24170.5,24175.6,0
2026-05-08 15:18:00+05:30,24179.45,24180.2,24171.45,24175.75,0
2026-05-08 15:17:00+05:30,24188.5,24189.35,24179.3,24180.75,0
2026-05-08 15:16:00+05:30,24193.45,24194.5,24187.65,24188.6,0
2026-05-08 15:15:00+05:30,24180.6,24196.9,24179.25,24193.45,0
2026-05-08 15:14:00+05:30,24175.2,24180.95,24173.85,24180.85,0
2026-05-08 15:13:00+05:30,24178.3,24178.3,24172.4,24173.9,0
2026-05-08 15:12:00+05:30,24186.45,24186.45,24176.75,24177.75,0
2026-05-08 15:11:00+05:30,24186.3,24189.0,24181.95,24185.7,0
2026-05-08 15:10:00+05:30,24180.35,24186.25,24178.95,24185.3,0
2026-05-08 15:09:00+05:30,24183.2,24183.8,24179.0,24179.7,0
2026-05-08 15:08:00+05:30,24181.25,24184.0,24179.5,24181.55,0
2026-05-08 15:07:00+05:30,24179.5,24179.75,24172.75,24179.75,0
2026-05-08 15:06:00+05:30,24185.45,24185.5,24177.4,24179.05,0
2026-05-08 15:05:00+05:30,24171.1,24185.05,24169.75,24184.95,0
2026-05-08 15:04:00+05:30,24173.7,24173.7,24168.35,24170.3,0
2026-05-08 15:03:00+05:30,24178.15,24178.15,24171.05,24171.2,0
2026-05-08 15:02:00+05:30,24184.3,24184.3,24172.9,24177.2,0
2026-05-08 15:01:00+05:30,24187.2,24192.3,24183.5,24183.65,0
2026-05-08 15:00:00+05:30,24215.1,24215.1,24180.3,24184.75,0
2026-05-08 14:59:00+05:30,24230.85,24230.85,24206.6,24213.65,0
2026-05-08 14:58:00+05:30,24231.8,24232.75,24225.4,24230.7,0
2026-05-08 14:57:00+05:30,24226.9,24235.3,24224.55,24230.5,0
2026-05-08 14:56:00+05:30,24230.0,24230.0,24224.95,24226.2,0
2026-05-08 14:55:00+05:30,24232.75,24232.75,24228.3,24229.25,0
2026-05-08 14:54:00+05:30,24232.3,24232.4,24228.8,24231.0,0
2026-05-08 14:53:00+05:30,24235.9,24236.85,24230.0,24230.55,0
2026-05-08 14:52:00+05:30,24240.25,24240.25,24230.25,24234.05,0
2026-05-08 14:51:00+05:30,24234.8,24240.1,24231.4,24238.05,0
2026-05-08 14:50:00+05:30,24234.05,24234.05,24230.1,24232.8,0
2026-05-08 14:49:00+05:30,24221.95,24234.55,24220.85,24232.2,0
2026-05-08 14:48:00+05:30,24230.5,24230.5,24220.1,24220.35,0
2026-05-08 14:47:00+05:30,24234.35,24236.25,24228.5,24228.5,0
2026-05-08 14:46:00+05:30,24232.35,24234.9,24230.1,24233.0,0
2026-05-08 14:45:00+05:30,24233.55,24236.9,24225.7,24230.85,0
2026-05-08 14:44:00+05:30,24228.1,24235.85,24226.65,24231.7,0
2026-05-08 14:43:00+05:30,24226.9,24230.0,24225.25,24226.5,0
2026-05-08 14:42:00+05:30,24225.75,24227.95,24221.25,24226.25,0
2026-05-08 14:41:00+05:30,24235.1,24235.1,24223.75,24225.1,0
2026-05-08 14:40:00+05:30,24220.55,24235.8,24219.25,24233.15,0
2026-05-08 14:39:00+05:30,24220.15,24223.75,24217.7,24218.65,0
2026-05-08 14:38:00+05:30,24218.4,24221.05,24214.0,24217.8,0
2026-05-08 14:37:00+05:30,24211.7,24220.05,24207.05,24217.55,0
2026-05-08 14:36:00+05:30,24205.95,24214.4,24200.55,24210.1,0
2026-05-08 14:35:00+05:30,24196.35,24205.0,24193.5,24204.15,0
2026-05-08 14:34:00+05:30,24204.1,24204.75,24195.05,24195.45,0
2026-05-08 14:33:00+05:30,24198.95,24207.05,24196.3,24202.5,0
2026-05-08 14:32:00+05:30,24193.8,24199.15,24191.55,24196.95,0
2026-05-08 14:31:00+05:30,24181.65,24192.75,24179.45,24192.75,0
2026-05-08 14:30:00+05:30,24171.0,24179.9,24168.55,24179.6,0
2026-05-08 14:29:00+05:30,24168.5,24170.75,24164.9,24169.65,0
2026-05-08 14:28:00+05:30,24161.9,24167.0,24158.0,24165.0,0
2026-05-08 14:27:00+05:30,24157.5,24162.5,24154.5,24160.8,0
2026-05-08 14:26:00+05:30,24154.95,24157.8,24150.65,24156.1,0
2026-05-08 14:25:00+05:30,24150.4,24155.85,24149.05,24153.85,0
2026-05-08 14:24:00+05:30,24163.35,24164.2,24146.15,24147.85,0
2026-05-08 14:23:00+05:30,24146.85,24163.05,24141.75,24161.55,0
2026-05-08 14:22:00+05:30,24148.3,24150.3,24145.15,24145.9,0
2026-05-08 14:21:00+05:30,24148.3,24150.6,24143.05,24147.65,0
2026-05-08 14:20:00+05:30,24148.1,24154.35,24145.3,24147.1,0
2026-05-08 14:19:00+05:30,24153.9,24153.9,24144.75,24147.2,0
2026-05-08 14:18:00+05:30,24160.75,24160.75,24152.05,24152.3,0
2026-05-08 14:17:00+05:30,24161.55,24166.75,24157.7,24159.8,0
2026-05-08 14:16:00+05:30,24155.0,24163.25,24147.95,24159.5,0
2026-05-08 14:15:00+05:30,24147.35,24154.7,24143.5,24154.05,0
2026-05-08 14:14:00+05:30,24164.35,24164.35,24145.85,24145.85,0
2026-05-08 14:13:00+05:30,24162.45,24164.85,24155.25,24162.4,0
2026-05-08 14:12:00+05:30,24168.5,24169.2,24160.05,24160.05,0
2026-05-08 14:11:00+05:30,24176.65,24178.75,24164.55,24166.15,0
2026-05-08 14:10:00+05:30,24179.1,24179.5,24172.5,24174.8,0
2026-05-08 14:09:00+05:30,24175.25,24178.3,24166.35,24177.95,0
2026-05-08 14:08:00+05:30,24164.7,24175.9,24161.9,24172.6,0
2026-05-08 14:07:00+05:30,24158.0,24163.65,24153.65,24163.6,0
2026-05-08 14:06:00+05:30,24158.15,24167.65,24151.2,24157.45,0
2026-05-08 14:05:00+05:30,24148.45,24162.2,24145.95,24155.85,0
2026-05-08 14:04:00+05:30,24150.6,24155.25,24145.6,24145.6,0
2026-05-08 14:03:00+05:30,24147.9,24149.15,24135.6,24148.35,0
2026-05-08 14:02:00+05:30,24133.25,24146.8,24126.65,24145.9,0
2026-05-08 14:01:00+05:30,24143.3,24143.3,24130.0,24132.25,0
2026-05-08 14:00:00+05:30,24139.15,24140.75,24130.6,24140.75,0
2026-05-08 13:59:00+05:30,24149.6,24149.6,24128.35,24137.2,0
2026-05-08 13:58:00+05:30,24164.1,24164.35,24148.4,24148.85,0
2026-05-08 13:57:00+05:30,24174.9,24174.9,24158.0,24162.9,0
2026-05-08 13:56:00+05:30,24163.1,24181.25,24161.8,24173.45,0
2026-05-08 13:55:00+05:30,24174.95,24175.3,24162.3,24162.65,0
2026-05-08 13:54:00+05:30,24164.6,24174.7,24163.9,24174.7,0
2026-05-08 13:53:00+05:30,24160.1,24164.05,24150.75,24162.15,0
2026-05-08 13:52:00+05:30,24169.4,24169.4,24158.05,24158.05,0
2026-05-08 13:51:00+05:30,24169.5,24169.5,24164.7,24168.7,0
2026-05-08 13:50:00+05:30,24176.05,24176.5,24167.95,24168.55,0
2026-05-08 13:49:00+05:30,24178.65,24178.65,24172.3,24173.65,0
2026-05-08 13:48:00+05:30,24175.15,24178.45,24171.4,24176.75,0
2026-05-08 13:47:00+05:30,24174.95,24175.9,24170.45,24174.2,0
2026-05-08 13:46:00+05:30,24176.05,24176.15,24172.0,24173.05,0
2026-05-08 13:45:00+05:30,24173.35,24175.75,24170.1,24173.2,0
2026-05-08 13:44:00+05:30,24175.1,24175.1,24169.65,24170.95,0
2026-05-08 13:43:00+05:30,24176.1,24176.5,24171.1,24172.7,0
2026-05-08 13:42:00+05:30,24173.55,24175.15,24170.15,24175.05,0
2026-05-08 13:41:00+05:30,24181.4,24181.4,24172.25,24172.25,0
2026-05-08 13:40:00+05:30,24174.35,24182.25,24172.55,24180.5,0
2026-05-08 13:39:00+05:30,24169.5,24174.05,24167.75,24172.15,0
2026-05-08 13:38:00+05:30,24179.1,24179.1,24166.5,24168.0,0
2026-05-08 13:37:00+05:30,24180.9,24180.9,24175.2,24177.1,0
2026-05-08 13:36:00+05:30,24187.2,24187.2,24177.9,24178.95,0
2026-05-08 13:35:00+05:30,24186.05,24188.05,24182.65,24186.4,0
2026-05-08 13:34:00+05:30,24187.55,24187.7,24183.85,24184.4,0
2026-05-08 13:33:00+05:30,24186.15,24189.95,24183.15,24186.4,0
2026-05-08 13:32:00+05:30,24185.2,24188.1,24183.05,24184.8,0
2026-05-08 13:31:00+05:30,24186.85,24186.85,24180.3,24183.4,0
2026-05-08 13:30:00+05:30,24196.65,24202.65,24183.7,24185.4,0
2026-05-08 13:29:00+05:30,24190.45,24198.4,24189.7,24195.45,0
2026-05-08 13:28:00+05:30,24183.0,24190.15,24179.35,24189.0,0
2026-05-08 13:27:00+05:30,24177.55,24182.35,24175.6,24182.35,0
2026-05-08 13:26:00+05:30,24173.9,24177.8,24169.3,24177.1,0
2026-05-08 13:25:00+05:30,24168.7,24173.8,24165.25,24173.0,0
2026-05-08 13:24:00+05:30,24167.45,24167.8,24163.35,24166.7,0
2026-05-08 13:23:00+05:30,24169.8,24170.0,24165.75,24166.4,0
2026-05-08 13:22:00+05:30,24162.7,24170.7,24159.0,24169.8,0
2026-05-08 13:21:00+05:30,24165.3,24165.3,24157.45,24162.2,0
2026-05-08 13:20:00+05:30,24164.25,24170.35,24163.65,24164.3,0
2026-05-08 13:19:00+05:30,24164.9,24165.3,24160.75,24162.95,0
2026-05-08 13:18:00+05:30,24163.45,24163.9,24156.9,24163.2,0
2026-05-08 13:17:00+05:30,24169.4,24169.4,24161.15,24162.7,0
2026-05-08 13:16:00+05:30,24168.45,24169.8,24165.4,24168.25,0
2026-05-08 13:15:00+05:30,24169.55,24170.7,24165.5,24167.35,0
2026-05-08 13:14:00+05:30,24168.65,24172.65,24165.5,24167.0,0
2026-05-08 13:13:00+05:30,24169.4,24177.4,24166.0,24167.0,0
2026-05-08 13:12:00+05:30,24171.65,24172.6,24166.9,24168.8,0
2026-05-08 13:11:00+05:30,24169.15,24170.5,24164.55,24170.0,0
2026-05-08 13:10:00+05:30,24176.25,24178.05,24168.75,24168.75,0
2026-05-08 13:09:00+05:30,24172.25,24177.45,24170.8,24175.4,0
2026-05-08 13:08:00+05:30,24164.0,24171.45,24161.8,24171.4,0
2026-05-08 13:07:00+05:30,24166.8,24166.8,24161.0,24163.15,0
2026-05-08 13:06:00+05:30,24164.55,24169.3,24163.05,24164.55,0
2026-05-08 13:05:00+05:30,24159.45,24165.55,24157.9,24162.85,0
2026-05-08 13:04:00+05:30,24162.45,24164.2,24157.4,24158.7,0
2026-05-08 13:03:00+05:30,24165.7,24165.7,24159.85,24160.1,0
2026-05-08 13:02:00+05:30,24165.35,24165.35,24161.6,24164.85,0
2026-05-08 13:01:00+05:30,24164.2,24167.9,24161.25,24164.05,0
2026-05-08 13:00:00+05:30,24165.55,24165.9,24160.85,24162.7,0
2026-05-08 12:59:00+05:30,24168.8,24169.85,24163.35,24163.4,0
2026-05-08 12:58:00+05:30,24162.65,24167.45,24160.45,24166.15,0
2026-05-08 12:57:00+05:30,24169.2,24171.75,24160.45,24160.45,0
2026-05-08 12:56:00+05:30,24171.7,24171.75,24162.8,24167.2,0
2026-05-08 12:55:00+05:30,24172.95,24175.7,24171.1,24171.1,0
2026-05-08 12:54:00+05:30,24170.1,24171.8,24167.1,24170.9,0
2026-05-08 12:53:00+05:30,24165.5,24169.55,24159.7,24169.1,0
2026-05-08 12:52:00+05:30,24171.35,24171.35,24163.25,24164.45,0
2026-05-08 12:51:00+05:30,24173.15,24175.05,24166.3,24170.05,0
2026-05-08 12:50:00+05:30,24171.3,24174.0,24169.2,24172.15,0
2026-05-08 12:49:00+05:30,24161.8,24171.3,24159.3,24170.45,0
2026-05-08 12:48:00+05:30,24157.0,24163.95,24154.9,24161.35,0
2026-05-08 12:47:00+05:30,24154.95,24157.4,24150.95,24155.85,0
2026-05-08 12:46:00+05:30,24163.45,24163.45,24153.35,24154.4,0
2026-05-08 12:45:00+05:30,24166.0,24166.0,24156.55,24161.2,0
2026-05-08 12:44:00+05:30,24174.25,24174.25,24164.1,24164.3,0
2026-05-08 12:43:00+05:30,24176.15,24176.15,24171.65,24173.45,0
2026-05-08 12:42:00+05:30,24175.15,24175.9,24170.65,24173.3,0
2026-05-08 12:41:00+05:30,24176.15,24177.65,24171.25,24173.9,0
2026-05-08 12:40:00+05:30,24173.15,24175.3,24170.75,24174.95,0
2026-05-08 12:39:00+05:30,24173.8,24174.25,24169.95,24171.55,0
2026-05-08 12:38:00+05:30,24174.35,24174.35,24168.85,24172.55,0
2026-05-08 12:37:00+05:30,24178.45,24180.55,24172.0,24173.25,0
2026-05-08 12:36:00+05:30,24178.15,24178.55,24170.2,24177.75,0
2026-05-08 12:35:00+05:30,24178.65,24181.65,24176.95,24177.2,0
2026-05-08 12:34:00+05:30,24172.75,24180.4,24170.7,24177.6,0
2026-05-08 12:33:00+05:30,24173.7,24174.75,24169.4,24170.85,0
2026-05-08 12:32:00+05:30,24186.35,24186.35,24172.75,24172.85,0
2026-05-08 12:31:00+05:30,24192.05,24192.05,24183.4,24183.4,0
2026-05-08 12:30:00+05:30,24195.25,24196.6,24190.8,24190.8,0
2026-05-08 12:29:00+05:30,24198.45,24198.45,24191.85,24196.1,0
2026-05-08 12:28:00+05:30,24193.7,24198.15,24191.65,24197.2,0
2026-05-08 12:27:00+05:30,24188.4,24194.75,24185.45,24192.95,0
2026-05-08 12:26:00+05:30,24189.05,24191.6,24185.9,24188.0,0
2026-05-08 12:25:00+05:30,24187.05,24190.25,24185.55,24188.1,0
2026-05-08 12:24:00+05:30,24180.65,24186.65,24179.35,24185.8,0
2026-05-08 12:23:00+05:30,24183.3,24188.1,24178.25,24179.4,0
2026-05-08 12:22:00+05:30,24188.05,24188.05,24179.75,24182.05,0
2026-05-08 12:21:00+05:30,24196.65,24198.2,24184.85,24186.5,0
2026-05-08 12:20:00+05:30,24190.05,24195.6,24187.8,24195.6,0
2026-05-08 12:19:00+05:30,24178.9,24189.4,24176.55,24188.6,0
2026-05-08 12:18:00+05:30,24173.75,24178.55,24171.35,24178.55,0
2026-05-08 12:17:00+05:30,24174.8,24178.5,24171.65,24172.65,0
2026-05-08 12:16:00+05:30,24177.25,24178.1,24170.05,24174.35,0
2026-05-08 12:15:00+05:30,24185.2,24185.2,24175.2,24175.2,0
2026-05-08 12:14:00+05:30,24186.35,24186.35,24182.85,24184.2,0
2026-05-08 12:13:00+05:30,24179.5,24188.2,24177.2,24184.75,0
2026-05-08 12:12:00+05:30,24183.7,24183.7,24177.6,24177.6,0
2026-05-08 12:11:00+05:30,24182.35,24187.1,24180.05,24183.25,0
2026-05-08 12:10:00+05:30,24179.5,24183.0,24172.2,24181.0,0
2026-05-08 12:09:00+05:30,24184.9,24184.9,24177.25,24178.95,0
2026-05-08 12:08:00+05:30,24195.15,24196.5,24182.8,24182.8,0
2026-05-08 12:07:00+05:30,24201.0,24201.0,24193.2,24194.45,0
2026-05-08 12:06:00+05:30,24202.95,24203.3,24198.0,24199.9,0
2026-05-08 12:05:00+05:30,24202.0,24203.65,24197.55,24202.05,0
2026-05-08 12:04:00+05:30,24194.75,24204.3,24193.0,24200.9,0
2026-05-08 12:03:00+05:30,24192.8,24200.5,24191.7,24194.3,0
2026-05-08 12:02:00+05:30,24198.2,24198.2,24187.45,24190.45,0
2026-05-08 12:01:00+05:30,24211.5,24212.0,24195.55,24196.55,0
2026-05-08 12:00:00+05:30,24206.0,24210.5,24204.45,24209.75,0
2026-05-08 11:59:00+05:30,24204.95,24207.35,24202.45,24205.85,0
2026-05-08 11:58:00+05:30,24200.6,24205.1,24198.55,24204.05,0
2026-05-08 11:57:00+05:30,24195.85,24199.75,24193.5,24198.75,0
2026-05-08 11:56:00+05:30,24196.6,24196.6,24190.2,24193.85,0
2026-05-08 11:55:00+05:30,24205.15,24205.15,24194.85,24194.85,0
2026-05-08 11:54:00+05:30,24208.9,24209.8,24204.3,24204.3,0
2026-05-08 11:53:00+05:30,24205.05,24209.35,24201.75,24207.3,0
2026-05-08 11:52:00+05:30,24206.3,24206.3,24202.0,24202.4,0
2026-05-08 11:51:00+05:30,24204.4,24206.6,24202.05,24204.75,0
2026-05-08 11:50:00+05:30,24200.85,24204.6,24197.85,24203.6,0
2026-05-08 11:49:00+05:30,24204.85,24205.75,24199.85,24199.85,0
2026-05-08 11:48:00+05:30,24205.6,24206.15,24201.5,24202.85,0
2026-05-08 11:47:00+05:30,24207.65,24208.4,24202.6,24204.35,0
2026-05-08 11:46:00+05:30,24202.85,24206.8,24200.75,24205.55,0
2026-05-08 11:45:00+05:30,24200.6,24202.65,24195.75,24200.2,0
2026-05-08 11:44:00+05:30,24209.15,24212.95,24199.45,24199.45,0
2026-05-08 11:43:00+05:30,24206.35,24211.4,24204.55,24207.4,0
2026-05-08 11:42:00+05:30,24208.8,24208.8,24203.9,24205.25,0
2026-05-08 11:41:00+05:30,24204.9,24209.9,24203.55,24208.0,0
2026-05-08 11:40:00+05:30,24207.15,24207.15,24202.45,24203.95,0
2026-05-08 11:39:00+05:30,24205.8,24206.95,24200.5,24206.05,0
2026-05-08 11:38:00+05:30,24208.85,24209.15,24204.05,24204.05,0
2026-05-08 11:37:00+05:30,24207.6,24209.0,24205.35,24208.45,0
2026-05-08 11:36:00+05:30,24205.0,24206.95,24199.5,24205.8,0
2026-05-08 11:35:00+05:30,24209.15,24209.15,24203.65,24203.65,0
2026-05-08 11:34:00+05:30,24210.9,24210.9,24206.2,24207.5,0
2026-05-08 11:33:00+05:30,24197.05,24209.75,24195.8,24209.25,0
2026-05-08 11:32:00+05:30,24189.15,24197.55,24187.4,24195.55,0
2026-05-08 11:31:00+05:30,24189.25,24190.9,24185.6,24188.15,0
2026-05-08 11:30:00+05:30,24199.9,24199.9,24186.55,24186.55,0
2026-05-08 11:29:00+05:30,24197.95,24201.25,24195.95,24198.35,0
2026-05-08 11:28:00+05:30,24201.1,24204.35,24196.2,24196.9,0
2026-05-08 11:27:00+05:30,24204.5,24204.5,24198.5,24198.5,0
2026-05-08 11:26:00+05:30,24209.2,24209.2,24201.55,24202.7,0
2026-05-08 11:25:00+05:30,24205.95,24208.8,24203.25,24207.05,0
2026-05-08 11:24:00+05:30,24199.45,24207.3,24199.25,24205.0,0
2026-05-08 11:23:00+05:30,24208.7,24208.9,24197.4,24197.4,0
2026-05-08 11:22:00+05:30,24218.9,24218.9,24207.6,24207.9,0
2026-05-08 11:21:00+05:30,24223.1,24224.15,24217.75,24217.75,0
2026-05-08 11:20:00+05:30,24214.3,24222.55,24212.05,24221.7,0
2026-05-08 11:19:00+05:30,24223.35,24223.35,24212.45,24212.5,0
2026-05-08 11:18:00+05:30,24224.2,24224.8,24220.6,24221.4,0
2026-05-08 11:17:00+05:30,24229.55,24230.7,24222.1,24223.3,0
2026-05-08 11:16:00+05:30,24239.4,24239.4,24226.5,24228.4,0
2026-05-08 11:15:00+05:30,24234.8,24241.65,24231.35,24238.05,0
2026-05-08 11:14:00+05:30,24232.25,24233.5,24228.2,24233.0,0
2026-05-08 11:13:00+05:30,24224.75,24231.0,24222.8,24229.25,0
2026-05-08 11:12:00+05:30,24225.1,24225.4,24221.5,24223.6,0
2026-05-08 11:11:00+05:30,24224.65,24226.1,24223.5,24224.15,0
2026-05-08 11:10:00+05:30,24226.35,24227.0,24222.9,24223.55,0
2026-05-08 11:09:00+05:30,24232.55,24232.55,24224.4,24225.15,0
2026-05-08 11:08:00+05:30,24235.8,24235.8,24228.55,24230.55,0
2026-05-08 11:07:00+05:30,24232.7,24237.05,24230.7,24234.85,0
2026-05-08 11:06:00+05:30,24227.25,24231.95,24226.75,24231.5,0
2026-05-08 11:05:00+05:30,24226.6,24226.6,24221.6,24225.0,0
2026-05-08 11:04:00+05:30,24219.15,24230.7,24219.15,24225.25,0
2026-05-08 11:03:00+05:30,24206.1,24216.95,24204.35,24216.95,0
2026-05-08 11:02:00+05:30,24204.6,24206.5,24203.05,24205.05,0
2026-05-08 11:01:00+05:30,24202.25,24203.85,24197.55,24203.0,0
2026-05-08 11:00:00+05:30,24197.8,24202.55,24193.85,24200.45,0
2026-05-08 10:59:00+05:30,24207.15,24208.05,24195.95,24195.95,0
2026-05-08 10:58:00+05:30,24204.75,24208.05,24202.45,24206.55,0
2026-05-08 10:57:00+05:30,24206.25,24207.75,24201.45,24202.95,0
2026-05-08 10:56:00+05:30,24205.45,24208.6,24201.15,24205.05,0
2026-05-08 10:55:00+05:30,24207.55,24207.6,24203.2,24204.25,0
2026-05-08 10:54:00+05:30,24213.25,24213.25,24204.1,24206.35,0
2026-05-08 10:53:00+05:30,24213.7,24214.8,24210.05,24211.0,0
2026-05-08 10:52:00+05:30,24211.1,24214.65,24210.05,24212.4,0
2026-05-08 10:51:00+05:30,24219.85,24219.85,24209.45,24210.5,0
2026-05-08 10:50:00+05:30,24223.75,24223.75,24216.85,24219.0,0
2026-05-08 10:49:00+05:30,24229.35,24229.35,24222.4,24222.4,0
2026-05-08 10:48:00+05:30,24231.4,24231.4,24226.75,24227.8,0
2026-05-08 10:47:00+05:30,24236.85,24239.85,24228.35,24229.55,0
2026-05-08 10:46:00+05:30,24234.9,24236.85,24231.9,24235.3,0
2026-05-08 10:45:00+05:30,24233.65,24235.25,24230.1,24233.75,0
2026-05-08 10:44:00+05:30,24240.3,24240.3,24231.5,24232.25,0
2026-05-08 10:43:00+05:30,24237.5,24240.9,24234.35,24237.4,0
2026-05-08 10:42:00+05:30,24240.15,24241.3,24235.4,24236.05,0
2026-05-08 10:41:00+05:30,24233.75,24239.5,24231.25,24239.0,0
2026-05-08 10:40:00+05:30,24232.05,24234.0,24226.9,24232.55,0
2026-05-08 10:39:00+05:30,24232.5,24235.55,24230.2,24230.75,0
2026-05-08 10:38:00+05:30,24233.6,24234.1,24229.75,24231.1,0
2026-05-08 10:37:00+05:30,24234.8,24237.1,24230.35,24232.0,0
2026-05-08 10:36:00+05:30,24230.2,24234.55,24226.35,24233.75,0
2026-05-08 10:35:00+05:30,24232.65,24236.75,24228.35,24228.35,0
2026-05-08 10:34:00+05:30,24233.8,24237.1,24231.5,24232.3,0
2026-05-08 10:33:00+05:30,24236.5,24236.5,24229.85,24232.6,0
2026-05-08 10:32:00+05:30,24237.45,24239.35,24233.4,24234.3,0
2026-05-08 10:31:00+05:30,24242.05,24242.05,24235.0,24236.35,0
2026-05-08 10:30:00+05:30,24238.85,24242.55,24235.55,24241.1,0
2026-05-08 10:29:00+05:30,24241.75,24242.55,24236.6,24238.05,0
2026-05-08 10:28:00+05:30,24237.05,24243.95,24235.45,24240.9,0
2026-05-08 10:27:00+05:30,24231.3,24236.55,24226.0,24235.9,0
2026-05-08 10:26:00+05:30,24236.05,24236.05,24227.7,24229.65,0
2026-05-08 10:25:00+05:30,24232.5,24236.75,24230.6,24234.5,0
2026-05-08 10:24:00+05:30,24231.7,24232.25,24218.9,24231.5,0
2026-05-08 10:23:00+05:30,24219.45,24231.5,24216.35,24230.25,0
2026-05-08 10:22:00+05:30,24211.1,24218.35,24209.85,24218.35,0
2026-05-08 10:21:00+05:30,24209.5,24215.45,24207.85,24209.55,0
2026-05-08 10:20:00+05:30,24208.75,24210.05,24204.55,24208.7,0
2026-05-08 10:19:00+05:30,24197.85,24208.3,24196.0,24206.8,0
2026-05-08 10:18:00+05:30,24187.35,24196.9,24181.25,24195.6,0
2026-05-08 10:17:00+05:30,24196.15,24197.2,24183.95,24186.0,0
2026-05-08 10:16:00+05:30,24210.05,24214.3,24191.7,24194.2,0
2026-05-08 10:15:00+05:30,24213.8,24213.8,24204.75,24209.15,0
2026-05-08 10:14:00+05:30,24193.45,24213.7,24191.45,24211.3,0
2026-05-08 10:13:00+05:30,24178.65,24192.05,24175.1,24192.05,0
2026-05-08 10:12:00+05:30,24183.95,24183.95,24175.75,24177.5,0
2026-05-08 10:11:00+05:30,24186.5,24186.5,24179.25,24182.5,0
2026-05-08 10:10:00+05:30,24197.0,24197.0,24184.05,24185.6,0
2026-05-08 10:09:00+05:30,24198.15,24198.15,24193.15,24196.1,0
2026-05-08 10:08:00+05:30,24195.55,24198.9,24194.1,24197.5,0
2026-05-08 10:07:00+05:30,24196.4,24197.05,24193.0,24193.95,0
2026-05-08 10:06:00+05:30,24197.2,24199.1,24193.55,24194.2,0
2026-05-08 10:05:00+05:30,24195.8,24198.35,24193.05,24196.45,0
2026-05-08 10:04:00+05:30,24196.5,24197.1,24187.6,24194.25,0
2026-05-08 10:03:00+05:30,24195.35,24201.0,24193.1,24196.75,0
2026-05-08 10:02:00+05:30,24197.5,24200.4,24191.9,24194.4,0
2026-05-08 10:01:00+05:30,24200.3,24200.6,24194.25,24196.6,0
2026-05-08 10:00:00+05:30,24199.15,24202.85,24195.7,24199.45,0
2026-05-08 09:59:00+05:30,24196.15,24199.65,24192.6,24198.45,0
2026-05-08 09:58:00+05:30,24196.95,24198.25,24192.8,24194.25,0
2026-05-08 09:57:00+05:30,24189.65,24197.5,24186.95,24195.3,0
2026-05-08 09:56:00+05:30,24186.15,24188.8,24183.75,24187.7,0
2026-05-08 09:55:00+05:30,24183.35,24185.0,24181.15,24184.15,0
2026-05-08 09:54:00+05:30,24181.45,24183.7,24175.55,24182.25,0
2026-05-08 09:53:00+05:30,24172.8,24180.45,24170.0,24180.25,0
2026-05-08 09:52:00+05:30,24168.1,24172.25,24163.2,24170.9,0
2026-05-08 09:51:00+05:30,24164.75,24170.75,24161.8,24166.85,0
2026-05-08 09:50:00+05:30,24170.05,24176.85,24162.4,24163.05,0
2026-05-08 09:49:00+05:30,24152.95,24168.55,24151.95,24168.55,0
2026-05-08 09:48:00+05:30,24162.9,24162.9,24146.6,24150.55,0
2026-05-08 09:47:00+05:30,24173.7,24175.05,24159.05,24160.45,0
2026-05-08 09:46:00+05:30,24147.3,24173.2,24146.35,24171.1,0
2026-05-08 09:45:00+05:30,24169.05,24169.05,24138.4,24145.2,0
2026-05-08 09:44:00+05:30,24172.65,24172.65,24167.75,24167.75,0
2026-05-08 09:43:00+05:30,24175.35,24175.9,24170.65,24170.85,0
2026-05-08 09:42:00+05:30,24186.25,24186.25,24171.75,24173.9,0
2026-05-08 09:41:00+05:30,24191.7,24191.7,24183.55,24184.7,0
2026-05-08 09:40:00+05:30,24192.0,24192.3,24187.45,24190.45,0
2026-05-08 09:39:00+05:30,24195.35,24195.35,24187.55,24191.2,0
2026-05-08 09:38:00+05:30,24199.35,24204.5,24194.0,24194.0,0
2026-05-08 09:37:00+05:30,24195.0,24200.6,24188.9,24198.9,0
2026-05-08 09:36:00+05:30,24194.05,24202.75,24191.55,24193.8,0
2026-05-08 09:35:00+05:30,24209.1,24209.1,24189.55,24193.3,0
2026-05-08 09:34:00+05:30,24199.45,24207.15,24184.6,24207.15,0
2026-05-08 09:33:00+05:30,24214.1,24219.45,24197.55,24197.55,0
2026-05-08 09:32:00+05:30,24226.45,24226.45,24212.7,24212.7,0
2026-05-08 09:31:00+05:30,24235.1,24236.1,24224.4,24224.8,0
2026-05-08 09:30:00+05:30,24244.3,24244.95,24226.25,24233.25,0
2026-05-08 09:29:00+05:30,24243.35,24245.75,24236.45,24244.15,0
2026-05-08 09:28:00+05:30,24234.25,24243.25,24231.3,24242.95,0
2026-05-08 09:27:00+05:30,24224.8,24232.75,24223.05,24232.75,0
2026-05-08 09:26:00+05:30,24227.25,24241.6,24219.65,24222.65,0
2026-05-08 09:25:00+05:30,24216.4,24227.25,24210.5,24226.0,0
2026-05-08 09:24:00+05:30,24229.15,24229.15,24213.15,24215.0,0
2026-05-08 09:23:00+05:30,24238.4,24253.8,24227.45,24228.65,0
2026-05-08 09:22:00+05:30,24232.5,24238.4,24228.45,24238.25,0
2026-05-08 09:21:00+05:30,24219.7,24239.7,24219.3,24233.45,0
2026-05-08 09:20:00+05:30,24218.4,24222.45,24209.0,24220.8,0
2026-05-08 09:19:00+05:30,24204.1,24225.5,24200.95,24219.3,0
2026-05-08 09:18:00+05:30,24210.95,24216.25,24197.2,24204.6,0
2026-05-08 09:17:00+05:30,24187.3,24216.55,24181.85,24210.3,0
2026-05-08 09:16:00+05:30,24198.3,24205.75,24158.15,24189.6,0
2026-05-08 09:15:00+05:30,24233.65,24246.05,24164.45,24198.25,0
2026-05-07 15:29:00+05:30,24329.8,24338.9,24326.65,24336.4,0
2026-05-07 15:28:00+05:30,24334.15,24336.5,24329.4,24330.7,0
2026-05-07 15:27:00+05:30,24337.05,24337.05,24331.7,24332.95,0
2026-05-07 15:26:00+05:30,24331.75,24339.05,24329.25,24336.5,0
2026-05-07 15:25:00+05:30,24319.7,24330.75,24318.25,24330.25,0
2026-05-07 15:24:00+05:30,24320.1,24320.6,24315.35,24318.85,0
2026-05-07 15:23:00+05:30,24320.4,24321.15,24318.4,24320.25,0
2026-05-07 15:22:00+05:30,24320.85,24321.5,24318.4,24320.0,0
2026-05-07 15:21:00+05:30,24321.5,24322.1,24318.2,24320.5,0
2026-05-07 15:20:00+05:30,24329.0,24329.0,24320.3,24320.3,0
2026-05-07 15:19:00+05:30,24326.15,24329.7,24325.35,24328.65,0
2026-05-07 15:18:00+05:30,24317.2,24326.15,24313.2,24324.85,0
2026-05-07 15:17:00+05:30,24315.25,24321.05,24314.55,24316.6,0
2026-05-07 15:16:00+05:30,24313.25,24320.0,24312.5,24316.2,0
2026-05-07 15:15:00+05:30,24303.25,24313.4,24299.4,24312.75,0
2026-05-07 15:14:00+05:30,24301.75,24311.95,24301.75,24303.1,0
2026-05-07 15:13:00+05:30,24298.95,24301.6,24296.65,24300.55,0
2026-05-07 15:12:00+05:30,24297.9,24299.05,24293.4,24298.7,0
2026-05-07 15:11:00+05:30,24310.0,24311.1,24296.95,24297.15,0
2026-05-07 15:10:00+05:30,24317.85,24318.4,24307.75,24308.7,0
2026-05-07 15:09:00+05:30,24318.85,24320.55,24315.25,24318.55,0
2026-05-07 15:08:00+05:30,24310.7,24320.15,24308.35,24318.7,0
2026-05-07 15:07:00+05:30,24331.6,24333.4,24308.85,24311.05,0
2026-05-07 15:06:00+05:30,24341.2,24345.5,24331.05,24331.05,0
2026-05-07 15:05:00+05:30,24337.9,24342.6,24333.3,24339.5,0
2026-05-07 15:04:00+05:30,24328.6,24341.4,24326.0,24337.85,0
2026-05-07 15:03:00+05:30,24328.2,24332.55,24323.05,24329.05,0
2026-05-07 15:02:00+05:30,24334.8,24337.15,24324.95,24327.4,0
2026-05-07 15:01:00+05:30,24351.35,24363.1,24335.65,24335.65,0
2026-05-07 15:00:00+05:30,24353.1,24357.3,24339.75,24349.65,0
2026-05-07 14:59:00+05:30,24356.1,24358.15,24344.35,24352.65,0
2026-05-07 14:58:00+05:30,24355.3,24356.7,24340.8,24356.7,0
2026-05-07 14:57:00+05:30,24358.7,24362.7,24354.45,24355.4,0
2026-05-07 14:56:00+05:30,24348.5,24360.75,24348.5,24358.75,0
2026-05-07 14:55:00+05:30,24348.2,24352.85,24346.55,24348.55,0
2026-05-07 14:54:00+05:30,24346.7,24353.85,24345.35,24348.2,0
2026-05-07 14:53:00+05:30,24346.3,24349.4,24344.7,24348.1,0
2026-05-07 14:52:00+05:30,24346.5,24349.45,24343.2,24347.4,0
2026-05-07 14:51:00+05:30,24336.65,24347.95,24336.65,24346.5,0
2026-05-07 14:50:00+05:30,24330.0,24343.25,24330.0,24336.95,0
2026-05-07 14:49:00+05:30,24329.4,24335.05,24323.7,24330.25,0
2026-05-07 14:48:00+05:30,24332.7,24336.3,24327.3,24329.45,0
2026-05-07 14:47:00+05:30,24336.9,24336.9,24323.05,24334.45,0
2026-05-07 14:46:00+05:30,24347.4,24349.8,24330.6,24337.95,0
2026-05-07 14:45:00+05:30,24339.55,24351.5,24339.55,24347.1,0
2026-05-07 14:44:00+05:30,24348.5,24350.35,24334.1,24339.45,0
2026-05-07 14:43:00+05:30,24349.25,24358.3,24344.95,24348.65,0
2026-05-07 14:42:00+05:30,24352.55,24358.35,24347.95,24348.45,0
2026-05-07 14:41:00+05:30,24359.4,24362.1,24352.3,24352.85,0
2026-05-07 14:40:00+05:30,24351.6,24360.2,24349.45,24359.35,0
2026-05-07 14:39:00+05:30,24358.45,24361.1,24351.95,24351.95,0
2026-05-07 14:38:00+05:30,24367.7,24369.25,24358.25,24359.55,0
2026-05-07 14:37:00+05:30,24361.4,24368.6,24359.55,24368.6,0
2026-05-07 14:36:00+05:30,24367.75,24367.75,24355.85,24362.0,0
2026-05-07 14:35:00+05:30,24366.1,24371.75,24362.15,24369.8,0
2026-05-07 14:34:00+05:30,24381.95,24385.3,24366.4,24367.95,0
2026-05-07 14:33:00+05:30,24369.35,24382.25,24366.25,24381.95,0
2026-05-07 14:32:00+05:30,24366.2,24369.8,24366.0,24369.65,0
2026-05-07 14:31:00+05:30,24377.35,24378.7,24357.85,24365.95,0
2026-05-07 14:30:00+05:30,24376.5,24383.55,24373.6,24379.05,0
2026-05-07 14:29:00+05:30,24376.55,24380.55,24373.85,24376.9,0
2026-05-07 14:28:00+05:30,24378.45,24379.95,24372.7,24376.05,0
2026-05-07 14:27:00+05:30,24362.7,24381.05,24361.3,24378.5,0
2026-05-07 14:26:00+05:30,24378.4,24381.1,24357.8,24363.8,0
2026-05-07 14:25:00+05:30,24364.25,24378.3,24364.25,24377.4,0
2026-05-07 14:24:00+05:30,24360.05,24365.65,24357.85,24364.3,0
2026-05-07 14:23:00+05:30,24355.8,24361.85,24352.0,24360.35,0
2026-05-07 14:22:00+05:30,24358.05,24360.15,24352.3,24355.8,0
2026-05-07 14:21:00+05:30,24336.85,24358.35,24334.3,24357.65,0
2026-05-07 14:20:00+05:30,24342.65,24347.65,24333.35,24336.75,0
2026-05-07 14:19:00+05:30,24347.25,24355.65,24338.8,24342.65,0
2026-05-07 14:18:00+05:30,24342.95,24351.05,24342.45,24346.45,0
2026-05-07 14:17:00+05:30,24354.05,24354.05,24344.4,24344.55,0
2026-05-07 14:16:00+05:30,24360.9,24362.85,24347.8,24354.8,0
2026-05-07 14:15:00+05:30,24361.25,24364.5,24359.8,24361.5,0
2026-05-07 14:14:00+05:30,24369.5,24372.7,24361.35,24361.65,0
2026-05-07 14:13:00+05:30,24364.1,24373.25,24364.1,24369.85,0
2026-05-07 14:12:00+05:30,24368.35,24369.8,24360.15,24364.05,0
2026-05-07 14:11:00+05:30,24372.0,24374.4,24365.05,24368.9,0
2026-05-07 14:10:00+05:30,24372.15,24375.65,24371.05,24372.0,0
2026-05-07 14:09:00+05:30,24372.75,24374.0,24359.9,24372.65,0
2026-05-07 14:08:00+05:30,24360.0,24373.0,24357.05,24371.85,0
2026-05-07 14:07:00+05:30,24352.35,24363.75,24351.15,24358.7,0
2026-05-07 14:06:00+05:30,24347.1,24357.1,24347.1,24352.35,0
2026-05-07 14:05:00+05:30,24352.9,24354.3,24337.1,24346.95,0
2026-05-07 14:04:00+05:30,24353.45,24363.45,24353.45,24353.5,0
2026-05-07 14:03:00+05:30,24364.35,24366.3,24344.6,24353.2,0
2026-05-07 14:02:00+05:30,24374.55,24375.3,24360.9,24363.45,0
2026-05-07 14:01:00+05:30,24368.8,24375.25,24367.75,24374.0,0
2026-05-07 14:00:00+05:30,24368.05,24369.75,24364.1,24368.45,0
2026-05-07 13:59:00+05:30,24365.6,24369.7,24364.6,24368.65,0
2026-05-07 13:58:00+05:30,24360.3,24368.3,24358.65,24365.85,0
2026-05-07 13:57:00+05:30,24356.85,24364.3,24356.85,24359.7,0
2026-05-07 13:56:00+05:30,24358.6,24360.4,24354.4,24357.3,0
2026-05-07 13:55:00+05:30,24364.9,24374.8,24356.75,24357.65,0
2026-05-07 13:54:00+05:30,24361.2,24365.4,24361.0,24364.7,0
2026-05-07 13:53:00+05:30,24361.55,24362.3,24356.9,24362.15,0
2026-05-07 13:52:00+05:30,24345.2,24361.8,24344.1,24361.55,0
2026-05-07 13:51:00+05:30,24351.1,24353.1,24345.1,24345.15,0
2026-05-07 13:50:00+05:30,24355.8,24360.4,24350.4,24350.7,0
2026-05-07 13:49:00+05:30,24344.75,24358.15,24341.75,24356.55,0
2026-05-07 13:48:00+05:30,24356.9,24359.1,24343.6,24343.6,0
2026-05-07 13:47:00+05:30,24350.6,24357.75,24349.3,24357.75,0
2026-05-07 13:46:00+05:30,24340.0,24352.3,24340.0,24350.6,0
2026-05-07 13:45:00+05:30,24348.6,24349.7,24337.9,24341.2,0
2026-05-07 13:44:00+05:30,24359.55,24360.5,24349.05,24349.75,0
2026-05-07 13:43:00+05:30,24353.85,24360.95,24349.65,24359.7,0
2026-05-07 13:42:00+05:30,24352.05,24355.55,24347.55,24353.6,0
2026-05-07 13:41:00+05:30,24342.4,24355.75,24342.4,24352.05,0
2026-05-07 13:40:00+05:30,24335.3,24342.15,24331.65,24341.95,0
2026-05-07 13:39:00+05:30,24343.8,24347.95,24334.75,24334.75,0
2026-05-07 13:38:00+05:30,24356.7,24357.0,24339.4,24343.4,0
2026-05-07 13:37:00+05:30,24358.65,24364.15,24352.9,24355.75,0
2026-05-07 13:36:00+05:30,24354.1,24364.15,24351.5,24358.95,0
2026-05-07 13:35:00+05:30,24358.6,24360.75,24348.3,24350.75,0
2026-05-07 13:34:00+05:30,24354.85,24361.5,24354.85,24357.8,0
2026-05-07 13:33:00+05:30,24346.95,24355.7,24346.95,24354.75,0
2026-05-07 13:32:00+05:30,24360.1,24361.4,24344.0,24348.15,0
2026-05-07 13:31:00+05:30,24355.7,24364.2,24351.35,24359.65,0
2026-05-07 13:30:00+05:30,24353.55,24356.95,24350.5,24355.85,0
2026-05-07 13:29:00+05:30,24349.0,24354.85,24347.85,24353.35,0
2026-05-07 13:28:00+05:30,24347.3,24355.9,24347.3,24350.05,0
2026-05-07 13:27:00+05:30,24350.45,24352.1,24341.9,24346.85,0
2026-05-07 13:26:00+05:30,24353.25,24359.9,24346.45,24350.4,0
2026-05-07 13:25:00+05:30,24345.05,24356.35,24345.05,24354.0,0
2026-05-07 13:24:00+05:30,24353.8,24355.85,24339.5,24345.3,0
2026-05-07 13:23:00+05:30,24362.55,24362.55,24350.75,24353.5,0
2026-05-07 13:22:00+05:30,24357.55,24368.25,24357.55,24362.1,0
2026-05-07 13:21:00+05:30,24368.35,24373.45,24352.2,24357.45,0
2026-05-07 13:20:00+05:30,24351.05,24368.05,24349.35,24367.9,0
2026-05-07 13:19:00+05:30,24338.4,24352.65,24324.55,24350.7,0
2026-05-07 13:18:00+05:30,24374.1,24374.8,24343.1,24343.75,0
2026-05-07 13:17:00+05:30,24389.0,24391.15,24378.05,24379.05,0
2026-05-07 13:16:00+05:30,24387.2,24399.5,24387.2,24388.95,0
2026-05-07 13:15:00+05:30,24388.65,24391.0,24383.15,24386.0,0
2026-05-07 13:14:00+05:30,24386.75,24392.35,24386.75,24389.7,0
2026-05-07 13:13:00+05:30,24385.4,24391.3,24382.35,24386.95,0
2026-05-07 13:12:00+05:30,24384.25,24388.15,24376.9,24386.15,0
2026-05-07 13:11:00+05:30,24388.4,24394.2,24384.5,24384.7,0
2026-05-07 13:10:00+05:30,24395.85,24397.15,24382.6,24387.8,0
2026-05-07 13:09:00+05:30,24397.15,24397.3,24392.25,24396.35,0
2026-05-07 13:08:00+05:30,24409.6,24413.6,24394.25,24396.95,0
2026-05-07 13:07:00+05:30,24415.0,24419.1,24406.65,24409.3,0
2026-05-07 13:06:00+05:30,24406.2,24420.55,24400.55,24414.3,0
2026-05-07 13:05:00+05:30,24402.0,24408.7,24399.3,24405.85,0
2026-05-07 13:04:00+05:30,24404.2,24410.75,24401.75,24402.4,0
2026-05-07 13:03:00+05:30,24396.8,24404.9,24395.55,24404.5,0
2026-05-07 13:02:00+05:30,24396.05,24398.1,24386.45,24397.75,0
2026-05-07 13:01:00+05:30,24407.1,24411.05,24394.3,24395.7,0
2026-05-07 13:00:00+05:30,24387.65,24407.45,24387.65,24406.4,0
2026-05-07 12:59:00+05:30,24384.45,24390.45,24381.75,24388.25,0
2026-05-07 12:58:00+05:30,24382.3,24387.0,24381.05,24384.55,0
2026-05-07 12:57:00+05:30,24396.5,24398.15,24382.0,24383.4,0
2026-05-07 12:56:00+05:30,24401.1,24401.5,24377.7,24395.2,0
2026-05-07 12:55:00+05:30,24409.1,24414.75,24402.35,24402.35,0
2026-05-07 12:54:00+05:30,24395.0,24409.65,24394.55,24409.15,0
2026-05-07 12:53:00+05:30,24410.3,24413.35,24394.85,24394.85,0
2026-05-07 12:52:00+05:30,24412.9,24414.1,24401.45,24410.95,0
2026-05-07 12:51:00+05:30,24434.2,24435.65,24413.85,24413.85,0
2026-05-07 12:50:00+05:30,24442.1,24446.15,24434.5,24435.15,0
2026-05-07 12:49:00+05:30,24450.3,24452.55,24440.2,24442.8,0
2026-05-07 12:48:00+05:30,24455.55,24460.65,24449.0,24451.35,0
2026-05-07 12:47:00+05:30,24447.8,24463.9,24437.6,24454.25,0
2026-05-07 12:46:00+05:30,24466.1,24467.3,24445.35,24445.95,0
2026-05-07 12:45:00+05:30,24462.85,24471.6,24458.15,24466.3,0
2026-05-07 12:44:00+05:30,24467.6,24482.1,24462.9,24463.15,0
2026-05-07 12:43:00+05:30,24459.5,24473.2,24455.45,24468.0,0
2026-05-07 12:42:00+05:30,24455.4,24468.85,24455.4,24460.75,0
2026-05-07 12:41:00+05:30,24459.4,24463.95,24452.4,24458.2,0
2026-05-07 12:40:00+05:30,24436.8,24459.3,24436.8,24458.7,0
2026-05-07 12:39:00+05:30,24412.2,24438.4,24411.5,24436.65,0
2026-05-07 12:38:00+05:30,24366.55,24420.75,24366.55,24412.4,0
2026-05-07 12:37:00+05:30,24355.95,24364.9,24352.1,24364.5,0
2026-05-07 12:36:00+05:30,24344.85,24357.9,24339.5,24356.5,0
2026-05-07 12:35:00+05:30,24345.1,24348.5,24338.95,24344.5,0
2026-05-07 12:34:00+05:30,24343.3,24348.6,24333.7,24344.95,0
2026-05-07 12:33:00+05:30,24345.05,24346.1,24329.7,24342.7,0
2026-05-07 12:32:00+05:30,24352.35,24353.25,24343.75,24346.75,0
2026-05-07 12:31:00+05:30,24349.0,24356.2,24345.65,24352.45,0
2026-05-07 12:30:00+05:30,24355.25,24358.85,24348.7,24348.7,0
2026-05-07 12:29:00+05:30,24372.45,24373.65,24355.15,24355.15,0
2026-05-07 12:28:00+05:30,24378.45,24380.3,24368.5,24372.45,0
2026-05-07 12:27:00+05:30,24374.1,24381.0,24372.85,24378.45,0
2026-05-07 12:26:00+05:30,24377.7,24381.4,24373.8,24375.35,0
2026-05-07 12:25:00+05:30,24377.65,24381.3,24373.9,24377.5,0
2026-05-07 12:24:00+05:30,24379.8,24380.75,24373.8,24377.2,0
2026-05-07 12:23:00+05:30,24373.95,24380.3,24371.75,24378.35,0
2026-05-07 12:22:00+05:30,24379.95,24380.8,24373.9,24373.95,0
2026-05-07 12:21:00+05:30,24377.5,24381.6,24376.2,24379.75,0
2026-05-07 12:20:00+05:30,24366.3,24378.45,24364.1,24377.75,0
2026-05-07 12:19:00+05:30,24379.75,24381.0,24365.9,24365.9,0
2026-05-07 12:18:00+05:30,24382.15,24383.6,24375.35,24380.3,0
2026-05-07 12:17:00+05:30,24377.5,24381.95,24373.8,24381.85,0
2026-05-07 12:16:00+05:30,24380.65,24383.65,24377.1,24378.5,0
2026-05-07 12:15:00+05:30,24362.45,24382.15,24362.4,24380.35,0
2026-05-07 12:14:00+05:30,24362.55,24367.65,24358.3,24361.55,0
2026-05-07 12:13:00+05:30,24352.45,24364.35,24350.35,24362.9,0
2026-05-07 12:12:00+05:30,24363.5,24365.2,24350.15,24351.6,0
2026-05-07 12:11:00+05:30,24367.35,24368.4,24362.6,24363.3,0
2026-05-07 12:10:00+05:30,24360.1,24369.2,24357.5,24366.95,0
2026-05-07 12:09:00+05:30,24360.05,24362.35,24359.15,24360.25,0
2026-05-07 12:08:00+05:30,24361.65,24362.2,24355.65,24359.8,0
2026-05-07 12:07:00+05:30,24363.65,24366.25,24352.9,24360.65,0
2026-05-07 12:06:00+05:30,24359.05,24367.65,24359.05,24363.15,0
2026-05-07 12:05:00+05:30,24355.3,24362.05,24355.3,24359.55,0
2026-05-07 12:04:00+05:30,24364.6,24365.8,24353.75,24355.0,0
2026-05-07 12:03:00+05:30,24362.85,24368.55,24362.85,24364.8,0
2026-05-07 12:02:00+05:30,24360.05,24369.9,24357.95,24362.85,0
2026-05-07 12:01:00+05:30,24345.15,24359.4,24345.15,24358.6,0
2026-05-07 12:00:00+05:30,24339.7,24347.6,24339.7,24344.75,0
2026-05-07 11:59:00+05:30,24341.05,24346.85,24340.15,24340.55,0
2026-05-07 11:58:00+05:30,24332.6,24341.4,24332.35,24341.4,0
2026-05-07 11:57:00+05:30,24322.95,24331.7,24322.3,24331.7,0
2026-05-07 11:56:00+05:30,24328.9,24330.35,24323.1,24323.35,0
2026-05-07 11:55:00+05:30,24321.15,24329.4,24320.35,24328.8,0
2026-05-07 11:54:00+05:30,24325.2,24328.4,24320.8,24321.3,0
2026-05-07 11:53:00+05:30,24328.1,24331.6,24324.7,24324.95,0
2026-05-07 11:52:00+05:30,24319.0,24328.35,24319.0,24328.05,0
2026-05-07 11:51:00+05:30,24313.75,24321.3,24313.3,24320.25,0
2026-05-07 11:50:00+05:30,24305.8,24316.25,24305.7,24313.8,0
2026-05-07 11:49:00+05:30,24303.9,24308.3,24302.85,24305.65,0
2026-05-07 11:48:00+05:30,24289.7,24304.2,24289.1,24304.2,0
2026-05-07 11:47:00+05:30,24293.35,24296.55,24290.35,24290.75,0
2026-05-07 11:46:00+05:30,24286.45,24293.3,24285.45,24293.0,0
2026-05-07 11:45:00+05:30,24287.8,24289.55,24284.0,24287.75,0
2026-05-07 11:44:00+05:30,24301.3,24301.65,24288.1,24288.5,0
2026-05-07 11:43:00+05:30,24300.35,24305.9,24297.6,24301.65,0
2026-05-07 11:42:00+05:30,24311.35,24313.25,24299.0,24299.1,0
2026-05-07 11:41:00+05:30,24312.4,24313.85,24308.85,24311.15,0
2026-05-07 11:40:00+05:30,24314.8,24316.05,24310.7,24312.35,0
2026-05-07 11:39:00+05:30,24317.9,24318.8,24311.9,24313.85,0
2026-05-07 11:38:00+05:30,24314.45,24321.8,24313.35,24317.75,0
2026-05-07 11:37:00+05:30,24317.5,24320.9,24314.65,24315.2,0
2026-05-07 11:36:00+05:30,24318.1,24322.55,24316.2,24317.35,0
2026-05-07 11:35:00+05:30,24323.55,24324.5,24316.05,24318.15,0
2026-05-07 11:34:00+05:30,24330.45,24331.0,24323.4,24323.4,0
2026-05-07 11:33:00+05:30,24342.95,24343.95,24329.7,24329.7,0
2026-05-07 11:32:00+05:30,24335.0,24349.8,24333.9,24343.15,0
2026-05-07 11:31:00+05:30,24317.5,24335.5,24315.25,24335.45,0
2026-05-07 11:30:00+05:30,24306.95,24317.4,24306.35,24317.4,0
2026-05-07 11:29:00+05:30,24296.95,24307.0,24296.95,24306.45,0
2026-05-07 11:28:00+05:30,24294.3,24298.6,24289.45,24297.7,0
2026-05-07 11:27:00+05:30,24295.3,24297.7,24292.5,24294.35,0
2026-05-07 11:26:00+05:30,24297.85,24301.15,24294.45,24294.85,0
2026-05-07 11:25:00+05:30,24309.35,24309.9,24296.65,24298.35,0
2026-05-07 11:24:00+05:30,24307.0,24310.7,24307.0,24309.15,0
2026-05-07 11:23:00+05:30,24302.9,24308.25,24302.7,24307.6,0
2026-05-07 11:22:00+05:30,24296.55,24303.6,24293.05,24302.65,0
2026-05-07 11:21:00+05:30,24308.4,24312.15,24295.15,24296.6,0
2026-05-07 11:20:00+05:30,24318.35,24319.7,24307.05,24308.8,0
2026-05-07 11:19:00+05:30,24324.75,24325.25,24314.0,24318.4,0
2026-05-07 11:18:00+05:30,24318.6,24327.0,24318.6,24325.85,0
2026-05-07 11:17:00+05:30,24324.3,24324.4,24318.1,24318.5,0
2026-05-07 11:16:00+05:30,24328.9,24332.25,24323.75,24323.95,0
2026-05-07 11:15:00+05:30,24318.2,24328.55,24316.25,24328.55,0
2026-05-07 11:14:00+05:30,24313.55,24318.65,24313.15,24317.75,0
2026-05-07 11:13:00+05:30,24312.75,24315.2,24310.05,24313.95,0
2026-05-07 11:12:00+05:30,24320.65,24322.15,24312.5,24312.5,0
2026-05-07 11:11:00+05:30,24315.9,24321.5,24315.15,24321.5,0
2026-05-07 11:10:00+05:30,24320.2,24321.95,24313.85,24316.6,0
2026-05-07 11:09:00+05:30,24318.75,24322.05,24316.7,24320.0,0
2026-05-07 11:08:00+05:30,24320.85,24322.25,24316.15,24318.3,0
2026-05-07 11:07:00+05:30,24329.8,24331.05,24320.05,24320.75,0
2026-05-07 11:06:00+05:30,24334.7,24336.5,24329.8,24330.3,0
2026-05-07 11:05:00+05:30,24332.35,24335.05,24331.2,24334.85,0
2026-05-07 11:04:00+05:30,24336.8,24338.3,24330.1,24332.85,0
2026-05-07 11:03:00+05:30,24335.75,24340.25,24334.7,24337.15,0
2026-05-07 11:02:00+05:30,24339.75,24340.6,24331.25,24336.0,0
2026-05-07 11:01:00+05:30,24338.15,24340.4,24335.8,24340.1,0
2026-05-07 11:00:00+05:30,24341.0,24343.75,24337.4,24337.4,0
2026-05-07 10:59:00+05:30,24339.95,24342.1,24336.55,24340.85,0
2026-05-07 10:58:00+05:30,24340.55,24344.1,24338.7,24340.4,0
2026-05-07 10:57:00+05:30,24342.35,24342.85,24334.4,24340.65,0
2026-05-07 10:56:00+05:30,24348.7,24350.15,24342.1,24342.3,0
2026-05-07 10:55:00+05:30,24351.4,24353.05,24347.5,24349.55,0
2026-05-07 10:54:00+05:30,24335.4,24352.35,24335.15,24351.6,0
2026-05-07 10:53:00+05:30,24340.05,24341.2,24332.45,24334.95,0
2026-05-07 10:52:00+05:30,24345.15,24345.35,24339.25,24339.9,0
2026-05-07 10:51:00+05:30,24350.5,24352.1,24344.25,24344.4,0
2026-05-07 10:50:00+05:30,24359.95,24360.8,24350.05,24350.7,0
2026-05-07 10:49:00+05:30,24368.45,24371.3,24359.55,24360.45,0
2026-05-07 10:48:00+05:30,24358.05,24369.75,24357.85,24368.95,0
2026-05-07 10:47:00+05:30,24370.1,24370.9,24356.3,24358.0,0
2026-05-07 10:46:00+05:30,24374.9,24378.1,24369.85,24369.85,0
2026-05-07 10:45:00+05:30,24372.5,24379.05,24372.5,24376.1,0
2026-05-07 10:44:00+05:30,24369.0,24373.95,24368.2,24373.45,0
2026-05-07 10:43:00+05:30,24366.9,24374.85,24366.5,24369.55,0
2026-05-07 10:42:00+05:30,24365.8,24370.5,24364.8,24367.05,0
2026-05-07 10:41:00+05:30,24364.35,24366.95,24358.7,24366.55,0
2026-05-07 10:40:00+05:30,24364.75,24368.25,24363.45,24364.85,0
2026-05-07 10:39:00+05:30,24361.3,24365.35,24359.2,24364.6,0
2026-05-07 10:38:00+05:30,24365.9,24367.25,24352.85,24361.25,0
2026-05-07 10:37:00+05:30,24357.65,24368.1,24357.65,24367.2,0
2026-05-07 10:36:00+05:30,24360.75,24362.95,24356.6,24359.25,0
2026-05-07 10:35:00+05:30,24367.25,24368.25,24359.2,24361.15,0
2026-05-07 10:34:00+05:30,24372.35,24375.55,24367.25,24367.3,0
2026-05-07 10:33:00+05:30,24368.55,24373.55,24366.45,24373.0,0
2026-05-07 10:32:00+05:30,24369.4,24370.75,24365.25,24368.5,0
2026-05-07 10:31:00+05:30,24369.4,24372.6,24362.65,24369.8,0
2026-05-07 10:30:00+05:30,24360.3,24371.7,24360.3,24370.25,0
2026-05-07 10:29:00+05:30,24356.75,24362.75,24353.9,24360.3,0
2026-05-07 10:28:00+05:30,24364.05,24365.6,24357.25,24357.3,0
2026-05-07 10:27:00+05:30,24365.45,24368.9,24361.6,24363.75,0
2026-05-07 10:26:00+05:30,24356.9,24366.55,24356.55,24365.2,0
2026-05-07 10:25:00+05:30,24353.2,24359.5,24348.75,24356.4,0
2026-05-07 10:24:00+05:30,24350.15,24353.85,24344.95,24353.15,0
2026-05-07 10:23:00+05:30,24352.95,24355.95,24349.0,24349.4,0
2026-05-07 10:22:00+05:30,24351.3,24354.75,24346.2,24353.0,0
2026-05-07 10:21:00+05:30,24349.65,24353.5,24345.05,24348.75,0
2026-05-07 10:20:00+05:30,24349.4,24351.35,24345.55,24349.15,0
2026-05-07 10:19:00+05:30,24341.5,24350.6,24337.55,24349.05,0
2026-05-07 10:18:00+05:30,24338.8,24350.8,24338.8,24341.95,0
2026-05-07 10:17:00+05:30,24329.25,24338.65,24329.25,24338.65,0
2026-05-07 10:16:00+05:30,24325.95,24329.8,24324.2,24328.45,0
2026-05-07 10:15:00+05:30,24324.65,24329.55,24321.6,24325.5,0
2026-05-07 10:14:00+05:30,24315.7,24325.85,24315.0,24323.65,0
2026-05-07 10:13:00+05:30,24313.1,24320.75,24311.3,24315.7,0
2026-05-07 10:12:00+05:30,24317.05,24318.15,24310.0,24312.75,0
2026-05-07 10:11:00+05:30,24331.15,24337.45,24316.85,24316.85,0
2026-05-07 10:10:00+05:30,24328.3,24335.65,24323.3,24331.7,0
2026-05-07 10:09:00+05:30,24326.3,24330.4,24324.0,24328.3,0
2026-05-07 10:08:00+05:30,24333.45,24335.0,24315.25,24325.7,0
2026-05-07 10:07:00+05:30,24350.35,24350.95,24333.4,24334.1,0
2026-05-07 10:06:00+05:30,24363.8,24366.85,24350.55,24350.55,0
2026-05-07 10:05:00+05:30,24370.75,24374.45,24358.9,24363.85,0
2026-05-07 10:04:00+05:30,24372.95,24375.75,24366.7,24370.25,0
2026-05-07 10:03:00+05:30,24375.5,24377.35,24367.95,24373.15,0
2026-05-07 10:02:00+05:30,24372.95,24378.7,24370.85,24375.4,0
2026-05-07 10:01:00+05:30,24359.1,24373.45,24358.85,24373.45,0
2026-05-07 10:00:00+05:30,24343.0,24357.45,24340.15,24356.65,0
2026-05-07 09:59:00+05:30,24347.05,24354.15,24340.5,24342.95,0
2026-05-07 09:58:00+05:30,24337.65,24347.8,24333.35,24347.3,0
2026-05-07 09:57:00+05:30,24343.9,24344.4,24334.45,24337.8,0
2026-05-07 09:56:00+05:30,24350.6,24351.25,24339.5,24343.65,0
2026-05-07 09:55:00+05:30,24337.35,24351.55,24331.2,24348.65,0
2026-05-07 09:54:00+05:30,24329.85,24338.15,24325.65,24335.2,0
2026-05-07 09:53:00+05:30,24352.8,24357.2,24329.4,24331.95,0
2026-05-07 09:52:00+05:30,24356.6,24357.9,24350.85,24353.2,0
2026-05-07 09:51:00+05:30,24352.95,24363.55,24350.35,24356.15,0
2026-05-07 09:50:00+05:30,24352.65,24354.45,24334.55,24352.65,0
2026-05-07 09:49:00+05:30,24372.35,24375.3,24352.25,24352.25,0
2026-05-07 09:48:00+05:30,24376.0,24380.65,24371.65,24371.85,0
2026-05-07 09:47:00+05:30,24379.7,24382.6,24374.45,24376.15,0
2026-05-07 09:46:00+05:30,24392.7,24394.35,24377.4,24378.6,0
2026-05-07 09:45:00+05:30,24396.9,24401.4,24391.95,24392.65,0
2026-05-07 09:44:00+05:30,24398.85,24402.15,24390.3,24397.35,0
2026-05-07 09:43:00+05:30,24394.9,24401.8,24392.9,24400.05,0
2026-05-07 09:42:00+05:30,24382.35,24396.0,24382.35,24394.9,0
2026-05-07 09:41:00+05:30,24369.15,24382.7,24369.15,24382.7,0
2026-05-07 09:40:00+05:30,24354.8,24369.9,24354.8,24369.1,0
2026-05-07 09:39:00+05:30,24351.2,24354.6,24346.9,24354.15,0
2026-05-07 09:38:00+05:30,24369.15,24369.95,24350.65,24350.65,0
2026-05-07 09:37:00+05:30,24367.2,24372.55,24364.0,24369.0,0
2026-05-07 09:36:00+05:30,24367.5,24372.4,24362.1,24367.55,0
2026-05-07 09:35:00+05:30,24356.15,24368.75,24356.15,24367.6,0
2026-05-07 09:34:00+05:30,24352.65,24359.2,24350.0,24356.7,0
2026-05-07 09:33:00+05:30,24357.9,24367.95,24350.25,24352.75,0
2026-05-07 09:32:00+05:30,24350.8,24359.1,24346.7,24358.6,0
2026-05-07 09:31:00+05:30,24329.2,24352.4,24326.85,24352.0,0
2026-05-07 09:30:00+05:30,24334.8,24336.55,24320.15,24329.55,0
2026-05-07 09:29:00+05:30,24340.75,24346.75,24330.75,24334.15,0
2026-05-07 09:28:00+05:30,24324.75,24343.75,24324.75,24340.7,0
2026-05-07 09:27:00+05:30,24313.6,24329.45,24313.6,24323.5,0
2026-05-07 09:26:00+05:30,24314.45,24322.6,24312.2,24313.45,0
2026-05-07 09:25:00+05:30,24334.9,24336.4,24313.55,24314.25,0
2026-05-07 09:24:00+05:30,24329.2,24336.3,24325.3,24335.35,0
2026-05-07 09:23:00+05:30,24304.85,24333.25,24302.0,24328.45,0
2026-05-07 09:22:00+05:30,24323.55,24325.7,24300.7,24304.9,0
2026-05-07 09:21:00+05:30,24318.2,24337.05,24317.35,24324.1,0
2026-05-07 09:20:00+05:30,24318.25,24325.6,24314.3,24317.9,0
2026-05-07 09:19:00+05:30,24330.75,24334.35,24317.7,24318.25,0
2026-05-07 09:18:00+05:30,24363.35,24363.9,24327.2,24330.8,0
2026-05-07 09:17:00+05:30,24366.65,24378.9,24359.65,24363.15,0
2026-05-07 09:16:00+05:30,24378.75,24380.1,24346.6,24365.55,0
2026-05-07 09:15:00+05:30,24398.5,24423.35,24369.95,24379.6,0
2026-05-06 15:29:00+05:30,24343.7,24346.6,24334.4,24339.3,0
2026-05-06 15:28:00+05:30,24339.2,24346.45,24336.45,24342.7,0
2026-05-06 15:27:00+05:30,24330.4,24338.05,24327.3,24335.35,0
2026-05-06 15:26:00+05:30,24333.7,24334.4,24325.6,24329.0,0
2026-05-06 15:25:00+05:30,24330.7,24333.9,24327.95,24331.35,0
2026-05-06 15:24:00+05:30,24327.5,24331.15,24325.7,24329.05,0
2026-05-06 15:23:00+05:30,24320.35,24326.65,24317.85,24326.35,0
2026-05-06 15:22:00+05:30,24322.8,24323.05,24318.4,24319.75,0
2026-05-06 15:21:00+05:30,24321.9,24326.0,24320.4,24321.9,0
2026-05-06 15:20:00+05:30,24331.15,24331.15,24317.4,24321.7,0
2026-05-06 15:19:00+05:30,24332.6,24335.6,24330.4,24330.65,0
2026-05-06 15:18:00+05:30,24324.3,24332.2,24321.8,24331.9,0
2026-05-06 15:17:00+05:30,24322.95,24324.8,24318.1,24324.15,0
2026-05-06 15:16:00+05:30,24321.9,24325.6,24317.05,24322.65,0
2026-05-06 15:15:00+05:30,24321.75,24322.7,24318.3,24321.0,0
2026-05-06 15:14:00+05:30,24325.15,24328.15,24318.8,24321.35,0
2026-05-06 15:13:00+05:30,24326.3,24327.6,24322.1,24324.45,0
2026-05-06 15:12:00+05:30,24324.45,24330.95,24322.7,24325.55,0
2026-05-06 15:11:00+05:30,24329.25,24329.3,24319.9,24323.75,0
2026-05-06 15:10:00+05:30,24316.55,24329.3,24314.95,24328.05,0
2026-05-06 15:09:00+05:30,24321.05,24322.15,24314.05,24315.5,0
2026-05-06 15:08:00+05:30,24333.35,24335.05,24320.75,24320.8,0
2026-05-06 15:07:00+05:30,24339.8,24340.6,24331.75,24332.5,0
2026-05-06 15:06:00+05:30,24338.0,24343.95,24336.95,24340.45,0
2026-05-06 15:05:00+05:30,24342.7,24344.75,24335.55,24337.4,0
2026-05-06 15:04:00+05:30,24339.35,24344.25,24338.35,24342.15,0
2026-05-06 15:03:00+05:30,24346.5,24348.8,24338.3,24339.0,0
2026-05-06 15:02:00+05:30,24330.05,24350.45,24324.8,24345.4,0
2026-05-06 15:01:00+05:30,24325.4,24333.95,24320.0,24330.3,0
2026-05-06 15:00:00+05:30,24349.0,24353.8,24313.85,24324.55,0
2026-05-06 14:59:00+05:30,24344.6,24349.65,24337.55,24348.25,0
2026-05-06 14:58:00+05:30,24340.6,24348.15,24339.85,24345.6,0
2026-05-06 14:57:00+05:30,24331.8,24340.4,24330.7,24340.05,0
2026-05-06 14:56:00+05:30,24327.75,24334.15,24325.35,24332.3,0
2026-05-06 14:55:00+05:30,24333.4,24333.4,24324.65,24328.1,0
2026-05-06 14:54:00+05:30,24333.4,24336.1,24328.75,24332.1,0
2026-05-06 14:53:00+05:30,24338.75,24339.4,24331.4,24334.3,0
2026-05-06 14:52:00+05:30,24345.05,24345.75,24330.65,24338.8,0
2026-05-06 14:51:00+05:30,24349.15,24353.45,24340.4,24346.65,0
2026-05-06 14:50:00+05:30,24348.85,24356.5,24344.7,24347.55,0
2026-05-06 14:49:00+05:30,24345.7,24354.55,24345.1,24349.3,0
2026-05-06 14:48:00+05:30,24327.4,24345.35,24327.05,24343.95,0
2026-05-06 14:47:00+05:30,24331.2,24334.5,24320.8,24326.75,0
2026-05-06 14:46:00+05:30,24329.05,24336.4,24327.85,24333.05,0
2026-05-06 14:45:00+05:30,24334.65,24334.65,24325.1,24328.0,0
2026-05-06 14:44:00+05:30,24329.8,24337.8,24329.8,24334.35,0
2026-05-06 14:43:00+05:30,24329.6,24335.9,24325.4,24329.1,0
2026-05-06 14:42:00+05:30,24325.8,24334.6,24322.35,24329.75,0
2026-05-06 14:41:00+05:30,24322.85,24326.65,24319.9,24326.65,0
2026-05-06 14:40:00+05:30,24300.4,24321.75,24299.4,24321.2,0
2026-05-06 14:39:00+05:30,24301.8,24304.2,24296.2,24300.45,0
2026-05-06 14:38:00+05:30,24295.95,24306.8,24293.85,24302.3,0
2026-05-06 14:37:00+05:30,24281.35,24296.75,24280.9,24296.75,0
2026-05-06 14:36:00+05:30,24292.75,24295.8,24277.9,24280.1,0
2026-05-06 14:35:00+05:30,24306.8,24308.7,24292.1,24292.1,0
2026-05-06 14:34:00+05:30,24282.45,24308.3,24280.1,24306.75,0
2026-05-06 14:33:00+05:30,24313.25,24313.8,24280.75,24281.5,0
2026-05-06 14:32:00+05:30,24322.3,24323.7,24310.2,24312.9,0
2026-05-06 14:31:00+05:30,24324.5,24326.85,24312.8,24321.95,0
2026-05-06 14:30:00+05:30,24314.7,24334.4,24314.7,24323.3,0
2026-05-06 14:29:00+05:30,24322.1,24323.4,24300.15,24311.65,0
2026-05-06 14:28:00+05:30,24300.8,24332.05,24299.55,24321.15,0
2026-05-06 14:27:00+05:30,24292.9,24304.15,24289.65,24301.2,0
2026-05-06 14:26:00+05:30,24269.95,24297.85,24268.1,24292.15,0
2026-05-06 14:25:00+05:30,24252.05,24277.1,24252.05,24269.55,0
2026-05-06 14:24:00+05:30,24243.05,24254.2,24243.05,24250.5,0
2026-05-06 14:23:00+05:30,24235.7,24255.65,24231.05,24242.9,0
2026-05-06 14:22:00+05:30,24213.4,24237.15,24211.5,24235.4,0
2026-05-06 14:21:00+05:30,24180.55,24214.45,24180.55,24213.25,0
2026-05-06 14:20:00+05:30,24140.4,24193.05,24139.15,24181.7,0
2026-05-06 14:19:00+05:30,24145.3,24146.0,24139.75,24141.15,0
2026-05-06 14:18:00+05:30,24150.4,24150.4,24141.8,24146.35,0
2026-05-06 14:17:00+05:30,24146.3,24151.1,24144.6,24149.95,0
2026-05-06 14:16:00+05:30,24143.5,24147.7,24142.5,24147.15,0
2026-05-06 14:15:00+05:30,24134.05,24145.1,24133.4,24145.05,0
2026-05-06 14:14:00+05:30,24131.15,24133.35,24129.0,24133.35,0
2026-05-06 14:13:00+05:30,24116.5,24132.5,24115.9,24132.5,0
2026-05-06 14:12:00+05:30,24116.0,24118.8,24114.4,24116.7,0
2026-05-06 14:11:00+05:30,24112.3,24117.05,24110.0,24116.95,0
2026-05-06 14:10:00+05:30,24108.0,24113.35,24107.4,24112.45,0
2026-05-06 14:09:00+05:30,24108.7,24110.55,24103.75,24109.35,0
2026-05-06 14:08:00+05:30,24110.3,24112.95,24108.35,24110.05,0
2026-05-06 14:07:00+05:30,24107.85,24112.05,24106.0,24111.7,0
2026-05-06 14:06:00+05:30,24112.45,24113.35,24106.25,24108.0,0
2026-05-06 14:05:00+05:30,24108.3,24115.0,24107.4,24112.85,0
2026-05-06 14:04:00+05:30,24115.55,24115.7,24107.35,24109.5,0
2026-05-06 14:03:00+05:30,24111.3,24117.1,24108.05,24117.05,0
2026-05-06 14:02:00+05:30,24112.8,24114.7,24111.05,24112.3,0
2026-05-06 14:01:00+05:30,24097.8,24113.65,24096.4,24113.65,0
2026-05-06 14:00:00+05:30,24106.8,24108.55,24096.8,24097.1,0
2026-05-06 13:59:00+05:30,24108.7,24108.7,24101.9,24106.95,0
2026-05-06 13:58:00+05:30,24113.85,24114.55,24109.1,24109.3,0
2026-05-06 13:57:00+05:30,24112.15,24117.6,24109.25,24115.15,0
2026-05-06 13:56:00+05:30,24116.05,24118.3,24112.85,24113.9,0
2026-05-06 13:55:00+05:30,24112.05,24120.25,24112.05,24116.65,0
2026-05-06 13:54:00+05:30,24106.25,24112.2,24102.65,24111.25,0
2026-05-06 13:53:00+05:30,24112.25,24115.5,24103.75,24106.15,0
2026-05-06 13:52:00+05:30,24109.95,24113.5,24108.55,24112.65,0
2026-05-06 13:51:00+05:30,24112.4,24115.95,24109.2,24110.4,0
2026-05-06 13:50:00+05:30,24102.45,24113.55,24101.8,24112.55,0
2026-05-06 13:49:00+05:30,24096.9,24102.9,24094.3,24102.75,0
2026-05-06 13:48:00+05:30,24105.9,24106.5,24096.7,24098.1,0
2026-05-06 13:47:00+05:30,24105.05,24110.4,24104.4,24106.65,0
2026-05-06 13:46:00+05:30,24098.4,24105.1,24098.4,24105.1,0
2026-05-06 13:45:00+05:30,24099.25,24101.55,24094.15,24097.45,0
2026-05-06 13:44:00+05:30,24097.8,24102.25,24096.9,24100.9,0
2026-05-06 13:43:00+05:30,24101.2,24103.9,24095.8,24098.6,0
2026-05-06 13:42:00+05:30,24096.65,24102.05,24095.2,24102.05,0
2026-05-06 13:41:00+05:30,24101.95,24102.0,24094.9,24096.5,0
2026-05-06 13:40:00+05:30,24102.45,24108.1,24102.2,24103.0,0
2026-05-06 13:39:00+05:30,24103.65,24107.4,24101.4,24103.55,0
2026-05-06 13:38:00+05:30,24102.0,24109.95,24099.1,24104.0,0
2026-05-06 13:37:00+05:30,24095.95,24105.1,24094.7,24102.1,0
2026-05-06 13:36:00+05:30,24087.55,24096.75,24084.15,24096.75,0
2026-05-06 13:35:00+05:30,24086.9,24091.85,24085.85,24088.05,0
2026-05-06 13:34:00+05:30,24088.55,24090.9,24084.3,24086.35,0
2026-05-06 13:33:00+05:30,24088.15,24093.0,24085.65,24088.0,0
2026-05-06 13:32:00+05:30,24080.25,24091.2,24076.05,24089.65,0
2026-05-06 13:31:00+05:30,24080.3,24081.85,24074.65,24080.2,0
2026-05-06 13:30:00+05:30,24076.6,24083.75,24076.25,24079.95,0
2026-05-06 13:29:00+05:30,24076.8,24079.3,24073.9,24075.35,0
2026-05-06 13:28:00+05:30,24073.7,24081.2,24073.05,24076.4,0
2026-05-06 13:27:00+05:30,24076.2,24078.35,24070.6,24072.9,0
2026-05-06 13:26:00+05:30,24079.85,24082.45,24075.2,24078.05,0
2026-05-06 13:25:00+05:30,24078.95,24082.7,24077.75,24080.85,0
2026-05-06 13:24:00+05:30,24083.8,24085.8,24075.75,24081.1,0
2026-05-06 13:23:00+05:30,24077.65,24084.4,24074.3,24084.05,0
2026-05-06 13:22:00+05:30,24071.2,24078.6,24068.85,24078.4,0
2026-05-06 13:21:00+05:30,24066.05,24071.35,24062.75,24071.35,0
2026-05-06 13:20:00+05:30,24063.8,24067.65,24062.35,24066.15,0
2026-05-06 13:19:00+05:30,24067.05,24068.3,24061.6,24063.45,0
2026-05-06 13:18:00+05:30,24058.35,24068.55,24056.25,24067.5,0
2026-05-06 13:17:00+05:30,24057.4,24060.1,24055.4,24058.7,0
2026-05-06 13:16:00+05:30,24051.15,24059.45,24048.55,24057.45,0
2026-05-06 13:15:00+05:30,24039.9,24050.0,24036.3,24049.9,0
2026-05-06 13:14:00+05:30,24041.8,24044.15,24039.2,24040.65,0
2026-05-06 13:13:00+05:30,24032.25,24042.2,24032.1,24042.2,0
2026-05-06 13:12:00+05:30,24040.6,24040.8,24031.0,24033.5,0
2026-05-06 13:11:00+05:30,24039.1,24041.9,24037.5,24041.05,0
2026-05-06 13:10:00+05:30,24038.7,24040.15,24035.7,24039.45,0
2026-05-06 13:09:00+05:30,24034.85,24039.4,24033.5,24038.9,0
2026-05-06 13:08:00+05:30,24026.3,24035.45,24024.95,24035.45,0
2026-05-06 13:07:00+05:30,24020.9,24027.85,24020.3,24027.65,0
2026-05-06 13:06:00+05:30,24006.55,24021.5,24005.6,24021.15,0
2026-05-06 13:05:00+05:30,24000.95,24007.15,23999.65,24007.15,0
2026-05-06 13:04:00+05:30,24004.4,24005.2,23999.95,24002.1,0
2026-05-06 13:03:00+05:30,24012.35,24015.25,24002.5,24005.95,0
2026-05-06 13:02:00+05:30,24010.95,24013.05,24008.35,24013.05,0
2026-05-06 13:01:00+05:30,24017.2,24017.2,24008.75,24010.65,0
2026-05-06 13:00:00+05:30,24022.65,24023.5,24013.5,24017.55,0
2026-05-06 12:59:00+05:30,24020.15,24023.45,24019.5,24023.1,0
2026-05-06 12:58:00+05:30,24020.45,24023.6,24018.4,24021.35,0
2026-05-06 12:57:00+05:30,24014.35,24024.1,24012.7,24020.7,0
2026-05-06 12:56:00+05:30,24013.5,24017.05,24011.1,24015.15,0
2026-05-06 12:55:00+05:30,24011.0,24014.15,24009.8,24013.8,0
2026-05-06 12:54:00+05:30,23999.6,24013.3,23999.6,24011.6,0
2026-05-06 12:53:00+05:30,24013.4,24013.4,23997.9,24000.35,0
2026-05-06 12:52:00+05:30,24021.8,24023.05,24012.1,24014.75,0
2026-05-06 12:51:00+05:30,24018.25,24023.45,24017.3,24022.1,0
2026-05-06 12:50:00+05:30,24017.55,24019.2,24014.85,24017.95,0
2026-05-06 12:49:00+05:30,24015.7,24020.1,24014.55,24018.3,0
2026-05-06 12:48:00+05:30,24011.65,24017.95,24011.45,24015.65,0
2026-05-06 12:47:00+05:30,24012.0,24015.1,24005.95,24013.7,0
2026-05-06 12:46:00+05:30,24022.55,24022.55,24010.15,24012.05,0
2026-05-06 12:45:00+05:30,24022.0,24025.35,24017.7,24022.35,0
2026-05-06 12:44:00+05:30,24027.4,24028.3,24019.7,24022.3,0
2026-05-06 12:43:00+05:30,24036.05,24036.15,24025.45,24028.4,0
2026-05-06 12:42:00+05:30,24039.65,24043.45,24035.25,24037.5,0
2026-05-06 12:41:00+05:30,24037.75,24041.2,24032.3,24039.4,0
2026-05-06 12:40:00+05:30,24036.05,24038.75,24032.9,24037.95,0
2026-05-06 12:39:00+05:30,24040.85,24041.55,24033.2,24036.65,0
2026-05-06 12:38:00+05:30,24041.6,24044.65,24039.7,24041.3,0
2026-05-06 12:37:00+05:30,24042.6,24044.35,24039.45,24042.2,0
2026-05-06 12:36:00+05:30,24047.85,24048.4,24040.65,24043.3,0
2026-05-06 12:35:00+05:30,24050.2,24050.95,24047.2,24047.85,0
2026-05-06 12:34:00+05:30,24049.3,24054.85,24047.4,24049.9,0
2026-05-06 12:33:00+05:30,24048.8,24053.9,24048.35,24050.15,0
2026-05-06 12:32:00+05:30,24052.65,24055.5,24047.15,24050.2,0
2026-05-06 12:31:00+05:30,24047.0,24054.6,24046.65,24054.6,0
2026-05-06 12:30:00+05:30,24054.15,24054.7,24045.15,24048.1,0
2026-05-06 12:29:00+05:30,24050.4,24055.35,24049.6,24054.65,0
2026-05-06 12:28:00+05:30,24048.1,24052.8,24045.7,24050.7,0
2026-05-06 12:27:00+05:30,24052.7,24052.75,24039.35,24048.55,0
2026-05-06 12:26:00+05:30,24046.1,24059.9,24046.1,24054.35,0
2026-05-06 12:25:00+05:30,24043.55,24047.4,24042.2,24047.4,0
2026-05-06 12:24:00+05:30,24039.45,24045.9,24036.55,24043.95,0
2026-05-06 12:23:00+05:30,24045.35,24046.65,24029.75,24038.85,0
2026-05-06 12:22:00+05:30,24059.65,24061.15,24045.8,24046.8,0
2026-05-06 12:21:00+05:30,24059.3,24060.05,24052.75,24059.35,0
2026-05-06 12:20:00+05:30,24072.6,24073.45,24058.9,24059.35,0
2026-05-06 12:19:00+05:30,24072.85,24077.25,24071.3,24074.25,0
2026-05-06 12:18:00+05:30,24072.2,24073.55,24066.75,24072.35,0
2026-05-06 12:17:00+05:30,24063.4,24073.25,24061.0,24072.75,0
2026-05-06 12:16:00+05:30,24073.05,24073.05,24061.55,24063.7,0
2026-05-06 12:15:00+05:30,24081.75,24081.75,24071.85,24073.1,0
2026-05-06 12:14:00+05:30,24084.65,24086.4,24080.55,24082.8,0
2026-05-06 12:13:00+05:30,24083.75,24086.4,24082.8,24085.65,0
2026-05-06 12:12:00+05:30,24083.75,24085.55,24075.95,24085.25,0
2026-05-06 12:11:00+05:30,24082.5,24084.2,24079.8,24083.65,0
2026-05-06 12:10:00+05:30,24084.7,24086.95,24080.5,24084.75,0
2026-05-06 12:09:00+05:30,24081.3,24087.9,24077.1,24084.4,0
2026-05-06 12:08:00+05:30,24082.85,24084.1,24075.35,24081.95,0
2026-05-06 12:07:00+05:30,24081.55,24082.9,24078.85,24082.5,0
2026-05-06 12:06:00+05:30,24080.25,24085.05,24077.95,24082.95,0
2026-05-06 12:05:00+05:30,24091.05,24091.1,24081.0,24082.05,0
2026-05-06 12:04:00+05:30,24086.4,24091.25,24086.1,24090.9,0
2026-05-06 12:03:00+05:30,24087.0,24089.75,24084.9,24088.95,0
2026-05-06 12:02:00+05:30,24093.95,24096.15,24081.45,24087.35,0
2026-05-06 12:01:00+05:30,24094.95,24099.75,24092.95,24094.5,0
2026-05-06 12:00:00+05:30,24097.2,24097.9,24093.95,24095.25,0
2026-05-06 11:59:00+05:30,24105.35,24105.5,24095.5,24097.35,0
2026-05-06 11:58:00+05:30,24109.5,24110.15,24104.95,24105.2,0
2026-05-06 11:57:00+05:30,24109.2,24113.1,24106.65,24109.85,0
2026-05-06 11:56:00+05:30,24112.4,24113.05,24102.75,24110.35,0
2026-05-06 11:55:00+05:30,24108.55,24114.15,24106.75,24112.8,0
2026-05-06 11:54:00+05:30,24105.95,24109.35,24104.45,24108.8,0
2026-05-06 11:53:00+05:30,24099.9,24108.0,24099.9,24107.45,0
2026-05-06 11:52:00+05:30,24102.55,24103.2,24097.55,24101.15,0
2026-05-06 11:51:00+05:30,24102.8,24104.35,24096.9,24103.3,0
2026-05-06 11:50:00+05:30,24107.75,24108.0,24101.5,24102.7,0
2026-05-06 11:49:00+05:30,24107.95,24108.75,24105.1,24108.05,0
2026-05-06 11:48:00+05:30,24104.85,24108.8,24103.85,24108.8,0
2026-05-06 11:47:00+05:30,24099.6,24106.15,24099.45,24104.9,0
2026-05-06 11:46:00+05:30,24095.7,24102.05,24095.35,24100.9,0
2026-05-06 11:45:00+05:30,24097.1,24097.8,24090.6,24094.6,0
2026-05-06 11:44:00+05:30,24093.25,24100.3,24093.1,24096.8,0
2026-05-06 11:43:00+05:30,24085.6,24094.1,24083.85,24092.9,0
2026-05-06 11:42:00+05:30,24084.55,24089.15,24083.1,24085.35,0
2026-05-06 11:41:00+05:30,24082.75,24085.7,24080.55,24084.8,0
2026-05-06 11:40:00+05:30,24076.8,24083.85,24076.7,24083.5,0
2026-05-06 11:39:00+05:30,24070.6,24078.8,24069.45,24078.5,0
2026-05-06 11:38:00+05:30,24075.55,24081.45,24069.7,24069.7,0
2026-05-06 11:37:00+05:30,24090.55,24090.55,24073.95,24075.9,0
2026-05-06 11:36:00+05:30,24093.3,24094.1,24087.3,24091.05,0
2026-05-06 11:35:00+05:30,24108.2,24108.2,24091.8,24092.15,0
2026-05-06 11:34:00+05:30,24109.7,24110.95,24106.3,24107.7,0
2026-05-06 11:33:00+05:30,24112.35,24112.8,24109.3,24110.5,0
2026-05-06 11:32:00+05:30,24113.25,24115.15,24110.65,24112.95,0
2026-05-06 11:31:00+05:30,24112.35,24114.7,24110.8,24114.7,0
2026-05-06 11:30:00+05:30,24111.95,24117.35,24111.1,24113.0,0
2026-05-06 11:29:00+05:30,24109.35,24112.5,24108.1,24112.5,0
2026-05-06 11:28:00+05:30,24103.25,24110.2,24102.15,24110.2,0
2026-05-06 11:27:00+05:30,24097.55,24102.45,24096.1,24102.45,0
2026-05-06 11:26:00+05:30,24091.8,24098.25,24091.0,24097.65,0
2026-05-06 11:25:00+05:30,24089.0,24092.75,24086.6,24092.75,0
2026-05-06 11:24:00+05:30,24091.6,24095.35,24087.3,24089.2,0
2026-05-06 11:23:00+05:30,24094.0,24095.1,24088.5,24093.4,0
2026-05-06 11:22:00+05:30,24097.8,24101.6,24093.95,24094.4,0
2026-05-06 11:21:00+05:30,24092.8,24099.25,24092.6,24098.2,0
2026-05-06 11:20:00+05:30,24084.8,24094.55,24081.55,24093.65,0
2026-05-06 11:19:00+05:30,24099.6,24102.55,24085.1,24087.05,0
2026-05-06 11:18:00+05:30,24095.05,24100.05,24093.35,24100.05,0
2026-05-06 11:17:00+05:30,24094.15,24097.35,24091.5,24096.05,0
2026-05-06 11:16:00+05:30,24093.45,24097.55,24092.4,24094.3,0
2026-05-06 11:15:00+05:30,24089.15,24093.8,24086.75,24093.75,0
2026-05-06 11:14:00+05:30,24090.3,24092.85,24086.85,24089.3,0
2026-05-06 11:13:00+05:30,24085.45,24092.05,24085.3,24091.95,0
2026-05-06 11:12:00+05:30,24086.3,24087.9,24083.4,24086.5,0
2026-05-06 11:11:00+05:30,24088.3,24089.75,24081.65,24085.9,0
2026-05-06 11:10:00+05:30,24098.9,24098.9,24088.35,24088.95,0
2026-05-06 11:09:00+05:30,24093.65,24099.15,24092.9,24098.3,0
2026-05-06 11:08:00+05:30,24090.3,24096.35,24089.85,24094.1,0
2026-05-06 11:07:00+05:30,24085.85,24091.0,24083.4,24090.9,0
2026-05-06 11:06:00+05:30,24078.9,24087.05,24078.9,24087.05,0
2026-05-06 11:05:00+05:30,24075.55,24080.4,24073.2,24080.15,0
2026-05-06 11:04:00+05:30,24082.75,24082.75,24074.45,24074.5,0
2026-05-06 11:03:00+05:30,24093.0,24093.0,24081.95,24082.55,0
2026-05-06 11:02:00+05:30,24103.1,24104.65,24092.75,24093.5,0
2026-05-06 11:01:00+05:30,24101.4,24104.65,24101.0,24104.35,0
2026-05-06 11:00:00+05:30,24095.95,24102.0,24093.3,24101.95,0
2026-05-06 10:59:00+05:30,24099.35,24102.15,24093.95,24095.75,0
2026-05-06 10:58:00+05:30,24096.45,24102.85,24095.35,24100.55,0
2026-05-06 10:57:00+05:30,24101.2,24101.9,24095.0,24096.0,0
2026-05-06 10:56:00+05:30,24103.0,24106.4,24100.85,24102.0,0
2026-05-06 10:55:00+05:30,24095.7,24110.25,24092.4,24103.5,0
2026-05-06 10:54:00+05:30,24098.15,24100.85,24091.15,24095.8,0
2026-05-06 10:53:00+05:30,24102.8,24104.55,24095.3,24098.7,0
2026-05-06 10:52:00+05:30,24112.0,24112.8,24101.0,24105.1,0
2026-05-06 10:51:00+05:30,24121.1,24123.7,24110.8,24112.45,0
2026-05-06 10:50:00+05:30,24129.35,24130.5,24120.5,24121.8,0
2026-05-06 10:49:00+05:30,24130.15,24131.3,24127.2,24129.8,0
2026-05-06 10:48:00+05:30,24134.7,24137.35,24130.25,24130.25,0
2026-05-06 10:47:00+05:30,24128.6,24137.6,24127.85,24136.45,0
2026-05-06 10:46:00+05:30,24134.3,24135.0,24126.25,24127.85,0
2026-05-06 10:45:00+05:30,24142.75,24143.15,24133.15,24134.5,0
2026-05-06 10:44:00+05:30,24147.3,24150.15,24140.35,24142.85,0
2026-05-06 10:43:00+05:30,24142.85,24147.2,24142.85,24147.2,0
2026-05-06 10:42:00+05:30,24136.7,24142.85,24134.35,24142.85,0
2026-05-06 10:41:00+05:30,24129.8,24137.5,24126.9,24137.15,0
2026-05-06 10:40:00+05:30,24123.7,24130.7,24122.5,24128.4,0
2026-05-06 10:39:00+05:30,24124.25,24126.2,24120.5,24124.45,0
2026-05-06 10:38:00+05:30,24122.3,24126.35,24121.75,24123.65,0
2026-05-06 10:37:00+05:30,24121.1,24122.45,24118.15,24122.45,0
2026-05-06 10:36:00+05:30,24123.8,24124.35,24115.5,24120.55,0
2026-05-06 10:35:00+05:30,24126.65,24126.65,24111.9,24122.35,0
2026-05-06 10:34:00+05:30,24138.1,24138.1,24127.3,24128.8,0
2026-05-06 10:33:00+05:30,24141.2,24141.3,24134.25,24139.1,0
2026-05-06 10:32:00+05:30,24139.95,24144.0,24139.05,24141.65,0
2026-05-06 10:31:00+05:30,24131.85,24139.75,24130.55,24139.75,0
2026-05-06 10:30:00+05:30,24135.5,24135.5,24126.65,24132.85,0
2026-05-06 10:29:00+05:30,24144.45,24144.45,24136.15,24136.4,0
2026-05-06 10:28:00+05:30,24146.45,24147.25,24143.3,24145.1,0
2026-05-06 10:27:00+05:30,24145.5,24148.65,24141.85,24146.8,0
2026-05-06 10:26:00+05:30,24146.05,24148.4,24144.45,24145.6,0
2026-05-06 10:25:00+05:30,24141.5,24145.9,24137.7,24145.65,0
2026-05-06 10:24:00+05:30,24149.5,24150.45,24141.15,24141.85,0
2026-05-06 10:23:00+05:30,24152.75,24154.35,24148.1,24149.4,0
2026-05-06 10:22:00+05:30,24154.0,24155.4,24147.8,24152.0,0
2026-05-06 10:21:00+05:30,24146.4,24154.85,24145.35,24153.95,0
2026-05-06 10:20:00+05:30,24137.05,24146.8,24134.55,24145.7,0
2026-05-06 10:19:00+05:30,24136.7,24138.8,24133.25,24137.5,0
2026-05-06 10:18:00+05:30,24138.25,24139.4,24128.9,24137.3,0
2026-05-06 10:17:00+05:30,24125.25,24138.45,24124.1,24138.45,0
2026-05-06 10:16:00+05:30,24133.15,24133.7,24121.75,24125.1,0
2026-05-06 10:15:00+05:30,24137.0,24137.0,24129.0,24132.9,0
2026-05-06 10:14:00+05:30,24135.05,24141.6,24131.05,24137.3,0
2026-05-06 10:13:00+05:30,24122.55,24137.4,24122.05,24136.25,0
2026-05-06 10:12:00+05:30,24117.1,24122.4,24113.15,24122.4,0
2026-05-06 10:11:00+05:30,24114.1,24122.7,24112.35,24116.7,0
2026-05-06 10:10:00+05:30,24107.1,24114.35,24103.1,24113.65,0
2026-05-06 10:09:00+05:30,24105.85,24107.0,24100.1,24107.0,0
2026-05-06 10:08:00+05:30,24106.65,24108.65,24102.15,24105.95,0
2026-05-06 10:07:00+05:30,24099.65,24108.15,24098.6,24106.15,0
2026-05-06 10:06:00+05:30,24105.05,24105.4,24096.5,24099.05,0
2026-05-06 10:05:00+05:30,24110.45,24112.0,24103.0,24104.05,0
2026-05-06 10:04:00+05:30,24112.55,24113.4,24107.35,24110.15,0
2026-05-06 10:03:00+05:30,24121.75,24122.0,24111.65,24112.8,0
2026-05-06 10:02:00+05:30,24130.85,24130.85,24118.3,24120.85,0
2026-05-06 10:01:00+05:30,24128.5,24133.3,24125.65,24128.8,0
2026-05-06 10:00:00+05:30,24140.6,24140.6,24125.4,24129.25,0
2026-05-06 09:59:00+05:30,24156.25,24156.85,24138.9,24140.3,0
2026-05-06 09:58:00+05:30,24163.85,24165.85,24156.25,24156.95,0
2026-05-06 09:57:00+05:30,24157.35,24164.6,24155.05,24163.4,0
2026-05-06 09:56:00+05:30,24162.95,24163.8,24157.25,24157.8,0
2026-05-06 09:55:00+05:30,24152.75,24162.3,24149.65,24161.95,0
2026-05-06 09:54:00+05:30,24140.8,24152.3,24140.2,24152.1,0
2026-05-06 09:53:00+05:30,24138.25,24140.5,24134.95,24139.9,0
2026-05-06 09:52:00+05:30,24134.8,24139.4,24131.5,24138.05,0
2026-05-06 09:51:00+05:30,24126.7,24135.25,24122.8,24134.75,0
2026-05-06 09:50:00+05:30,24137.55,24137.55,24121.1,24125.6,0
2026-05-06 09:49:00+05:30,24141.5,24142.9,24136.25,24136.9,0
2026-05-06 09:48:00+05:30,24144.85,24144.85,24138.0,24142.9,0
2026-05-06 09:47:00+05:30,24138.55,24144.9,24136.9,24144.05,0
2026-05-06 09:46:00+05:30,24134.8,24140.8,24133.45,24138.1,0
2026-05-06 09:45:00+05:30,24139.85,24144.9,24133.55,24134.0,0
2026-05-06 09:44:00+05:30,24137.55,24140.6,24131.75,24138.45,0
2026-05-06 09:43:00+05:30,24146.45,24146.45,24135.05,24136.9,0
2026-05-06 09:42:00+05:30,24151.15,24152.85,24145.6,24146.0,0
2026-05-06 09:41:00+05:30,24142.05,24151.1,24140.7,24150.3,0
2026-05-06 09:40:00+05:30,24154.5,24155.4,24138.55,24142.05,0
2026-05-06 09:39:00+05:30,24161.8,24162.2,24150.75,24154.0,0
2026-05-06 09:38:00+05:30,24159.75,24162.1,24157.3,24161.4,0
2026-05-06 09:37:00+05:30,24157.5,24161.0,24152.8,24159.1,0
2026-05-06 09:36:00+05:30,24160.25,24160.25,24153.55,24156.55,0
2026-05-06 09:35:00+05:30,24163.75,24167.05,24156.1,24158.8,0
2026-05-06 09:34:00+05:30,24166.4,24167.55,24161.55,24162.75,0
2026-05-06 09:33:00+05:30,24175.9,24175.9,24166.35,24168.0,0
2026-05-06 09:32:00+05:30,24167.9,24176.3,24165.45,24175.1,0
2026-05-06 09:31:00+05:30,24174.95,24182.7,24164.45,24166.9,0
2026-05-06 09:30:00+05:30,24174.6,24185.25,24172.75,24175.15,0
2026-05-06 09:29:00+05:30,24171.4,24175.6,24164.95,24171.6,0
2026-05-06 09:28:00+05:30,24182.8,24184.35,24168.65,24168.65,0
2026-05-06 09:27:00+05:30,24180.35,24183.6,24177.0,24180.1,0
2026-05-06 09:26:00+05:30,24190.9,24193.7,24176.6,24179.05,0
2026-05-06 09:25:00+05:30,24186.15,24195.3,24182.8,24189.65,0
2026-05-06 09:24:00+05:30,24201.6,24201.95,24181.6,24185.2,0
2026-05-06 09:23:00+05:30,24187.35,24201.85,24185.45,24200.1,0
2026-05-06 09:22:00+05:30,24164.9,24185.15,24156.95,24185.15,0
2026-05-06 09:21:00+05:30,24179.3,24184.65,24162.3,24163.2,0
2026-05-06 09:20:00+05:30,24179.2,24192.55,24174.4,24178.3,0
2026-05-06 09:19:00+05:30,24179.2,24182.0,24171.35,24175.8,0
2026-05-06 09:18:00+05:30,24200.65,24200.65,24177.85,24179.7,0
2026-05-06 09:17:00+05:30,24209.2,24211.8,24197.6,24198.55,0
2026-05-06 09:16:00+05:30,24204.4,24213.4,24195.55,24206.65,0
2026-05-06 09:15:00+05:30,24171.0,24250.85,24164.55,24205.6,0
2026-05-05 15:29:00+05:30,24049.5,24059.7,24046.75,24052.15,0
2026-05-05 15:28:00+05:30,24053.45,24055.05,24047.8,24047.8,0
2026-05-05 15:27:00+05:30,24048.5,24053.85,24044.6,24053.5,0
2026-05-05 15:26:00+05:30,24047.65,24051.15,24045.35,24049.5,0
2026-05-05 15:25:00+05:30,24042.0,24048.4,24037.05,24047.25,0
2026-05-05 15:24:00+05:30,24045.25,24047.05,24039.95,24041.85,0
2026-05-05 15:23:00+05:30,24045.9,24047.65,24042.25,24043.05,0
2026-05-05 15:22:00+05:30,24048.85,24049.75,24042.1,24042.1,0
2026-05-05 15:21:00+05:30,24048.45,24055.35,24044.65,24047.25,0
2026-05-05 15:20:00+05:30,24051.6,24051.85,24039.35,24046.0,0
2026-05-05 15:19:00+05:30,24047.4,24051.9,24045.1,24050.45,0
2026-05-05 15:18:00+05:30,24051.5,24052.2,24044.5,24046.65,0
2026-05-05 15:17:00+05:30,24049.95,24052.8,24045.45,24049.1,0
2026-05-05 15:16:00+05:30,24047.75,24051.1,24044.6,24048.75,0
2026-05-05 15:15:00+05:30,24044.0,24051.4,24040.8,24047.15,0
2026-05-05 15:14:00+05:30,24031.15,24043.85,24029.05,24041.65,0
2026-05-05 15:13:00+05:30,24034.45,24034.85,24023.45,24031.05,0
2026-05-05 15:12:00+05:30,24025.05,24036.95,24023.95,24033.5,0
2026-05-05 15:11:00+05:30,24029.25,24034.35,24022.15,24022.75,0
2026-05-05 15:10:00+05:30,24033.2,24033.2,24019.5,24026.85,0
2026-05-05 15:09:00+05:30,24026.1,24036.45,24022.0,24031.6,0
2026-05-05 15:08:00+05:30,24022.95,24030.15,24021.85,24024.75,0
2026-05-05 15:07:00+05:30,24024.6,24024.6,24018.7,24022.05,0
2026-05-05 15:06:00+05:30,24003.0,24023.85,24000.9,24022.5,0
2026-05-05 15:05:00+05:30,24015.65,24017.0,23997.85,24001.3,0
2026-05-05 15:04:00+05:30,24015.05,24018.5,24012.2,24013.2,0
2026-05-05 15:03:00+05:30,24003.5,24019.25,24002.8,24013.1,0
2026-05-05 15:02:00+05:30,24020.7,24025.3,23999.8,24000.3,0
2026-05-05 15:01:00+05:30,24008.15,24024.1,24008.15,24024.05,0
2026-05-05 15:00:00+05:30,24011.9,24014.35,24001.2,24006.75,0
2026-05-05 14:59:00+05:30,24020.1,24020.1,24008.4,24010.8,0
2026-05-05 14:58:00+05:30,24025.0,24026.35,24017.05,24020.35,0
2026-05-05 14:57:00+05:30,24020.6,24028.9,24018.8,24025.5,0
2026-05-05 14:56:00+05:30,24021.4,24028.55,24019.55,24020.85,0
2026-05-05 14:55:00+05:30,24020.35,24027.15,24020.35,24021.0,0
2026-05-05 14:54:00+05:30,24009.05,24021.8,24009.05,24020.7,0
2026-05-05 14:53:00+05:30,24010.1,24018.5,23999.6,24009.35,0
2026-05-05 14:52:00+05:30,24027.85,24032.25,24010.0,24011.7,0
2026-05-05 14:51:00+05:30,24027.4,24030.5,24023.2,24027.45,0
2026-05-05 14:50:00+05:30,24024.15,24033.55,24024.15,24028.3,0
2026-05-05 14:49:00+05:30,24026.95,24028.8,24024.3,24024.3,0
2026-05-05 14:48:00+05:30,24029.75,24030.65,24020.15,24026.95,0
2026-05-05 14:47:00+05:30,24021.6,24034.1,24017.05,24031.4,0
2026-05-05 14:46:00+05:30,24034.25,24038.0,24021.3,24021.6,0
2026-05-05 14:45:00+05:30,24041.55,24045.8,24032.35,24033.9,0
2026-05-05 14:44:00+05:30,24044.7,24045.45,24037.55,24042.1,0
2026-05-05 14:43:00+05:30,24043.95,24047.25,24043.0,24045.3,0
2026-05-05 14:42:00+05:30,24034.6,24046.45,24034.6,24045.3,0
2026-05-05 14:41:00+05:30,24031.4,24037.4,24030.45,24034.7,0
2026-05-05 14:40:00+05:30,24034.55,24034.55,24023.7,24031.6,0
2026-05-05 14:39:00+05:30,24022.25,24038.6,24020.75,24034.65,0
2026-05-05 14:38:00+05:30,24028.9,24035.35,24019.4,24022.8,0
2026-05-05 14:37:00+05:30,24039.7,24041.2,24026.35,24029.55,0
2026-05-05 14:36:00+05:30,24030.15,24043.0,24029.25,24039.5,0
2026-05-05 14:35:00+05:30,24034.85,24045.9,24028.95,24030.4,0
2026-05-05 14:34:00+05:30,24033.4,24037.25,24028.3,24036.15,0
2026-05-05 14:33:00+05:30,24043.85,24048.9,24033.75,24033.75,0
2026-05-05 14:32:00+05:30,24042.45,24048.1,24041.9,24044.2,0
2026-05-05 14:31:00+05:30,24041.55,24047.5,24041.55,24042.65,0
2026-05-05 14:30:00+05:30,24059.3,24060.65,24034.15,24040.3,0
2026-05-05 14:29:00+05:30,24048.35,24061.0,24048.35,24058.3,0
2026-05-05 14:28:00+05:30,24041.7,24050.5,24039.75,24049.8,0
2026-05-05 14:27:00+05:30,24041.55,24045.45,24040.0,24040.7,0
2026-05-05 14:26:00+05:30,24033.3,24043.0,24031.75,24041.2,0
2026-05-05 14:25:00+05:30,24036.1,24040.85,24033.7,24034.95,0
2026-05-05 14:24:00+05:30,24033.35,24036.45,24026.3,24035.3,0
2026-05-05 14:23:00+05:30,24046.35,24048.55,24033.2,24033.3,0
2026-05-05 14:22:00+05:30,24039.0,24048.25,24039.0,24046.35,0
2026-05-05 14:21:00+05:30,24039.95,24042.4,24035.95,24039.95,0
2026-05-05 14:20:00+05:30,24037.2,24047.55,24035.55,24042.1,0
2026-05-05 14:19:00+05:30,24029.2,24038.55,24028.4,24037.15,0
2026-05-05 14:18:00+05:30,24027.85,24032.45,24025.4,24028.45,0
2026-05-05 14:17:00+05:30,24034.5,24042.15,24027.2,24028.2,0
2026-05-05 14:16:00+05:30,24018.95,24039.15,24018.65,24034.75,0
2026-05-05 14:15:00+05:30,24017.2,24021.35,24013.1,24019.65,0
2026-05-05 14:14:00+05:30,24004.8,24020.55,24003.45,24016.8,0
2026-05-05 14:13:00+05:30,24021.25,24023.6,24002.15,24003.4,0
2026-05-05 14:12:00+05:30,24022.5,24027.55,24018.25,24021.75,0
2026-05-05 14:11:00+05:30,24020.95,24029.5,24019.75,24021.7,0
2026-05-05 14:10:00+05:30,24016.0,24022.1,24016.0,24021.3,0
2026-05-05 14:09:00+05:30,24016.4,24017.85,24009.1,24016.3,0
2026-05-05 14:08:00+05:30,24022.5,24024.3,24016.15,24016.15,0
2026-05-05 14:07:00+05:30,24028.35,24029.95,24019.5,24022.9,0
2026-05-05 14:06:00+05:30,24028.6,24033.25,24026.65,24029.0,0
2026-05-05 14:05:00+05:30,24028.7,24031.85,24027.05,24028.35,0
2026-05-05 14:04:00+05:30,24025.75,24036.25,24022.35,24029.15,0
2026-05-05 14:03:00+05:30,24037.15,24038.7,24025.0,24026.25,0
2026-05-05 14:02:00+05:30,24044.25,24047.5,24037.6,24037.6,0
2026-05-05 14:01:00+05:30,24040.65,24047.8,24039.1,24042.65,0
2026-05-05 14:00:00+05:30,24035.85,24044.75,24035.85,24041.05,0
2026-05-05 13:59:00+05:30,24035.9,24052.75,24034.65,24038.1,0
2026-05-05 13:58:00+05:30,24043.3,24046.05,24035.85,24035.85,0
2026-05-05 13:57:00+05:30,24040.45,24054.5,24039.0,24044.3,0
2026-05-05 13:56:00+05:30,24040.0,24045.65,24032.8,24040.25,0
2026-05-05 13:55:00+05:30,24030.55,24040.7,24029.25,24038.45,0
2026-05-05 13:54:00+05:30,24031.7,24033.2,24020.5,24030.25,0
2026-05-05 13:53:00+05:30,24043.9,24048.15,24029.45,24032.25,0
2026-05-05 13:52:00+05:30,24036.35,24046.0,24034.45,24044.3,0
2026-05-05 13:51:00+05:30,24042.0,24044.6,24030.25,24037.55,0
2026-05-05 13:50:00+05:30,24045.55,24050.3,24040.2,24041.7,0
2026-05-05 13:49:00+05:30,24048.8,24050.75,24044.1,24045.8,0
2026-05-05 13:48:00+05:30,24050.45,24056.65,24047.55,24048.95,0
2026-05-05 13:47:00+05:30,24046.95,24055.05,24046.05,24050.85,0
2026-05-05 13:46:00+05:30,24047.85,24050.5,24037.8,24046.75,0
2026-05-05 13:45:00+05:30,24051.15,24062.15,24043.0,24047.1,0
2026-05-05 13:44:00+05:30,24042.35,24053.5,24039.35,24050.45,0
2026-05-05 13:43:00+05:30,24050.05,24053.3,24041.5,24045.7,0
2026-05-05 13:42:00+05:30,24049.0,24056.7,24041.75,24050.4,0
2026-05-05 13:41:00+05:30,24036.05,24056.4,24033.1,24048.7,0
2026-05-05 13:40:00+05:30,24037.1,24045.3,24035.0,24036.85,0
2026-05-05 13:39:00+05:30,24037.15,24039.7,24032.7,24037.75,0
2026-05-05 13:38:00+05:30,24035.9,24038.25,24031.7,24038.25,0
2026-05-05 13:37:00+05:30,24042.95,24047.55,24034.6,24035.25,0
2026-05-05 13:36:00+05:30,24025.85,24044.5,24022.35,24044.5,0
2026-05-05 13:35:00+05:30,24025.9,24034.8,24022.1,24024.2,0
2026-05-05 13:34:00+05:30,24022.0,24028.95,24017.4,24024.65,0
2026-05-05 13:33:00+05:30,24020.3,24029.15,24018.7,24022.45,0
2026-05-05 13:32:00+05:30,24024.45,24029.25,24016.65,24021.3,0
2026-05-05 13:31:00+05:30,24019.05,24033.9,24017.6,24024.85,0
2026-05-05 13:30:00+05:30,24041.4,24041.6,24018.2,24018.2,0
2026-05-05 13:29:00+05:30,24034.0,24043.15,24031.75,24039.95,0
2026-05-05 13:28:00+05:30,24047.4,24047.6,24030.6,24035.8,0
2026-05-05 13:27:00+05:30,24040.1,24048.4,24040.0,24046.95,0
2026-05-05 13:26:00+05:30,24033.8,24047.05,24033.8,24040.9,0
2026-05-05 13:25:00+05:30,24039.75,24042.75,24030.95,24033.85,0
2026-05-05 13:24:00+05:30,24052.7,24055.1,24038.9,24041.4,0
2026-05-05 13:23:00+05:30,24053.9,24056.5,24048.7,24054.65,0
2026-05-05 13:22:00+05:30,24047.5,24059.45,24047.5,24054.15,0
2026-05-05 13:21:00+05:30,24045.95,24056.1,24045.75,24046.6,0
2026-05-05 13:20:00+05:30,24041.7,24045.8,24031.95,24045.25,0
2026-05-05 13:19:00+05:30,24045.2,24047.35,24037.0,24040.4,0
2026-05-05 13:18:00+05:30,24042.2,24056.5,24042.2,24046.3,0
2026-05-05 13:17:00+05:30,24045.9,24057.8,24042.95,24042.95,0
2026-05-05 13:16:00+05:30,24055.15,24061.2,24040.45,24044.45,0
2026-05-05 13:15:00+05:30,24067.35,24081.7,24056.65,24056.9,0
2026-05-05 13:14:00+05:30,24060.15,24070.6,24058.1,24068.8,0
2026-05-05 13:13:00+05:30,24062.4,24066.7,24052.45,24064.75,0
2026-05-05 13:12:00+05:30,24070.9,24073.9,24062.8,24063.85,0
2026-05-05 13:11:00+05:30,24067.6,24074.9,24063.0,24071.3,0
2026-05-05 13:10:00+05:30,24066.35,24080.75,24065.45,24067.25,0
2026-05-05 13:09:00+05:30,24067.85,24075.45,24065.8,24065.8,0
2026-05-05 13:08:00+05:30,24061.15,24070.95,24060.65,24067.65,0
2026-05-05 13:07:00+05:30,24043.5,24061.45,24042.05,24060.85,0
2026-05-05 13:06:00+05:30,24015.6,24043.3,24015.55,24043.3,0
2026-05-05 13:05:00+05:30,24018.95,24024.15,24014.8,24015.0,0
2026-05-05 13:04:00+05:30,24018.7,24024.25,24018.7,24019.8,0
2026-05-05 13:03:00+05:30,24019.7,24021.65,24012.7,24019.95,0
2026-05-05 13:02:00+05:30,24011.6,24021.2,24011.45,24019.8,0
2026-05-05 13:01:00+05:30,24018.35,24021.25,24010.65,24011.35,0
2026-05-05 13:00:00+05:30,24012.6,24025.85,24012.6,24019.0,0
2026-05-05 12:59:00+05:30,23998.65,24014.25,23996.2,24011.9,0
2026-05-05 12:58:00+05:30,23996.75,24000.9,23994.0,23999.3,0
2026-05-05 12:57:00+05:30,23990.9,23999.4,23990.65,23997.55,0
2026-05-05 12:56:00+05:30,23985.85,23991.7,23981.4,23991.7,0
2026-05-05 12:55:00+05:30,23983.6,23986.3,23978.6,23985.8,0
2026-05-05 12:54:00+05:30,23984.8,23988.85,23980.45,23983.15,0
2026-05-05 12:53:00+05:30,23992.5,23993.25,23979.55,23986.0,0
2026-05-05 12:52:00+05:30,23995.8,23996.55,23984.95,23993.25,0
2026-05-05 12:51:00+05:30,23986.6,23996.25,23986.6,23995.65,0
2026-05-05 12:50:00+05:30,23977.6,23988.0,23977.6,23986.0,0
2026-05-05 12:49:00+05:30,23979.6,23983.7,23976.55,23978.1,0
2026-05-05 12:48:00+05:30,23974.05,23980.35,23967.9,23979.1,0
2026-05-05 12:47:00+05:30,23967.45,23975.05,23967.45,23974.85,0
2026-05-05 12:46:00+05:30,23960.8,23972.75,23956.75,23967.8,0
2026-05-05 12:45:00+05:30,23952.55,23962.5,23952.55,23961.1,0
2026-05-05 12:44:00+05:30,23959.7,23960.55,23951.25,23952.85,0
2026-05-05 12:43:00+05:30,23957.25,23960.95,23954.3,23959.3,0
2026-05-05 12:42:00+05:30,23969.35,23969.35,23955.1,23957.75,0
2026-05-05 12:41:00+05:30,23971.05,23974.45,23966.85,23967.75,0
2026-05-05 12:40:00+05:30,23962.5,23972.75,23961.95,23971.95,0
2026-05-05 12:39:00+05:30,23958.4,23963.2,23957.75,23961.95,0
2026-05-05 12:38:00+05:30,23959.75,23961.5,23956.05,23957.95,0
2026-05-05 12:37:00+05:30,23963.5,23973.2,23958.7,23958.85,0
2026-05-05 12:36:00+05:30,23957.0,23968.05,23956.8,23962.9,0
2026-05-05 12:35:00+05:30,23954.5,23957.55,23949.4,23957.55,0
2026-05-05 12:34:00+05:30,23952.95,23958.7,23944.85,23955.4,0
2026-05-05 12:33:00+05:30,23941.85,23956.0,23941.65,23953.4,0
2026-05-05 12:32:00+05:30,23946.8,23946.8,23933.8,23941.3,0
2026-05-05 12:31:00+05:30,23950.7,23955.55,23947.3,23947.95,0
2026-05-05 12:30:00+05:30,23943.9,23955.15,23941.5,23952.45,0
2026-05-05 12:29:00+05:30,23946.85,23950.15,23940.85,23943.2,0
2026-05-05 12:28:00+05:30,23953.45,23958.35,23945.1,23945.1,0
2026-05-05 12:27:00+05:30,23963.75,23964.85,23949.95,23953.3,0
2026-05-05 12:26:00+05:30,23966.15,23968.2,23961.6,23963.85,0
2026-05-05 12:25:00+05:30,23967.8,23974.25,23961.75,23965.7,0
2026-05-05 12:24:00+05:30,23971.4,23975.4,23964.4,23967.25,0
2026-05-05 12:23:00+05:30,23970.15,23977.95,23970.15,23971.45,0
2026-05-05 12:22:00+05:30,23967.55,23976.95,23965.15,23974.3,0
2026-05-05 12:21:00+05:30,23961.1,23969.15,23959.1,23966.8,0
2026-05-05 12:20:00+05:30,23954.6,23961.1,23950.15,23959.45,0
2026-05-05 12:19:00+05:30,23950.6,23956.5,23948.65,23954.75,0
2026-05-05 12:18:00+05:30,23944.4,23951.5,23943.6,23950.3,0
2026-05-05 12:17:00+05:30,23949.7,23953.0,23944.7,23945.7,0
2026-05-05 12:16:00+05:30,23951.35,23953.9,23944.95,23950.2,0
2026-05-05 12:15:00+05:30,23945.95,23953.2,23945.95,23950.35,0
2026-05-05 12:14:00+05:30,23937.05,23949.3,23936.6,23946.45,0
2026-05-05 12:13:00+05:30,23930.9,23937.85,23928.6,23937.25,0
2026-05-05 12:12:00+05:30,23928.9,23932.25,23924.45,23931.75,0
2026-05-05 12:11:00+05:30,23926.35,23935.85,23926.35,23929.2,0
2026-05-05 12:10:00+05:30,23919.0,23926.15,23919.0,23925.65,0
2026-05-05 12:09:00+05:30,23918.15,23926.25,23918.15,23919.6,0
2026-05-05 12:08:00+05:30,23919.95,23921.25,23913.85,23918.45,0
2026-05-05 12:07:00+05:30,23919.95,23922.7,23917.7,23920.35,0
2026-05-05 12:06:00+05:30,23911.35,23920.3,23907.85,23919.8,0
2026-05-05 12:05:00+05:30,23900.3,23914.35,23899.45,23911.45,0
2026-05-05 12:04:00+05:30,23902.2,23903.75,23898.55,23899.55,0
2026-05-05 12:03:00+05:30,23898.65,23903.3,23896.9,23902.25,0
2026-05-05 12:02:00+05:30,23898.4,23905.55,23897.15,23899.25,0
2026-05-05 12:01:00+05:30,23896.0,23901.8,23895.0,23897.9,0
2026-05-05 12:00:00+05:30,23888.15,23898.2,23888.15,23896.7,0
2026-05-05 11:59:00+05:30,23884.15,23896.2,23882.05,23888.95,0
2026-05-05 11:58:00+05:30,23889.4,23891.2,23882.1,23883.8,0
2026-05-05 11:57:00+05:30,23890.45,23899.25,23885.9,23890.7,0
2026-05-05 11:56:00+05:30,23892.1,23894.4,23884.25,23891.25,0
2026-05-05 11:55:00+05:30,23890.45,23894.3,23884.4,23892.8,0
2026-05-05 11:54:00+05:30,23909.8,23910.9,23886.2,23891.6,0
2026-05-05 11:53:00+05:30,23902.0,23916.6,23899.65,23910.4,0
2026-05-05 11:52:00+05:30,23899.6,23909.9,23899.05,23901.15,0
2026-05-05 11:51:00+05:30,23900.25,23902.25,23896.6,23899.65,0
2026-05-05 11:50:00+05:30,23902.7,23907.7,23899.0,23899.5,0
2026-05-05 11:49:00+05:30,23904.4,23907.1,23901.15,23904.4,0
2026-05-05 11:48:00+05:30,23894.3,23905.0,23893.6,23905.0,0
2026-05-05 11:47:00+05:30,23911.1,23911.7,23891.15,23895.45,0
2026-05-05 11:46:00+05:30,23916.2,23918.05,23904.0,23911.8,0
2026-05-05 11:45:00+05:30,23915.4,23919.2,23915.0,23916.65,0
2026-05-05 11:44:00+05:30,23918.25,23925.95,23916.05,23916.05,0
2026-05-05 11:43:00+05:30,23924.85,23929.15,23916.6,23917.1,0
2026-05-05 11:42:00+05:30,23920.75,23928.2,23919.65,23925.75,0
2026-05-05 11:41:00+05:30,23930.15,23930.7,23919.7,23922.2,0
2026-05-05 11:40:00+05:30,23940.25,23941.0,23929.2,23930.6,0
2026-05-05 11:39:00+05:30,23947.6,23949.8,23938.45,23939.95,0
2026-05-05 11:38:00+05:30,23949.65,23950.8,23943.85,23947.85,0
2026-05-05 11:37:00+05:30,23958.75,23960.05,23949.85,23950.95,0
2026-05-05 11:36:00+05:30,23965.4,23966.75,23957.1,23958.6,0
2026-05-05 11:35:00+05:30,23950.25,23965.9,23950.25,23964.9,0
2026-05-05 11:34:00+05:30,23946.6,23951.0,23945.05,23950.85,0
2026-05-05 11:33:00+05:30,23951.55,23958.95,23945.55,23947.2,0
2026-05-05 11:32:00+05:30,23935.7,23952.5,23934.65,23952.5,0
2026-05-05 11:31:00+05:30,23944.9,23950.05,23937.55,23937.95,0
2026-05-05 11:30:00+05:30,23935.3,23944.35,23933.75,23944.35,0
2026-05-05 11:29:00+05:30,23938.15,23938.15,23933.1,23935.15,0
2026-05-05 11:28:00+05:30,23932.2,23939.45,23931.15,23938.3,0
2026-05-05 11:27:00+05:30,23935.45,23938.9,23932.3,23933.35,0
2026-05-05 11:26:00+05:30,23931.6,23940.15,23930.2,23934.9,0
2026-05-05 11:25:00+05:30,23932.0,23937.6,23929.45,23931.35,0
2026-05-05 11:24:00+05:30,23929.2,23938.05,23927.55,23931.95,0
2026-05-05 11:23:00+05:30,23933.2,23938.6,23927.85,23929.6,0
2026-05-05 11:22:00+05:30,23927.65,23934.65,23927.65,23934.45,0
2026-05-05 11:21:00+05:30,23929.8,23930.9,23924.35,23927.85,0
2026-05-05 11:20:00+05:30,23934.25,23936.4,23930.8,23930.8,0
2026-05-05 11:19:00+05:30,23945.25,23947.35,23934.2,23935.05,0
2026-05-05 11:18:00+05:30,23952.7,23953.75,23944.3,23945.25,0
2026-05-05 11:17:00+05:30,23957.05,23959.2,23952.7,23952.95,0
2026-05-05 11:16:00+05:30,23954.25,23961.55,23954.25,23958.3,0
2026-05-05 11:15:00+05:30,23937.8,23953.75,23937.4,23953.75,0
2026-05-05 11:14:00+05:30,23946.25,23947.95,23932.65,23939.0,0
2026-05-05 11:13:00+05:30,23939.95,23949.55,23938.15,23947.05,0
2026-05-05 11:12:00+05:30,23933.8,23945.5,23933.8,23940.8,0
2026-05-05 11:11:00+05:30,23942.7,23946.6,23932.55,23934.2,0
2026-05-05 11:10:00+05:30,23927.45,23943.75,23926.15,23943.65,0
2026-05-05 11:09:00+05:30,23932.5,23938.1,23926.65,23926.8,0
2026-05-05 11:08:00+05:30,23925.2,23939.35,23924.35,23933.4,0
2026-05-05 11:07:00+05:30,23938.85,23940.5,23921.45,23926.1,0
2026-05-05 11:06:00+05:30,23937.75,23948.0,23935.8,23939.0,0
2026-05-05 11:05:00+05:30,23949.2,23950.85,23936.0,23936.65,0
2026-05-05 11:04:00+05:30,23949.45,23952.75,23947.35,23951.9,0
2026-05-05 11:03:00+05:30,23930.85,23950.2,23930.85,23949.2,0
2026-05-05 11:02:00+05:30,23938.6,23941.15,23926.25,23930.35,0
2026-05-05 11:01:00+05:30,23923.45,23940.0,23923.45,23938.5,0
2026-05-05 11:00:00+05:30,23925.15,23930.25,23913.55,23925.55,0
2026-05-05 10:59:00+05:30,23924.95,23925.95,23920.55,23925.95,0
2026-05-05 10:58:00+05:30,23920.45,23928.5,23914.35,23927.15,0
2026-05-05 10:57:00+05:30,23921.65,23923.3,23918.85,23920.0,0
2026-05-05 10:56:00+05:30,23929.0,23930.55,23918.2,23922.45,0
2026-05-05 10:55:00+05:30,23929.7,23930.8,23926.9,23928.95,0
2026-05-05 10:54:00+05:30,23922.45,23929.45,23920.6,23928.7,0
2026-05-05 10:53:00+05:30,23931.8,23932.65,23920.1,23921.95,0
2026-05-05 10:52:00+05:30,23942.4,23943.0,23931.5,23932.5,0
2026-05-05 10:51:00+05:30,23945.55,23949.75,23937.3,23942.45,0
2026-05-05 10:50:00+05:30,23946.0,23948.0,23942.45,23946.1,0
2026-05-05 10:49:00+05:30,23942.0,23950.3,23942.0,23947.0,0
2026-05-05 10:48:00+05:30,23939.95,23944.1,23937.1,23942.7,0
2026-05-05 10:47:00+05:30,23940.4,23949.05,23938.55,23940.75,0
2026-05-05 10:46:00+05:30,23940.8,23942.35,23935.5,23939.85,0
2026-05-05 10:45:00+05:30,23937.25,23945.3,23936.6,23941.0,0
2026-05-05 10:44:00+05:30,23939.85,23947.25,23935.85,23937.95,0
2026-05-05 10:43:00+05:30,23937.65,23941.15,23934.05,23940.35,0
2026-05-05 10:42:00+05:30,23937.1,23942.1,23934.95,23937.85,0
2026-05-05 10:41:00+05:30,23937.2,23938.2,23932.0,23937.45,0
2026-05-05 10:40:00+05:30,23941.2,23942.4,23932.45,23936.1,0
2026-05-05 10:39:00+05:30,23943.4,23946.5,23939.55,23941.35,0
2026-05-05 10:38:00+05:30,23940.7,23947.45,23939.15,23944.7,0
2026-05-05 10:37:00+05:30,23929.25,23947.15,23929.15,23940.55,0
2026-05-05 10:36:00+05:30,23932.7,23933.2,23922.9,23927.85,0
2026-05-05 10:35:00+05:30,23941.4,23947.2,23933.25,23933.8,0
2026-05-05 10:34:00+05:30,23953.05,23955.1,23938.1,23941.35,0
2026-05-05 10:33:00+05:30,23958.6,23961.05,23952.0,23953.5,0
2026-05-05 10:32:00+05:30,23961.05,23966.8,23958.85,23959.45,0
2026-05-05 10:31:00+05:30,23953.8,23962.25,23953.8,23960.95,0
2026-05-05 10:30:00+05:30,23952.2,23956.75,23948.2,23954.95,0
2026-05-05 10:29:00+05:30,23948.15,23958.8,23947.0,23954.4,0
2026-05-05 10:28:00+05:30,23962.25,23964.85,23944.65,23948.55,0
2026-05-05 10:27:00+05:30,23961.95,23965.15,23956.85,23963.25,0
2026-05-05 10:26:00+05:30,23954.95,23970.5,23954.3,23963.4,0
2026-05-05 10:25:00+05:30,23978.5,23980.3,23955.1,23955.1,0
2026-05-05 10:24:00+05:30,23984.3,23988.45,23977.2,23979.05,0
2026-05-05 10:23:00+05:30,23967.5,23986.95,23967.5,23985.05,0
2026-05-05 10:22:00+05:30,23985.9,23987.0,23967.15,23967.8,0
2026-05-05 10:21:00+05:30,23991.45,23991.45,23983.25,23985.65,0
2026-05-05 10:20:00+05:30,23987.3,23994.45,23986.8,23991.65,0
2026-05-05 10:19:00+05:30,23984.4,23987.25,23980.9,23986.95,0
2026-05-05 10:18:00+05:30,23983.1,23985.55,23975.8,23983.3,0
2026-05-05 10:17:00+05:30,23978.9,23984.1,23972.95,23984.1,0
2026-05-05 10:16:00+05:30,23971.2,23980.8,23970.1,23979.0,0
2026-05-05 10:15:00+05:30,23986.1,23986.1,23970.55,23970.55,0
2026-05-05 10:14:00+05:30,23987.9,23990.1,23980.0,23986.0,0
2026-05-05 10:13:00+05:30,23983.55,23989.25,23982.35,23988.45,0
2026-05-05 10:12:00+05:30,23983.35,23994.85,23982.6,23985.3,0
2026-05-05 10:11:00+05:30,23981.4,23989.85,23978.5,23983.9,0
2026-05-05 10:10:00+05:30,23994.6,24002.95,23979.75,23981.5,0
2026-05-05 10:09:00+05:30,23998.75,24006.55,23994.35,23994.6,0
2026-05-05 10:08:00+05:30,23994.25,24002.1,23992.95,23999.15,0
2026-05-05 10:07:00+05:30,23998.5,23999.3,23987.15,23993.7,0
2026-05-05 10:06:00+05:30,24004.35,24004.9,23993.35,23998.75,0
2026-05-05 10:05:00+05:30,24011.45,24015.0,24004.1,24006.0,0
2026-05-05 10:04:00+05:30,24013.0,24027.35,24009.7,24012.45,0
2026-05-05 10:03:00+05:30,24003.15,24012.65,24003.15,24012.25,0
2026-05-05 10:02:00+05:30,24025.95,24030.1,24001.75,24003.15,0
2026-05-05 10:01:00+05:30,24035.6,24036.55,24026.3,24026.3,0
2026-05-05 10:00:00+05:30,24042.55,24053.9,24034.6,24036.25,0
2026-05-05 09:59:00+05:30,24039.7,24044.2,24035.7,24043.05,0
2026-05-05 09:58:00+05:30,24033.25,24042.65,24032.3,24038.95,0
2026-05-05 09:57:00+05:30,24048.55,24051.3,24033.15,24033.5,0
2026-05-05 09:56:00+05:30,24052.55,24054.2,24048.9,24049.15,0
2026-05-05 09:55:00+05:30,24047.2,24054.85,24046.4,24051.4,0
2026-05-05 09:54:00+05:30,24052.8,24055.45,24042.6,24047.9,0
2026-05-05 09:53:00+05:30,24044.45,24053.05,24043.4,24053.05,0
2026-05-05 09:52:00+05:30,24039.3,24044.25,24034.75,24043.95,0
2026-05-05 09:51:00+05:30,24028.2,24041.3,24023.75,24038.9,0
2026-05-05 09:50:00+05:30,24036.55,24037.95,24023.8,24027.7,0
2026-05-05 09:49:00+05:30,24029.9,24041.55,24029.9,24036.05,0
2026-05-05 09:48:00+05:30,24022.2,24029.9,24018.6,24029.9,0
2026-05-05 09:47:00+05:30,24024.25,24028.55,24017.55,24022.75,0
2026-05-05 09:46:00+05:30,24011.95,24026.35,24007.75,24024.75,0
2026-05-05 09:45:00+05:30,24013.55,24017.9,24005.85,24012.75,0
2026-05-05 09:44:00+05:30,24025.35,24027.8,24010.95,24013.75,0
2026-05-05 09:43:00+05:30,24019.45,24027.6,24006.85,24025.6,0
2026-05-05 09:42:00+05:30,24005.05,24020.7,24004.7,24019.35,0
2026-05-05 09:41:00+05:30,24010.4,24018.2,24000.9,24006.35,0
2026-05-05 09:40:00+05:30,24022.0,24022.0,24003.7,24010.05,0
2026-05-05 09:39:00+05:30,24038.65,24040.25,24020.6,24022.15,0
2026-05-05 09:38:00+05:30,24029.55,24042.7,24022.15,24039.7,0
2026-05-05 09:37:00+05:30,24054.85,24056.05,24029.9,24029.9,0
2026-05-05 09:36:00+05:30,24055.8,24060.55,24049.4,24055.6,0
2026-05-05 09:35:00+05:30,24042.05,24057.55,24038.45,24056.45,0
2026-05-05 09:34:00+05:30,24034.0,24043.6,24031.05,24042.75,0
2026-05-05 09:33:00+05:30,24028.9,24040.95,24028.9,24033.35,0
2026-05-05 09:32:00+05:30,24030.7,24043.25,24025.45,24030.6,0
2026-05-05 09:31:00+05:30,24014.3,24030.75,24014.3,24029.35,0
2026-05-05 09:30:00+05:30,23990.6,24016.5,23988.1,24014.55,0
2026-05-05 09:29:00+05:30,23989.65,23996.55,23986.85,23992.05,0
2026-05-05 09:28:00+05:30,23983.35,24004.2,23983.35,23989.75,0
2026-05-05 09:27:00+05:30,23989.0,23990.85,23977.65,23981.85,0
2026-05-05 09:26:00+05:30,24020.25,24022.05,23985.1,23990.5,0
2026-05-05 09:25:00+05:30,24027.9,24031.6,24011.35,24019.5,0
2026-05-05 09:24:00+05:30,24046.95,24056.9,24024.15,24026.55,0
2026-05-05 09:23:00+05:30,24038.5,24051.6,24034.65,24046.8,0
2026-05-05 09:22:00+05:30,24037.65,24044.55,24027.65,24040.95,0
2026-05-05 09:21:00+05:30,24040.75,24047.65,24026.8,24037.7,0
2026-05-05 09:20:00+05:30,24062.05,24067.8,24037.35,24037.35,0
2026-05-05 09:19:00+05:30,24050.85,24072.1,24049.2,24064.2,0
2026-05-05 09:18:00+05:30,24033.3,24051.0,24027.35,24051.0,0
2026-05-05 09:17:00+05:30,24029.35,24046.95,24024.55,24033.55,0
2026-05-05 09:16:00+05:30,24007.55,24040.4,24007.55,24025.9,0
2026-05-05 09:15:00+05:30,24052.6,24061.9,23949.4,24008.5,0
2026-05-04 15:29:00+05:30,24120.8,24125.65,24114.15,24123.8,0
2026-05-04 15:28:00+05:30,24122.0,24123.25,24117.6,24120.65,0
2026-05-04 15:27:00+05:30,24127.9,24128.7,24121.55,24121.55,0
2026-05-04 15:26:00+05:30,24117.15,24126.8,24111.25,24125.1,0
2026-05-04 15:25:00+05:30,24116.85,24123.7,24110.2,24112.1,0
2026-05-04 15:24:00+05:30,24124.1,24125.55,24110.7,24111.7,0
2026-05-04 15:23:00+05:30,24123.9,24125.2,24117.3,24122.25,0
2026-05-04 15:22:00+05:30,24131.4,24131.55,24121.75,24122.3,0
2026-05-04 15:21:00+05:30,24131.2,24134.6,24126.55,24126.55,0
2026-05-04 15:20:00+05:30,24127.45,24131.35,24119.2,24129.3,0
2026-05-04 15:19:00+05:30,24124.15,24126.9,24122.1,24125.45,0
2026-05-04 15:18:00+05:30,24128.45,24128.45,24115.0,24122.1,0
2026-05-04 15:17:00+05:30,24135.05,24135.05,24123.4,24126.45,0
2026-05-04 15:16:00+05:30,24134.95,24134.95,24126.85,24133.95,0
2026-05-04 15:15:00+05:30,24125.05,24135.45,24123.05,24131.15,0
2026-05-04 15:14:00+05:30,24121.8,24127.05,24119.25,24123.25,0
2026-05-04 15:13:00+05:30,24134.85,24135.05,24120.05,24120.5,0
2026-05-04 15:12:00+05:30,24122.15,24134.55,24119.05,24133.05,0
2026-05-04 15:11:00+05:30,24112.4,24124.15,24109.35,24119.05,0
2026-05-04 15:10:00+05:30,24118.8,24119.9,24108.35,24109.7,0
2026-05-04 15:09:00+05:30,24122.35,24124.0,24115.0,24117.25,0
2026-05-04 15:08:00+05:30,24119.7,24124.2,24118.0,24122.6,0
2026-05-04 15:07:00+05:30,24119.5,24121.85,24114.2,24118.25,0
2026-05-04 15:06:00+05:30,24117.2,24118.75,24112.6,24117.85,0
2026-05-04 15:05:00+05:30,24100.6,24114.15,24096.25,24114.15,0
2026-05-04 15:04:00+05:30,24104.75,24106.35,24097.2,24098.0,0
2026-05-04 15:03:00+05:30,24086.85,24103.35,24083.65,24102.4,0
2026-05-04 15:02:00+05:30,24093.2,24095.2,24080.7,24083.85,0
2026-05-04 15:01:00+05:30,24084.4,24091.95,24076.1,24090.9,0
2026-05-04 15:00:00+05:30,24091.0,24093.05,24074.95,24083.0,0
2026-05-04 14:59:00+05:30,24088.05,24093.85,24078.95,24089.25,0
2026-05-04 14:58:00+05:30,24085.8,24088.9,24082.7,24088.0,0
2026-05-04 14:57:00+05:30,24085.15,24086.1,24078.4,24085.6,0
2026-05-04 14:56:00+05:30,24105.6,24107.3,24084.45,24085.2,0
2026-05-04 14:55:00+05:30,24098.05,24111.5,24096.35,24103.35,0
2026-05-04 14:54:00+05:30,24075.4,24099.55,24071.3,24096.7,0
2026-05-04 14:53:00+05:30,24077.6,24080.65,24075.05,24075.4,0
2026-05-04 14:52:00+05:30,24073.9,24078.7,24071.45,24077.6,0
2026-05-04 14:51:00+05:30,24081.95,24084.05,24071.9,24073.8,0
2026-05-04 14:50:00+05:30,24078.35,24080.5,24071.0,24080.5,0
2026-05-04 14:49:00+05:30,24078.95,24080.75,24076.55,24077.7,0
2026-05-04 14:48:00+05:30,24086.7,24088.6,24078.95,24078.95,0
2026-05-04 14:47:00+05:30,24077.45,24086.5,24077.45,24086.4,0
2026-05-04 14:46:00+05:30,24081.8,24082.75,24072.15,24076.85,0
2026-05-04 14:45:00+05:30,24096.15,24097.8,24081.1,24082.2,0
2026-05-04 14:44:00+05:30,24097.85,24101.2,24094.45,24096.0,0
2026-05-04 14:43:00+05:30,24096.9,24099.9,24087.2,24096.7,0
2026-05-04 14:42:00+05:30,24078.4,24097.15,24077.0,24095.45,0
2026-05-04 14:41:00+05:30,24100.35,24103.4,24072.15,24078.0,0
2026-05-04 14:40:00+05:30,24111.3,24113.6,24098.95,24100.5,0
2026-05-04 14:39:00+05:30,24109.2,24111.8,24104.5,24111.6,0
2026-05-04 14:38:00+05:30,24111.45,24112.2,24101.65,24107.6,0
2026-05-04 14:37:00+05:30,24110.85,24117.6,24109.85,24111.85,0
2026-05-04 14:36:00+05:30,24114.35,24116.55,24104.0,24111.5,0
2026-05-04 14:35:00+05:30,24110.9,24119.4,24109.75,24113.5,0
2026-05-04 14:34:00+05:30,24105.7,24114.55,24105.7,24112.15,0
2026-05-04 14:33:00+05:30,24113.25,24115.0,24103.8,24105.75,0
2026-05-04 14:32:00+05:30,24116.55,24117.65,24107.05,24113.15,0
2026-05-04 14:31:00+05:30,24129.25,24131.25,24105.45,24116.05,0
2026-05-04 14:30:00+05:30,24123.75,24131.95,24123.75,24129.0,0
2026-05-04 14:29:00+05:30,24120.5,24123.5,24116.3,24122.7,0
2026-05-04 14:28:00+05:30,24116.75,24122.0,24113.25,24120.4,0
2026-05-04 14:27:00+05:30,24127.9,24129.15,24116.85,24117.15,0
2026-05-04 14:26:00+05:30,24132.65,24134.35,24125.25,24127.35,0
2026-05-04 14:25:00+05:30,24126.0,24133.45,24124.25,24132.3,0
2026-05-04 14:24:00+05:30,24132.3,24135.8,24126.55,24126.55,0
2026-05-04 14:23:00+05:30,24130.55,24134.3,24121.05,24132.15,0
2026-05-04 14:22:00+05:30,24147.2,24148.85,24128.6,24130.35,0
2026-05-04 14:21:00+05:30,24145.1,24149.7,24144.4,24146.75,0
2026-05-04 14:20:00+05:30,24138.75,24146.0,24138.5,24144.95,0
2026-05-04 14:19:00+05:30,24138.6,24147.95,24137.75,24139.0,0
2026-05-04 14:18:00+05:30,24115.35,24140.25,24115.35,24138.95,0
2026-05-04 14:17:00+05:30,24109.6,24116.0,24107.75,24114.7,0
2026-05-04 14:16:00+05:30,24108.95,24116.15,24108.95,24109.75,0
2026-05-04 14:15:00+05:30,24105.0,24108.65,24102.7,24108.05,0
2026-05-04 14:14:00+05:30,24104.1,24107.45,24099.0,24103.75,0
2026-05-04 14:13:00+05:30,24106.75,24110.8,24104.1,24104.1,0
2026-05-04 14:12:00+05:30,24102.45,24111.6,24100.95,24106.8,0
2026-05-04 14:11:00+05:30,24087.0,24105.65,24087.0,24103.45,0
2026-05-04 14:10:00+05:30,24075.1,24087.5,24075.1,24086.6,0
2026-05-04 14:09:00+05:30,24065.8,24073.45,24061.15,24073.45,0
2026-05-04 14:08:00+05:30,24068.4,24070.05,24060.05,24065.25,0
2026-05-04 14:07:00+05:30,24075.4,24076.6,24066.45,24068.7,0
2026-05-04 14:06:00+05:30,24072.7,24077.5,24070.0,24075.0,0
2026-05-04 14:05:00+05:30,24069.15,24074.45,24067.2,24072.35,0
2026-05-04 14:04:00+05:30,24061.0,24071.8,24061.0,24068.85,0
2026-05-04 14:03:00+05:30,24062.65,24064.65,24053.8,24061.4,0
2026-05-04 14:02:00+05:30,24071.1,24076.2,24060.85,24062.3,0
2026-05-04 14:01:00+05:30,24074.8,24075.4,24064.85,24071.25,0
2026-05-04 14:00:00+05:30,24072.25,24080.3,24072.25,24074.25,0
2026-05-04 13:59:00+05:30,24069.9,24078.25,24069.4,24072.25,0
2026-05-04 13:58:00+05:30,24058.6,24072.25,24050.4,24068.95,0
2026-05-04 13:57:00+05:30,24080.35,24081.85,24059.05,24059.35,0
2026-05-04 13:56:00+05:30,24087.35,24087.35,24075.5,24080.15,0
2026-05-04 13:55:00+05:30,24086.45,24089.85,24085.4,24087.7,0
2026-05-04 13:54:00+05:30,24088.2,24088.65,24081.45,24086.0,0
2026-05-04 13:53:00+05:30,24096.1,24096.85,24087.55,24087.6,0
2026-05-04 13:52:00+05:30,24097.45,24098.75,24092.0,24094.85,0
2026-05-04 13:51:00+05:30,24099.65,24108.9,24094.65,24096.55,0
2026-05-04 13:50:00+05:30,24095.0,24099.85,24093.95,24099.85,0
2026-05-04 13:49:00+05:30,24094.3,24097.05,24093.0,24094.95,0
2026-05-04 13:48:00+05:30,24084.05,24099.4,24083.35,24094.95,0
2026-05-04 13:47:00+05:30,24085.85,24090.8,24082.45,24083.95,0
2026-05-04 13:46:00+05:30,24083.55,24087.65,24080.4,24085.5,0
2026-05-04 13:45:00+05:30,24087.0,24087.8,24081.7,24082.95,0
2026-05-04 13:44:00+05:30,24088.2,24090.25,24083.9,24086.8,0
2026-05-04 13:43:00+05:30,24078.3,24090.65,24074.1,24087.6,0
2026-05-04 13:42:00+05:30,24058.75,24080.85,24058.65,24077.25,0
2026-05-04 13:41:00+05:30,24054.65,24059.45,24052.7,24058.9,0
2026-05-04 13:40:00+05:30,24038.65,24058.05,24038.65,24055.1,0
2026-05-04 13:39:00+05:30,24027.45,24039.7,24027.45,24039.15,0
2026-05-04 13:38:00+05:30,24028.45,24031.45,24020.0,24026.8,0
2026-05-04 13:37:00+05:30,24019.75,24028.55,24018.2,24028.35,0
2026-05-04 13:36:00+05:30,24008.75,24019.75,24008.55,24019.75,0
2026-05-04 13:35:00+05:30,24019.0,24019.6,24007.55,24008.95,0
2026-05-04 13:34:00+05:30,24033.4,24035.1,24018.3,24019.8,0
2026-05-04 13:33:00+05:30,24024.25,24033.9,24024.25,24033.65,0
2026-05-04 13:32:00+05:30,24028.7,24038.75,24023.95,24023.95,0
2026-05-04 13:31:00+05:30,24018.5,24030.35,24018.5,24028.35,0
2026-05-04 13:30:00+05:30,24023.35,24023.35,24004.75,24017.9,0
2026-05-04 13:29:00+05:30,24055.85,24056.7,24024.7,24025.25,0
2026-05-04 13:28:00+05:30,24071.55,24073.05,24053.95,24054.7,0
2026-05-04 13:27:00+05:30,24079.85,24082.05,24070.7,24071.65,0
2026-05-04 13:26:00+05:30,24069.15,24085.85,24069.15,24081.05,0
2026-05-04 13:25:00+05:30,24070.75,24072.15,24063.95,24069.15,0
2026-05-04 13:24:00+05:30,24062.6,24074.6,24061.95,24070.75,0
2026-05-04 13:23:00+05:30,24068.9,24070.3,24058.8,24062.35,0
2026-05-04 13:22:00+05:30,24081.65,24088.7,24068.95,24069.3,0
2026-05-04 13:21:00+05:30,24081.35,24083.95,24074.55,24081.6,0
2026-05-04 13:20:00+05:30,24100.85,24102.6,24080.6,24080.8,0
2026-05-04 13:19:00+05:30,24100.9,24105.35,24100.4,24101.45,0
2026-05-04 13:18:00+05:30,24091.45,24099.95,24079.45,24099.85,0
2026-05-04 13:17:00+05:30,24100.55,24106.3,24091.0,24091.0,0
2026-05-04 13:16:00+05:30,24104.25,24106.0,24094.85,24100.1,0
2026-05-04 13:15:00+05:30,24109.05,24111.75,24103.85,24103.85,0
2026-05-04 13:14:00+05:30,24117.6,24119.5,24107.15,24109.1,0
2026-05-04 13:13:00+05:30,24119.3,24120.3,24113.2,24117.25,0
2026-05-04 13:12:00+05:30,24114.1,24121.35,24113.15,24119.0,0
2026-05-04 13:11:00+05:30,24110.9,24115.7,24110.9,24113.75,0
2026-05-04 13:10:00+05:30,24113.8,24114.75,24109.3,24110.95,0
2026-05-04 13:09:00+05:30,24109.35,24114.4,24109.15,24113.9,0
2026-05-04 13:08:00+05:30,24106.75,24111.5,24102.15,24109.7,0
2026-05-04 13:07:00+05:30,24101.5,24109.15,24096.85,24106.3,0
2026-05-04 13:06:00+05:30,24105.5,24105.95,24096.9,24102.35,0
2026-05-04 13:05:00+05:30,24101.55,24110.05,24100.55,24105.7,0
2026-05-04 13:04:00+05:30,24096.7,24106.0,24094.5,24101.75,0
2026-05-04 13:03:00+05:30,24098.3,24100.85,24095.9,24095.9,0
2026-05-04 13:02:00+05:30,24096.0,24103.0,24096.0,24099.0,0
2026-05-04 13:01:00+05:30,24092.85,24102.55,24092.85,24096.25,0
2026-05-04 13:00:00+05:30,24104.2,24106.35,24090.55,24092.95,0
2026-05-04 12:59:00+05:30,24102.1,24106.55,24102.1,24103.8,0
2026-05-04 12:58:00+05:30,24111.3,24114.55,24101.55,24103.15,0
2026-05-04 12:57:00+05:30,24115.45,24118.85,24111.35,24111.45,0
2026-05-04 12:56:00+05:30,24113.8,24116.55,24111.35,24113.0,0
2026-05-04 12:55:00+05:30,24108.7,24117.2,24106.6,24114.25,0
2026-05-04 12:54:00+05:30,24115.1,24117.4,24107.9,24108.25,0
2026-05-04 12:53:00+05:30,24112.05,24118.65,24106.8,24114.85,0
2026-05-04 12:52:00+05:30,24102.25,24114.35,24101.3,24112.6,0
2026-05-04 12:51:00+05:30,24097.05,24102.95,24093.75,24101.8,0
2026-05-04 12:50:00+05:30,24094.05,24103.1,24092.0,24097.7,0
2026-05-04 12:49:00+05:30,24089.35,24093.45,24083.6,24092.85,0
2026-05-04 12:48:00+05:30,24105.95,24107.1,24087.55,24087.7,0
2026-05-04 12:47:00+05:30,24112.75,24113.75,24102.2,24106.0,0
2026-05-04 12:46:00+05:30,24110.1,24119.05,24107.2,24113.2,0
2026-05-04 12:45:00+05:30,24100.95,24113.65,24099.25,24110.4,0
2026-05-04 12:44:00+05:30,24104.7,24108.4,24098.55,24100.55,0
2026-05-04 12:43:00+05:30,24120.35,24122.65,24104.05,24105.0,0
2026-05-04 12:42:00+05:30,24131.2,24133.0,24118.55,24119.35,0
2026-05-04 12:41:00+05:30,24130.15,24133.55,24128.1,24130.75,0
2026-05-04 12:40:00+05:30,24126.15,24130.0,24121.3,24130.0,0
2026-05-04 12:39:00+05:30,24117.2,24126.5,24116.05,24125.4,0
2026-05-04 12:38:00+05:30,24112.0,24121.75,24109.35,24117.0,0
2026-05-04 12:37:00+05:30,24122.1,24125.8,24110.6,24111.15,0
2026-05-04 12:36:00+05:30,24123.8,24127.15,24119.4,24121.9,0
2026-05-04 12:35:00+05:30,24108.65,24123.4,24106.05,24123.4,0
2026-05-04 12:34:00+05:30,24117.85,24119.15,24106.95,24107.95,0
2026-05-04 12:33:00+05:30,24118.6,24127.05,24117.75,24117.8,0
2026-05-04 12:32:00+05:30,24117.05,24124.8,24115.7,24118.05,0
2026-05-04 12:31:00+05:30,24122.25,24125.45,24117.35,24118.15,0
2026-05-04 12:30:00+05:30,24132.65,24134.65,24121.75,24122.2,0
2026-05-04 12:29:00+05:30,24137.25,24139.85,24132.8,24132.8,0
2026-05-04 12:28:00+05:30,24131.2,24138.25,24131.05,24137.1,0
2026-05-04 12:27:00+05:30,24144.25,24144.75,24127.2,24130.8,0
2026-05-04 12:26:00+05:30,24136.3,24145.65,24135.1,24144.45,0
2026-05-04 12:25:00+05:30,24136.1,24137.7,24130.5,24135.65,0
2026-05-04 12:24:00+05:30,24130.4,24142.3,24130.4,24135.75,0
2026-05-04 12:23:00+05:30,24125.5,24135.6,24125.5,24130.25,0
2026-05-04 12:22:00+05:30,24124.0,24130.0,24122.7,24125.65,0
2026-05-04 12:21:00+05:30,24145.55,24146.2,24121.8,24123.95,0
2026-05-04 12:20:00+05:30,24144.35,24154.1,24144.35,24145.65,0
2026-05-04 12:19:00+05:30,24128.05,24144.7,24127.25,24144.1,0
2026-05-04 12:18:00+05:30,24110.0,24130.15,24108.9,24128.4,0
2026-05-04 12:17:00+05:30,24126.6,24128.25,24106.5,24109.3,0
2026-05-04 12:16:00+05:30,24119.1,24128.1,24110.85,24127.4,0
2026-05-04 12:15:00+05:30,24117.35,24123.0,24111.0,24118.45,0
2026-05-04 12:14:00+05:30,24126.0,24128.1,24115.8,24117.0,0
2026-05-04 12:13:00+05:30,24137.5,24138.4,24126.3,24126.6,0
2026-05-04 12:12:00+05:30,24153.25,24153.25,24138.15,24138.15,0
2026-05-04 12:11:00+05:30,24176.55,24176.95,24151.45,24153.1,0
2026-05-04 12:10:00+05:30,24200.0,24200.95,24173.4,24175.8,0
2026-05-04 12:09:00+05:30,24200.7,24203.8,24194.6,24199.6,0
2026-05-04 12:08:00+05:30,24197.45,24202.3,24190.85,24200.7,0
2026-05-04 12:07:00+05:30,24203.3,24205.8,24193.05,24197.55,0
2026-05-04 12:06:00+05:30,24216.05,24217.95,24202.2,24203.2,0
2026-05-04 12:05:00+05:30,24212.45,24219.45,24209.55,24215.85,0
2026-05-04 12:04:00+05:30,24212.15,24214.6,24210.55,24213.15,0
2026-05-04 12:03:00+05:30,24222.0,24223.55,24210.3,24210.3,0
2026-05-04 12:02:00+05:30,24222.7,24224.1,24218.15,24222.15,0
2026-05-04 12:01:00+05:30,24219.5,24223.1,24216.75,24222.0,0
2026-05-04 12:00:00+05:30,24222.5,24229.9,24218.85,24218.85,0
2026-05-04 11:59:00+05:30,24217.8,24223.3,24215.15,24221.05,0
2026-05-04 11:58:00+05:30,24217.6,24224.7,24217.6,24218.0,0
2026-05-04 11:57:00+05:30,24217.75,24223.3,24214.9,24217.9,0
2026-05-04 11:56:00+05:30,24221.0,24221.75,24212.9,24216.85,0
2026-05-04 11:55:00+05:30,24224.9,24227.45,24219.75,24219.85,0
2026-05-04 11:54:00+05:30,24225.8,24227.95,24220.65,24223.3,0
2026-05-04 11:53:00+05:30,24231.9,24234.3,24225.35,24225.75,0
2026-05-04 11:52:00+05:30,24234.75,24238.9,24230.4,24231.75,0
2026-05-04 11:51:00+05:30,24233.9,24237.4,24233.05,24233.75,0
2026-05-04 11:50:00+05:30,24239.35,24244.05,24232.2,24233.35,0
2026-05-04 11:49:00+05:30,24245.85,24249.15,24239.25,24239.25,0
2026-05-04 11:48:00+05:30,24237.4,24245.9,24236.5,24244.4,0
2026-05-04 11:47:00+05:30,24232.35,24238.0,24231.6,24237.35,0
2026-05-04 11:46:00+05:30,24231.4,24235.65,24229.2,24232.35,0
2026-05-04 11:45:00+05:30,24229.0,24236.9,24229.0,24232.5,0
2026-05-04 11:44:00+05:30,24234.95,24235.15,24228.1,24228.45,0
2026-05-04 11:43:00+05:30,24231.7,24238.05,24231.6,24235.7,0
2026-05-04 11:42:00+05:30,24223.0,24236.3,24222.5,24230.5,0
2026-05-04 11:41:00+05:30,24233.2,24234.5,24221.75,24221.95,0
2026-05-04 11:40:00+05:30,24237.95,24238.4,24230.15,24232.55,0
2026-05-04 11:39:00+05:30,24231.85,24242.8,24231.35,24237.7,0
2026-05-04 11:38:00+05:30,24224.75,24231.7,24218.55,24231.7,0
2026-05-04 11:37:00+05:30,24227.75,24229.9,24223.5,24223.5,0
2026-05-04 11:36:00+05:30,24230.25,24231.9,24222.2,24227.4,0
2026-05-04 11:35:00+05:30,24231.0,24232.4,24228.25,24230.4,0
2026-05-04 11:34:00+05:30,24238.35,24241.2,24230.1,24231.0,0
2026-05-04 11:33:00+05:30,24238.2,24239.6,24234.05,24238.4,0
2026-05-04 11:32:00+05:30,24231.05,24239.55,24231.05,24237.35,0
2026-05-04 11:31:00+05:30,24232.4,24233.7,24225.05,24230.9,0
2026-05-04 11:30:00+05:30,24237.3,24238.9,24231.7,24231.7,0
2026-05-04 11:29:00+05:30,24236.8,24239.05,24235.0,24237.4,0
2026-05-04 11:28:00+05:30,24233.25,24237.9,24231.5,24237.0,0
2026-05-04 11:27:00+05:30,24228.15,24233.6,24226.95,24233.55,0
2026-05-04 11:26:00+05:30,24228.05,24229.95,24224.1,24227.95,0
2026-05-04 11:25:00+05:30,24233.4,24235.25,24227.8,24228.1,0
2026-05-04 11:24:00+05:30,24229.7,24235.35,24226.25,24233.2,0
2026-05-04 11:23:00+05:30,24229.15,24230.7,24224.8,24230.1,0
2026-05-04 11:22:00+05:30,24234.95,24237.5,24227.2,24227.85,0
2026-05-04 11:21:00+05:30,24231.85,24234.95,24227.05,24233.7,0
2026-05-04 11:20:00+05:30,24230.2,24238.6,24229.1,24231.65,0
2026-05-04 11:19:00+05:30,24237.9,24239.2,24228.75,24229.85,0
2026-05-04 11:18:00+05:30,24237.25,24239.1,24234.25,24237.8,0
2026-05-04 11:17:00+05:30,24238.4,24242.25,24236.25,24237.25,0
2026-05-04 11:16:00+05:30,24236.9,24238.8,24232.95,24237.8,0
2026-05-04 11:15:00+05:30,24227.5,24236.65,24226.45,24236.15,0
2026-05-04 11:14:00+05:30,24219.65,24227.8,24218.4,24227.25,0
2026-05-04 11:13:00+05:30,24215.9,24220.2,24214.2,24220.05,0
2026-05-04 11:12:00+05:30,24213.0,24218.1,24213.0,24215.35,0
2026-05-04 11:11:00+05:30,24204.85,24213.9,24204.85,24213.9,0
2026-05-04 11:10:00+05:30,24207.05,24211.15,24204.65,24204.65,0
2026-05-04 11:09:00+05:30,24213.1,24216.1,24204.85,24206.55,0
2026-05-04 11:08:00+05:30,24206.85,24212.5,24206.3,24212.5,0
2026-05-04 11:07:00+05:30,24198.15,24207.2,24198.15,24206.7,0
2026-05-04 11:06:00+05:30,24206.65,24207.95,24194.35,24198.0,0
2026-05-04 11:05:00+05:30,24203.2,24208.55,24200.55,24206.45,0
2026-05-04 11:04:00+05:30,24201.5,24205.9,24197.55,24202.65,0
2026-05-04 11:03:00+05:30,24196.25,24203.25,24195.6,24200.3,0
2026-05-04 11:02:00+05:30,24190.8,24196.3,24190.65,24196.3,0
2026-05-04 11:01:00+05:30,24191.9,24193.85,24190.1,24190.1,0
2026-05-04 11:00:00+05:30,24188.3,24191.6,24175.65,24191.5,0
2026-05-04 10:59:00+05:30,24193.0,24197.35,24186.2,24187.25,0
2026-05-04 10:58:00+05:30,24194.25,24196.6,24191.4,24192.9,0
2026-05-04 10:57:00+05:30,24204.45,24208.55,24194.5,24195.45,0
2026-05-04 10:56:00+05:30,24208.75,24210.0,24199.5,24204.5,0
2026-05-04 10:55:00+05:30,24220.05,24221.65,24207.45,24208.5,0
2026-05-04 10:54:00+05:30,24223.1,24224.9,24215.45,24220.3,0
2026-05-04 10:53:00+05:30,24223.25,24229.8,24223.25,24224.55,0
2026-05-04 10:52:00+05:30,24233.95,24236.65,24223.45,24223.45,0
2026-05-04 10:51:00+05:30,24235.3,24237.1,24231.35,24234.2,0
2026-05-04 10:50:00+05:30,24231.9,24235.7,24230.45,24234.75,0
2026-05-04 10:49:00+05:30,24231.5,24240.65,24231.15,24232.35,0
2026-05-04 10:48:00+05:30,24217.6,24231.35,24216.25,24231.35,0
2026-05-04 10:47:00+05:30,24219.8,24224.7,24216.65,24218.7,0
2026-05-04 10:46:00+05:30,24223.15,24225.15,24218.6,24219.25,0
2026-05-04 10:45:00+05:30,24219.3,24223.5,24213.45,24222.7,0
2026-05-04 10:44:00+05:30,24218.3,24222.2,24216.6,24219.15,0
2026-05-04 10:43:00+05:30,24213.45,24219.65,24207.85,24218.3,0
2026-05-04 10:42:00+05:30,24214.5,24217.4,24210.2,24213.6,0
2026-05-04 10:41:00+05:30,24211.35,24218.0,24206.65,24214.45,0
2026-05-04 10:40:00+05:30,24213.65,24214.7,24208.85,24211.5,0
2026-05-04 10:39:00+05:30,24211.0,24217.35,24209.25,24213.5,0
2026-05-04 10:38:00+05:30,24202.2,24210.5,24200.35,24210.5,0
2026-05-04 10:37:00+05:30,24198.15,24206.4,24198.15,24202.45,0
2026-05-04 10:36:00+05:30,24190.3,24204.5,24184.2,24198.8,0
2026-05-04 10:35:00+05:30,24186.8,24197.25,24186.8,24191.55,0
2026-05-04 10:34:00+05:30,24182.45,24187.7,24175.35,24186.7,0
2026-05-04 10:33:00+05:30,24209.25,24211.1,24172.2,24181.35,0
2026-05-04 10:32:00+05:30,24218.65,24223.35,24208.65,24208.8,0
2026-05-04 10:31:00+05:30,24211.2,24219.9,24211.2,24219.05,0
2026-05-04 10:30:00+05:30,24197.5,24212.15,24197.15,24212.15,0
2026-05-04 10:29:00+05:30,24180.05,24196.85,24179.6,24196.65,0
2026-05-04 10:28:00+05:30,24161.7,24181.45,24161.7,24181.45,0
2026-05-04 10:27:00+05:30,24162.25,24164.9,24154.6,24161.95,0
2026-05-04 10:26:00+05:30,24159.95,24167.95,24154.95,24164.0,0
2026-05-04 10:25:00+05:30,24151.4,24162.65,24150.2,24159.9,0
2026-05-04 10:24:00+05:30,24149.0,24162.85,24149.0,24151.4,0
2026-05-04 10:23:00+05:30,24152.55,24167.95,24147.25,24149.2,0
2026-05-04 10:22:00+05:30,24176.25,24177.6,24142.8,24152.3,0
2026-05-04 10:21:00+05:30,24174.05,24180.85,24173.65,24175.95,0
2026-05-04 10:20:00+05:30,24172.6,24178.15,24165.2,24173.6,0
2026-05-04 10:19:00+05:30,24171.7,24176.75,24168.65,24174.7,0
2026-05-04 10:18:00+05:30,24168.65,24173.55,24164.65,24171.15,0
2026-05-04 10:17:00+05:30,24174.9,24175.9,24166.05,24167.85,0
2026-05-04 10:16:00+05:30,24180.1,24183.75,24173.7,24175.25,0
2026-05-04 10:15:00+05:30,24175.3,24190.4,24172.75,24178.35,0
2026-05-04 10:14:00+05:30,24186.55,24188.85,24172.45,24175.2,0
2026-05-04 10:13:00+05:30,24196.8,24201.6,24185.6,24185.6,0
2026-05-04 10:12:00+05:30,24210.25,24212.35,24202.25,24203.05,0
2026-05-04 10:11:00+05:30,24228.95,24230.05,24210.1,24210.1,0
2026-05-04 10:10:00+05:30,24224.55,24228.9,24223.65,24228.9,0
2026-05-04 10:09:00+05:30,24233.95,24236.6,24223.0,24223.6,0
2026-05-04 10:08:00+05:30,24222.0,24233.7,24222.0,24233.35,0
2026-05-04 10:07:00+05:30,24225.75,24233.5,24223.05,24223.2,0
2026-05-04 10:06:00+05:30,24234.6,24246.25,24224.45,24224.45,0
2026-05-04 10:05:00+05:30,24224.0,24237.35,24221.9,24235.1,0
2026-05-04 10:04:00+05:30,24224.3,24227.15,24215.05,24223.95,0
2026-05-04 10:03:00+05:30,24233.0,24234.85,24216.1,24224.8,0
2026-05-04 10:02:00+05:30,24252.75,24255.35,24231.55,24231.55,0
2026-05-04 10:01:00+05:30,24257.25,24258.6,24251.7,24252.35,0
2026-05-04 10:00:00+05:30,24247.25,24259.75,24247.25,24255.4,0
2026-05-04 09:59:00+05:30,24240.1,24246.85,24240.1,24246.2,0
2026-05-04 09:58:00+05:30,24245.3,24248.1,24233.25,24241.15,0
2026-05-04 09:57:00+05:30,24238.5,24246.1,24236.8,24244.95,0
2026-05-04 09:56:00+05:30,24239.8,24246.95,24237.2,24237.2,0
2026-05-04 09:55:00+05:30,24234.15,24245.3,24229.55,24239.15,0
2026-05-04 09:54:00+05:30,24228.25,24238.65,24225.25,24232.15,0
2026-05-04 09:53:00+05:30,24259.75,24259.75,24227.65,24228.3,0
2026-05-04 09:52:00+05:30,24253.3,24260.25,24252.25,24258.9,0
2026-05-04 09:51:00+05:30,24259.3,24264.15,24249.55,24252.85,0
2026-05-04 09:50:00+05:30,24270.15,24272.6,24258.4,24258.9,0
2026-05-04 09:49:00+05:30,24270.1,24272.55,24265.95,24269.35,0
2026-05-04 09:48:00+05:30,24277.4,24279.95,24270.3,24270.3,0
2026-05-04 09:47:00+05:30,24269.55,24280.25,24268.25,24276.95,0
2026-05-04 09:46:00+05:30,24275.3,24276.75,24269.0,24269.75,0
2026-05-04 09:45:00+05:30,24279.25,24283.8,24272.95,24275.5,0
2026-05-04 09:44:00+05:30,24278.65,24280.1,24268.5,24276.65,0
2026-05-04 09:43:00+05:30,24278.15,24284.65,24273.4,24277.2,0
2026-05-04 09:42:00+05:30,24283.7,24287.75,24276.6,24277.15,0
2026-05-04 09:41:00+05:30,24276.6,24287.35,24274.05,24283.25,0
2026-05-04 09:40:00+05:30,24262.05,24290.2,24259.95,24276.15,0
2026-05-04 09:39:00+05:30,24263.5,24268.05,24261.0,24261.0,0
2026-05-04 09:38:00+05:30,24257.95,24269.45,24256.7,24263.95,0
2026-05-04 09:37:00+05:30,24238.9,24259.6,24232.1,24257.8,0
2026-05-04 09:36:00+05:30,24245.05,24258.65,24236.0,24238.5,0
2026-05-04 09:35:00+05:30,24229.2,24249.35,24229.2,24244.0,0
2026-05-04 09:34:00+05:30,24200.3,24230.5,24200.3,24229.5,0
2026-05-04 09:33:00+05:30,24194.05,24202.7,24181.05,24198.95,0
2026-05-04 09:32:00+05:30,24217.7,24219.7,24194.7,24194.7,0
2026-05-04 09:31:00+05:30,24230.65,24235.0,24213.5,24216.45,0
2026-05-04 09:30:00+05:30,24215.6,24233.6,24215.6,24232.85,0
2026-05-04 09:29:00+05:30,24209.45,24218.9,24205.75,24214.55,0
2026-05-04 09:28:00+05:30,24211.45,24220.4,24207.3,24209.7,0
2026-05-04 09:27:00+05:30,24199.6,24212.45,24191.85,24212.15,0
2026-05-04 09:26:00+05:30,24191.25,24199.35,24189.0,24198.7,0
2026-05-04 09:25:00+05:30,24181.85,24195.85,24181.85,24190.95,0
2026-05-04 09:24:00+05:30,24181.8,24184.05,24164.1,24179.65,0
2026-05-04 09:23:00+05:30,24189.1,24190.85,24175.3,24182.75,0
2026-05-04 09:22:00+05:30,24184.15,24207.15,24179.5,24188.9,0
2026-05-04 09:21:00+05:30,24197.45,24201.35,24184.15,24184.15,0
2026-05-04 09:20:00+05:30,24178.9,24214.7,24178.9,24196.45,0
2026-05-04 09:19:00+05:30,24192.7,24194.55,24169.4,24177.05,0
2026-05-04 09:18:00+05:30,24158.15,24200.55,24158.15,24192.8,0
2026-05-04 09:17:00+05:30,24181.05,24196.05,24155.15,24156.15,0
2026-05-04 09:16:00+05:30,24182.5,24205.85,24162.4,24187.75,0
2026-05-04 09:15:00+05:30,24063.55,24245.85,24061.85,24182.45,0
2026-04-30 15:29:00+05:30,24042.3,24051.8,24035.45,24043.7,0
2026-04-30 15:28:00+05:30,24025.5,24042.8,24024.45,24041.1,0
2026-04-30 15:27:00+05:30,24022.3,24031.8,24018.15,24027.55,0
2026-04-30 15:26:00+05:30,24013.1,24022.7,24009.75,24022.1,0
2026-04-30 15:25:00+05:30,24011.15,24012.75,24005.15,24012.75,0
2026-04-30 15:24:00+05:30,24007.55,24010.05,24003.05,24010.0,0
2026-04-30 15:23:00+05:30,23990.55,24006.4,23987.45,24006.4,0
2026-04-30 15:22:00+05:30,24001.95,24001.95,23986.6,23988.3,0
2026-04-30 15:21:00+05:30,24002.3,24002.65,23999.3,24000.95,0
2026-04-30 15:20:00+05:30,24004.1,24004.1,23999.35,24002.45,0
2026-04-30 15:19:00+05:30,24004.3,24005.3,24001.7,24004.1,0
2026-04-30 15:18:00+05:30,24009.2,24009.2,23999.15,24004.2,0
2026-04-30 15:17:00+05:30,23990.6,24008.2,23987.8,24005.7,0
2026-04-30 15:16:00+05:30,23992.65,23992.85,23984.65,23988.05,0
2026-04-30 15:15:00+05:30,23992.1,23992.1,23985.85,23991.35,0
2026-04-30 15:14:00+05:30,23981.2,23991.3,23977.25,23991.3,0
2026-04-30 15:13:00+05:30,23975.25,23981.8,23971.6,23980.65,0
2026-04-30 15:12:00+05:30,23963.8,23975.65,23963.05,23973.95,0
2026-04-30 15:11:00+05:30,23972.2,23972.2,23962.95,23963.55,0
2026-04-30 15:10:00+05:30,23973.1,23973.15,23967.85,23971.45,0
2026-04-30 15:09:00+05:30,23975.95,23975.95,23966.15,23970.95,0
2026-04-30 15:08:00+05:30,23982.6,23982.6,23970.0,23975.15,0
2026-04-30 15:07:00+05:30,24002.1,24002.1,23979.6,23980.95,0
2026-04-30 15:06:00+05:30,23992.65,24003.2,23984.45,24000.7,0
2026-04-30 15:05:00+05:30,24001.9,24001.9,23986.15,23992.4,0
2026-04-30 15:04:00+05:30,24016.65,24017.2,23999.25,24001.65,0
2026-04-30 15:03:00+05:30,24006.55,24019.85,23996.45,24016.3,0
2026-04-30 15:02:00+05:30,24005.0,24009.35,23998.2,24005.65,0
2026-04-30 15:01:00+05:30,24034.0,24034.0,24003.8,24003.8,0
2026-04-30 15:00:00+05:30,24051.95,24051.95,24017.6,24032.95,0
2026-04-30 14:59:00+05:30,24039.0,24054.6,24038.5,24050.2,0
2026-04-30 14:58:00+05:30,24032.0,24039.0,24029.6,24036.65,0
2026-04-30 14:57:00+05:30,24030.65,24034.9,24025.55,24032.8,0
2026-04-30 14:56:00+05:30,24024.95,24034.1,24023.8,24030.2,0
2026-04-30 14:55:00+05:30,24024.6,24029.65,24021.8,24025.35,0
2026-04-30 14:54:00+05:30,24031.9,24034.2,24022.85,24024.8,0
2026-04-30 14:53:00+05:30,24025.35,24033.2,24019.85,24032.05,0
2026-04-30 14:52:00+05:30,24028.0,24032.0,24019.85,24025.05,0
2026-04-30 14:51:00+05:30,24016.9,24027.9,24013.0,24027.9,0
2026-04-30 14:50:00+05:30,24037.3,24040.1,24017.4,24017.55,0
2026-04-30 14:49:00+05:30,24056.75,24058.2,24036.75,24036.75,0
2026-04-30 14:48:00+05:30,24052.0,24057.05,24042.7,24055.35,0
2026-04-30 14:47:00+05:30,24062.5,24065.3,24050.7,24052.4,0
2026-04-30 14:46:00+05:30,24070.8,24071.95,24060.75,24063.1,0
2026-04-30 14:45:00+05:30,24074.75,24081.25,24064.75,24070.0,0
2026-04-30 14:44:00+05:30,24081.85,24086.1,24071.8,24075.1,0
2026-04-30 14:43:00+05:30,24076.8,24087.45,24076.8,24081.05,0
2026-04-30 14:42:00+05:30,24055.95,24075.6,24055.95,24075.6,0
2026-04-30 14:41:00+05:30,24061.25,24063.15,24054.35,24055.95,0
2026-04-30 14:40:00+05:30,24062.75,24064.75,24055.55,24061.5,0
2026-04-30 14:39:00+05:30,24048.05,24063.4,24045.6,24062.25,0
2026-04-30 14:38:00+05:30,24045.25,24050.35,24038.35,24048.65,0
2026-04-30 14:37:00+05:30,24046.1,24051.75,24042.2,24046.2,0
2026-04-30 14:36:00+05:30,24036.85,24048.3,24031.2,24047.25,0
2026-04-30 14:35:00+05:30,24034.25,24042.65,24034.1,24037.5,0
2026-04-30 14:34:00+05:30,24026.7,24035.9,24026.4,24034.6,0
2026-04-30 14:33:00+05:30,24014.85,24027.4,24009.3,24027.4,0
2026-04-30 14:32:00+05:30,24024.15,24025.85,24015.45,24016.2,0
2026-04-30 14:31:00+05:30,24005.45,24024.95,24004.8,24024.55,0
2026-04-30 14:30:00+05:30,24006.15,24012.1,24005.4,24006.2,0
2026-04-30 14:29:00+05:30,23999.05,24009.3,23991.0,24007.15,0
2026-04-30 14:28:00+05:30,23993.3,23998.2,23984.45,23998.2,0
2026-04-30 14:27:00+05:30,24005.4,24010.1,23988.0,23994.5,0
2026-04-30 14:26:00+05:30,24005.65,24009.45,24000.85,24005.25,0
2026-04-30 14:25:00+05:30,24011.85,24016.35,24005.6,24006.15,0
2026-04-30 14:24:00+05:30,24014.2,24018.85,24011.4,24011.9,0
2026-04-30 14:23:00+05:30,23992.3,24017.45,23991.05,24015.35,0
2026-04-30 14:22:00+05:30,23993.5,23994.75,23989.3,23993.45,0
2026-04-30 14:21:00+05:30,24003.5,24007.75,23990.55,23993.5,0
2026-04-30 14:20:00+05:30,23996.2,24006.0,23995.65,24004.3,0
2026-04-30 14:19:00+05:30,24004.9,24007.75,23995.3,23997.0,0
2026-04-30 14:18:00+05:30,24015.65,24015.65,23999.55,24005.8,0
2026-04-30 14:17:00+05:30,24028.05,24029.8,24013.25,24015.15,0
2026-04-30 14:16:00+05:30,24026.1,24032.8,24023.5,24028.2,0
2026-04-30 14:15:00+05:30,24021.5,24028.5,24021.5,24026.2,0
2026-04-30 14:14:00+05:30,24024.75,24026.8,24019.85,24022.85,0
2026-04-30 14:13:00+05:30,24033.3,24041.4,24023.55,24024.5,0
2026-04-30 14:12:00+05:30,24035.5,24039.0,24028.3,24033.15,0
2026-04-30 14:11:00+05:30,24039.45,24040.0,24026.75,24036.55,0
2026-04-30 14:10:00+05:30,24042.7,24047.7,24036.1,24040.75,0
2026-04-30 14:09:00+05:30,24022.4,24044.9,24018.55,24043.9,0
2026-04-30 14:08:00+05:30,24020.35,24023.55,24016.8,24022.6,0
2026-04-30 14:07:00+05:30,24023.8,24026.7,24019.7,24021.85,0
2026-04-30 14:06:00+05:30,24023.7,24026.2,24015.5,24024.75,0
2026-04-30 14:05:00+05:30,24037.85,24039.9,24024.4,24024.95,0
2026-04-30 14:04:00+05:30,24049.6,24049.65,24036.0,24038.2,0
2026-04-30 14:03:00+05:30,24042.15,24050.5,24041.05,24049.2,0
2026-04-30 14:02:00+05:30,24037.65,24044.3,24036.5,24043.1,0
2026-04-30 14:01:00+05:30,24045.1,24050.5,24037.55,24037.7,0
2026-04-30 14:00:00+05:30,24054.9,24057.6,24042.6,24046.3,0
2026-04-30 13:59:00+05:30,24058.45,24059.75,24053.5,24055.05,0
2026-04-30 13:58:00+05:30,24040.6,24061.1,24040.2,24059.15,0
2026-04-30 13:57:00+05:30,24046.25,24048.2,24040.55,24041.2,0
2026-04-30 13:56:00+05:30,24041.1,24047.7,24040.35,24047.05,0
2026-04-30 13:55:00+05:30,24033.6,24050.55,24033.6,24042.25,0
2026-04-30 13:54:00+05:30,24011.6,24033.95,24011.6,24033.95,0
2026-04-30 13:53:00+05:30,24019.55,24024.45,24013.45,24013.45,0
2026-04-30 13:52:00+05:30,24017.95,24028.5,24014.9,24020.95,0
2026-04-30 13:51:00+05:30,24030.25,24031.75,24017.9,24018.9,0
2026-04-30 13:50:00+05:30,24039.1,24040.6,24030.45,24031.25,0
2026-04-30 13:49:00+05:30,24032.6,24039.2,24032.45,24039.2,0
2026-04-30 13:48:00+05:30,24032.4,24035.25,24022.85,24033.3,0
2026-04-30 13:47:00+05:30,24028.55,24036.85,24027.9,24033.4,0
2026-04-30 13:46:00+05:30,24027.05,24035.75,24026.1,24028.9,0
2026-04-30 13:45:00+05:30,24029.05,24044.45,24025.8,24027.3,0
2026-04-30 13:44:00+05:30,24017.8,24031.7,24016.25,24029.8,0
2026-04-30 13:43:00+05:30,24009.55,24023.45,24009.05,24019.3,0
2026-04-30 13:42:00+05:30,24008.65,24013.3,24007.35,24010.85,0
2026-04-30 13:41:00+05:30,23993.95,24010.7,23993.6,24008.8,0
2026-04-30 13:40:00+05:30,23977.8,23992.65,23977.05,23989.7,0
2026-04-30 13:39:00+05:30,23988.95,23990.5,23977.6,23977.8,0
2026-04-30 13:38:00+05:30,23992.05,23993.2,23980.8,23988.6,0
2026-04-30 13:37:00+05:30,23996.4,23998.45,23988.1,23990.45,0
2026-04-30 13:36:00+05:30,23990.45,23996.5,23990.15,23996.15,0
2026-04-30 13:35:00+05:30,23975.4,23993.4,23974.05,23990.15,0
2026-04-30 13:34:00+05:30,23976.75,23981.75,23973.85,23973.85,0
2026-04-30 13:33:00+05:30,23964.55,23977.75,23964.1,23977.75,0
2026-04-30 13:32:00+05:30,23967.15,23968.35,23962.6,23965.55,0
2026-04-30 13:31:00+05:30,23972.85,23974.8,23966.7,23966.95,0
2026-04-30 13:30:00+05:30,23970.55,23975.75,23969.6,23973.05,0
2026-04-30 13:29:00+05:30,23970.75,23974.9,23966.35,23971.15,0
2026-04-30 13:28:00+05:30,23973.35,23980.95,23970.15,23970.15,0
2026-04-30 13:27:00+05:30,23971.65,23982.45,23971.65,23974.5,0
2026-04-30 13:26:00+05:30,23960.85,23973.55,23959.9,23971.7,0
2026-04-30 13:25:00+05:30,23967.5,23968.95,23955.45,23961.0,0
2026-04-30 13:24:00+05:30,23970.35,23978.15,23967.15,23968.0,0
2026-04-30 13:23:00+05:30,23957.65,23972.25,23955.95,23969.65,0
2026-04-30 13:22:00+05:30,23960.3,23963.55,23957.8,23958.65,0
2026-04-30 13:21:00+05:30,23951.6,23962.55,23951.6,23961.35,0
2026-04-30 13:20:00+05:30,23938.95,23950.65,23938.75,23950.6,0
2026-04-30 13:19:00+05:30,23945.9,23947.15,23938.35,23940.1,0
2026-04-30 13:18:00+05:30,23941.25,23947.55,23941.15,23946.8,0
2026-04-30 13:17:00+05:30,23941.65,23946.0,23940.45,23942.05,0
2026-04-30 13:16:00+05:30,23951.1,23952.95,23941.9,23943.55,0
2026-04-30 13:15:00+05:30,23948.85,23953.7,23947.3,23951.15,0
2026-04-30 13:14:00+05:30,23950.75,23956.3,23948.95,23950.15,0
2026-04-30 13:13:00+05:30,23951.75,23954.8,23949.2,23949.9,0
2026-04-30 13:12:00+05:30,23947.55,23952.2,23944.95,23951.3,0
2026-04-30 13:11:00+05:30,23936.65,23953.5,23934.85,23948.25,0
2026-04-30 13:10:00+05:30,23940.3,23941.7,23933.85,23937.45,0
2026-04-30 13:09:00+05:30,23936.3,23941.35,23935.9,23940.45,0
2026-04-30 13:08:00+05:30,23921.0,23937.8,23921.0,23936.6,0
2026-04-30 13:07:00+05:30,23919.0,23922.2,23914.8,23922.0,0
2026-04-30 13:06:00+05:30,23911.15,23924.95,23908.05,23918.55,0
2026-04-30 13:05:00+05:30,23926.65,23928.2,23912.55,23913.0,0
2026-04-30 13:04:00+05:30,23930.5,23932.35,23927.55,23927.75,0
2026-04-30 13:03:00+05:30,23929.6,23932.05,23926.15,23931.5,0
2026-04-30 13:02:00+05:30,23938.5,23939.3,23928.5,23930.2,0
2026-04-30 13:01:00+05:30,23939.85,23943.6,23936.75,23939.45,0
2026-04-30 13:00:00+05:30,23935.75,23942.35,23935.4,23939.85,0
2026-04-30 12:59:00+05:30,23934.4,23939.15,23933.8,23936.85,0
2026-04-30 12:58:00+05:30,23938.9,23941.0,23933.85,23934.4,0
2026-04-30 12:57:00+05:30,23928.05,23943.45,23928.05,23939.95,0
2026-04-30 12:56:00+05:30,23927.65,23930.85,23926.65,23929.05,0
2026-04-30 12:55:00+05:30,23931.05,23935.4,23926.95,23927.95,0
2026-04-30 12:54:00+05:30,23922.3,23932.1,23922.3,23932.1,0
2026-04-30 12:53:00+05:30,23921.2,23923.1,23917.15,23921.95,0
2026-04-30 12:52:00+05:30,23921.0,23926.1,23919.75,23922.65,0
2026-04-30 12:51:00+05:30,23926.2,23926.9,23920.6,23921.9,0
2026-04-30 12:50:00+05:30,23925.85,23928.75,23924.35,23927.45,0
2026-04-30 12:49:00+05:30,23921.1,23928.9,23920.2,23926.8,0
2026-04-30 12:48:00+05:30,23919.85,23924.6,23919.1,23921.35,0
2026-04-30 12:47:00+05:30,23929.5,23934.15,23918.5,23921.75,0
2026-04-30 12:46:00+05:30,23913.55,23929.05,23912.6,23929.05,0
2026-04-30 12:45:00+05:30,23912.65,23916.7,23912.55,23913.55,0
2026-04-30 12:44:00+05:30,23907.85,23913.35,23905.8,23912.95,0
2026-04-30 12:43:00+05:30,23912.75,23912.85,23907.05,23908.65,0
2026-04-30 12:42:00+05:30,23903.65,23916.35,23901.6,23913.1,0
2026-04-30 12:41:00+05:30,23901.25,23911.05,23901.25,23905.8,0
2026-04-30 12:40:00+05:30,23903.65,23908.1,23901.35,23901.8,0
2026-04-30 12:39:00+05:30,23903.25,23906.75,23901.65,23904.95,0
2026-04-30 12:38:00+05:30,23893.55,23903.65,23893.55,23903.2,0
2026-04-30 12:37:00+05:30,23903.2,23904.0,23892.25,23894.9,0
2026-04-30 12:36:00+05:30,23905.5,23909.55,23900.9,23903.7,0
2026-04-30 12:35:00+05:30,23914.6,23918.35,23905.95,23906.25,0
2026-04-30 12:34:00+05:30,23908.55,23916.85,23905.55,23915.05,0
2026-04-30 12:33:00+05:30,23899.3,23911.35,23898.75,23909.05,0
2026-04-30 12:32:00+05:30,23904.45,23905.9,23894.0,23899.8,0
2026-04-30 12:31:00+05:30,23912.25,23913.65,23902.4,23905.65,0
2026-04-30 12:30:00+05:30,23912.0,23918.2,23910.4,23912.15,0
2026-04-30 12:29:00+05:30,23904.5,23912.95,23902.0,23911.45,0
2026-04-30 12:28:00+05:30,23908.15,23911.2,23904.1,23905.85,0
2026-04-30 12:27:00+05:30,23904.4,23911.75,23904.2,23908.25,0
2026-04-30 12:26:00+05:30,23913.8,23919.6,23903.8,23904.05,0
2026-04-30 12:25:00+05:30,23910.8,23914.7,23908.8,23914.2,0
2026-04-30 12:24:00+05:30,23899.8,23914.5,23898.55,23911.6,0
2026-04-30 12:23:00+05:30,23898.85,23910.65,23898.1,23900.2,0
2026-04-30 12:22:00+05:30,23896.95,23903.1,23892.25,23898.75,0
2026-04-30 12:21:00+05:30,23879.8,23898.95,23873.3,23897.0,0
2026-04-30 12:20:00+05:30,23881.05,23883.05,23877.65,23880.2,0
2026-04-30 12:19:00+05:30,23892.0,23894.7,23882.15,23882.15,0
2026-04-30 12:18:00+05:30,23889.05,23892.9,23888.05,23892.75,0
2026-04-30 12:17:00+05:30,23893.4,23894.6,23888.3,23889.0,0
2026-04-30 12:16:00+05:30,23894.95,23896.45,23888.75,23894.65,0
2026-04-30 12:15:00+05:30,23899.05,23905.75,23887.5,23895.0,0
2026-04-30 12:14:00+05:30,23874.6,23899.75,23873.05,23899.75,0
2026-04-30 12:13:00+05:30,23863.35,23878.2,23861.45,23874.8,0
2026-04-30 12:12:00+05:30,23868.65,23872.7,23862.1,23862.1,0
2026-04-30 12:11:00+05:30,23871.75,23873.8,23868.1,23869.85,0
2026-04-30 12:10:00+05:30,23868.45,23874.25,23863.55,23870.4,0
2026-04-30 12:09:00+05:30,23852.3,23877.95,23851.85,23868.3,0
2026-04-30 12:08:00+05:30,23856.7,23856.7,23848.0,23852.0,0
2026-04-30 12:07:00+05:30,23858.0,23861.85,23856.3,23856.65,0
2026-04-30 12:06:00+05:30,23845.5,23860.05,23844.5,23858.95,0
2026-04-30 12:05:00+05:30,23842.45,23848.55,23841.2,23846.0,0
2026-04-30 12:04:00+05:30,23840.8,23848.1,23837.7,23843.5,0
2026-04-30 12:03:00+05:30,23837.15,23842.3,23835.7,23841.1,0
2026-04-30 12:02:00+05:30,23830.35,23840.45,23830.35,23836.9,0
2026-04-30 12:01:00+05:30,23837.95,23840.8,23830.85,23830.85,0
2026-04-30 12:00:00+05:30,23842.45,23846.65,23837.55,23837.55,0
2026-04-30 11:59:00+05:30,23842.15,23848.7,23841.3,23842.55,0
2026-04-30 11:58:00+05:30,23839.2,23844.1,23835.9,23842.65,0
2026-04-30 11:57:00+05:30,23837.0,23841.3,23831.9,23839.2,0
2026-04-30 11:56:00+05:30,23836.4,23846.4,23836.3,23837.0,0
2026-04-30 11:55:00+05:30,23834.6,23837.8,23831.4,23836.2,0
2026-04-30 11:54:00+05:30,23830.95,23836.1,23826.55,23834.45,0
2026-04-30 11:53:00+05:30,23827.1,23832.95,23826.3,23831.9,0
2026-04-30 11:52:00+05:30,23840.95,23843.2,23827.25,23827.25,0
2026-04-30 11:51:00+05:30,23843.1,23845.7,23836.6,23840.5,0
2026-04-30 11:50:00+05:30,23846.0,23848.95,23841.75,23843.0,0
2026-04-30 11:49:00+05:30,23840.4,23848.55,23838.7,23846.8,0
2026-04-30 11:48:00+05:30,23838.75,23842.45,23835.9,23840.75,0
2026-04-30 11:47:00+05:30,23842.0,23842.1,23837.55,23840.7,0
2026-04-30 11:46:00+05:30,23834.3,23844.05,23834.3,23841.65,0
2026-04-30 11:45:00+05:30,23835.05,23837.45,23833.3,23835.15,0
2026-04-30 11:44:00+05:30,23838.4,23846.4,23835.4,23835.65,0
2026-04-30 11:43:00+05:30,23843.2,23849.25,23837.2,23837.2,0
2026-04-30 11:42:00+05:30,23840.75,23844.9,23834.55,23844.0,0
2026-04-30 11:41:00+05:30,23838.3,23842.55,23836.45,23841.65,0
2026-04-30 11:40:00+05:30,23846.5,23846.85,23835.7,23838.4,0
2026-04-30 11:39:00+05:30,23833.4,23847.0,23832.85,23846.4,0
2026-04-30 11:38:00+05:30,23843.45,23843.7,23833.5,23834.1,0
2026-04-30 11:37:00+05:30,23851.0,23852.75,23844.75,23844.75,0
2026-04-30 11:36:00+05:30,23846.95,23853.15,23846.95,23851.6,0
2026-04-30 11:35:00+05:30,23838.45,23847.6,23837.8,23847.45,0
2026-04-30 11:34:00+05:30,23836.25,23839.8,23832.4,23838.05,0
2026-04-30 11:33:00+05:30,23822.6,23837.85,23821.75,23836.5,0
2026-04-30 11:32:00+05:30,23830.8,23833.35,23821.7,23823.1,0
2026-04-30 11:31:00+05:30,23827.65,23832.5,23826.1,23831.2,0
2026-04-30 11:30:00+05:30,23831.1,23834.1,23827.35,23827.75,0
2026-04-30 11:29:00+05:30,23816.1,23835.15,23815.7,23831.65,0
2026-04-30 11:28:00+05:30,23819.1,23819.1,23812.9,23816.4,0
2026-04-30 11:27:00+05:30,23817.9,23820.85,23814.1,23819.45,0
2026-04-30 11:26:00+05:30,23812.7,23817.95,23812.6,23817.75,0
2026-04-30 11:25:00+05:30,23807.7,23814.3,23806.4,23812.75,0
2026-04-30 11:24:00+05:30,23803.35,23809.2,23802.05,23807.7,0
2026-04-30 11:23:00+05:30,23804.65,23811.75,23802.35,23804.1,0
2026-04-30 11:22:00+05:30,23807.15,23807.4,23803.8,23805.0,0
2026-04-30 11:21:00+05:30,23800.55,23810.15,23800.15,23807.6,0
2026-04-30 11:20:00+05:30,23807.2,23810.1,23800.1,23800.9,0
2026-04-30 11:19:00+05:30,23810.45,23812.1,23808.65,23808.65,0
2026-04-30 11:18:00+05:30,23810.55,23815.1,23807.3,23810.75,0
2026-04-30 11:17:00+05:30,23815.9,23819.85,23810.6,23811.5,0
2026-04-30 11:16:00+05:30,23805.0,23815.8,23805.0,23815.8,0
2026-04-30 11:15:00+05:30,23800.9,23805.1,23796.85,23804.6,0
2026-04-30 11:14:00+05:30,23808.3,23808.3,23798.5,23799.9,0
2026-04-30 11:13:00+05:30,23812.2,23813.85,23805.35,23808.4,0
2026-04-30 11:12:00+05:30,23814.45,23815.05,23810.6,23813.1,0
2026-04-30 11:11:00+05:30,23820.8,23820.8,23814.5,23815.45,0
2026-04-30 11:10:00+05:30,23826.2,23827.75,23819.15,23821.15,0
2026-04-30 11:09:00+05:30,23815.9,23826.2,23810.15,23826.2,0
2026-04-30 11:08:00+05:30,23826.85,23827.15,23815.35,23815.35,0
2026-04-30 11:07:00+05:30,23827.75,23833.1,23826.5,23826.5,0
2026-04-30 11:06:00+05:30,23819.25,23829.05,23819.2,23828.3,0
2026-04-30 11:05:00+05:30,23814.95,23821.45,23813.1,23818.7,0
2026-04-30 11:04:00+05:30,23818.45,23818.85,23810.3,23815.2,0
2026-04-30 11:03:00+05:30,23824.25,23825.0,23818.15,23818.9,0
2026-04-30 11:02:00+05:30,23822.55,23825.9,23821.5,23824.25,0
2026-04-30 11:01:00+05:30,23822.35,23824.65,23817.9,23822.75,0
2026-04-30 11:00:00+05:30,23816.4,23821.85,23813.5,23821.85,0
2026-04-30 10:59:00+05:30,23816.95,23820.2,23813.8,23815.85,0
2026-04-30 10:58:00+05:30,23811.75,23820.45,23811.2,23816.5,0
2026-04-30 10:57:00+05:30,23800.8,23814.5,23799.05,23812.2,0
2026-04-30 10:56:00+05:30,23804.55,23807.2,23799.8,23800.85,0
2026-04-30 10:55:00+05:30,23811.25,23812.45,23803.0,23804.8,0
2026-04-30 10:54:00+05:30,23816.4,23816.65,23807.75,23811.7,0
2026-04-30 10:53:00+05:30,23808.0,23817.5,23807.05,23817.35,0
2026-04-30 10:52:00+05:30,23823.1,23824.35,23807.8,23808.85,0
2026-04-30 10:51:00+05:30,23812.75,23824.7,23811.7,23823.55,0
2026-04-30 10:50:00+05:30,23819.1,23819.1,23810.2,23813.55,0
2026-04-30 10:49:00+05:30,23820.4,23823.1,23817.7,23818.6,0
2026-04-30 10:48:00+05:30,23821.4,23825.65,23819.8,23820.95,0
2026-04-30 10:47:00+05:30,23822.1,23825.6,23819.2,23820.6,0
2026-04-30 10:46:00+05:30,23821.75,23827.2,23817.5,23821.5,0
2026-04-30 10:45:00+05:30,23842.5,23844.3,23820.65,23821.75,0
2026-04-30 10:44:00+05:30,23836.75,23846.25,23836.0,23843.7,0
2026-04-30 10:43:00+05:30,23833.85,23838.75,23827.55,23837.7,0
2026-04-30 10:42:00+05:30,23840.85,23842.6,23833.9,23833.9,0
2026-04-30 10:41:00+05:30,23849.3,23852.4,23838.45,23841.95,0
2026-04-30 10:40:00+05:30,23851.85,23857.3,23848.1,23850.6,0
2026-04-30 10:39:00+05:30,23844.45,23854.9,23843.95,23851.75,0
2026-04-30 10:38:00+05:30,23844.75,23851.6,23843.3,23844.75,0
2026-04-30 10:37:00+05:30,23842.9,23846.3,23830.8,23844.4,0
2026-04-30 10:36:00+05:30,23841.65,23846.8,23838.0,23843.15,0
2026-04-30 10:35:00+05:30,23835.5,23844.75,23829.85,23843.4,0
2026-04-30 10:34:00+05:30,23831.75,23836.65,23821.35,23834.95,0
2026-04-30 10:33:00+05:30,23830.0,23838.65,23827.9,23832.85,0
2026-04-30 10:32:00+05:30,23836.7,23837.45,23829.3,23829.9,0
2026-04-30 10:31:00+05:30,23834.1,23838.95,23831.55,23836.65,0
2026-04-30 10:30:00+05:30,23827.1,23834.35,23824.7,23834.35,0
2026-04-30 10:29:00+05:30,23826.0,23830.75,23821.85,23827.6,0
2026-04-30 10:28:00+05:30,23830.85,23831.65,23823.75,23826.0,0
2026-04-30 10:27:00+05:30,23817.75,23831.2,23816.2,23831.05,0
2026-04-30 10:26:00+05:30,23819.6,23823.3,23815.6,23816.55,0
2026-04-30 10:25:00+05:30,23821.35,23826.1,23814.65,23819.7,0
2026-04-30 10:24:00+05:30,23824.75,23824.75,23811.6,23821.05,0
2026-04-30 10:23:00+05:30,23833.5,23835.9,23823.8,23824.15,0
2026-04-30 10:22:00+05:30,23841.9,23845.75,23829.95,23833.9,0
2026-04-30 10:21:00+05:30,23833.75,23845.05,23833.6,23841.9,0
2026-04-30 10:20:00+05:30,23837.95,23841.4,23828.1,23834.25,0
2026-04-30 10:19:00+05:30,23820.55,23841.8,23820.55,23838.45,0
2026-04-30 10:18:00+05:30,23809.2,23820.1,23807.4,23820.1,0
2026-04-30 10:17:00+05:30,23826.55,23826.55,23800.65,23810.05,0
2026-04-30 10:16:00+05:30,23830.3,23835.8,23826.3,23826.35,0
2026-04-30 10:15:00+05:30,23828.7,23833.65,23823.6,23831.35,0
2026-04-30 10:14:00+05:30,23830.4,23833.15,23824.9,23828.6,0
2026-04-30 10:13:00+05:30,23829.5,23834.1,23827.25,23829.85,0
2026-04-30 10:12:00+05:30,23834.05,23836.85,23824.1,23830.4,0
2026-04-30 10:11:00+05:30,23838.85,23841.2,23831.05,23834.4,0
2026-04-30 10:10:00+05:30,23841.45,23843.15,23834.9,23839.05,0
2026-04-30 10:09:00+05:30,23849.05,23849.05,23832.15,23842.15,0
2026-04-30 10:08:00+05:30,23856.4,23856.4,23844.8,23848.65,0
2026-04-30 10:07:00+05:30,23862.95,23865.65,23855.4,23856.35,0
2026-04-30 10:06:00+05:30,23858.55,23861.1,23853.55,23860.65,0
2026-04-30 10:05:00+05:30,23848.75,23860.6,23841.55,23858.4,0
2026-04-30 10:04:00+05:30,23857.9,23859.05,23847.6,23849.6,0
2026-04-30 10:03:00+05:30,23858.05,23861.2,23850.75,23858.9,0
2026-04-30 10:02:00+05:30,23861.0,23864.9,23857.4,23858.05,0
2026-04-30 10:01:00+05:30,23864.7,23864.7,23853.35,23861.4,0
2026-04-30 10:00:00+05:30,23880.0,23880.0,23857.5,23862.85,0
2026-04-30 09:59:00+05:30,23882.0,23884.2,23875.35,23880.2,0
2026-04-30 09:58:00+05:30,23887.5,23887.5,23879.8,23881.95,0
2026-04-30 09:57:00+05:30,23892.4,23893.6,23884.2,23886.8,0
2026-04-30 09:56:00+05:30,23902.15,23906.6,23892.2,23892.2,0
2026-04-30 09:55:00+05:30,23903.9,23907.7,23899.4,23902.55,0
2026-04-30 09:54:00+05:30,23914.25,23919.5,23904.3,23905.15,0
2026-04-30 09:53:00+05:30,23911.95,23921.6,23910.15,23914.15,0
2026-04-30 09:52:00+05:30,23916.55,23924.4,23910.95,23911.75,0
2026-04-30 09:51:00+05:30,23913.4,23916.9,23901.8,23915.25,0
2026-04-30 09:50:00+05:30,23920.25,23923.15,23907.4,23913.35,0
2026-04-30 09:49:00+05:30,23923.1,23923.5,23917.0,23920.55,0
2026-04-30 09:48:00+05:30,23932.05,23932.05,23918.3,23923.9,0
2026-04-30 09:47:00+05:30,23950.35,23951.25,23932.15,23932.8,0
2026-04-30 09:46:00+05:30,23941.05,23956.45,23939.55,23950.05,0
2026-04-30 09:45:00+05:30,23938.3,23945.15,23936.15,23941.0,0
2026-04-30 09:44:00+05:30,23933.9,23938.75,23928.7,23937.8,0
2026-04-30 09:43:00+05:30,23933.85,23939.6,23931.35,23935.0,0
2026-04-30 09:42:00+05:30,23919.3,23934.9,23917.35,23934.9,0
2026-04-30 09:41:00+05:30,23901.55,23919.05,23901.35,23919.05,0
2026-04-30 09:40:00+05:30,23908.5,23908.5,23891.6,23901.7,0
2026-04-30 09:39:00+05:30,23914.75,23918.55,23907.15,23908.95,0
2026-04-30 09:38:00+05:30,23901.95,23918.75,23899.8,23913.75,0
2026-04-30 09:37:00+05:30,23911.65,23913.45,23900.8,23902.5,0
2026-04-30 09:36:00+05:30,23912.6,23914.7,23896.25,23911.95,0
2026-04-30 09:35:00+05:30,23917.55,23923.8,23907.95,23912.9,0
2026-04-30 09:34:00+05:30,23908.2,23919.1,23900.9,23918.75,0
2026-04-30 09:33:00+05:30,23907.7,23910.05,23893.75,23908.6,0
2026-04-30 09:32:00+05:30,23884.45,23912.8,23884.45,23909.9,0
2026-04-30 09:31:00+05:30,23872.05,23885.15,23871.4,23883.8,0
2026-04-30 09:30:00+05:30,23874.1,23877.6,23864.55,23872.5,0
2026-04-30 09:29:00+05:30,23886.25,23886.25,23872.75,23876.95,0
2026-04-30 09:28:00+05:30,23886.25,23896.05,23881.85,23885.7,0
2026-04-30 09:27:00+05:30,23901.15,23902.0,23878.95,23887.6,0
2026-04-30 09:26:00+05:30,23896.95,23903.0,23891.2,23901.7,0
2026-04-30 09:25:00+05:30,23900.15,23904.7,23892.85,23897.3,0
2026-04-30 09:24:00+05:30,23895.25,23908.8,23890.45,23900.8,0
2026-04-30 09:23:00+05:30,23896.65,23913.95,23893.4,23893.85,0
2026-04-30 09:22:00+05:30,23899.1,23899.75,23882.7,23894.75,0
2026-04-30 09:21:00+05:30,23920.65,23922.9,23897.45,23900.8,0
2026-04-30 09:20:00+05:30,23945.8,23951.25,23918.05,23921.45,0
2026-04-30 09:19:00+05:30,23962.15,23965.3,23940.95,23945.25,0
2026-04-30 09:18:00+05:30,23965.6,23973.05,23958.15,23962.45,0
2026-04-30 09:17:00+05:30,23948.7,23967.35,23947.65,23966.25,0
2026-04-30 09:16:00+05:30,23980.15,23980.15,23951.2,23951.2,0
2026-04-30 09:15:00+05:30,23996.95,24019.15,23943.45,23976.3,0
2026-04-29 15:29:00+05:30,24159.7,24169.45,24157.4,24163.6,0
2026-04-29 15:28:00+05:30,24156.45,24161.9,24151.6,24161.15,0
2026-04-29 15:27:00+05:30,24149.2,24157.9,24148.95,24155.95,0
2026-04-29 15:26:00+05:30,24155.15,24155.15,24142.95,24147.45,0
2026-04-29 15:25:00+05:30,24157.65,24165.5,24155.5,24157.2,0
2026-04-29 15:24:00+05:30,24160.7,24162.75,24155.95,24160.8,0
2026-04-29 15:23:00+05:30,24160.9,24164.15,24156.05,24164.15,0
2026-04-29 15:22:00+05:30,24160.8,24164.45,24158.95,24162.4,0
2026-04-29 15:21:00+05:30,24154.7,24163.05,24154.7,24161.7,0
2026-04-29 15:20:00+05:30,24157.3,24159.2,24152.2,24156.1,0
2026-04-29 15:19:00+05:30,24157.4,24161.1,24156.8,24158.1,0
2026-04-29 15:18:00+05:30,24157.8,24160.6,24155.7,24158.7,0
2026-04-29 15:17:00+05:30,24160.35,24164.05,24158.45,24159.85,0
2026-04-29 15:16:00+05:30,24164.15,24165.6,24158.45,24160.55,0
2026-04-29 15:15:00+05:30,24170.0,24171.4,24163.9,24166.55,0
2026-04-29 15:14:00+05:30,24173.55,24175.45,24168.65,24170.15,0
2026-04-29 15:13:00+05:30,24178.55,24178.8,24172.25,24172.7,0
2026-04-29 15:12:00+05:30,24181.55,24181.65,24176.05,24178.7,0
2026-04-29 15:11:00+05:30,24183.3,24183.3,24177.15,24180.1,0
2026-04-29 15:10:00+05:30,24193.0,24193.0,24180.5,24182.9,0
2026-04-29 15:09:00+05:30,24198.4,24199.55,24190.6,24192.45,0
2026-04-29 15:08:00+05:30,24193.5,24198.75,24188.8,24198.75,0
2026-04-29 15:07:00+05:30,24194.6,24196.2,24192.2,24194.3,0
2026-04-29 15:06:00+05:30,24191.25,24195.95,24186.75,24194.7,0
2026-04-29 15:05:00+05:30,24189.7,24193.55,24187.25,24191.5,0
2026-04-29 15:04:00+05:30,24195.05,24195.05,24186.95,24189.5,0
2026-04-29 15:03:00+05:30,24205.25,24208.2,24194.5,24194.5,0
2026-04-29 15:02:00+05:30,24203.45,24209.8,24202.25,24205.4,0
2026-04-29 15:01:00+05:30,24195.5,24205.5,24192.0,24203.05,0
2026-04-29 15:00:00+05:30,24187.35,24199.25,24184.3,24195.25,0
2026-04-29 14:59:00+05:30,24195.45,24196.65,24183.9,24185.45,0
2026-04-29 14:58:00+05:30,24202.2,24202.2,24193.45,24194.05,0
2026-04-29 14:57:00+05:30,24204.1,24204.1,24197.95,24200.4,0
2026-04-29 14:56:00+05:30,24201.7,24204.0,24197.85,24202.25,0
2026-04-29 14:55:00+05:30,24208.15,24208.35,24199.9,24200.35,0
2026-04-29 14:54:00+05:30,24208.3,24210.25,24204.7,24206.1,0
2026-04-29 14:53:00+05:30,24211.4,24211.4,24204.8,24207.25,0
2026-04-29 14:52:00+05:30,24204.8,24211.55,24200.1,24210.15,0
2026-04-29 14:51:00+05:30,24202.65,24204.65,24198.95,24202.05,0
2026-04-29 14:50:00+05:30,24208.0,24208.0,24197.0,24200.2,0
2026-04-29 14:49:00+05:30,24210.05,24210.05,24202.5,24206.0,0
2026-04-29 14:48:00+05:30,24204.5,24209.05,24200.75,24208.35,0
2026-04-29 14:47:00+05:30,24204.9,24207.9,24201.15,24202.75,0
2026-04-29 14:46:00+05:30,24224.1,24224.1,24200.95,24202.8,0
2026-04-29 14:45:00+05:30,24230.7,24230.7,24221.55,24222.95,0
2026-04-29 14:44:00+05:30,24219.7,24229.25,24217.1,24229.15,0
2026-04-29 14:43:00+05:30,24225.4,24225.4,24216.35,24217.65,0
2026-04-29 14:42:00+05:30,24218.3,24224.0,24214.85,24223.45,0
2026-04-29 14:41:00+05:30,24212.35,24218.2,24209.85,24215.6,0
2026-04-29 14:40:00+05:30,24206.4,24212.2,24204.35,24210.4,0
2026-04-29 14:39:00+05:30,24202.35,24206.45,24198.6,24205.05,0
2026-04-29 14:38:00+05:30,24201.3,24202.1,24197.6,24201.1,0
2026-04-29 14:37:00+05:30,24205.4,24205.4,24195.4,24199.3,0
2026-04-29 14:36:00+05:30,24197.45,24205.85,24193.1,24204.05,0
2026-04-29 14:35:00+05:30,24209.25,24209.25,24193.55,24194.7,0
2026-04-29 14:34:00+05:30,24206.7,24208.4,24201.6,24207.75,0
2026-04-29 14:33:00+05:30,24209.6,24210.65,24202.65,24205.1,0
2026-04-29 14:32:00+05:30,24202.6,24211.25,24201.55,24207.25,0
2026-04-29 14:31:00+05:30,24189.2,24201.6,24189.2,24201.55,0
2026-04-29 14:30:00+05:30,24188.45,24188.45,24182.1,24187.5,0
2026-04-29 14:29:00+05:30,24199.0,24200.9,24185.95,24186.7,0
2026-04-29 14:28:00+05:30,24196.1,24198.3,24192.7,24198.2,0
2026-04-29 14:27:00+05:30,24203.4,24203.4,24191.8,24193.9,0
2026-04-29 14:26:00+05:30,24209.05,24209.6,24201.2,24201.55,0
2026-04-29 14:25:00+05:30,24216.35,24216.35,24200.05,24207.3,0
2026-04-29 14:24:00+05:30,24212.6,24217.5,24210.35,24214.45,0
2026-04-29 14:23:00+05:30,24192.3,24215.15,24188.2,24210.15,0
2026-04-29 14:22:00+05:30,24190.2,24197.15,24188.55,24191.15,0
2026-04-29 14:21:00+05:30,24194.0,24194.8,24184.95,24187.8,0
2026-04-29 14:20:00+05:30,24190.65,24194.4,24188.25,24192.55,0
2026-04-29 14:19:00+05:30,24197.35,24197.35,24189.3,24189.3,0
2026-04-29 14:18:00+05:30,24201.65,24205.6,24194.95,24195.15,0
2026-04-29 14:17:00+05:30,24209.3,24209.4,24197.5,24200.65,0
2026-04-29 14:16:00+05:30,24210.75,24212.15,24207.65,24207.65,0
2026-04-29 14:15:00+05:30,24215.6,24215.6,24206.1,24209.35,0
2026-04-29 14:14:00+05:30,24202.35,24217.35,24200.7,24214.6,0
2026-04-29 14:13:00+05:30,24209.25,24209.25,24197.45,24202.45,0
2026-04-29 14:12:00+05:30,24215.2,24215.2,24205.9,24207.5,0
2026-04-29 14:11:00+05:30,24209.35,24214.1,24207.75,24212.7,0
2026-04-29 14:10:00+05:30,24208.45,24210.9,24204.6,24207.6,0
2026-04-29 14:09:00+05:30,24215.9,24215.9,24205.35,24207.2,0
2026-04-29 14:08:00+05:30,24220.65,24221.45,24212.55,24214.1,0
2026-04-29 14:07:00+05:30,24220.5,24225.25,24215.4,24218.1,0
2026-04-29 14:06:00+05:30,24207.2,24219.25,24204.35,24219.25,0
2026-04-29 14:05:00+05:30,24205.5,24216.2,24200.85,24204.1,0
2026-04-29 14:04:00+05:30,24214.45,24214.45,24200.75,24202.45,0
2026-04-29 14:03:00+05:30,24247.6,24248.0,24215.15,24215.15,0
2026-04-29 14:02:00+05:30,24255.8,24255.8,24245.2,24246.9,0
2026-04-29 14:01:00+05:30,24255.05,24259.85,24253.15,24254.35,0
2026-04-29 14:00:00+05:30,24256.2,24257.3,24246.65,24253.15,0
2026-04-29 13:59:00+05:30,24268.15,24268.15,24254.95,24254.95,0
2026-04-29 13:58:00+05:30,24262.65,24267.6,24261.3,24267.25,0
2026-04-29 13:57:00+05:30,24273.7,24274.65,24261.4,24261.7,0
2026-04-29 13:56:00+05:30,24278.25,24279.7,24270.4,24271.5,0
2026-04-29 13:55:00+05:30,24271.4,24280.0,24270.05,24278.2,0
2026-04-29 13:54:00+05:30,24279.35,24279.35,24268.9,24269.85,0
2026-04-29 13:53:00+05:30,24278.55,24283.3,24276.7,24278.1,0
2026-04-29 13:52:00+05:30,24270.35,24278.75,24268.95,24277.2,0
2026-04-29 13:51:00+05:30,24272.05,24272.05,24263.15,24268.7,0
2026-04-29 13:50:00+05:30,24268.75,24272.3,24266.5,24271.3,0
2026-04-29 13:49:00+05:30,24262.0,24269.1,24259.85,24266.05,0
2026-04-29 13:48:00+05:30,24266.05,24266.05,24255.6,24260.55,0
2026-04-29 13:47:00+05:30,24268.65,24272.25,24263.2,24264.05,0
2026-04-29 13:46:00+05:30,24266.95,24268.85,24262.15,24267.55,0
2026-04-29 13:45:00+05:30,24273.65,24273.9,24266.0,24266.25,0
2026-04-29 13:44:00+05:30,24276.45,24280.3,24270.7,24272.55,0
2026-04-29 13:43:00+05:30,24279.7,24280.75,24274.15,24275.4,0
2026-04-29 13:42:00+05:30,24277.45,24282.1,24267.5,24277.75,0
2026-04-29 13:41:00+05:30,24279.7,24279.7,24273.2,24275.6,0
2026-04-29 13:40:00+05:30,24286.3,24286.3,24275.3,24277.1,0
2026-04-29 13:39:00+05:30,24289.25,24290.85,24281.95,24285.0,0
2026-04-29 13:38:00+05:30,24298.4,24299.1,24285.05,24287.1,0
2026-04-29 13:37:00+05:30,24303.1,24303.1,24296.95,24297.85,0
2026-04-29 13:36:00+05:30,24310.25,24310.25,24296.7,24301.65,0
2026-04-29 13:35:00+05:30,24314.35,24316.75,24306.95,24308.85,0
2026-04-29 13:34:00+05:30,24316.4,24316.4,24310.65,24313.1,0
2026-04-29 13:33:00+05:30,24312.7,24316.05,24310.85,24315.0,0
2026-04-29 13:32:00+05:30,24315.45,24317.0,24309.35,24311.1,0
2026-04-29 13:31:00+05:30,24313.05,24315.1,24310.55,24313.6,0
2026-04-29 13:30:00+05:30,24307.25,24312.95,24305.75,24311.3,0
2026-04-29 13:29:00+05:30,24310.65,24310.7,24304.6,24305.2,0
2026-04-29 13:28:00+05:30,24311.25,24312.7,24308.2,24309.65,0
2026-04-29 13:27:00+05:30,24316.55,24316.55,24308.55,24310.4,0
2026-04-29 13:26:00+05:30,24313.25,24320.45,24310.2,24316.85,0
2026-04-29 13:25:00+05:30,24311.5,24313.4,24309.8,24312.2,0
2026-04-29 13:24:00+05:30,24315.5,24315.5,24306.25,24310.2,0
2026-04-29 13:23:00+05:30,24314.45,24315.1,24312.05,24314.15,0
2026-04-29 13:22:00+05:30,24315.85,24315.95,24310.85,24312.6,0
2026-04-29 13:21:00+05:30,24320.7,24323.4,24312.9,24314.15,0
2026-04-29 13:20:00+05:30,24322.8,24325.85,24319.6,24320.25,0
2026-04-29 13:19:00+05:30,24319.9,24321.6,24317.9,24320.85,0
2026-04-29 13:18:00+05:30,24316.5,24318.7,24314.2,24318.7,0
2026-04-29 13:17:00+05:30,24317.15,24317.15,24311.65,24315.65,0
2026-04-29 13:16:00+05:30,24320.1,24321.85,24313.8,24314.35,0
2026-04-29 13:15:00+05:30,24319.7,24322.85,24315.45,24318.5,0
2026-04-29 13:14:00+05:30,24321.5,24322.8,24316.35,24318.2,0
2026-04-29 13:13:00+05:30,24317.6,24320.95,24313.8,24320.95,0
2026-04-29 13:12:00+05:30,24325.9,24325.9,24315.6,24316.0,0
2026-04-29 13:11:00+05:30,24329.45,24332.5,24323.6,24323.9,0
2026-04-29 13:10:00+05:30,24320.9,24327.95,24318.8,24327.95,0
2026-04-29 13:09:00+05:30,24333.6,24333.6,24318.25,24319.2,0
2026-04-29 13:08:00+05:30,24324.45,24334.7,24323.0,24332.7,0
2026-04-29 13:07:00+05:30,24319.4,24322.9,24315.15,24322.9,0
2026-04-29 13:06:00+05:30,24318.0,24322.05,24315.9,24317.75,0
2026-04-29 13:05:00+05:30,24316.55,24319.15,24314.75,24315.95,0
2026-04-29 13:04:00+05:30,24315.8,24320.3,24313.2,24317.4,0
2026-04-29 13:03:00+05:30,24318.9,24320.25,24311.5,24314.7,0
2026-04-29 13:02:00+05:30,24318.95,24319.15,24312.95,24317.2,0
2026-04-29 13:01:00+05:30,24319.85,24320.0,24316.4,24318.45,0
2026-04-29 13:00:00+05:30,24318.95,24321.5,24314.3,24318.3,0
2026-04-29 12:59:00+05:30,24319.65,24319.65,24314.6,24316.85,0
2026-04-29 12:58:00+05:30,24323.25,24323.75,24318.95,24319.1,0
2026-04-29 12:57:00+05:30,24318.6,24322.45,24317.9,24322.25,0
2026-04-29 12:56:00+05:30,24323.35,24323.35,24317.1,24317.35,0
2026-04-29 12:55:00+05:30,24322.4,24325.7,24320.0,24322.0,0
2026-04-29 12:54:00+05:30,24323.35,24323.35,24315.45,24321.3,0
2026-04-29 12:53:00+05:30,24327.7,24329.7,24322.25,24322.65,0
2026-04-29 12:52:00+05:30,24324.95,24326.6,24321.7,24326.0,0
2026-04-29 12:51:00+05:30,24322.15,24324.85,24320.45,24323.4,0
2026-04-29 12:50:00+05:30,24323.55,24323.75,24319.85,24321.05,0
2026-04-29 12:49:00+05:30,24321.6,24324.35,24320.05,24321.3,0
2026-04-29 12:48:00+05:30,24320.6,24322.35,24318.9,24320.45,0
2026-04-29 12:47:00+05:30,24321.7,24321.8,24316.65,24319.9,0
2026-04-29 12:46:00+05:30,24325.65,24326.1,24319.1,24320.5,0
2026-04-29 12:45:00+05:30,24323.15,24327.1,24321.9,24324.3,0
2026-04-29 12:44:00+05:30,24319.75,24322.9,24318.75,24321.6,0
2026-04-29 12:43:00+05:30,24324.05,24328.8,24314.55,24319.1,0
2026-04-29 12:42:00+05:30,24330.9,24330.9,24321.8,24322.2,0
2026-04-29 12:41:00+05:30,24331.0,24331.0,24326.7,24328.35,0
2026-04-29 12:40:00+05:30,24330.3,24331.8,24326.95,24328.15,0
2026-04-29 12:39:00+05:30,24330.1,24331.4,24325.95,24328.6,0
2026-04-29 12:38:00+05:30,24330.35,24330.8,24326.55,24329.25,0
2026-04-29 12:37:00+05:30,24324.25,24329.3,24323.05,24328.75,0
2026-04-29 12:36:00+05:30,24328.95,24328.95,24322.55,24323.15,0
2026-04-29 12:35:00+05:30,24325.9,24330.45,24324.8,24328.0,0
2026-04-29 12:34:00+05:30,24321.3,24327.3,24320.1,24324.7,0
2026-04-29 12:33:00+05:30,24320.6,24323.2,24318.2,24320.05,0
2026-04-29 12:32:00+05:30,24315.25,24321.1,24313.6,24319.6,0
2026-04-29 12:31:00+05:30,24309.05,24314.0,24307.65,24313.65,0
2026-04-29 12:30:00+05:30,24309.35,24309.35,24305.5,24307.2,0
2026-04-29 12:29:00+05:30,24307.8,24310.8,24306.7,24307.1,0
2026-04-29 12:28:00+05:30,24310.55,24310.65,24304.8,24306.4,0
2026-04-29 12:27:00+05:30,24314.0,24314.65,24308.95,24308.95,0
2026-04-29 12:26:00+05:30,24314.45,24317.1,24312.3,24313.3,0
2026-04-29 12:25:00+05:30,24311.45,24314.6,24308.45,24313.1,0
2026-04-29 12:24:00+05:30,24310.4,24311.05,24306.75,24310.45,0
2026-04-29 12:23:00+05:30,24302.45,24309.75,24300.3,24309.7,0
2026-04-29 12:22:00+05:30,24296.6,24303.05,24294.2,24301.2,0
2026-04-29 12:21:00+05:30,24298.8,24299.05,24295.2,24295.95,0
2026-04-29 12:20:00+05:30,24302.85,24302.85,24296.25,24296.25,0
2026-04-29 12:19:00+05:30,24301.25,24301.95,24298.55,24301.55,0
2026-04-29 12:18:00+05:30,24304.95,24304.95,24299.3,24300.35,0
2026-04-29 12:17:00+05:30,24301.15,24304.05,24300.1,24302.75,0
2026-04-29 12:16:00+05:30,24300.35,24302.0,24298.25,24300.75,0
2026-04-29 12:15:00+05:30,24295.1,24299.15,24293.2,24298.5,0
2026-04-29 12:14:00+05:30,24293.3,24294.65,24289.2,24293.15,0
2026-04-29 12:13:00+05:30,24303.4,24303.5,24291.0,24291.0,0
2026-04-29 12:12:00+05:30,24310.35,24310.35,24296.5,24302.1,0
2026-04-29 12:11:00+05:30,24300.35,24311.9,24300.35,24309.7,0
2026-04-29 12:10:00+05:30,24284.6,24299.35,24283.45,24299.15,0
2026-04-29 12:09:00+05:30,24280.3,24284.25,24276.8,24283.0,0
2026-04-29 12:08:00+05:30,24274.85,24279.5,24271.2,24279.05,0
2026-04-29 12:07:00+05:30,24269.85,24274.55,24268.2,24273.3,0
2026-04-29 12:06:00+05:30,24270.8,24271.4,24267.55,24268.3,0
2026-04-29 12:05:00+05:30,24274.45,24275.05,24268.3,24269.4,0
2026-04-29 12:04:00+05:30,24278.85,24280.15,24272.7,24273.05,0
2026-04-29 12:03:00+05:30,24280.1,24280.75,24277.45,24278.35,0
2026-04-29 12:02:00+05:30,24283.65,24283.65,24278.55,24279.1,0
2026-04-29 12:01:00+05:30,24279.55,24283.25,24277.45,24282.35,0
2026-04-29 12:00:00+05:30,24278.2,24278.7,24274.05,24278.45,0
2026-04-29 11:59:00+05:30,24274.5,24277.85,24271.95,24276.95,0
2026-04-29 11:58:00+05:30,24273.4,24273.7,24267.9,24271.2,0
2026-04-29 11:57:00+05:30,24272.9,24276.55,24271.05,24271.05,0
2026-04-29 11:56:00+05:30,24271.05,24273.35,24269.75,24271.9,0
2026-04-29 11:55:00+05:30,24272.45,24272.45,24267.25,24269.75,0
2026-04-29 11:54:00+05:30,24272.9,24277.85,24270.25,24271.05,0
2026-04-29 11:53:00+05:30,24269.8,24273.35,24267.8,24271.25,0
2026-04-29 11:52:00+05:30,24270.25,24270.5,24265.9,24268.5,0
2026-04-29 11:51:00+05:30,24269.8,24270.1,24265.9,24268.35,0
2026-04-29 11:50:00+05:30,24269.6,24270.4,24267.0,24268.2,0
2026-04-29 11:49:00+05:30,24274.1,24274.1,24266.15,24267.05,0
2026-04-29 11:48:00+05:30,24272.55,24275.75,24270.05,24272.0,0
2026-04-29 11:47:00+05:30,24268.05,24271.95,24266.15,24269.45,0
2026-04-29 11:46:00+05:30,24272.9,24272.9,24265.8,24265.8,0
2026-04-29 11:45:00+05:30,24273.3,24273.6,24263.65,24269.75,0
2026-04-29 11:44:00+05:30,24276.4,24278.2,24270.75,24271.85,0
2026-04-29 11:43:00+05:30,24277.45,24277.45,24271.0,24274.95,0
2026-04-29 11:42:00+05:30,24281.25,24281.25,24275.4,24275.4,0
2026-04-29 11:41:00+05:30,24279.35,24280.9,24274.4,24279.55,0
2026-04-29 11:40:00+05:30,24278.2,24286.4,24276.7,24278.15,0
2026-04-29 11:39:00+05:30,24281.0,24281.0,24275.7,24276.6,0
2026-04-29 11:38:00+05:30,24279.95,24280.65,24272.3,24279.1,0
2026-04-29 11:37:00+05:30,24275.95,24280.65,24275.05,24277.65,0
2026-04-29 11:36:00+05:30,24281.7,24281.7,24272.75,24275.0,0
2026-04-29 11:35:00+05:30,24278.8,24280.75,24276.7,24279.0,0
2026-04-29 11:34:00+05:30,24280.25,24282.35,24275.8,24278.15,0
2026-04-29 11:33:00+05:30,24272.9,24279.1,24269.15,24278.15,0
2026-04-29 11:32:00+05:30,24279.3,24279.3,24271.1,24271.75,0
2026-04-29 11:31:00+05:30,24272.2,24281.5,24271.4,24277.7,0
2026-04-29 11:30:00+05:30,24266.1,24272.35,24263.5,24271.15,0
2026-04-29 11:29:00+05:30,24268.05,24269.4,24260.0,24263.25,0
2026-04-29 11:28:00+05:30,24279.05,24279.5,24266.85,24267.25,0
2026-04-29 11:27:00+05:30,24278.35,24282.35,24276.7,24278.25,0
2026-04-29 11:26:00+05:30,24277.9,24283.7,24276.6,24276.6,0
2026-04-29 11:25:00+05:30,24278.1,24279.05,24270.9,24274.55,0
2026-04-29 11:24:00+05:30,24287.65,24287.65,24274.5,24277.35,0
2026-04-29 11:23:00+05:30,24292.45,24293.75,24285.85,24287.15,0
2026-04-29 11:22:00+05:30,24289.6,24294.5,24289.05,24290.85,0
2026-04-29 11:21:00+05:30,24280.35,24289.8,24278.75,24288.1,0
2026-04-29 11:20:00+05:30,24277.5,24281.0,24273.75,24278.65,0
2026-04-29 11:19:00+05:30,24276.4,24277.8,24268.3,24276.1,0
2026-04-29 11:18:00+05:30,24283.35,24283.35,24274.95,24276.05,0
2026-04-29 11:17:00+05:30,24285.95,24286.45,24280.65,24281.75,0
2026-04-29 11:16:00+05:30,24291.95,24291.95,24284.35,24284.95,0
2026-04-29 11:15:00+05:30,24289.9,24295.35,24289.3,24290.45,0
2026-04-29 11:14:00+05:30,24288.6,24291.65,24288.05,24288.15,0
2026-04-29 11:13:00+05:30,24288.3,24288.9,24284.6,24287.1,0
2026-04-29 11:12:00+05:30,24286.0,24288.3,24282.1,24286.25,0
2026-04-29 11:11:00+05:30,24291.6,24291.6,24282.15,24284.55,0
2026-04-29 11:10:00+05:30,24294.0,24294.6,24288.75,24289.9,0
2026-04-29 11:09:00+05:30,24294.4,24294.75,24288.5,24292.6,0
2026-04-29 11:08:00+05:30,24287.35,24293.6,24286.4,24292.05,0
2026-04-29 11:07:00+05:30,24282.75,24287.15,24280.05,24286.35,0
2026-04-29 11:06:00+05:30,24282.0,24283.85,24280.45,24281.05,0
2026-04-29 11:05:00+05:30,24277.45,24281.65,24273.1,24280.2,0
2026-04-29 11:04:00+05:30,24289.25,24289.8,24276.45,24277.05,0
2026-04-29 11:03:00+05:30,24287.05,24289.2,24283.75,24287.25,0
2026-04-29 11:02:00+05:30,24283.9,24288.7,24283.1,24284.15,0
2026-04-29 11:01:00+05:30,24294.75,24298.95,24277.8,24282.3,0
2026-04-29 11:00:00+05:30,24288.25,24294.25,24285.75,24292.75,0
2026-04-29 10:59:00+05:30,24290.65,24290.65,24284.95,24287.1,0
2026-04-29 10:58:00+05:30,24284.35,24289.45,24281.05,24287.7,0
2026-04-29 10:57:00+05:30,24285.5,24287.2,24281.0,24283.0,0
2026-04-29 10:56:00+05:30,24286.65,24288.65,24280.9,24283.2,0
2026-04-29 10:55:00+05:30,24286.6,24287.6,24283.6,24284.75,0
2026-04-29 10:54:00+05:30,24287.05,24290.05,24283.45,24285.05,0
2026-04-29 10:53:00+05:30,24284.5,24285.8,24281.8,24285.8,0
2026-04-29 10:52:00+05:30,24282.7,24282.85,24274.95,24282.75,0
2026-04-29 10:51:00+05:30,24273.65,24282.95,24273.0,24281.25,0
2026-04-29 10:50:00+05:30,24272.6,24278.25,24270.55,24273.65,0
2026-04-29 10:49:00+05:30,24271.85,24272.8,24265.95,24271.65,0
2026-04-29 10:48:00+05:30,24262.15,24271.4,24260.0,24270.85,0
2026-04-29 10:47:00+05:30,24256.15,24262.6,24254.8,24262.1,0
2026-04-29 10:46:00+05:30,24260.65,24266.0,24255.15,24255.25,0
2026-04-29 10:45:00+05:30,24268.4,24268.65,24257.6,24259.1,0
2026-04-29 10:44:00+05:30,24268.65,24268.8,24264.6,24267.45,0
2026-04-29 10:43:00+05:30,24269.3,24272.9,24266.85,24267.95,0
2026-04-29 10:42:00+05:30,24274.55,24274.55,24264.6,24267.8,0
2026-04-29 10:41:00+05:30,24266.1,24272.85,24263.1,24272.6,0
2026-04-29 10:40:00+05:30,24271.1,24271.55,24264.15,24264.85,0
2026-04-29 10:39:00+05:30,24274.3,24275.2,24268.7,24268.7,0
2026-04-29 10:38:00+05:30,24281.95,24286.5,24271.4,24271.7,0
2026-04-29 10:37:00+05:30,24291.15,24291.15,24281.3,24281.35,0
2026-04-29 10:36:00+05:30,24286.75,24291.7,24282.8,24290.05,0
2026-04-29 10:35:00+05:30,24285.0,24286.7,24281.4,24285.7,0
2026-04-29 10:34:00+05:30,24282.45,24287.35,24279.45,24283.2,0
2026-04-29 10:33:00+05:30,24280.45,24286.35,24277.65,24279.65,0
2026-04-29 10:32:00+05:30,24272.4,24280.4,24267.15,24279.25,0
2026-04-29 10:31:00+05:30,24276.3,24279.05,24264.05,24271.6,0
2026-04-29 10:30:00+05:30,24290.4,24290.95,24273.6,24274.15,0
2026-04-29 10:29:00+05:30,24293.7,24296.3,24289.15,24290.15,0
2026-04-29 10:28:00+05:30,24287.85,24295.15,24287.65,24292.2,0
2026-04-29 10:27:00+05:30,24280.85,24289.3,24278.15,24286.95,0
2026-04-29 10:26:00+05:30,24272.95,24281.15,24272.45,24280.15,0
2026-04-29 10:25:00+05:30,24270.65,24272.05,24264.3,24271.35,0
2026-04-29 10:24:00+05:30,24270.0,24272.6,24267.25,24270.45,0
2026-04-29 10:23:00+05:30,24264.4,24271.3,24258.3,24268.55,0
2026-04-29 10:22:00+05:30,24270.25,24273.65,24262.95,24263.15,0
2026-04-29 10:21:00+05:30,24265.6,24272.35,24262.7,24268.95,0
2026-04-29 10:20:00+05:30,24246.1,24266.25,24243.3,24265.35,0
2026-04-29 10:19:00+05:30,24252.15,24252.95,24242.35,24243.1,0
2026-04-29 10:18:00+05:30,24246.85,24252.25,24244.7,24250.35,0
2026-04-29 10:17:00+05:30,24244.55,24249.45,24243.5,24245.9,0
2026-04-29 10:16:00+05:30,24240.05,24244.6,24238.9,24243.1,0
2026-04-29 10:15:00+05:30,24235.2,24241.3,24234.65,24239.2,0
2026-04-29 10:14:00+05:30,24228.35,24236.8,24225.9,24233.8,0
2026-04-29 10:13:00+05:30,24223.5,24229.5,24219.5,24226.7,0
2026-04-29 10:12:00+05:30,24221.25,24225.3,24219.4,24221.65,0
2026-04-29 10:11:00+05:30,24224.7,24231.5,24218.45,24219.0,0
2026-04-29 10:10:00+05:30,24212.7,24223.8,24210.5,24223.15,0
2026-04-29 10:09:00+05:30,24214.4,24217.55,24208.65,24211.75,0
2026-04-29 10:08:00+05:30,24207.95,24214.55,24202.8,24213.55,0
2026-04-29 10:07:00+05:30,24205.95,24211.6,24202.75,24206.35,0
2026-04-29 10:06:00+05:30,24202.95,24205.35,24196.65,24204.3,0
2026-04-29 10:05:00+05:30,24202.7,24207.1,24200.3,24202.1,0
2026-04-29 10:04:00+05:30,24206.45,24206.45,24198.2,24201.3,0
2026-04-29 10:03:00+05:30,24203.9,24210.0,24201.75,24205.65,0
2026-04-29 10:02:00+05:30,24204.2,24211.5,24199.75,24202.55,0
2026-04-29 10:01:00+05:30,24189.05,24205.5,24189.05,24202.9,0
2026-04-29 10:00:00+05:30,24174.6,24188.65,24174.6,24187.3,0
2026-04-29 09:59:00+05:30,24176.9,24176.9,24169.0,24173.2,0
2026-04-29 09:58:00+05:30,24177.05,24180.5,24173.3,24174.1,0
2026-04-29 09:57:00+05:30,24173.65,24175.5,24166.5,24174.0,0
2026-04-29 09:56:00+05:30,24176.95,24176.95,24165.9,24170.95,0
2026-04-29 09:55:00+05:30,24176.2,24178.45,24166.9,24175.4,0
2026-04-29 09:54:00+05:30,24173.75,24177.9,24172.55,24173.95,0
2026-04-29 09:53:00+05:30,24171.55,24173.05,24168.75,24171.45,0
2026-04-29 09:52:00+05:30,24169.65,24175.25,24167.35,24169.95,0
2026-04-29 09:51:00+05:30,24165.75,24170.6,24163.1,24168.25,0
2026-04-29 09:50:00+05:30,24165.9,24168.15,24158.4,24164.75,0
2026-04-29 09:49:00+05:30,24157.45,24164.95,24155.5,24164.8,0
2026-04-29 09:48:00+05:30,24157.35,24157.95,24153.25,24154.75,0
2026-04-29 09:47:00+05:30,24151.75,24160.6,24149.1,24155.7,0
2026-04-29 09:46:00+05:30,24148.1,24151.75,24146.25,24147.5,0
2026-04-29 09:45:00+05:30,24142.65,24153.55,24141.8,24146.8,0
2026-04-29 09:44:00+05:30,24127.55,24144.45,24125.8,24141.35,0
2026-04-29 09:43:00+05:30,24116.3,24128.05,24116.2,24125.65,0
2026-04-29 09:42:00+05:30,24112.15,24116.55,24108.7,24114.65,0
2026-04-29 09:41:00+05:30,24117.8,24117.8,24106.9,24109.8,0
2026-04-29 09:40:00+05:30,24106.95,24119.2,24102.8,24117.35,0
2026-04-29 09:39:00+05:30,24099.75,24106.3,24087.55,24105.05,0
2026-04-29 09:38:00+05:30,24102.1,24104.35,24098.3,24098.65,0
2026-04-29 09:37:00+05:30,24109.5,24109.5,24098.8,24100.85,0
2026-04-29 09:36:00+05:30,24099.35,24111.1,24093.9,24107.85,0
2026-04-29 09:35:00+05:30,24093.15,24101.1,24091.15,24097.35,0
2026-04-29 09:34:00+05:30,24104.6,24104.6,24087.35,24092.35,0
2026-04-29 09:33:00+05:30,24122.85,24126.95,24103.2,24103.65,0
2026-04-29 09:32:00+05:30,24124.5,24125.6,24119.35,24121.0,0
2026-04-29 09:31:00+05:30,24121.45,24124.8,24114.8,24122.35,0
2026-04-29 09:30:00+05:30,24110.45,24118.2,24110.45,24118.2,0
2026-04-29 09:29:00+05:30,24099.4,24111.8,24098.35,24111.55,0
2026-04-29 09:28:00+05:30,24107.4,24110.6,24091.8,24097.1,0
2026-04-29 09:27:00+05:30,24099.85,24114.15,24098.35,24107.35,0
2026-04-29 09:26:00+05:30,24073.05,24099.4,24070.6,24099.1,0
2026-04-29 09:25:00+05:30,24079.65,24079.65,24066.95,24071.0,0
2026-04-29 09:24:00+05:30,24064.45,24077.9,24059.95,24077.9,0
2026-04-29 09:23:00+05:30,24091.45,24091.45,24060.55,24060.65,0
2026-04-29 09:22:00+05:30,24102.65,24103.95,24085.6,24088.55,0
2026-04-29 09:21:00+05:30,24119.65,24119.65,24091.95,24099.5,0
2026-04-29 09:20:00+05:30,24091.0,24120.4,24091.0,24118.2,0
2026-04-29 09:19:00+05:30,24088.0,24090.8,24070.35,24090.8,0
2026-04-29 09:18:00+05:30,24110.75,24116.3,24082.3,24085.25,0
2026-04-29 09:17:00+05:30,24122.4,24122.4,24101.6,24110.9,0
2026-04-29 09:16:00+05:30,24106.4,24118.8,24099.85,24118.65,0
2026-04-29 09:15:00+05:30,24096.9,24123.55,24083.75,24106.35,0
2026-04-28 15:29:00+05:30,24010.0,24016.5,24005.15,24016.5,0
2026-04-28 15:28:00+05:30,24003.85,24012.05,23997.0,24011.15,0
2026-04-28 15:27:00+05:30,23999.25,24006.65,23997.35,24005.1,0
2026-04-28 15:26:00+05:30,24000.3,24001.5,23992.9,23998.85,0
2026-04-28 15:25:00+05:30,23982.45,24003.7,23980.8,23999.25,0
2026-04-28 15:24:00+05:30,23973.2,23981.05,23969.85,23981.05,0
2026-04-28 15:23:00+05:30,23969.8,23973.15,23967.55,23973.15,0
2026-04-28 15:22:00+05:30,23970.05,23971.0,23964.5,23968.5,0
2026-04-28 15:21:00+05:30,23968.35,23973.35,23964.85,23969.05,0
2026-04-28 15:20:00+05:30,23969.25,23969.25,23963.55,23967.3,0
2026-04-28 15:19:00+05:30,23965.25,23974.65,23963.6,23968.45,0
2026-04-28 15:18:00+05:30,23965.25,23965.55,23957.05,23965.3,0
2026-04-28 15:17:00+05:30,23971.25,23971.25,23962.35,23964.95,0
2026-04-28 15:16:00+05:30,23970.2,23971.2,23965.0,23971.2,0
2026-04-28 15:15:00+05:30,23972.75,23972.75,23968.8,23969.55,0
2026-04-28 15:14:00+05:30,23970.2,23973.4,23968.65,23972.45,0
2026-04-28 15:13:00+05:30,23972.85,23972.85,23968.95,23970.15,0
2026-04-28 15:12:00+05:30,23971.6,23973.75,23969.5,23972.6,0
2026-04-28 15:11:00+05:30,23977.4,23977.4,23969.9,23972.6,0
2026-04-28 15:10:00+05:30,23980.4,23981.35,23969.95,23976.6,0
2026-04-28 15:09:00+05:30,23988.55,23990.95,23979.4,23979.55,0
2026-04-28 15:08:00+05:30,23990.5,23990.5,23979.45,23987.5,0
2026-04-28 15:07:00+05:30,23998.45,23998.45,23982.45,23990.1,0
2026-04-28 15:06:00+05:30,24009.1,24012.0,23997.2,23998.5,0
2026-04-28 15:05:00+05:30,24002.7,24014.55,24000.6,24010.2,0
2026-04-28 15:04:00+05:30,24002.2,24003.4,23988.4,24002.15,0
2026-04-28 15:03:00+05:30,23996.4,24003.85,23993.85,24000.65,0
2026-04-28 15:02:00+05:30,24008.2,24008.7,23995.0,23996.45,0
2026-04-28 15:01:00+05:30,24022.05,24022.05,24006.7,24008.6,0
2026-04-28 15:00:00+05:30,24039.85,24042.45,24022.25,24022.35,0
2026-04-28 14:59:00+05:30,24043.15,24046.45,24036.8,24039.15,0
2026-04-28 14:58:00+05:30,24032.85,24044.05,24032.25,24042.85,0
2026-04-28 14:57:00+05:30,24040.45,24041.3,24028.85,24032.0,0
2026-04-28 14:56:00+05:30,24041.1,24042.8,24036.7,24039.8,0
2026-04-28 14:55:00+05:30,24045.65,24046.25,24032.8,24040.45,0
2026-04-28 14:54:00+05:30,24041.15,24045.75,24037.95,24044.35,0
2026-04-28 14:53:00+05:30,24036.85,24041.2,24036.1,24040.25,0
2026-04-28 14:52:00+05:30,24036.35,24038.3,24030.25,24035.95,0
2026-04-28 14:51:00+05:30,24042.5,24044.35,24037.05,24037.3,0
2026-04-28 14:50:00+05:30,24038.75,24041.9,24034.35,24041.9,0
2026-04-28 14:49:00+05:30,24038.65,24041.6,24034.55,24037.05,0
2026-04-28 14:48:00+05:30,24033.25,24040.9,24032.65,24038.8,0
2026-04-28 14:47:00+05:30,24031.65,24032.8,24027.55,24031.8,0
2026-04-28 14:46:00+05:30,24027.2,24031.3,24024.45,24030.85,0
2026-04-28 14:45:00+05:30,24032.0,24032.3,24019.1,24026.3,0
2026-04-28 14:44:00+05:30,24018.05,24032.9,24016.0,24032.2,0
2026-04-28 14:43:00+05:30,24019.65,24020.05,24012.1,24016.4,0
2026-04-28 14:42:00+05:30,24024.85,24025.05,24018.25,24018.45,0
2026-04-28 14:41:00+05:30,24028.15,24028.5,24016.7,24023.0,0
2026-04-28 14:40:00+05:30,24024.85,24031.05,24023.5,24027.25,0
2026-04-28 14:39:00+05:30,24024.0,24027.0,24021.8,24023.6,0
2026-04-28 14:38:00+05:30,24027.45,24031.0,24022.6,24023.5,0
2026-04-28 14:37:00+05:30,24021.9,24027.1,24021.3,24026.45,0
2026-04-28 14:36:00+05:30,24018.75,24025.5,24016.55,24020.9,0
2026-04-28 14:35:00+05:30,24010.3,24021.65,24008.2,24018.7,0
2026-04-28 14:34:00+05:30,24028.65,24028.65,24006.25,24008.85,0
2026-04-28 14:33:00+05:30,24023.7,24031.55,24022.0,24027.9,0
2026-04-28 14:32:00+05:30,24033.95,24036.6,24022.05,24022.65,0
2026-04-28 14:31:00+05:30,24021.2,24034.15,24018.65,24033.3,0
2026-04-28 14:30:00+05:30,23998.95,24020.65,23998.45,24020.25,0
2026-04-28 14:29:00+05:30,23996.0,23999.85,23990.75,23997.4,0
2026-04-28 14:28:00+05:30,23998.7,24001.5,23994.5,23995.5,0
2026-04-28 14:27:00+05:30,24001.1,24004.25,23997.3,23998.25,0
2026-04-28 14:26:00+05:30,24011.6,24012.1,23999.3,23999.4,0
2026-04-28 14:25:00+05:30,24005.4,24010.8,23999.9,24010.4,0
2026-04-28 14:24:00+05:30,24008.3,24013.45,24000.45,24004.75,0
2026-04-28 14:23:00+05:30,24007.2,24010.9,24004.9,24007.45,0
2026-04-28 14:22:00+05:30,23997.4,24005.85,23996.8,24005.85,0
2026-04-28 14:21:00+05:30,23991.55,23997.4,23988.6,23996.05,0
2026-04-28 14:20:00+05:30,23994.15,23994.3,23990.05,23991.45,0
2026-04-28 14:19:00+05:30,23997.3,23998.55,23993.25,23993.35,0
2026-04-28 14:18:00+05:30,23984.2,23996.85,23983.3,23996.15,0
2026-04-28 14:17:00+05:30,23976.35,23984.6,23973.9,23984.1,0
2026-04-28 14:16:00+05:30,23976.45,23978.6,23973.4,23974.75,0
2026-04-28 14:15:00+05:30,23983.2,23985.75,23972.95,23975.35,0
2026-04-28 14:14:00+05:30,23998.45,23998.45,23981.95,23981.95,0
2026-04-28 14:13:00+05:30,23993.6,23999.8,23990.45,23998.2,0
2026-04-28 14:12:00+05:30,23988.0,23993.0,23982.6,23992.45,0
2026-04-28 14:11:00+05:30,23993.4,23993.4,23982.3,23988.2,0
2026-04-28 14:10:00+05:30,24007.7,24007.7,23992.15,23992.65,0
2026-04-28 14:09:00+05:30,24003.8,24008.1,24002.45,24007.3,0
2026-04-28 14:08:00+05:30,24002.0,24005.3,24000.7,24003.35,0
2026-04-28 14:07:00+05:30,24007.05,24007.95,23998.9,24000.25,0
2026-04-28 14:06:00+05:30,23999.0,24006.95,23995.85,24006.25,0
2026-04-28 14:05:00+05:30,24004.7,24005.0,23996.25,23998.75,0
2026-04-28 14:04:00+05:30,24006.2,24009.95,24003.0,24004.2,0
2026-04-28 14:03:00+05:30,24006.8,24007.0,24002.4,24004.35,0
2026-04-28 14:02:00+05:30,24003.7,24006.9,24003.0,24005.9,0
2026-04-28 14:01:00+05:30,24001.75,24003.65,23999.75,24003.4,0
2026-04-28 14:00:00+05:30,24011.6,24011.75,24001.15,24001.15,0
2026-04-28 13:59:00+05:30,24016.6,24017.05,24009.8,24010.55,0
2026-04-28 13:58:00+05:30,24001.85,24019.45,24001.85,24016.55,0
2026-04-28 13:57:00+05:30,24025.95,24027.2,23995.3,24000.95,0
2026-04-28 13:56:00+05:30,24023.15,24029.85,24022.05,24025.55,0
2026-04-28 13:55:00+05:30,24011.05,24024.35,24008.4,24023.75,0
2026-04-28 13:54:00+05:30,24007.15,24013.85,24004.9,24010.45,0
2026-04-28 13:53:00+05:30,24004.25,24016.35,24001.25,24006.6,0
2026-04-28 13:52:00+05:30,24007.7,24007.7,24000.25,24003.15,0
2026-04-28 13:51:00+05:30,23992.3,24007.45,23992.3,24007.45,0
2026-04-28 13:50:00+05:30,23989.55,23992.8,23985.75,23991.1,0
2026-04-28 13:49:00+05:30,23994.6,23996.95,23988.8,23988.8,0
2026-04-28 13:48:00+05:30,23998.3,23999.75,23994.15,23994.15,0
2026-04-28 13:47:00+05:30,24002.9,24005.0,23995.95,23998.2,0
2026-04-28 13:46:00+05:30,24000.45,24004.3,23999.45,24002.85,0
2026-04-28 13:45:00+05:30,24003.05,24003.65,23993.7,23999.75,0
2026-04-28 13:44:00+05:30,24014.1,24014.9,24002.6,24002.65,0
2026-04-28 13:43:00+05:30,24008.95,24014.55,24008.85,24012.0,0
2026-04-28 13:42:00+05:30,24004.65,24009.7,24001.8,24008.45,0
2026-04-28 13:41:00+05:30,24001.9,24010.9,24000.55,24004.0,0
2026-04-28 13:40:00+05:30,23993.3,24001.4,23990.3,24000.65,0
2026-04-28 13:39:00+05:30,23989.1,23993.15,23986.7,23992.55,0
2026-04-28 13:38:00+05:30,23984.95,23991.1,23981.05,23989.25,0
2026-04-28 13:37:00+05:30,23977.9,23990.9,23976.75,23984.8,0
2026-04-28 13:36:00+05:30,23972.0,23976.45,23961.25,23976.45,0
2026-04-28 13:35:00+05:30,23999.65,24001.4,23970.6,23972.45,0
2026-04-28 13:34:00+05:30,23997.4,23998.95,23995.95,23998.9,0
2026-04-28 13:33:00+05:30,24006.85,24006.85,23995.7,23997.4,0
2026-04-28 13:32:00+05:30,24005.5,24013.25,24005.2,24005.2,0
2026-04-28 13:31:00+05:30,24005.7,24010.7,23999.05,24004.3,0
2026-04-28 13:30:00+05:30,24021.05,24022.05,24004.1,24005.4,0
2026-04-28 13:29:00+05:30,24035.5,24036.55,24019.45,24019.45,0
2026-04-28 13:28:00+05:30,24048.45,24049.0,24041.35,24042.65,0
2026-04-28 13:27:00+05:30,24033.15,24048.75,24032.75,24047.4,0
2026-04-28 13:26:00+05:30,24042.25,24042.55,24031.65,24034.0,0
2026-04-28 13:25:00+05:30,24042.5,24046.1,24040.6,24041.9,0
2026-04-28 13:24:00+05:30,24035.65,24043.5,24034.2,24041.5,0
2026-04-28 13:23:00+05:30,24034.45,24038.3,24030.95,24035.85,0
2026-04-28 13:22:00+05:30,24033.05,24037.9,24031.65,24033.1,0
2026-04-28 13:21:00+05:30,24025.0,24032.95,24023.2,24032.45,0
2026-04-28 13:20:00+05:30,24035.35,24036.45,24023.95,24024.2,0
2026-04-28 13:19:00+05:30,24035.8,24037.05,24032.9,24033.95,0
2026-04-28 13:18:00+05:30,24030.35,24037.85,24030.35,24034.6,0
2026-04-28 13:17:00+05:30,24022.5,24030.35,24022.5,24029.7,0
2026-04-28 13:16:00+05:30,24022.95,24027.3,24021.2,24022.3,0
2026-04-28 13:15:00+05:30,24018.7,24022.55,24018.05,24022.3,0
2026-04-28 13:14:00+05:30,24026.2,24027.35,24017.6,24017.6,0
2026-04-28 13:13:00+05:30,24028.25,24030.8,24023.9,24024.55,0
2026-04-28 13:12:00+05:30,24027.2,24030.45,24026.0,24027.25,0
2026-04-28 13:11:00+05:30,24028.35,24031.35,24025.95,24026.5,0
2026-04-28 13:10:00+05:30,24030.75,24034.0,24026.7,24026.95,0
2026-04-28 13:09:00+05:30,24029.45,24033.65,24027.65,24030.55,0
2026-04-28 13:08:00+05:30,24025.35,24031.9,24022.85,24028.9,0
2026-04-28 13:07:00+05:30,24023.95,24027.95,24022.05,24025.0,0
2026-04-28 13:06:00+05:30,24023.55,24026.65,24022.1,24023.35,0
2026-04-28 13:05:00+05:30,24018.45,24025.55,24015.05,24023.45,0
2026-04-28 13:04:00+05:30,24027.4,24029.95,24017.95,24018.2,0
2026-04-28 13:03:00+05:30,24018.0,24027.55,24016.45,24025.25,0
2026-04-28 13:02:00+05:30,24007.25,24019.9,24005.85,24017.3,0
2026-04-28 13:01:00+05:30,24004.7,24010.15,23999.7,24005.7,0
2026-04-28 13:00:00+05:30,24007.9,24009.5,24003.4,24003.85,0
2026-04-28 12:59:00+05:30,24008.55,24012.5,24006.0,24007.35,0
2026-04-28 12:58:00+05:30,24015.8,24016.05,24007.15,24008.15,0
2026-04-28 12:57:00+05:30,24016.1,24020.95,24013.2,24014.95,0
2026-04-28 12:56:00+05:30,24029.15,24029.55,24014.3,24015.65,0
2026-04-28 12:55:00+05:30,24023.05,24028.8,24020.65,24028.8,0
2026-04-28 12:54:00+05:30,24032.7,24032.9,24022.0,24022.55,0
2026-04-28 12:53:00+05:30,24034.95,24036.15,24030.35,24032.05,0
2026-04-28 12:52:00+05:30,24039.3,24040.45,24033.85,24034.4,0
2026-04-28 12:51:00+05:30,24032.15,24039.4,24030.55,24039.4,0
2026-04-28 12:50:00+05:30,24033.1,24034.55,24030.1,24031.5,0
2026-04-28 12:49:00+05:30,24026.4,24033.45,24024.95,24031.45,0
2026-04-28 12:48:00+05:30,24028.05,24028.75,24021.4,24025.4,0
2026-04-28 12:47:00+05:30,24028.15,24028.55,24023.55,24026.8,0
2026-04-28 12:46:00+05:30,24038.25,24038.5,24026.9,24026.9,0
2026-04-28 12:45:00+05:30,24030.8,24038.05,24029.7,24037.95,0
2026-04-28 12:44:00+05:30,24024.7,24031.0,24022.75,24029.85,0
2026-04-28 12:43:00+05:30,24022.9,24024.0,24016.5,24023.5,0
2026-04-28 12:42:00+05:30,24016.15,24022.0,24012.95,24021.45,0
2026-04-28 12:41:00+05:30,24015.6,24017.45,24011.75,24014.95,0
2026-04-28 12:40:00+05:30,24009.35,24016.05,24007.15,24016.05,0
2026-04-28 12:39:00+05:30,24013.2,24013.8,24007.85,24007.85,0
2026-04-28 12:38:00+05:30,24011.3,24013.5,24008.15,24012.8,0
2026-04-28 12:37:00+05:30,24017.2,24017.5,24009.2,24010.1,0
2026-04-28 12:36:00+05:30,24019.4,24020.15,24012.75,24016.3,0
2026-04-28 12:35:00+05:30,24006.1,24019.15,24004.25,24018.15,0
2026-04-28 12:34:00+05:30,23995.2,24004.25,23994.4,24004.25,0
2026-04-28 12:33:00+05:30,23996.3,23998.9,23992.3,23993.95,0
2026-04-28 12:32:00+05:30,24000.35,24000.85,23993.15,23995.9,0
2026-04-28 12:31:00+05:30,24005.4,24007.0,23998.35,23998.5,0
2026-04-28 12:30:00+05:30,24011.9,24013.0,24004.55,24005.55,0
2026-04-28 12:29:00+05:30,24015.05,24017.2,24008.7,24012.45,0
2026-04-28 12:28:00+05:30,24023.5,24026.2,24014.7,24016.15,0
2026-04-28 12:27:00+05:30,24028.65,24030.05,24021.7,24024.6,0
2026-04-28 12:26:00+05:30,24017.3,24029.45,24017.15,24028.75,0
2026-04-28 12:25:00+05:30,24015.85,24019.15,24013.05,24018.0,0
2026-04-28 12:24:00+05:30,24008.05,24018.05,24006.8,24017.45,0
2026-04-28 12:23:00+05:30,24010.75,24015.8,24007.1,24008.35,0
2026-04-28 12:22:00+05:30,24024.5,24025.6,24003.85,24010.7,0
2026-04-28 12:21:00+05:30,24036.05,24038.75,24024.45,24024.45,0
2026-04-28 12:20:00+05:30,24036.0,24040.15,24033.25,24037.75,0
2026-04-28 12:19:00+05:30,24052.8,24054.25,24035.0,24036.0,0
2026-04-28 12:18:00+05:30,24053.2,24057.45,24052.15,24053.9,0
2026-04-28 12:17:00+05:30,24052.1,24057.1,24051.1,24055.6,0
2026-04-28 12:16:00+05:30,24051.2,24055.0,24048.8,24053.45,0
2026-04-28 12:15:00+05:30,24046.85,24052.55,24044.0,24051.45,0
2026-04-28 12:14:00+05:30,24044.15,24050.9,24044.15,24048.25,0
2026-04-28 12:13:00+05:30,24041.55,24046.7,24041.15,24044.95,0
2026-04-28 12:12:00+05:30,24036.6,24042.7,24034.6,24041.95,0
2026-04-28 12:11:00+05:30,24039.1,24041.0,24036.05,24038.6,0
2026-04-28 12:10:00+05:30,24033.6,24042.25,24033.6,24041.2,0
2026-04-28 12:09:00+05:30,24034.2,24038.1,24032.05,24035.35,0
2026-04-28 12:08:00+05:30,24031.75,24036.75,24031.7,24034.65,0
2026-04-28 12:07:00+05:30,24030.75,24035.4,24029.3,24032.35,0
2026-04-28 12:06:00+05:30,24034.95,24037.4,24031.3,24031.55,0
2026-04-28 12:05:00+05:30,24038.95,24041.75,24030.75,24037.05,0
2026-04-28 12:04:00+05:30,24043.95,24046.05,24039.35,24039.5,0
2026-04-28 12:03:00+05:30,24037.05,24046.8,24037.05,24044.7,0
2026-04-28 12:02:00+05:30,24041.05,24042.65,24034.3,24038.9,0
2026-04-28 12:01:00+05:30,24050.0,24050.5,24040.4,24040.9,0
2026-04-28 12:00:00+05:30,24058.1,24058.6,24049.6,24049.8,0
2026-04-28 11:59:00+05:30,24064.85,24065.1,24055.6,24056.0,0
2026-04-28 11:58:00+05:30,24075.95,24076.7,24063.3,24063.35,0
2026-04-28 11:57:00+05:30,24072.35,24077.2,24069.45,24075.1,0
2026-04-28 11:56:00+05:30,24071.75,24073.65,24068.5,24072.55,0
2026-04-28 11:55:00+05:30,24075.3,24077.35,24071.3,24071.3,0
2026-04-28 11:54:00+05:30,24076.6,24078.1,24072.2,24074.6,0
2026-04-28 11:53:00+05:30,24075.95,24076.8,24073.05,24075.7,0
2026-04-28 11:52:00+05:30,24082.0,24083.6,24073.4,24073.95,0
2026-04-28 11:51:00+05:30,24087.0,24088.5,24080.7,24081.05,0
2026-04-28 11:50:00+05:30,24086.55,24087.9,24080.45,24084.95,0
2026-04-28 11:49:00+05:30,24084.3,24087.05,24081.7,24085.95,0
2026-04-28 11:48:00+05:30,24081.05,24084.7,24078.05,24082.7,0
2026-04-28 11:47:00+05:30,24084.1,24084.45,24078.6,24080.4,0
2026-04-28 11:46:00+05:30,24084.25,24085.65,24080.3,24083.2,0
2026-04-28 11:45:00+05:30,24086.45,24093.8,24082.4,24082.4,0
2026-04-28 11:44:00+05:30,24078.45,24086.75,24077.95,24085.4,0
2026-04-28 11:43:00+05:30,24076.1,24079.05,24074.0,24077.9,0
2026-04-28 11:42:00+05:30,24078.6,24079.05,24073.3,24076.15,0
2026-04-28 11:41:00+05:30,24083.6,24084.35,24075.8,24077.5,0
2026-04-28 11:40:00+05:30,24082.3,24086.6,24081.15,24082.7,0
2026-04-28 11:39:00+05:30,24081.15,24083.95,24078.75,24082.0,0
2026-04-28 11:38:00+05:30,24077.25,24082.55,24069.9,24079.45,0
2026-04-28 11:37:00+05:30,24076.05,24079.1,24073.0,24075.55,0
2026-04-28 11:36:00+05:30,24060.7,24075.9,24060.05,24075.9,0
2026-04-28 11:35:00+05:30,24060.6,24063.75,24058.45,24060.35,0
2026-04-28 11:34:00+05:30,24049.5,24059.75,24047.15,24059.25,0
2026-04-28 11:33:00+05:30,24055.4,24056.8,24045.35,24047.85,0
2026-04-28 11:32:00+05:30,24063.2,24065.7,24054.6,24054.6,0
2026-04-28 11:31:00+05:30,24052.15,24063.65,24048.35,24063.05,0
2026-04-28 11:30:00+05:30,24057.85,24058.45,24046.7,24052.7,0
2026-04-28 11:29:00+05:30,24066.95,24069.5,24057.9,24058.0,0
2026-04-28 11:28:00+05:30,24071.25,24072.25,24058.8,24065.3,0
2026-04-28 11:27:00+05:30,24077.65,24078.8,24068.3,24072.1,0
2026-04-28 11:26:00+05:30,24096.25,24096.8,24077.35,24077.35,0
2026-04-28 11:25:00+05:30,24112.15,24112.25,24095.0,24095.5,0
2026-04-28 11:24:00+05:30,24126.3,24126.85,24109.95,24111.65,0
2026-04-28 11:23:00+05:30,24130.7,24131.35,24122.8,24125.75,0
2026-04-28 11:22:00+05:30,24135.25,24135.3,24130.15,24130.15,0
2026-04-28 11:21:00+05:30,24132.9,24137.55,24131.55,24134.05,0
2026-04-28 11:20:00+05:30,24129.0,24134.25,24127.6,24132.25,0
2026-04-28 11:19:00+05:30,24131.55,24131.85,24126.3,24127.0,0
2026-04-28 11:18:00+05:30,24127.4,24131.7,24126.2,24130.05,0
2026-04-28 11:17:00+05:30,24133.35,24133.35,24124.35,24126.65,0
2026-04-28 11:16:00+05:30,24141.5,24141.5,24132.1,24132.1,0
2026-04-28 11:15:00+05:30,24148.15,24148.95,24139.8,24140.55,0
2026-04-28 11:14:00+05:30,24147.25,24149.1,24145.95,24148.0,0
2026-04-28 11:13:00+05:30,24141.2,24147.95,24141.2,24147.35,0
2026-04-28 11:12:00+05:30,24136.0,24141.1,24132.6,24139.95,0
2026-04-28 11:11:00+05:30,24145.25,24146.1,24134.8,24135.2,0
2026-04-28 11:10:00+05:30,24145.9,24147.55,24141.4,24144.15,0
2026-04-28 11:09:00+05:30,24141.5,24147.7,24140.45,24144.95,0
2026-04-28 11:08:00+05:30,24139.45,24143.25,24137.5,24141.1,0
2026-04-28 11:07:00+05:30,24146.85,24147.75,24138.55,24138.75,0
2026-04-28 11:06:00+05:30,24153.9,24154.1,24143.2,24146.35,0
2026-04-28 11:05:00+05:30,24162.15,24163.1,24152.95,24153.15,0
2026-04-28 11:04:00+05:30,24161.95,24162.45,24158.0,24161.35,0
2026-04-28 11:03:00+05:30,24156.15,24162.7,24155.25,24160.8,0
2026-04-28 11:02:00+05:30,24162.3,24163.85,24153.25,24155.65,0
2026-04-28 11:01:00+05:30,24165.8,24165.8,24160.2,24161.05,0
2026-04-28 11:00:00+05:30,24169.85,24169.85,24162.6,24163.85,0
2026-04-28 10:59:00+05:30,24171.85,24174.65,24166.75,24167.8,0
2026-04-28 10:58:00+05:30,24168.4,24174.2,24166.65,24170.1,0
2026-04-28 10:57:00+05:30,24171.6,24172.1,24164.1,24167.05,0
2026-04-28 10:56:00+05:30,24169.8,24174.05,24167.55,24169.95,0
2026-04-28 10:55:00+05:30,24163.5,24171.55,24162.45,24168.4,0
2026-04-28 10:54:00+05:30,24155.5,24165.95,24152.65,24162.2,0
2026-04-28 10:53:00+05:30,24154.75,24157.15,24153.25,24154.85,0
2026-04-28 10:52:00+05:30,24154.15,24155.0,24151.7,24153.4,0
2026-04-28 10:51:00+05:30,24154.95,24155.75,24151.9,24152.8,0
2026-04-28 10:50:00+05:30,24151.9,24156.0,24150.45,24154.6,0
2026-04-28 10:49:00+05:30,24153.45,24153.7,24147.1,24150.3,0
2026-04-28 10:48:00+05:30,24151.2,24154.6,24149.8,24152.55,0
2026-04-28 10:47:00+05:30,24152.65,24153.5,24145.1,24151.85,0
2026-04-28 10:46:00+05:30,24149.05,24151.5,24144.85,24151.1,0
2026-04-28 10:45:00+05:30,24135.6,24148.0,24134.35,24148.0,0
2026-04-28 10:44:00+05:30,24133.0,24136.35,24128.65,24134.85,0
2026-04-28 10:43:00+05:30,24128.0,24132.9,24127.25,24132.0,0
2026-04-28 10:42:00+05:30,24130.05,24130.55,24124.25,24127.3,0
2026-04-28 10:41:00+05:30,24137.5,24137.75,24127.4,24129.8,0
2026-04-28 10:40:00+05:30,24139.95,24140.4,24135.15,24136.95,0
2026-04-28 10:39:00+05:30,24137.5,24140.55,24134.0,24139.8,0
2026-04-28 10:38:00+05:30,24138.9,24139.1,24134.25,24136.25,0
2026-04-28 10:37:00+05:30,24147.45,24148.05,24136.6,24137.7,0
2026-04-28 10:36:00+05:30,24143.1,24147.3,24137.55,24147.3,0
2026-04-28 10:35:00+05:30,24152.8,24153.35,24139.1,24142.1,0
2026-04-28 10:34:00+05:30,24154.95,24155.1,24150.3,24152.0,0
2026-04-28 10:33:00+05:30,24156.45,24157.15,24153.2,24154.6,0
2026-04-28 10:32:00+05:30,24161.3,24162.0,24155.85,24155.9,0
2026-04-28 10:31:00+05:30,24168.8,24169.7,24159.4,24159.9,0
2026-04-28 10:30:00+05:30,24168.2,24171.95,24166.15,24167.7,0
2026-04-28 10:29:00+05:30,24167.35,24168.55,24165.55,24166.8,0
2026-04-28 10:28:00+05:30,24168.75,24169.3,24164.45,24165.8,0
2026-04-28 10:27:00+05:30,24178.45,24178.45,24168.75,24169.0,0
2026-04-28 10:26:00+05:30,24177.6,24181.8,24175.7,24177.85,0
2026-04-28 10:25:00+05:30,24170.8,24176.4,24169.55,24176.3,0
2026-04-28 10:24:00+05:30,24167.6,24173.85,24166.8,24170.6,0
2026-04-28 10:23:00+05:30,24173.7,24173.7,24165.6,24167.45,0
2026-04-28 10:22:00+05:30,24168.95,24175.05,24167.6,24173.1,0
2026-04-28 10:21:00+05:30,24162.0,24169.35,24159.95,24168.4,0
2026-04-28 10:20:00+05:30,24158.5,24161.2,24154.8,24160.3,0
2026-04-28 10:19:00+05:30,24159.05,24160.05,24156.2,24157.4,0
2026-04-28 10:18:00+05:30,24159.35,24160.95,24151.85,24158.55,0
2026-04-28 10:17:00+05:30,24161.1,24162.1,24154.7,24158.3,0
2026-04-28 10:16:00+05:30,24154.05,24162.0,24153.0,24161.2,0
2026-04-28 10:15:00+05:30,24148.4,24153.6,24144.5,24152.6,0
2026-04-28 10:14:00+05:30,24148.75,24149.35,24145.05,24148.3,0
2026-04-28 10:13:00+05:30,24155.15,24155.55,24147.6,24147.7,0
2026-04-28 10:12:00+05:30,24156.95,24157.1,24151.8,24154.55,0
2026-04-28 10:11:00+05:30,24159.4,24160.0,24154.65,24155.85,0
2026-04-28 10:10:00+05:30,24161.15,24162.2,24156.95,24159.0,0
2026-04-28 10:09:00+05:30,24159.95,24166.35,24159.35,24160.55,0
2026-04-28 10:08:00+05:30,24159.35,24162.75,24156.85,24159.55,0
2026-04-28 10:07:00+05:30,24149.2,24160.0,24146.85,24158.85,0
2026-04-28 10:06:00+05:30,24151.9,24152.85,24145.4,24149.5,0
2026-04-28 10:05:00+05:30,24155.5,24156.4,24150.45,24151.85,0
2026-04-28 10:04:00+05:30,24162.0,24162.3,24154.45,24155.2,0
2026-04-28 10:03:00+05:30,24159.9,24162.5,24153.75,24161.6,0
2026-04-28 10:02:00+05:30,24164.05,24165.3,24157.75,24158.55,0
2026-04-28 10:01:00+05:30,24160.05,24168.55,24160.05,24162.65,0
2026-04-28 10:00:00+05:30,24154.35,24161.8,24154.35,24158.6,0
2026-04-28 09:59:00+05:30,24149.2,24156.6,24147.15,24155.3,0
2026-04-28 09:58:00+05:30,24141.35,24147.7,24138.0,24147.45,0
2026-04-28 09:57:00+05:30,24140.65,24143.45,24135.8,24139.1,0
2026-04-28 09:56:00+05:30,24139.45,24143.75,24138.05,24140.25,0
2026-04-28 09:55:00+05:30,24124.7,24139.9,24124.4,24138.8,0
2026-04-28 09:54:00+05:30,24117.05,24124.9,24114.3,24123.35,0
2026-04-28 09:53:00+05:30,24118.55,24118.85,24112.95,24116.4,0
2026-04-28 09:52:00+05:30,24120.9,24121.55,24114.95,24117.0,0
2026-04-28 09:51:00+05:30,24124.25,24126.05,24119.3,24119.3,0
2026-04-28 09:50:00+05:30,24121.7,24128.5,24120.1,24123.9,0
2026-04-28 09:49:00+05:30,24131.6,24132.2,24120.55,24120.8,0
2026-04-28 09:48:00+05:30,24141.15,24141.7,24125.45,24130.55,0
2026-04-28 09:47:00+05:30,24146.85,24146.85,24137.0,24139.7,0
2026-04-28 09:46:00+05:30,24138.5,24149.85,24137.7,24145.75,0
2026-04-28 09:45:00+05:30,24130.8,24141.55,24130.8,24138.7,0
2026-04-28 09:44:00+05:30,24128.0,24133.75,24127.2,24128.3,0
2026-04-28 09:43:00+05:30,24122.8,24130.65,24120.25,24127.35,0
2026-04-28 09:42:00+05:30,24120.9,24128.95,24119.35,24120.55,0
2026-04-28 09:41:00+05:30,24116.65,24122.95,24116.3,24120.7,0
2026-04-28 09:40:00+05:30,24103.2,24117.25,24101.55,24115.55,0
2026-04-28 09:39:00+05:30,24105.5,24106.2,24097.3,24101.9,0
2026-04-28 09:38:00+05:30,24108.1,24108.2,24101.15,24103.15,0
2026-04-28 09:37:00+05:30,24106.35,24112.8,24104.8,24108.2,0
2026-04-28 09:36:00+05:30,24094.45,24107.8,24092.25,24105.65,0
2026-04-28 09:35:00+05:30,24107.0,24107.1,24090.4,24094.7,0
2026-04-28 09:34:00+05:30,24114.45,24118.25,24105.95,24105.95,0
2026-04-28 09:33:00+05:30,24106.25,24114.1,24100.2,24111.45,0
2026-04-28 09:32:00+05:30,24105.85,24108.6,24100.6,24104.6,0
2026-04-28 09:31:00+05:30,24109.55,24110.65,24103.45,24105.3,0
2026-04-28 09:30:00+05:30,24116.2,24120.05,24106.9,24109.5,0
2026-04-28 09:29:00+05:30,24124.0,24125.05,24115.25,24115.35,0
2026-04-28 09:28:00+05:30,24121.3,24124.7,24118.3,24123.25,0
2026-04-28 09:27:00+05:30,24129.65,24129.65,24118.95,24120.95,0
2026-04-28 09:26:00+05:30,24123.55,24133.65,24123.55,24129.7,0
2026-04-28 09:25:00+05:30,24086.8,24122.8,24086.8,24122.35,0
2026-04-28 09:24:00+05:30,24088.6,24088.85,24074.25,24086.7,0
2026-04-28 09:23:00+05:30,24092.85,24097.35,24087.4,24087.55,0
2026-04-28 09:22:00+05:30,24097.05,24097.05,24083.6,24091.2,0
2026-04-28 09:21:00+05:30,24099.2,24100.0,24081.6,24095.85,0
2026-04-28 09:20:00+05:30,24094.75,24109.95,24092.0,24098.25,0
2026-04-28 09:19:00+05:30,24081.5,24096.95,24080.75,24093.85,0
2026-04-28 09:18:00+05:30,24067.55,24081.3,24059.75,24080.55,0
2026-04-28 09:17:00+05:30,24068.3,24082.05,24064.5,24065.8,0
2026-04-28 09:16:00+05:30,24034.5,24079.3,24029.4,24064.45,0
2026-04-28 09:15:00+05:30,24049.9,24057.1,23999.25,24034.3,0
2026-04-27 15:29:00+05:30,24105.75,24112.75,24099.75,24110.2,0
2026-04-27 15:28:00+05:30,24090.8,24106.1,24089.4,24105.6,0
2026-04-27 15:27:00+05:30,24089.3,24092.4,24086.9,24092.05,0
2026-04-27 15:26:00+05:30,24086.85,24092.0,24084.55,24089.0,0
2026-04-27 15:25:00+05:30,24090.2,24092.95,24082.25,24086.75,0
2026-04-27 15:24:00+05:30,24097.85,24099.05,24088.7,24090.3,0
2026-04-27 15:23:00+05:30,24097.0,24099.55,24092.15,24097.35,0
2026-04-27 15:22:00+05:30,24097.3,24099.35,24095.2,24097.25,0
2026-04-27 15:21:00+05:30,24089.05,24098.1,24088.0,24096.75,0
2026-04-27 15:20:00+05:30,24081.5,24090.25,24079.65,24089.8,0
2026-04-27 15:19:00+05:30,24080.75,24081.8,24077.85,24079.8,0
2026-04-27 15:18:00+05:30,24086.2,24087.1,24079.7,24080.15,0
2026-04-27 15:17:00+05:30,24093.1,24093.65,24085.0,24085.2,0
2026-04-27 15:16:00+05:30,24093.1,24094.0,24089.55,24091.85,0
2026-04-27 15:15:00+05:30,24095.15,24096.5,24091.05,24092.5,0
2026-04-27 15:14:00+05:30,24094.95,24099.2,24093.6,24094.3,0
2026-04-27 15:13:00+05:30,24098.05,24102.3,24093.85,24094.8,0
2026-04-27 15:12:00+05:30,24096.25,24102.7,24095.35,24100.05,0
2026-04-27 15:11:00+05:30,24091.7,24098.0,24090.15,24097.05,0
2026-04-27 15:10:00+05:30,24093.05,24094.85,24088.95,24092.0,0
2026-04-27 15:09:00+05:30,24090.35,24096.8,24089.8,24093.7,0
2026-04-27 15:08:00+05:30,24090.85,24093.15,24090.35,24091.5,0
2026-04-27 15:07:00+05:30,24091.95,24094.3,24090.45,24092.3,0
2026-04-27 15:06:00+05:30,24097.05,24098.3,24090.35,24092.9,0
2026-04-27 15:05:00+05:30,24098.95,24100.25,24095.05,24097.1,0
2026-04-27 15:04:00+05:30,24096.9,24101.8,24093.35,24099.55,0
2026-04-27 15:03:00+05:30,24096.7,24098.55,24094.15,24096.5,0
2026-04-27 15:02:00+05:30,24099.95,24102.4,24096.4,24097.85,0
2026-04-27 15:01:00+05:30,24107.25,24110.2,24099.95,24100.1,0
2026-04-27 15:00:00+05:30,24118.2,24119.45,24106.45,24106.9,0
2026-04-27 14:59:00+05:30,24124.6,24125.0,24118.95,24121.95,0
2026-04-27 14:58:00+05:30,24122.6,24128.15,24122.3,24127.0,0
2026-04-27 14:57:00+05:30,24119.15,24124.85,24113.8,24123.35,0
2026-04-27 14:56:00+05:30,24121.95,24124.1,24118.0,24120.45,0
2026-04-27 14:55:00+05:30,24125.6,24130.7,24120.75,24122.5,0
2026-04-27 14:54:00+05:30,24114.95,24126.15,24114.95,24126.15,0
2026-04-27 14:53:00+05:30,24115.1,24117.8,24112.85,24115.8,0
2026-04-27 14:52:00+05:30,24112.55,24117.3,24111.8,24115.35,0
2026-04-27 14:51:00+05:30,24105.25,24113.8,24104.65,24113.5,0
2026-04-27 14:50:00+05:30,24105.6,24109.05,24103.3,24105.65,0
2026-04-27 14:49:00+05:30,24105.35,24107.85,24100.15,24107.75,0
2026-04-27 14:48:00+05:30,24104.9,24109.0,24103.75,24106.05,0
2026-04-27 14:47:00+05:30,24107.2,24108.4,24101.95,24104.8,0
2026-04-27 14:46:00+05:30,24101.85,24108.1,24097.8,24107.3,0
2026-04-27 14:45:00+05:30,24110.05,24111.5,24102.3,24102.3,0
2026-04-27 14:44:00+05:30,24109.15,24112.5,24108.2,24110.65,0
2026-04-27 14:43:00+05:30,24109.9,24112.3,24106.75,24108.4,0
2026-04-27 14:42:00+05:30,24101.05,24109.5,24100.05,24109.5,0
2026-04-27 14:41:00+05:30,24095.95,24102.85,24095.95,24102.05,0
2026-04-27 14:40:00+05:30,24097.15,24099.7,24091.75,24096.85,0
2026-04-27 14:39:00+05:30,24097.65,24101.5,24095.95,24096.65,0
2026-04-27 14:38:00+05:30,24092.15,24107.45,24092.15,24101.15,0
2026-04-27 14:37:00+05:30,24080.05,24092.9,24079.1,24092.9,0
2026-04-27 14:36:00+05:30,24083.0,24084.3,24078.9,24080.15,0
2026-04-27 14:35:00+05:30,24083.0,24084.6,24079.55,24083.65,0
2026-04-27 14:34:00+05:30,24084.4,24087.35,24080.45,24083.5,0
2026-04-27 14:33:00+05:30,24081.9,24088.95,24080.85,24084.75,0
2026-04-27 14:32:00+05:30,24088.55,24090.25,24080.85,24080.85,0
2026-04-27 14:31:00+05:30,24105.2,24107.5,24090.2,24090.35,0
2026-04-27 14:30:00+05:30,24109.9,24110.45,24104.2,24105.3,0
2026-04-27 14:29:00+05:30,24108.45,24111.95,24107.75,24111.2,0
2026-04-27 14:28:00+05:30,24109.7,24112.75,24108.65,24108.9,0
2026-04-27 14:27:00+05:30,24105.75,24110.95,24105.75,24110.25,0
2026-04-27 14:26:00+05:30,24107.3,24108.8,24102.2,24106.85,0
2026-04-27 14:25:00+05:30,24109.65,24112.8,24108.85,24109.3,0
2026-04-27 14:24:00+05:30,24113.6,24115.95,24110.0,24110.0,0
2026-04-27 14:23:00+05:30,24111.7,24116.6,24111.6,24113.8,0
2026-04-27 14:22:00+05:30,24110.4,24114.6,24109.7,24111.75,0
2026-04-27 14:21:00+05:30,24114.15,24115.55,24108.15,24110.2,0
2026-04-27 14:20:00+05:30,24118.7,24119.85,24111.4,24115.1,0
2026-04-27 14:19:00+05:30,24118.05,24124.0,24117.1,24119.65,0
2026-04-27 14:18:00+05:30,24116.85,24119.55,24114.0,24117.95,0
2026-04-27 14:17:00+05:30,24114.35,24118.4,24110.55,24116.95,0
2026-04-27 14:16:00+05:30,24121.0,24123.0,24114.6,24114.95,0
2026-04-27 14:15:00+05:30,24122.1,24123.15,24118.1,24122.1,0
2026-04-27 14:14:00+05:30,24119.35,24124.55,24119.15,24122.2,0
2026-04-27 14:13:00+05:30,24115.3,24120.75,24114.4,24120.55,0
2026-04-27 14:12:00+05:30,24117.5,24120.4,24114.85,24115.55,0
2026-04-27 14:11:00+05:30,24115.75,24118.1,24110.15,24116.4,0
2026-04-27 14:10:00+05:30,24109.85,24117.05,24109.1,24116.0,0
2026-04-27 14:09:00+05:30,24108.7,24113.1,24107.0,24109.8,0
2026-04-27 14:08:00+05:30,24106.5,24111.75,24106.5,24109.6,0
2026-04-27 14:07:00+05:30,24115.15,24115.15,24105.65,24107.4,0
2026-04-27 14:06:00+05:30,24117.05,24119.8,24115.1,24115.1,0
2026-04-27 14:05:00+05:30,24113.1,24119.4,24113.1,24117.7,0
2026-04-27 14:04:00+05:30,24108.25,24115.1,24107.25,24114.3,0
2026-04-27 14:03:00+05:30,24113.05,24115.65,24106.4,24108.3,0
2026-04-27 14:02:00+05:30,24115.3,24116.3,24112.4,24114.25,0
2026-04-27 14:01:00+05:30,24115.9,24120.1,24115.15,24115.65,0
2026-04-27 14:00:00+05:30,24113.35,24120.3,24112.7,24116.25,0
2026-04-27 13:59:00+05:30,24112.5,24117.4,24110.65,24114.25,0
2026-04-27 13:58:00+05:30,24117.0,24118.15,24111.0,24112.85,0
2026-04-27 13:57:00+05:30,24112.85,24117.25,24109.75,24116.05,0
2026-04-27 13:56:00+05:30,24114.1,24114.7,24106.2,24113.25,0
2026-04-27 13:55:00+05:30,24115.2,24119.55,24113.95,24115.0,0
2026-04-27 13:54:00+05:30,24110.8,24117.1,24109.25,24116.3,0
2026-04-27 13:53:00+05:30,24107.75,24111.85,24106.4,24109.8,0
2026-04-27 13:52:00+05:30,24104.7,24111.85,24104.15,24108.8,0
2026-04-27 13:51:00+05:30,24103.4,24106.5,24102.45,24103.95,0
2026-04-27 13:50:00+05:30,24109.35,24109.75,24102.55,24104.2,0
2026-04-27 13:49:00+05:30,24119.0,24119.8,24108.4,24109.7,0
2026-04-27 13:48:00+05:30,24126.6,24126.6,24119.35,24120.6,0
2026-04-27 13:47:00+05:30,24125.85,24129.55,24123.85,24125.5,0
2026-04-27 13:46:00+05:30,24120.0,24126.4,24119.1,24125.8,0
2026-04-27 13:45:00+05:30,24114.75,24121.65,24113.45,24119.75,0
2026-04-27 13:44:00+05:30,24119.3,24120.6,24114.45,24116.25,0
2026-04-27 13:43:00+05:30,24123.1,24127.2,24119.3,24119.8,0
2026-04-27 13:42:00+05:30,24121.1,24125.5,24120.5,24124.9,0
2026-04-27 13:41:00+05:30,24115.75,24122.1,24113.45,24120.7,0
2026-04-27 13:40:00+05:30,24111.55,24118.85,24110.9,24114.9,0
2026-04-27 13:39:00+05:30,24109.55,24113.75,24109.05,24112.1,0
2026-04-27 13:38:00+05:30,24110.75,24112.75,24109.75,24110.4,0
2026-04-27 13:37:00+05:30,24110.6,24111.5,24108.0,24110.7,0
2026-04-27 13:36:00+05:30,24114.05,24118.25,24110.7,24111.6,0
2026-04-27 13:35:00+05:30,24108.9,24117.1,24107.05,24114.35,0
2026-04-27 13:34:00+05:30,24108.8,24110.95,24107.2,24109.0,0
2026-04-27 13:33:00+05:30,24105.7,24110.35,24105.7,24108.2,0
2026-04-27 13:32:00+05:30,24100.0,24106.95,24099.4,24106.7,0
2026-04-27 13:31:00+05:30,24108.3,24110.6,24099.55,24099.9,0
2026-04-27 13:30:00+05:30,24107.8,24110.55,24103.5,24109.7,0
2026-04-27 13:29:00+05:30,24115.15,24115.8,24107.5,24107.5,0
2026-04-27 13:28:00+05:30,24116.4,24119.9,24114.45,24114.75,0
2026-04-27 13:27:00+05:30,24109.35,24120.55,24108.9,24115.9,0
2026-04-27 13:26:00+05:30,24107.8,24111.25,24106.55,24110.55,0
2026-04-27 13:25:00+05:30,24109.4,24112.4,24108.15,24108.15,0
2026-04-27 13:24:00+05:30,24110.45,24112.4,24107.85,24109.95,0
2026-04-27 13:23:00+05:30,24106.45,24111.15,24105.9,24110.85,0
2026-04-27 13:22:00+05:30,24102.3,24107.35,24099.25,24106.65,0
2026-04-27 13:21:00+05:30,24093.75,24104.8,24093.75,24102.65,0
2026-04-27 13:20:00+05:30,24102.0,24106.15,24093.3,24095.9,0
2026-04-27 13:19:00+05:30,24107.75,24110.3,24102.85,24104.65,0
2026-04-27 13:18:00+05:30,24115.15,24115.15,24105.2,24107.55,0
2026-04-27 13:17:00+05:30,24111.4,24116.6,24111.4,24114.8,0
2026-04-27 13:16:00+05:30,24105.6,24114.4,24105.55,24111.55,0
2026-04-27 13:15:00+05:30,24100.2,24106.8,24099.2,24106.0,0
2026-04-27 13:14:00+05:30,24092.15,24100.0,24091.7,24099.75,0
2026-04-27 13:13:00+05:30,24084.25,24093.4,24083.95,24092.9,0
2026-04-27 13:12:00+05:30,24081.4,24086.45,24079.9,24084.3,0
2026-04-27 13:11:00+05:30,24092.5,24093.75,24082.15,24082.15,0
2026-04-27 13:10:00+05:30,24090.0,24094.5,24089.45,24093.85,0
2026-04-27 13:09:00+05:30,24086.65,24091.95,24086.3,24090.95,0
2026-04-27 13:08:00+05:30,24081.9,24088.25,24080.85,24086.6,0
2026-04-27 13:07:00+05:30,24079.85,24084.25,24079.0,24082.6,0
2026-04-27 13:06:00+05:30,24071.5,24080.55,24069.4,24079.9,0
2026-04-27 13:05:00+05:30,24082.5,24083.55,24070.05,24070.8,0
2026-04-27 13:04:00+05:30,24085.7,24087.9,24082.3,24082.3,0
2026-04-27 13:03:00+05:30,24081.9,24088.4,24080.2,24085.3,0
2026-04-27 13:02:00+05:30,24080.1,24083.75,24078.7,24081.95,0
2026-04-27 13:01:00+05:30,24078.8,24084.75,24077.95,24081.0,0
2026-04-27 13:00:00+05:30,24071.7,24081.5,24071.7,24078.8,0
2026-04-27 12:59:00+05:30,24070.25,24073.55,24068.6,24071.5,0
2026-04-27 12:58:00+05:30,24069.15,24071.95,24067.95,24070.9,0
2026-04-27 12:57:00+05:30,24070.2,24073.65,24067.2,24069.2,0
2026-04-27 12:56:00+05:30,24073.4,24074.6,24069.0,24070.2,0
2026-04-27 12:55:00+05:30,24073.25,24077.7,24072.25,24073.25,0
2026-04-27 12:54:00+05:30,24078.75,24079.35,24071.15,24074.3,0
2026-04-27 12:53:00+05:30,24078.55,24084.0,24077.3,24079.85,0
2026-04-27 12:52:00+05:30,24069.75,24079.2,24068.75,24077.9,0
2026-04-27 12:51:00+05:30,24068.45,24070.2,24065.45,24069.8,0
2026-04-27 12:50:00+05:30,24072.75,24074.4,24069.2,24069.2,0
2026-04-27 12:49:00+05:30,24070.9,24075.35,24069.7,24072.7,0
2026-04-27 12:48:00+05:30,24076.85,24076.85,24070.9,24070.9,0
2026-04-27 12:47:00+05:30,24074.25,24078.5,24073.05,24076.7,0
2026-04-27 12:46:00+05:30,24073.1,24075.2,24071.25,24073.45,0
2026-04-27 12:45:00+05:30,24074.75,24078.65,24072.1,24075.15,0
2026-04-27 12:44:00+05:30,24073.8,24080.2,24073.8,24075.7,0
2026-04-27 12:43:00+05:30,24071.85,24077.75,24071.85,24076.5,0
2026-04-27 12:42:00+05:30,24075.15,24077.3,24071.1,24073.35,0
2026-04-27 12:41:00+05:30,24079.3,24079.95,24073.85,24075.2,0
2026-04-27 12:40:00+05:30,24077.9,24082.5,24077.55,24079.15,0
2026-04-27 12:39:00+05:30,24080.55,24082.6,24075.75,24078.65,0
2026-04-27 12:38:00+05:30,24084.45,24085.3,24078.05,24080.35,0
2026-04-27 12:37:00+05:30,24089.75,24092.85,24084.75,24085.85,0
2026-04-27 12:36:00+05:30,24085.4,24089.75,24083.65,24089.1,0
2026-04-27 12:35:00+05:30,24075.15,24086.25,24074.7,24084.35,0
2026-04-27 12:34:00+05:30,24073.05,24077.95,24072.2,24076.05,0
2026-04-27 12:33:00+05:30,24063.0,24073.65,24062.55,24073.5,0
2026-04-27 12:32:00+05:30,24065.8,24069.85,24063.05,24063.75,0
2026-04-27 12:31:00+05:30,24058.65,24068.15,24058.65,24067.8,0
2026-04-27 12:30:00+05:30,24057.75,24063.25,24056.95,24060.2,0
2026-04-27 12:29:00+05:30,24061.4,24066.1,24058.7,24059.0,0
2026-04-27 12:28:00+05:30,24055.6,24062.9,24053.05,24061.9,0
2026-04-27 12:27:00+05:30,24056.1,24058.35,24054.6,24056.15,0
2026-04-27 12:26:00+05:30,24046.6,24057.75,24046.15,24056.4,0
2026-04-27 12:25:00+05:30,24043.6,24050.9,24042.45,24047.55,0
2026-04-27 12:24:00+05:30,24040.95,24046.25,24040.95,24043.75,0
2026-04-27 12:23:00+05:30,24035.45,24042.7,24034.9,24041.9,0
2026-04-27 12:22:00+05:30,24033.6,24037.75,24032.45,24035.8,0
2026-04-27 12:21:00+05:30,24036.9,24039.3,24031.2,24033.2,0
2026-04-27 12:20:00+05:30,24044.25,24045.8,24035.9,24037.7,0
2026-04-27 12:19:00+05:30,24043.95,24048.1,24043.95,24044.75,0
2026-04-27 12:18:00+05:30,24044.35,24046.85,24043.85,24044.8,0
2026-04-27 12:17:00+05:30,24042.7,24046.05,24041.35,24045.0,0
2026-04-27 12:16:00+05:30,24040.7,24045.55,24038.25,24043.05,0
2026-04-27 12:15:00+05:30,24039.85,24041.15,24035.7,24040.85,0
2026-04-27 12:14:00+05:30,24042.5,24043.5,24038.95,24040.5,0
2026-04-27 12:13:00+05:30,24039.4,24044.85,24038.45,24043.55,0
2026-04-27 12:12:00+05:30,24034.4,24041.45,24033.45,24039.4,0
2026-04-27 12:11:00+05:30,24039.3,24041.95,24032.55,24035.35,0
2026-04-27 12:10:00+05:30,24034.55,24042.75,24032.55,24040.55,0
2026-04-27 12:09:00+05:30,24038.45,24039.3,24033.3,24033.3,0
2026-04-27 12:08:00+05:30,24038.8,24042.85,24036.9,24038.65,0
2026-04-27 12:07:00+05:30,24036.85,24045.15,24035.7,24040.4,0
2026-04-27 12:06:00+05:30,24031.05,24037.8,24030.45,24037.8,0
2026-04-27 12:05:00+05:30,24028.6,24034.55,24027.0,24032.55,0
2026-04-27 12:04:00+05:30,24023.95,24030.35,24022.85,24030.25,0
2026-04-27 12:03:00+05:30,24024.9,24027.2,24022.8,24025.35,0
2026-04-27 12:02:00+05:30,24025.3,24028.8,24023.45,24026.25,0
2026-04-27 12:01:00+05:30,24030.0,24032.8,24025.45,24026.3,0
2026-04-27 12:00:00+05:30,24036.2,24038.3,24027.5,24029.45,0
2026-04-27 11:59:00+05:30,24033.65,24039.9,24033.5,24037.2,0
2026-04-27 11:58:00+05:30,24029.35,24035.4,24028.0,24035.0,0
2026-04-27 11:57:00+05:30,24021.0,24030.35,24020.25,24029.9,0
2026-04-27 11:56:00+05:30,24026.25,24030.4,24019.75,24021.25,0
2026-04-27 11:55:00+05:30,24019.3,24026.75,24018.35,24026.2,0
2026-04-27 11:54:00+05:30,24016.6,24020.7,24013.05,24019.2,0
2026-04-27 11:53:00+05:30,24013.85,24019.9,24011.75,24016.95,0
2026-04-27 11:52:00+05:30,24006.7,24014.55,24002.55,24014.55,0
2026-04-27 11:51:00+05:30,24016.15,24017.8,24005.5,24006.9,0
2026-04-27 11:50:00+05:30,24023.45,24023.45,24013.75,24016.5,0
2026-04-27 11:49:00+05:30,24011.45,24024.3,24011.05,24022.25,0
2026-04-27 11:48:00+05:30,24002.55,24014.45,23999.65,24011.75,0
2026-04-27 11:47:00+05:30,23992.05,23999.7,23992.05,23999.1,0
2026-04-27 11:46:00+05:30,23992.85,23993.75,23984.3,23992.45,0
2026-04-27 11:45:00+05:30,23998.45,24000.25,23986.65,23990.5,0
2026-04-27 11:44:00+05:30,23993.2,23999.85,23991.95,23998.65,0
2026-04-27 11:43:00+05:30,23995.75,24002.1,23990.8,23993.0,0
2026-04-27 11:42:00+05:30,23994.8,23997.35,23988.65,23996.55,0
2026-04-27 11:41:00+05:30,23997.1,23999.45,23991.9,23995.65,0
2026-04-27 11:40:00+05:30,23990.0,23995.1,23987.15,23994.25,0
2026-04-27 11:39:00+05:30,23979.75,23993.9,23974.4,23990.35,0
2026-04-27 11:38:00+05:30,23985.35,23989.45,23977.35,23981.85,0
2026-04-27 11:37:00+05:30,24001.15,24002.5,23986.1,23986.1,0
2026-04-27 11:36:00+05:30,24004.85,24011.05,23999.65,24002.2,0
2026-04-27 11:35:00+05:30,24012.9,24012.9,23992.3,24004.1,0
2026-04-27 11:34:00+05:30,24018.95,24019.7,24005.85,24014.15,0
2026-04-27 11:33:00+05:30,24024.35,24025.35,24016.15,24018.15,0
2026-04-27 11:32:00+05:30,24030.95,24033.8,24023.2,24024.6,0
2026-04-27 11:31:00+05:30,24028.3,24032.25,24025.4,24031.15,0
2026-04-27 11:30:00+05:30,24031.65,24039.85,24028.25,24028.95,0
2026-04-27 11:29:00+05:30,24033.0,24036.05,24029.7,24030.95,0
2026-04-27 11:28:00+05:30,24039.05,24044.45,24032.2,24034.2,0
2026-04-27 11:27:00+05:30,24038.2,24041.75,24037.6,24038.7,0
2026-04-27 11:26:00+05:30,24050.4,24053.15,24038.55,24039.55,0
2026-04-27 11:25:00+05:30,24057.4,24057.6,24047.0,24051.45,0
2026-04-27 11:24:00+05:30,24062.55,24063.85,24057.3,24058.0,0
2026-04-27 11:23:00+05:30,24058.05,24065.7,24056.3,24063.1,0
2026-04-27 11:22:00+05:30,24064.25,24065.6,24056.95,24058.85,0
2026-04-27 11:21:00+05:30,24062.7,24066.05,24059.65,24064.8,0
2026-04-27 11:20:00+05:30,24071.15,24073.05,24062.15,24063.6,0
2026-04-27 11:19:00+05:30,24073.85,24076.7,24070.4,24071.6,0
2026-04-27 11:18:00+05:30,24073.2,24076.65,24071.9,24075.15,0
2026-04-27 11:17:00+05:30,24067.15,24077.5,24067.15,24074.3,0
2026-04-27 11:16:00+05:30,24065.5,24071.35,24064.45,24068.3,0
2026-04-27 11:15:00+05:30,24055.45,24067.0,24053.3,24064.95,0
2026-04-27 11:14:00+05:30,24056.5,24059.3,24052.05,24056.9,0
2026-04-27 11:13:00+05:30,24046.8,24057.0,24046.65,24056.45,0
2026-04-27 11:12:00+05:30,24043.8,24049.25,24041.75,24048.7,0
2026-04-27 11:11:00+05:30,24040.15,24047.15,24039.2,24044.35,0
2026-04-27 11:10:00+05:30,24030.25,24040.1,24029.65,24040.0,0
2026-04-27 11:09:00+05:30,24034.6,24038.5,24026.85,24030.55,0
2026-04-27 11:08:00+05:30,24052.1,24052.3,24035.4,24035.4,0
2026-04-27 11:07:00+05:30,24055.55,24057.2,24047.45,24052.7,0
2026-04-27 11:06:00+05:30,24060.95,24062.05,24054.95,24055.8,0
2026-04-27 11:05:00+05:30,24062.85,24066.9,24060.25,24061.35,0
2026-04-27 11:04:00+05:30,24067.5,24072.6,24061.1,24063.6,0
2026-04-27 11:03:00+05:30,24056.55,24067.05,24054.75,24066.9,0
2026-04-27 11:02:00+05:30,24062.6,24067.5,24056.55,24059.55,0
2026-04-27 11:01:00+05:30,24072.45,24073.8,24061.0,24062.35,0
2026-04-27 11:00:00+05:30,24071.95,24076.6,24070.65,24074.2,0
2026-04-27 10:59:00+05:30,24075.9,24077.6,24071.35,24072.2,0
2026-04-27 10:58:00+05:30,24077.8,24082.45,24073.4,24075.8,0
2026-04-27 10:57:00+05:30,24075.45,24080.7,24074.0,24078.5,0
2026-04-27 10:56:00+05:30,24080.0,24080.65,24072.95,24076.75,0
2026-04-27 10:55:00+05:30,24079.85,24082.4,24076.3,24078.35,0
2026-04-27 10:54:00+05:30,24082.5,24088.95,24079.1,24080.1,0
2026-04-27 10:53:00+05:30,24076.65,24084.35,24071.5,24083.8,0
2026-04-27 10:52:00+05:30,24067.5,24079.1,24067.4,24078.3,0
2026-04-27 10:51:00+05:30,24070.1,24071.5,24066.0,24067.55,0
2026-04-27 10:50:00+05:30,24067.7,24072.2,24066.9,24070.3,0
2026-04-27 10:49:00+05:30,24061.7,24068.35,24061.3,24067.6,0
2026-04-27 10:48:00+05:30,24055.75,24063.2,24055.35,24062.65,0
2026-04-27 10:47:00+05:30,24041.9,24056.25,24041.9,24054.95,0
2026-04-27 10:46:00+05:30,24036.25,24044.15,24025.75,24042.05,0
2026-04-27 10:45:00+05:30,24041.6,24047.85,24035.15,24037.35,0
2026-04-27 10:44:00+05:30,24048.95,24049.7,24040.55,24043.45,0
2026-04-27 10:43:00+05:30,24036.85,24049.15,24031.1,24048.4,0
2026-04-27 10:42:00+05:30,24032.95,24042.7,24031.9,24037.25,0
2026-04-27 10:41:00+05:30,24022.05,24035.35,24022.05,24033.05,0
2026-04-27 10:40:00+05:30,24016.25,24022.0,24014.05,24020.95,0
2026-04-27 10:39:00+05:30,24023.85,24024.45,24016.65,24017.25,0
2026-04-27 10:38:00+05:30,24021.6,24028.5,24021.25,24025.1,0
2026-04-27 10:37:00+05:30,24024.85,24032.6,24021.5,24023.05,0
2026-04-27 10:36:00+05:30,24020.9,24027.8,24017.9,24026.85,0
2026-04-27 10:35:00+05:30,24022.5,24024.95,24014.4,24021.2,0
2026-04-27 10:34:00+05:30,24016.6,24023.65,24014.65,24023.2,0
2026-04-27 10:33:00+05:30,24021.75,24021.75,24013.0,24017.65,0
2026-04-27 10:32:00+05:30,24025.55,24030.5,24020.9,24021.9,0
2026-04-27 10:31:00+05:30,24041.4,24044.5,24024.05,24028.4,0
2026-04-27 10:30:00+05:30,24058.1,24061.2,24041.85,24042.35,0
2026-04-27 10:29:00+05:30,24056.75,24059.5,24053.1,24058.3,0
2026-04-27 10:28:00+05:30,24046.15,24057.7,24045.5,24056.1,0
2026-04-27 10:27:00+05:30,24054.0,24056.3,24045.4,24046.9,0
2026-04-27 10:26:00+05:30,24056.25,24056.9,24047.75,24054.2,0
2026-04-27 10:25:00+05:30,24067.3,24071.35,24055.95,24056.2,0
2026-04-27 10:24:00+05:30,24064.4,24069.8,24063.75,24066.3,0
2026-04-27 10:23:00+05:30,24076.2,24077.5,24064.45,24064.45,0
2026-04-27 10:22:00+05:30,24074.6,24079.0,24071.3,24076.7,0
2026-04-27 10:21:00+05:30,24076.75,24080.65,24070.5,24075.25,0
2026-04-27 10:20:00+05:30,24097.45,24098.0,24077.35,24077.65,0
2026-04-27 10:19:00+05:30,24093.8,24100.4,24092.7,24097.45,0
2026-04-27 10:18:00+05:30,24090.25,24095.65,24083.55,24095.05,0
2026-04-27 10:17:00+05:30,24099.15,24102.7,24090.35,24091.35,0
2026-04-27 10:16:00+05:30,24091.05,24103.15,24091.05,24099.1,0
2026-04-27 10:15:00+05:30,24063.9,24092.0,24063.9,24090.85,0
2026-04-27 10:14:00+05:30,24069.55,24072.4,24061.7,24063.3,0
2026-04-27 10:13:00+05:30,24085.3,24086.45,24069.75,24071.1,0
2026-04-27 10:12:00+05:30,24085.8,24090.0,24084.0,24085.85,0
2026-04-27 10:11:00+05:30,24081.85,24088.05,24075.4,24087.55,0
2026-04-27 10:10:00+05:30,24080.95,24083.7,24076.5,24083.1,0
2026-04-27 10:09:00+05:30,24087.25,24087.8,24078.75,24081.1,0
2026-04-27 10:08:00+05:30,24081.1,24089.45,24080.05,24088.25,0
2026-04-27 10:07:00+05:30,24080.85,24091.15,24079.6,24082.5,0
2026-04-27 10:06:00+05:30,24075.85,24081.85,24068.9,24081.85,0
2026-04-27 10:05:00+05:30,24079.1,24079.1,24072.25,24076.7,0
2026-04-27 10:04:00+05:30,24096.35,24096.35,24079.6,24080.2,0
2026-04-27 10:03:00+05:30,24097.25,24099.0,24090.35,24094.6,0
2026-04-27 10:02:00+05:30,24098.75,24100.35,24089.55,24097.65,0
2026-04-27 10:01:00+05:30,24099.0,24102.65,24087.7,24099.65,0
2026-04-27 10:00:00+05:30,24098.75,24101.7,24094.35,24099.9,0
2026-04-27 09:59:00+05:30,24106.2,24107.15,24098.1,24099.05,0
2026-04-27 09:58:00+05:30,24099.15,24107.6,24097.9,24104.45,0
2026-04-27 09:57:00+05:30,24097.4,24100.15,24092.35,24099.05,0
2026-04-27 09:56:00+05:30,24096.1,24102.4,24095.2,24099.05,0
2026-04-27 09:55:00+05:30,24099.15,24100.75,24092.7,24095.9,0
2026-04-27 09:54:00+05:30,24089.2,24101.55,24088.2,24099.8,0
2026-04-27 09:53:00+05:30,24090.6,24091.4,24075.45,24090.8,0
2026-04-27 09:52:00+05:30,24088.75,24093.0,24083.45,24092.2,0
2026-04-27 09:51:00+05:30,24092.1,24094.35,24086.6,24089.5,0
2026-04-27 09:50:00+05:30,24082.25,24093.6,24079.85,24092.7,0
2026-04-27 09:49:00+05:30,24079.0,24085.15,24075.95,24082.15,0
2026-04-27 09:48:00+05:30,24067.1,24082.45,24064.75,24078.85,0
2026-04-27 09:47:00+05:30,24069.05,24069.75,24061.75,24066.9,0
2026-04-27 09:46:00+05:30,24062.3,24073.25,24058.9,24070.25,0
2026-04-27 09:45:00+05:30,24043.9,24062.5,24043.45,24061.85,0
2026-04-27 09:44:00+05:30,24039.4,24045.4,24031.4,24045.4,0
2026-04-27 09:43:00+05:30,24016.85,24039.7,24014.35,24039.2,0
2026-04-27 09:42:00+05:30,24014.9,24022.0,24011.4,24016.85,0
2026-04-27 09:41:00+05:30,24020.05,24028.9,24013.25,24016.65,0
2026-04-27 09:40:00+05:30,24006.85,24021.4,24006.85,24020.7,0
2026-04-27 09:39:00+05:30,24010.75,24020.9,24006.7,24007.2,0
2026-04-27 09:38:00+05:30,24017.75,24017.75,23998.3,24012.4,0
2026-04-27 09:37:00+05:30,24027.25,24027.25,24009.95,24016.75,0
2026-04-27 09:36:00+05:30,24021.4,24033.25,24021.4,24026.95,0
2026-04-27 09:35:00+05:30,24008.9,24027.8,24005.35,24021.95,0
2026-04-27 09:34:00+05:30,24020.5,24032.15,24003.6,24008.85,0
2026-04-27 09:33:00+05:30,24026.95,24027.55,24013.05,24019.1,0
2026-04-27 09:32:00+05:30,24049.45,24052.55,24027.0,24029.15,0
2026-04-27 09:31:00+05:30,24042.0,24051.7,24038.2,24049.25,0
2026-04-27 09:30:00+05:30,24045.05,24057.7,24036.5,24040.25,0
2026-04-27 09:29:00+05:30,24058.55,24058.7,24037.05,24042.0,0
2026-04-27 09:28:00+05:30,24053.15,24062.75,24050.55,24058.65,0
2026-04-27 09:27:00+05:30,24029.8,24056.25,24028.1,24052.2,0
2026-04-27 09:26:00+05:30,24053.4,24056.9,24025.3,24030.65,0
2026-04-27 09:25:00+05:30,24044.45,24062.8,24043.3,24053.05,0
2026-04-27 09:24:00+05:30,24046.1,24049.75,24036.85,24046.6,0
2026-04-27 09:23:00+05:30,24061.9,24062.25,24043.95,24045.0,0
2026-04-27 09:22:00+05:30,24062.65,24067.5,24053.75,24061.55,0
2026-04-27 09:21:00+05:30,24038.8,24064.25,24038.8,24062.45,0
2026-04-27 09:20:00+05:30,24020.4,24042.45,24020.4,24039.2,0
2026-04-27 09:19:00+05:30,24026.8,24029.85,24004.15,24020.35,0
2026-04-27 09:18:00+05:30,23990.6,24029.4,23990.6,24024.2,0
2026-04-27 09:17:00+05:30,24021.25,24021.25,23984.1,23993.55,0
2026-04-27 09:16:00+05:30,24024.15,24049.55,24005.15,24018.2,0
2026-04-27 09:15:00+05:30,23945.45,24047.6,23936.2,24028.1,0
2026-04-24 15:29:00+05:30,23907.8,23911.2,23901.05,23903.95,0
2026-04-24 15:28:00+05:30,23908.9,23909.45,23902.15,23907.15,0
2026-04-24 15:27:00+05:30,23910.45,23914.3,23907.85,23907.85,0
2026-04-24 15:26:00+05:30,23906.75,23912.6,23905.45,23910.9,0
2026-04-24 15:25:00+05:30,23910.2,23914.1,23900.7,23906.6,0
2026-04-24 15:24:00+05:30,23902.35,23911.9,23899.9,23910.9,0
2026-04-24 15:23:00+05:30,23902.7,23904.25,23899.35,23903.7,0
2026-04-24 15:22:00+05:30,23902.35,23905.05,23900.7,23904.1,0
2026-04-24 15:21:00+05:30,23910.2,23911.85,23901.25,23903.2,0
2026-04-24 15:20:00+05:30,23915.15,23917.05,23909.05,23910.95,0
2026-04-24 15:19:00+05:30,23912.6,23916.65,23910.45,23916.65,0
2026-04-24 15:18:00+05:30,23920.75,23920.75,23911.35,23913.45,0
2026-04-24 15:17:00+05:30,23916.4,23924.2,23915.75,23921.65,0
2026-04-24 15:16:00+05:30,23904.1,23917.35,23903.4,23917.35,0
2026-04-24 15:15:00+05:30,23895.25,23905.8,23894.5,23905.1,0
2026-04-24 15:14:00+05:30,23891.85,23895.55,23890.6,23895.45,0
2026-04-24 15:13:00+05:30,23887.0,23894.25,23886.65,23891.5,0
2026-04-24 15:12:00+05:30,23886.2,23892.05,23884.65,23887.95,0
2026-04-24 15:11:00+05:30,23883.2,23890.35,23882.4,23886.05,0
2026-04-24 15:10:00+05:30,23893.2,23896.65,23882.45,23884.05,0
2026-04-24 15:09:00+05:30,23890.75,23896.85,23889.25,23893.5,0
2026-04-24 15:08:00+05:30,23888.35,23890.85,23885.8,23890.8,0
2026-04-24 15:07:00+05:30,23880.25,23892.85,23880.2,23889.0,0
2026-04-24 15:06:00+05:30,23866.05,23883.85,23864.85,23881.15,0
2026-04-24 15:05:00+05:30,23871.35,23872.0,23863.3,23867.15,0
2026-04-24 15:04:00+05:30,23883.95,23884.35,23870.45,23871.2,0
2026-04-24 15:03:00+05:30,23892.5,23896.3,23883.9,23884.2,0
2026-04-24 15:02:00+05:30,23895.95,23895.95,23888.35,23893.05,0
2026-04-24 15:01:00+05:30,23907.2,23907.2,23893.75,23895.7,0
2026-04-24 15:00:00+05:30,23920.65,23920.65,23904.25,23906.4,0
2026-04-24 14:59:00+05:30,23922.2,23924.95,23918.95,23920.9,0
2026-04-24 14:58:00+05:30,23915.65,23923.6,23915.65,23923.35,0
2026-04-24 14:57:00+05:30,23915.8,23919.4,23911.65,23917.25,0
2026-04-24 14:56:00+05:30,23912.75,23918.3,23912.75,23915.85,0
2026-04-24 14:55:00+05:30,23916.3,23918.5,23911.1,23912.55,0
2026-04-24 14:54:00+05:30,23914.8,23918.6,23911.2,23916.0,0
2026-04-24 14:53:00+05:30,23912.25,23921.95,23911.4,23916.05,0
2026-04-24 14:52:00+05:30,23928.35,23930.15,23905.05,23911.55,0
2026-04-24 14:51:00+05:30,23915.25,23928.45,23914.65,23927.8,0
2026-04-24 14:50:00+05:30,23920.6,23922.5,23914.05,23915.3,0
2026-04-24 14:49:00+05:30,23919.4,23922.3,23917.5,23920.9,0
2026-04-24 14:48:00+05:30,23921.05,23922.45,23917.1,23919.45,0
2026-04-24 14:47:00+05:30,23916.8,23925.1,23916.25,23921.7,0
2026-04-24 14:46:00+05:30,23928.35,23928.85,23915.05,23916.8,0
2026-04-24 14:45:00+05:30,23925.45,23930.5,23923.65,23928.3,0
2026-04-24 14:44:00+05:30,23918.0,23926.9,23915.45,23926.0,0
2026-04-24 14:43:00+05:30,23916.8,23920.4,23912.25,23918.85,0
2026-04-24 14:42:00+05:30,23909.3,23922.25,23909.3,23917.1,0
2026-04-24 14:41:00+05:30,23919.05,23919.35,23908.45,23910.25,0
2026-04-24 14:40:00+05:30,23916.8,23921.1,23915.55,23920.05,0
2026-04-24 14:39:00+05:30,23918.2,23922.3,23915.6,23915.6,0
2026-04-24 14:38:00+05:30,23909.25,23917.95,23909.05,23916.85,0
2026-04-24 14:37:00+05:30,23922.1,23922.7,23909.15,23909.7,0
2026-04-24 14:36:00+05:30,23917.65,23925.45,23917.5,23921.95,0
2026-04-24 14:35:00+05:30,23907.3,23917.75,23907.3,23917.55,0
2026-04-24 14:34:00+05:30,23903.1,23907.9,23903.0,23906.85,0
2026-04-24 14:33:00+05:30,23897.1,23906.4,23896.2,23903.3,0
2026-04-24 14:32:00+05:30,23915.0,23915.0,23897.45,23898.9,0
2026-04-24 14:31:00+05:30,23907.55,23915.25,23907.2,23913.7,0
2026-04-24 14:30:00+05:30,23887.75,23908.9,23885.95,23907.25,0
2026-04-24 14:29:00+05:30,23884.75,23890.35,23884.1,23888.55,0
2026-04-24 14:28:00+05:30,23882.4,23885.55,23880.75,23883.65,0
2026-04-24 14:27:00+05:30,23876.85,23881.95,23872.85,23881.7,0
2026-04-24 14:26:00+05:30,23866.5,23878.4,23866.5,23876.35,0
2026-04-24 14:25:00+05:30,23863.15,23867.05,23858.75,23865.6,0
2026-04-24 14:24:00+05:30,23870.6,23871.35,23862.5,23863.05,0
2026-04-24 14:23:00+05:30,23874.45,23876.05,23869.35,23870.5,0
2026-04-24 14:22:00+05:30,23868.05,23878.6,23868.05,23875.05,0
2026-04-24 14:21:00+05:30,23863.85,23868.15,23862.3,23867.85,0
2026-04-24 14:20:00+05:30,23860.65,23863.95,23858.0,23863.95,0
2026-04-24 14:19:00+05:30,23861.0,23864.15,23856.75,23861.5,0
2026-04-24 14:18:00+05:30,23855.85,23861.5,23849.5,23861.5,0
2026-04-24 14:17:00+05:30,23860.25,23862.75,23854.15,23856.55,0
2026-04-24 14:16:00+05:30,23842.35,23860.0,23841.15,23860.0,0
2026-04-24 14:15:00+05:30,23841.45,23845.3,23840.15,23843.0,0
2026-04-24 14:14:00+05:30,23844.7,23846.05,23839.9,23841.65,0
2026-04-24 14:13:00+05:30,23844.9,23847.6,23841.55,23845.0,0
2026-04-24 14:12:00+05:30,23840.85,23845.0,23840.7,23844.65,0
2026-04-24 14:11:00+05:30,23839.7,23842.45,23837.75,23838.55,0
2026-04-24 14:10:00+05:30,23839.8,23844.55,23837.7,23839.15,0
2026-04-24 14:09:00+05:30,23835.85,23845.55,23834.6,23839.1,0
2026-04-24 14:08:00+05:30,23826.1,23834.1,23823.25,23833.5,0
2026-04-24 14:07:00+05:30,23816.95,23827.25,23816.95,23825.4,0
2026-04-24 14:06:00+05:30,23833.3,23833.7,23813.65,23818.5,0
2026-04-24 14:05:00+05:30,23840.25,23840.25,23830.55,23832.6,0
2026-04-24 14:04:00+05:30,23843.5,23845.85,23835.9,23838.75,0
2026-04-24 14:03:00+05:30,23844.5,23846.45,23840.85,23842.4,0
2026-04-24 14:02:00+05:30,23844.25,23845.4,23840.5,23843.15,0
2026-04-24 14:01:00+05:30,23847.8,23847.8,23841.95,23844.05,0
2026-04-24 14:00:00+05:30,23847.6,23849.95,23843.15,23847.3,0
2026-04-24 13:59:00+05:30,23846.5,23849.8,23845.1,23846.3,0
2026-04-24 13:58:00+05:30,23840.0,23847.45,23838.3,23845.75,0
2026-04-24 13:57:00+05:30,23850.6,23851.35,23838.9,23839.4,0
2026-04-24 13:56:00+05:30,23850.75,23852.8,23848.35,23851.05,0
2026-04-24 13:55:00+05:30,23854.0,23855.45,23847.2,23850.4,0
2026-04-24 13:54:00+05:30,23848.8,23857.85,23848.35,23854.55,0
2026-04-24 13:53:00+05:30,23850.4,23852.2,23846.95,23849.3,0
2026-04-24 13:52:00+05:30,23852.6,23854.7,23848.8,23851.3,0
2026-04-24 13:51:00+05:30,23854.8,23858.55,23852.35,23853.8,0
2026-04-24 13:50:00+05:30,23847.85,23855.8,23845.25,23854.05,0
2026-04-24 13:49:00+05:30,23844.6,23855.8,23844.6,23848.7,0
2026-04-24 13:48:00+05:30,23850.8,23854.75,23842.9,23845.6,0
2026-04-24 13:47:00+05:30,23852.55,23852.55,23848.05,23851.8,0
2026-04-24 13:46:00+05:30,23843.05,23855.9,23843.05,23852.95,0
2026-04-24 13:45:00+05:30,23829.6,23843.45,23829.6,23842.95,0
2026-04-24 13:44:00+05:30,23830.05,23839.25,23827.8,23830.4,0
2026-04-24 13:43:00+05:30,23837.4,23839.2,23826.2,23829.2,0
2026-04-24 13:42:00+05:30,23835.5,23838.1,23832.2,23838.1,0
2026-04-24 13:41:00+05:30,23838.6,23845.8,23835.05,23837.15,0
2026-04-24 13:40:00+05:30,23840.6,23841.9,23836.95,23840.6,0
2026-04-24 13:39:00+05:30,23843.3,23844.15,23835.85,23841.3,0
2026-04-24 13:38:00+05:30,23848.5,23851.05,23842.2,23843.75,0
2026-04-24 13:37:00+05:30,23852.0,23853.35,23848.4,23848.75,0
2026-04-24 13:36:00+05:30,23859.0,23860.9,23851.85,23852.2,0
2026-04-24 13:35:00+05:30,23854.65,23868.1,23852.85,23859.85,0
2026-04-24 13:34:00+05:30,23862.0,23862.55,23852.05,23855.55,0
2026-04-24 13:33:00+05:30,23861.95,23864.45,23859.3,23861.75,0
2026-04-24 13:32:00+05:30,23869.1,23869.35,23860.65,23863.8,0
2026-04-24 13:31:00+05:30,23869.35,23873.85,23868.25,23869.75,0
2026-04-24 13:30:00+05:30,23878.4,23878.55,23867.75,23868.55,0
2026-04-24 13:29:00+05:30,23869.4,23880.05,23869.4,23878.3,0
2026-04-24 13:28:00+05:30,23872.45,23874.6,23867.85,23870.15,0
2026-04-24 13:27:00+05:30,23873.25,23874.2,23870.7,23872.1,0
2026-04-24 13:26:00+05:30,23868.8,23875.25,23868.4,23873.75,0
2026-04-24 13:25:00+05:30,23868.25,23870.6,23865.75,23868.9,0
2026-04-24 13:24:00+05:30,23871.8,23871.8,23867.05,23868.25,0
2026-04-24 13:23:00+05:30,23875.2,23875.55,23870.75,23871.15,0
2026-04-24 13:22:00+05:30,23865.45,23877.6,23865.45,23875.1,0
2026-04-24 13:21:00+05:30,23873.1,23873.3,23864.4,23866.25,0
2026-04-24 13:20:00+05:30,23871.2,23876.25,23869.35,23872.35,0
2026-04-24 13:19:00+05:30,23865.65,23870.25,23860.9,23869.35,0
2026-04-24 13:18:00+05:30,23859.0,23866.9,23858.45,23865.65,0
2026-04-24 13:17:00+05:30,23856.15,23861.55,23855.9,23858.7,0
2026-04-24 13:16:00+05:30,23859.15,23862.55,23856.7,23857.1,0
2026-04-24 13:15:00+05:30,23865.6,23866.1,23857.0,23858.7,0
2026-04-24 13:14:00+05:30,23861.15,23866.1,23851.15,23865.5,0
2026-04-24 13:13:00+05:30,23866.1,23867.0,23859.2,23861.55,0
2026-04-24 13:12:00+05:30,23872.65,23875.25,23864.45,23866.25,0
2026-04-24 13:11:00+05:30,23872.0,23875.5,23871.0,23872.55,0
2026-04-24 13:10:00+05:30,23873.6,23873.75,23867.25,23871.8,0
2026-04-24 13:09:00+05:30,23881.05,23882.2,23873.45,23874.8,0
2026-04-24 13:08:00+05:30,23879.5,23881.75,23878.3,23881.2,0
2026-04-24 13:07:00+05:30,23877.15,23885.45,23876.45,23880.0,0
2026-04-24 13:06:00+05:30,23878.25,23879.9,23874.0,23877.45,0
2026-04-24 13:05:00+05:30,23876.25,23881.65,23875.15,23878.15,0
2026-04-24 13:04:00+05:30,23884.8,23885.2,23876.75,23876.85,0
2026-04-24 13:03:00+05:30,23887.65,23887.8,23882.4,23883.6,0
2026-04-24 13:02:00+05:30,23887.0,23894.15,23887.0,23887.5,0
2026-04-24 13:01:00+05:30,23897.45,23897.7,23886.55,23887.05,0
2026-04-24 13:00:00+05:30,23904.3,23905.5,23896.55,23896.8,0
2026-04-24 12:59:00+05:30,23902.4,23906.8,23901.2,23904.35,0
2026-04-24 12:58:00+05:30,23907.2,23909.55,23900.7,23902.8,0
2026-04-24 12:57:00+05:30,23914.75,23919.05,23906.75,23907.0,0
2026-04-24 12:56:00+05:30,23909.65,23915.85,23908.95,23914.45,0
2026-04-24 12:55:00+05:30,23905.3,23910.25,23905.3,23908.7,0
2026-04-24 12:54:00+05:30,23908.5,23909.6,23905.1,23905.6,0
2026-04-24 12:53:00+05:30,23902.9,23910.65,23902.85,23909.65,0
2026-04-24 12:52:00+05:30,23899.75,23904.0,23899.75,23902.65,0
2026-04-24 12:51:00+05:30,23907.65,23908.6,23896.0,23900.05,0
2026-04-24 12:50:00+05:30,23897.0,23908.3,23897.0,23907.4,0
2026-04-24 12:49:00+05:30,23900.7,23903.05,23895.7,23897.3,0
2026-04-24 12:48:00+05:30,23897.15,23902.5,23897.15,23901.2,0
2026-04-24 12:47:00+05:30,23891.95,23898.3,23890.7,23897.0,0
2026-04-24 12:46:00+05:30,23889.05,23893.1,23888.45,23892.15,0
2026-04-24 12:45:00+05:30,23881.1,23889.05,23881.1,23888.7,0
2026-04-24 12:44:00+05:30,23892.55,23895.45,23880.95,23882.1,0
2026-04-24 12:43:00+05:30,23904.75,23904.75,23892.75,23893.2,0
2026-04-24 12:42:00+05:30,23901.8,23904.2,23897.75,23904.2,0
2026-04-24 12:41:00+05:30,23898.6,23906.35,23897.45,23902.35,0
2026-04-24 12:40:00+05:30,23901.5,23903.25,23898.0,23898.0,0
2026-04-24 12:39:00+05:30,23907.6,23910.05,23898.8,23901.85,0
2026-04-24 12:38:00+05:30,23896.5,23910.7,23896.5,23907.2,0
2026-04-24 12:37:00+05:30,23889.1,23896.75,23889.1,23896.7,0
2026-04-24 12:36:00+05:30,23897.3,23901.4,23888.7,23888.7,0
2026-04-24 12:35:00+05:30,23905.85,23908.15,23896.7,23897.85,0
2026-04-24 12:34:00+05:30,23902.45,23906.9,23896.45,23906.4,0
2026-04-24 12:33:00+05:30,23889.2,23902.95,23888.65,23902.95,0
2026-04-24 12:32:00+05:30,23886.0,23891.25,23885.95,23889.7,0
2026-04-24 12:31:00+05:30,23885.1,23889.95,23884.15,23887.25,0
2026-04-24 12:30:00+05:30,23881.85,23887.35,23880.3,23884.75,0
2026-04-24 12:29:00+05:30,23884.45,23889.75,23881.25,23881.8,0
2026-04-24 12:28:00+05:30,23886.2,23886.2,23878.8,23885.0,0
2026-04-24 12:27:00+05:30,23891.25,23893.65,23884.75,23885.65,0
2026-04-24 12:26:00+05:30,23885.75,23895.2,23885.65,23890.45,0
2026-04-24 12:25:00+05:30,23897.7,23898.85,23882.8,23885.0,0
2026-04-24 12:24:00+05:30,23904.5,23905.65,23897.6,23897.6,0
2026-04-24 12:23:00+05:30,23910.1,23910.2,23903.5,23904.6,0
2026-04-24 12:22:00+05:30,23920.8,23921.85,23908.7,23910.35,0
2026-04-24 12:21:00+05:30,23920.15,23920.95,23914.0,23920.95,0
2026-04-24 12:20:00+05:30,23930.5,23932.8,23917.4,23920.1,0
2026-04-24 12:19:00+05:30,23925.45,23936.5,23925.45,23931.05,0
2026-04-24 12:18:00+05:30,23931.15,23931.65,23922.8,23925.95,0
2026-04-24 12:17:00+05:30,23928.55,23933.55,23927.95,23932.2,0
2026-04-24 12:16:00+05:30,23925.4,23931.2,23923.3,23929.1,0
2026-04-24 12:15:00+05:30,23930.8,23936.15,23925.1,23925.6,0
2026-04-24 12:14:00+05:30,23924.15,23933.05,23923.9,23930.65,0
2026-04-24 12:13:00+05:30,23924.3,23928.0,23922.65,23924.4,0
2026-04-24 12:12:00+05:30,23924.7,23925.4,23920.85,23925.4,0
2026-04-24 12:11:00+05:30,23925.25,23928.45,23919.4,23924.2,0
2026-04-24 12:10:00+05:30,23917.75,23926.15,23915.5,23925.85,0
2026-04-24 12:09:00+05:30,23914.85,23920.6,23914.55,23918.25,0
2026-04-24 12:08:00+05:30,23906.4,23916.45,23905.15,23914.9,0
2026-04-24 12:07:00+05:30,23906.2,23908.65,23903.65,23907.1,0
2026-04-24 12:06:00+05:30,23906.9,23910.05,23905.95,23906.65,0
2026-04-24 12:05:00+05:30,23905.9,23910.3,23904.35,23907.4,0
2026-04-24 12:04:00+05:30,23901.35,23908.0,23898.1,23906.75,0
2026-04-24 12:03:00+05:30,23905.75,23907.5,23900.45,23901.3,0
2026-04-24 12:02:00+05:30,23903.35,23907.1,23900.95,23905.9,0
2026-04-24 12:01:00+05:30,23894.95,23904.15,23894.25,23903.4,0
2026-04-24 12:00:00+05:30,23897.75,23900.65,23894.15,23895.8,0
2026-04-24 11:59:00+05:30,23898.6,23901.55,23896.8,23898.25,0
2026-04-24 11:58:00+05:30,23903.45,23903.8,23898.05,23899.2,0
2026-04-24 11:57:00+05:30,23902.7,23906.1,23900.85,23903.4,0
2026-04-24 11:56:00+05:30,23896.9,23904.05,23896.9,23901.9,0
2026-04-24 11:55:00+05:30,23899.05,23901.15,23893.4,23897.55,0
2026-04-24 11:54:00+05:30,23898.95,23902.0,23897.75,23899.2,0
2026-04-24 11:53:00+05:30,23898.45,23901.5,23897.3,23899.0,0
2026-04-24 11:52:00+05:30,23898.4,23900.2,23894.55,23898.25,0
2026-04-24 11:51:00+05:30,23899.65,23903.75,23896.45,23899.35,0
2026-04-24 11:50:00+05:30,23906.6,23907.6,23897.1,23898.9,0
2026-04-24 11:49:00+05:30,23911.15,23911.55,23905.7,23906.9,0
2026-04-24 11:48:00+05:30,23915.35,23915.95,23909.55,23910.05,0
2026-04-24 11:47:00+05:30,23924.3,23924.3,23914.7,23915.1,0
2026-04-24 11:46:00+05:30,23918.2,23926.65,23917.25,23922.75,0
2026-04-24 11:45:00+05:30,23926.3,23926.6,23916.9,23917.7,0
2026-04-24 11:44:00+05:30,23926.8,23927.9,23924.3,23927.05,0
2026-04-24 11:43:00+05:30,23924.8,23932.1,23924.8,23926.6,0
2026-04-24 11:42:00+05:30,23925.0,23927.5,23922.65,23925.25,0
2026-04-24 11:41:00+05:30,23927.85,23931.0,23924.35,23924.75,0
2026-04-24 11:40:00+05:30,23935.4,23937.6,23926.2,23928.9,0
2026-04-24 11:39:00+05:30,23935.85,23937.25,23931.5,23936.0,0
2026-04-24 11:38:00+05:30,23927.55,23936.5,23927.55,23935.3,0
2026-04-24 11:37:00+05:30,23932.95,23933.4,23925.35,23927.4,0
2026-04-24 11:36:00+05:30,23937.15,23938.95,23931.8,23933.15,0
2026-04-24 11:35:00+05:30,23938.8,23942.65,23936.75,23938.3,0
2026-04-24 11:34:00+05:30,23947.6,23949.3,23938.9,23939.7,0
2026-04-24 11:33:00+05:30,23942.9,23949.2,23942.9,23948.25,0
2026-04-24 11:32:00+05:30,23938.75,23943.8,23937.95,23943.65,0
2026-04-24 11:31:00+05:30,23935.95,23939.5,23933.6,23938.55,0
2026-04-24 11:30:00+05:30,23930.4,23936.95,23928.9,23936.95,0
2026-04-24 11:29:00+05:30,23933.45,23934.65,23928.6,23931.3,0
2026-04-24 11:28:00+05:30,23934.25,23937.65,23931.4,23933.4,0
2026-04-24 11:27:00+05:30,23938.5,23940.75,23933.8,23934.95,0
2026-04-24 11:26:00+05:30,23935.45,23942.75,23933.85,23938.85,0
2026-04-24 11:25:00+05:30,23928.6,23937.6,23926.4,23935.85,0
2026-04-24 11:24:00+05:30,23930.05,23933.1,23927.8,23928.65,0
2026-04-24 11:23:00+05:30,23936.9,23937.7,23928.6,23929.7,0
2026-04-24 11:22:00+05:30,23930.15,23938.5,23930.15,23937.15,0
2026-04-24 11:21:00+05:30,23929.25,23933.4,23926.2,23931.15,0
2026-04-24 11:20:00+05:30,23919.0,23930.05,23918.5,23930.05,0
2026-04-24 11:19:00+05:30,23916.95,23924.8,23914.8,23920.25,0
2026-04-24 11:18:00+05:30,23904.8,23919.7,23904.8,23917.9,0
2026-04-24 11:17:00+05:30,23910.2,23910.65,23903.25,23906.05,0
2026-04-24 11:16:00+05:30,23913.5,23917.4,23908.95,23909.1,0
2026-04-24 11:15:00+05:30,23915.1,23917.0,23909.45,23914.45,0
2026-04-24 11:14:00+05:30,23914.65,23919.05,23913.9,23916.2,0
2026-04-24 11:13:00+05:30,23913.45,23916.15,23911.4,23912.8,0
2026-04-24 11:12:00+05:30,23917.95,23919.45,23909.55,23913.9,0
2026-04-24 11:11:00+05:30,23921.9,23923.15,23917.55,23918.65,0
2026-04-24 11:10:00+05:30,23921.25,23926.15,23921.05,23923.3,0
2026-04-24 11:09:00+05:30,23929.9,23931.7,23920.9,23921.65,0
2026-04-24 11:08:00+05:30,23928.9,23932.75,23926.3,23929.0,0
2026-04-24 11:07:00+05:30,23940.3,23943.8,23927.95,23929.05,0
2026-04-24 11:06:00+05:30,23934.9,23941.95,23933.3,23940.4,0
2026-04-24 11:05:00+05:30,23925.1,23935.15,23922.6,23934.7,0
2026-04-24 11:04:00+05:30,23924.05,23928.2,23923.35,23924.4,0
2026-04-24 11:03:00+05:30,23920.8,23925.5,23917.7,23923.45,0
2026-04-24 11:02:00+05:30,23915.95,23923.35,23914.3,23921.95,0
2026-04-24 11:01:00+05:30,23919.95,23920.8,23914.55,23915.0,0
2026-04-24 11:00:00+05:30,23925.55,23926.35,23917.15,23920.55,0
2026-04-24 10:59:00+05:30,23931.05,23931.5,23923.95,23925.4,0
2026-04-24 10:58:00+05:30,23931.55,23933.7,23926.55,23931.3,0
2026-04-24 10:57:00+05:30,23941.95,23941.95,23929.5,23929.7,0
2026-04-24 10:56:00+05:30,23941.5,23943.9,23938.25,23941.55,0
2026-04-24 10:55:00+05:30,23943.35,23944.85,23939.95,23941.8,0
2026-04-24 10:54:00+05:30,23938.65,23944.0,23937.1,23942.05,0
2026-04-24 10:53:00+05:30,23939.1,23943.6,23936.25,23937.8,0
2026-04-24 10:52:00+05:30,23933.95,23943.3,23933.95,23937.4,0
2026-04-24 10:51:00+05:30,23923.6,23941.45,23923.6,23933.55,0
2026-04-24 10:50:00+05:30,23920.85,23926.6,23918.05,23923.25,0
2026-04-24 10:49:00+05:30,23921.85,23923.35,23914.9,23920.2,0
2026-04-24 10:48:00+05:30,23928.45,23929.2,23918.05,23920.65,0
2026-04-24 10:47:00+05:30,23936.3,23938.1,23926.05,23928.75,0
2026-04-24 10:46:00+05:30,23937.85,23939.75,23934.85,23936.8,0
2026-04-24 10:45:00+05:30,23933.4,23939.3,23930.55,23936.65,0
2026-04-24 10:44:00+05:30,23939.85,23941.6,23932.25,23933.65,0
2026-04-24 10:43:00+05:30,23942.75,23944.0,23937.05,23939.25,0
2026-04-24 10:42:00+05:30,23946.05,23946.6,23939.15,23941.65,0
2026-04-24 10:41:00+05:30,23959.7,23959.7,23945.3,23945.8,0
2026-04-24 10:40:00+05:30,23955.8,23959.6,23950.25,23959.6,0
2026-04-24 10:39:00+05:30,23951.85,23957.2,23945.75,23956.6,0
2026-04-24 10:38:00+05:30,23960.0,23961.85,23951.1,23952.6,0
2026-04-24 10:37:00+05:30,23961.3,23966.2,23959.1,23959.85,0
2026-04-24 10:36:00+05:30,23960.4,23962.1,23952.0,23961.4,0
2026-04-24 10:35:00+05:30,23965.25,23967.75,23959.4,23960.8,0
2026-04-24 10:34:00+05:30,23966.15,23971.2,23964.95,23965.4,0
2026-04-24 10:33:00+05:30,23960.7,23967.9,23960.4,23966.5,0
2026-04-24 10:32:00+05:30,23959.3,23961.05,23953.75,23961.05,0
2026-04-24 10:31:00+05:30,23960.3,23964.6,23957.95,23960.05,0
2026-04-24 10:30:00+05:30,23956.2,23960.4,23951.9,23959.85,0
2026-04-24 10:29:00+05:30,23957.65,23960.35,23955.5,23957.7,0
2026-04-24 10:28:00+05:30,23958.1,23960.5,23951.7,23958.5,0
2026-04-24 10:27:00+05:30,23958.15,23962.15,23956.85,23958.6,0
2026-04-24 10:26:00+05:30,23950.95,23962.1,23950.95,23958.75,0
2026-04-24 10:25:00+05:30,23943.95,23952.25,23937.25,23950.55,0
2026-04-24 10:24:00+05:30,23954.0,23955.85,23942.55,23943.9,0
2026-04-24 10:23:00+05:30,23959.1,23960.15,23951.95,23953.8,0
2026-04-24 10:22:00+05:30,23958.4,23963.0,23958.3,23959.55,0
2026-04-24 10:21:00+05:30,23966.5,23966.8,23958.5,23959.7,0
2026-04-24 10:20:00+05:30,23971.9,23974.7,23964.95,23966.65,0
2026-04-24 10:19:00+05:30,23981.8,23983.35,23969.1,23971.3,0
2026-04-24 10:18:00+05:30,23977.85,23983.55,23973.1,23981.9,0
2026-04-24 10:17:00+05:30,23976.9,23979.65,23975.45,23978.9,0
2026-04-24 10:16:00+05:30,23981.35,23982.15,23976.3,23977.15,0
2026-04-24 10:15:00+05:30,23992.25,23992.25,23980.15,23981.85,0
2026-04-24 10:14:00+05:30,23996.1,23997.2,23992.35,23992.85,0
2026-04-24 10:13:00+05:30,23998.75,24000.9,23996.45,23996.85,0
2026-04-24 10:12:00+05:30,23993.85,23998.55,23992.15,23998.3,0
2026-04-24 10:11:00+05:30,23989.4,23995.5,23987.95,23993.8,0
2026-04-24 10:10:00+05:30,23986.65,23993.4,23977.35,23989.0,0
2026-04-24 10:09:00+05:30,23992.9,23993.35,23986.35,23986.95,0
2026-04-24 10:08:00+05:30,23993.4,23994.95,23988.15,23993.9,0
2026-04-24 10:07:00+05:30,24002.7,24003.35,23993.5,23993.5,0
2026-04-24 10:06:00+05:30,23996.85,24002.45,23994.0,24002.45,0
2026-04-24 10:05:00+05:30,23990.4,24000.95,23990.4,23996.65,0
2026-04-24 10:04:00+05:30,23988.0,23995.4,23987.65,23990.4,0
2026-04-24 10:03:00+05:30,23983.65,23993.85,23983.2,23988.4,0
2026-04-24 10:02:00+05:30,23988.45,23991.1,23980.4,23983.35,0
2026-04-24 10:01:00+05:30,23975.85,23990.2,23975.85,23988.35,0
2026-04-24 10:00:00+05:30,23954.9,23977.85,23954.5,23976.45,0
2026-04-24 09:59:00+05:30,23954.45,23964.05,23953.7,23955.0,0
2026-04-24 09:58:00+05:30,23952.35,23956.45,23949.2,23955.15,0
2026-04-24 09:57:00+05:30,23952.5,23954.5,23950.4,23952.9,0
2026-04-24 09:56:00+05:30,23953.25,23958.55,23950.95,23952.2,0
2026-04-24 09:55:00+05:30,23957.4,23957.4,23944.1,23954.5,0
2026-04-24 09:54:00+05:30,23974.25,23975.25,23955.1,23959.1,0
2026-04-24 09:53:00+05:30,23980.8,23982.3,23973.75,23975.15,0
2026-04-24 09:52:00+05:30,23983.25,23987.15,23979.15,23981.15,0
2026-04-24 09:51:00+05:30,23965.3,23985.55,23963.0,23984.2,0
2026-04-24 09:50:00+05:30,23984.15,23986.0,23964.9,23965.75,0
2026-04-24 09:49:00+05:30,23973.65,23984.1,23972.35,23984.1,0
2026-04-24 09:48:00+05:30,23958.7,23978.9,23958.6,23973.7,0
2026-04-24 09:47:00+05:30,23958.2,23965.35,23957.0,23957.15,0
2026-04-24 09:46:00+05:30,23968.3,23971.95,23957.7,23958.8,0
2026-04-24 09:45:00+05:30,23985.4,23985.4,23967.35,23968.5,0
2026-04-24 09:44:00+05:30,23991.85,23993.7,23983.75,23984.25,0
2026-04-24 09:43:00+05:30,24000.65,24004.35,23989.95,23991.85,0
2026-04-24 09:42:00+05:30,23994.4,24002.2,23993.55,24000.25,0
2026-04-24 09:41:00+05:30,24002.75,24002.75,23992.35,23993.95,0
2026-04-24 09:40:00+05:30,24002.0,24006.4,23995.75,24002.8,0
2026-04-24 09:39:00+05:30,24008.6,24012.35,24001.1,24002.45,0
2026-04-24 09:38:00+05:30,24008.45,24010.05,24004.95,24008.6,0
2026-04-24 09:37:00+05:30,24008.5,24016.85,24001.3,24008.95,0
2026-04-24 09:36:00+05:30,24025.45,24025.45,24008.55,24009.6,0
2026-04-24 09:35:00+05:30,24017.3,24027.15,24011.4,24025.7,0
2026-04-24 09:34:00+05:30,24029.9,24032.65,24011.9,24017.65,0
2026-04-24 09:33:00+05:30,24029.2,24032.95,24023.95,24031.3,0
2026-04-24 09:32:00+05:30,24046.4,24049.1,24027.55,24029.45,0
2026-04-24 09:31:00+05:30,24053.8,24061.6,24046.7,24046.7,0
2026-04-24 09:30:00+05:30,24058.05,24059.7,24036.05,24053.6,0
2026-04-24 09:29:00+05:30,24064.15,24064.9,24056.6,24058.1,0
2026-04-24 09:28:00+05:30,24068.9,24073.2,24061.1,24064.3,0
2026-04-24 09:27:00+05:30,24077.2,24078.35,24064.7,24068.6,0
2026-04-24 09:26:00+05:30,24078.1,24082.5,24072.6,24076.4,0
2026-04-24 09:25:00+05:30,24091.3,24091.3,24072.35,24078.1,0
2026-04-24 09:24:00+05:30,24102.65,24104.65,24089.2,24091.1,0
2026-04-24 09:23:00+05:30,24107.15,24118.85,24103.35,24103.35,0
2026-04-24 09:22:00+05:30,24089.05,24112.0,24088.95,24107.2,0
2026-04-24 09:21:00+05:30,24085.75,24102.05,24079.75,24088.85,0
2026-04-24 09:20:00+05:30,24121.15,24121.75,24087.15,24087.7,0
2026-04-24 09:19:00+05:30,24116.4,24131.9,24113.85,24124.2,0
2026-04-24 09:18:00+05:30,24109.75,24125.0,24109.75,24113.65,0
2026-04-24 09:17:00+05:30,24132.9,24135.2,24102.25,24106.95,0
2026-04-24 09:16:00+05:30,24149.85,24153.5,24122.05,24131.35,0
2026-04-24 09:15:00+05:30,24100.55,24206.0,24100.25,24151.85,0
2026-04-23 15:29:00+05:30,24156.6,24160.2,24149.8,24156.05,0
2026-04-23 15:28:00+05:30,24164.7,24164.7,24156.5,24156.5,0
2026-04-23 15:27:00+05:30,24158.0,24165.55,24158.0,24162.95,0
2026-04-23 15:26:00+05:30,24160.25,24163.65,24156.45,24161.55,0
2026-04-23 15:25:00+05:30,24162.15,24169.2,24155.45,24160.85,0
2026-04-23 15:24:00+05:30,24165.4,24166.6,24161.9,24161.9,0
2026-04-23 15:23:00+05:30,24161.8,24168.9,24161.45,24165.65,0
2026-04-23 15:22:00+05:30,24171.35,24173.05,24162.45,24162.5,0
2026-04-23 15:21:00+05:30,24170.25,24175.1,24169.25,24169.6,0
2026-04-23 15:20:00+05:30,24159.5,24170.75,24156.4,24170.55,0
2026-04-23 15:19:00+05:30,24156.5,24162.5,24156.35,24159.7,0
2026-04-23 15:18:00+05:30,24158.9,24161.1,24154.55,24155.8,0
2026-04-23 15:17:00+05:30,24155.0,24162.9,24154.8,24160.1,0
2026-04-23 15:16:00+05:30,24161.55,24163.75,24152.2,24155.35,0
2026-04-23 15:15:00+05:30,24161.3,24171.3,24160.7,24161.75,0
2026-04-23 15:14:00+05:30,24167.8,24168.6,24160.0,24160.0,0
2026-04-23 15:13:00+05:30,24161.5,24169.15,24159.0,24167.55,0
2026-04-23 15:12:00+05:30,24174.2,24175.25,24159.15,24161.35,0
2026-04-23 15:11:00+05:30,24176.8,24178.7,24172.9,24174.65,0
2026-04-23 15:10:00+05:30,24186.4,24189.05,24175.15,24176.75,0
2026-04-23 15:09:00+05:30,24182.15,24188.45,24182.15,24186.65,0
2026-04-23 15:08:00+05:30,24181.95,24184.25,24177.55,24181.7,0
2026-04-23 15:07:00+05:30,24189.3,24191.35,24181.55,24181.75,0
2026-04-23 15:06:00+05:30,24196.55,24199.35,24187.45,24189.15,0
2026-04-23 15:05:00+05:30,24191.9,24202.4,24191.9,24198.5,0
2026-04-23 15:04:00+05:30,24197.35,24198.8,24188.1,24192.0,0
2026-04-23 15:03:00+05:30,24199.45,24202.1,24189.75,24196.55,0
2026-04-23 15:02:00+05:30,24200.55,24216.7,24197.75,24198.6,0
2026-04-23 15:01:00+05:30,24187.5,24201.65,24187.5,24200.0,0
2026-04-23 15:00:00+05:30,24181.8,24188.1,24181.8,24187.75,0
2026-04-23 14:59:00+05:30,24183.8,24183.8,24173.85,24180.85,0
2026-04-23 14:58:00+05:30,24180.4,24181.9,24177.35,24179.3,0
2026-04-23 14:57:00+05:30,24183.8,24183.8,24176.95,24179.2,0
2026-04-23 14:56:00+05:30,24183.25,24184.8,24180.05,24183.55,0
2026-04-23 14:55:00+05:30,24179.65,24183.35,24177.35,24181.1,0
2026-04-23 14:54:00+05:30,24181.65,24186.05,24174.75,24178.7,0
2026-04-23 14:53:00+05:30,24190.15,24190.55,24173.35,24180.05,0
2026-04-23 14:52:00+05:30,24180.3,24190.1,24175.6,24188.9,0
2026-04-23 14:51:00+05:30,24189.15,24189.6,24178.95,24179.5,0
2026-04-23 14:50:00+05:30,24178.6,24189.4,24178.1,24189.25,0
2026-04-23 14:49:00+05:30,24186.25,24186.45,24178.2,24179.15,0
2026-04-23 14:48:00+05:30,24184.65,24194.05,24184.65,24185.7,0
2026-04-23 14:47:00+05:30,24172.5,24184.0,24170.85,24183.45,0
2026-04-23 14:46:00+05:30,24173.0,24174.65,24166.15,24172.0,0
2026-04-23 14:45:00+05:30,24163.75,24171.85,24157.95,24171.3,0
2026-04-23 14:44:00+05:30,24167.35,24168.0,24160.65,24162.6,0
2026-04-23 14:43:00+05:30,24181.5,24181.95,24166.9,24166.9,0
2026-04-23 14:42:00+05:30,24177.05,24182.5,24169.1,24180.8,0
2026-04-23 14:41:00+05:30,24174.25,24178.0,24168.6,24176.6,0
2026-04-23 14:40:00+05:30,24176.4,24178.6,24171.35,24174.35,0
2026-04-23 14:39:00+05:30,24179.2,24181.25,24175.35,24175.35,0
2026-04-23 14:38:00+05:30,24175.5,24180.2,24174.35,24178.9,0
2026-04-23 14:37:00+05:30,24177.6,24182.1,24173.25,24175.0,0
2026-04-23 14:36:00+05:30,24173.65,24179.7,24172.55,24176.3,0
2026-04-23 14:35:00+05:30,24176.15,24176.15,24167.35,24172.3,0
2026-04-23 14:34:00+05:30,24184.0,24184.0,24174.05,24175.15,0
2026-04-23 14:33:00+05:30,24185.75,24185.75,24178.95,24182.1,0
2026-04-23 14:32:00+05:30,24187.65,24188.0,24182.5,24184.6,0
2026-04-23 14:31:00+05:30,24188.6,24189.55,24184.75,24186.9,0
2026-04-23 14:30:00+05:30,24190.95,24190.95,24185.85,24188.25,0
2026-04-23 14:29:00+05:30,24196.1,24197.3,24189.2,24189.45,0
2026-04-23 14:28:00+05:30,24197.05,24197.6,24191.35,24195.7,0
2026-04-23 14:27:00+05:30,24202.05,24202.2,24194.4,24196.55,0
2026-04-23 14:26:00+05:30,24200.7,24202.85,24196.8,24201.9,0
2026-04-23 14:25:00+05:30,24203.35,24203.95,24197.1,24201.1,0
2026-04-23 14:24:00+05:30,24216.25,24217.6,24201.3,24202.25,0
2026-04-23 14:23:00+05:30,24212.4,24217.6,24211.0,24215.85,0
2026-04-23 14:22:00+05:30,24200.85,24211.7,24197.3,24210.5,0
2026-04-23 14:21:00+05:30,24205.55,24206.75,24198.6,24200.25,0
2026-04-23 14:20:00+05:30,24204.0,24204.9,24189.4,24204.45,0
2026-04-23 14:19:00+05:30,24219.55,24220.4,24203.4,24203.55,0
2026-04-23 14:18:00+05:30,24220.05,24221.35,24215.05,24219.4,0
2026-04-23 14:17:00+05:30,24217.8,24221.4,24216.3,24219.1,0
2026-04-23 14:16:00+05:30,24215.1,24217.55,24211.7,24216.8,0
2026-04-23 14:15:00+05:30,24209.1,24215.0,24206.95,24213.55,0
2026-04-23 14:14:00+05:30,24210.25,24213.9,24208.25,24209.2,0
2026-04-23 14:13:00+05:30,24215.5,24215.5,24209.0,24209.25,0
2026-04-23 14:12:00+05:30,24212.4,24215.45,24209.85,24214.9,0
2026-04-23 14:11:00+05:30,24210.9,24214.05,24207.65,24211.85,0
2026-04-23 14:10:00+05:30,24219.85,24219.85,24210.1,24210.4,0
2026-04-23 14:09:00+05:30,24224.8,24224.9,24219.55,24219.9,0
2026-04-23 14:08:00+05:30,24230.4,24230.4,24221.2,24223.45,0
2026-04-23 14:07:00+05:30,24228.5,24235.4,24227.3,24229.1,0
2026-04-23 14:06:00+05:30,24233.6,24235.3,24226.0,24227.2,0
2026-04-23 14:05:00+05:30,24235.5,24235.5,24228.65,24233.2,0
2026-04-23 14:04:00+05:30,24234.0,24237.5,24232.85,24234.45,0
2026-04-23 14:03:00+05:30,24229.95,24232.05,24224.95,24231.9,0
2026-04-23 14:02:00+05:30,24234.25,24234.25,24224.55,24228.7,0
2026-04-23 14:01:00+05:30,24236.5,24236.5,24233.25,24233.45,0
2026-04-23 14:00:00+05:30,24242.1,24242.75,24228.0,24235.05,0
2026-04-23 13:59:00+05:30,24243.3,24243.3,24236.6,24241.5,0
2026-04-23 13:58:00+05:30,24251.15,24251.6,24240.4,24242.65,0
2026-04-23 13:57:00+05:30,24247.85,24252.75,24244.4,24250.85,0
2026-04-23 13:56:00+05:30,24234.75,24247.8,24229.95,24247.0,0
2026-04-23 13:55:00+05:30,24233.8,24235.35,24232.9,24233.05,0
2026-04-23 13:54:00+05:30,24227.5,24234.05,24226.15,24234.05,0
2026-04-23 13:53:00+05:30,24232.6,24232.6,24222.95,24227.3,0
2026-04-23 13:52:00+05:30,24232.7,24234.85,24229.4,24232.6,0
2026-04-23 13:51:00+05:30,24225.6,24232.2,24224.1,24232.2,0
2026-04-23 13:50:00+05:30,24217.85,24225.55,24217.85,24225.25,0
2026-04-23 13:49:00+05:30,24218.8,24218.8,24210.8,24216.75,0
2026-04-23 13:48:00+05:30,24218.2,24221.9,24217.4,24218.45,0
2026-04-23 13:47:00+05:30,24218.75,24218.75,24212.35,24216.9,0
2026-04-23 13:46:00+05:30,24215.45,24220.1,24214.05,24217.3,0
2026-04-23 13:45:00+05:30,24214.95,24215.4,24207.75,24214.05,0
2026-04-23 13:44:00+05:30,24212.7,24215.3,24211.45,24213.7,0
2026-04-23 13:43:00+05:30,24214.15,24215.15,24210.05,24212.15,0
2026-04-23 13:42:00+05:30,24207.6,24213.1,24205.75,24212.4,0
2026-04-23 13:41:00+05:30,24218.15,24218.15,24204.3,24206.45,0
2026-04-23 13:40:00+05:30,24216.75,24219.55,24213.35,24217.0,0
2026-04-23 13:39:00+05:30,24216.6,24216.6,24208.1,24215.8,0
2026-04-23 13:38:00+05:30,24233.85,24233.85,24215.15,24215.75,0
2026-04-23 13:37:00+05:30,24240.15,24240.15,24231.15,24232.8,0
2026-04-23 13:36:00+05:30,24246.25,24246.8,24238.5,24239.05,0
2026-04-23 13:35:00+05:30,24249.2,24249.2,24240.45,24245.45,0
2026-04-23 13:34:00+05:30,24253.95,24255.55,24248.5,24248.75,0
2026-04-23 13:33:00+05:30,24259.0,24259.0,24251.25,24253.05,0
2026-04-23 13:32:00+05:30,24259.1,24259.1,24255.8,24257.3,0
2026-04-23 13:31:00+05:30,24264.35,24264.35,24257.6,24258.4,0
2026-04-23 13:30:00+05:30,24271.75,24272.45,24263.1,24263.7,0
2026-04-23 13:29:00+05:30,24266.5,24275.2,24265.4,24271.45,0
2026-04-23 13:28:00+05:30,24258.7,24270.55,24255.55,24266.2,0
2026-04-23 13:27:00+05:30,24261.55,24266.5,24257.35,24258.3,0
2026-04-23 13:26:00+05:30,24272.25,24272.25,24259.45,24260.9,0
2026-04-23 13:25:00+05:30,24272.7,24281.1,24270.7,24271.45,0
2026-04-23 13:24:00+05:30,24273.05,24276.9,24270.3,24273.3,0
2026-04-23 13:23:00+05:30,24264.15,24272.25,24264.15,24272.25,0
2026-04-23 13:22:00+05:30,24255.2,24263.2,24249.2,24262.7,0
2026-04-23 13:21:00+05:30,24255.45,24257.85,24251.85,24255.2,0
2026-04-23 13:20:00+05:30,24244.0,24258.95,24244.0,24254.8,0
2026-04-23 13:19:00+05:30,24227.35,24243.5,24226.55,24243.15,0
2026-04-23 13:18:00+05:30,24218.5,24226.8,24215.75,24226.8,0
2026-04-23 13:17:00+05:30,24210.35,24220.6,24209.55,24216.6,0
2026-04-23 13:16:00+05:30,24214.2,24214.2,24208.2,24209.95,0
2026-04-23 13:15:00+05:30,24217.25,24218.2,24212.35,24212.85,0
2026-04-23 13:14:00+05:30,24211.0,24218.5,24209.4,24216.2,0
2026-04-23 13:13:00+05:30,24212.0,24212.1,24209.15,24210.8,0
2026-04-23 13:12:00+05:30,24213.4,24213.4,24208.6,24210.7,0
2026-04-23 13:11:00+05:30,24216.5,24216.7,24208.65,24212.1,0
2026-04-23 13:10:00+05:30,24216.3,24218.15,24214.45,24215.9,0
2026-04-23 13:09:00+05:30,24207.3,24215.9,24206.25,24215.9,0
2026-04-23 13:08:00+05:30,24203.35,24207.1,24201.0,24205.65,0
2026-04-23 13:07:00+05:30,24209.2,24209.3,24200.75,24202.1,0
2026-04-23 13:06:00+05:30,24216.1,24216.1,24207.55,24208.35,0
2026-04-23 13:05:00+05:30,24211.1,24217.7,24209.15,24214.65,0
2026-04-23 13:04:00+05:30,24206.9,24212.65,24206.4,24210.25,0
2026-04-23 13:03:00+05:30,24208.25,24210.15,24205.9,24206.45,0
2026-04-23 13:02:00+05:30,24206.95,24208.3,24205.35,24207.85,0
2026-04-23 13:01:00+05:30,24215.7,24215.7,24206.2,24206.35,0
2026-04-23 13:00:00+05:30,24215.85,24216.1,24212.65,24214.7,0
2026-04-23 12:59:00+05:30,24213.5,24217.05,24212.35,24214.7,0
2026-04-23 12:58:00+05:30,24208.4,24212.9,24206.0,24212.15,0
2026-04-23 12:57:00+05:30,24206.65,24209.8,24205.25,24206.5,0
2026-04-23 12:56:00+05:30,24207.6,24209.25,24202.8,24206.1,0
2026-04-23 12:55:00+05:30,24204.7,24207.55,24203.25,24207.05,0
2026-04-23 12:54:00+05:30,24200.75,24205.85,24199.7,24203.55,0
2026-04-23 12:53:00+05:30,24195.55,24199.65,24193.95,24199.65,0
2026-04-23 12:52:00+05:30,24188.75,24196.05,24187.65,24194.4,0
2026-04-23 12:51:00+05:30,24195.15,24195.15,24186.5,24187.05,0
2026-04-23 12:50:00+05:30,24196.5,24196.5,24191.95,24194.05,0
2026-04-23 12:49:00+05:30,24189.2,24195.45,24187.15,24195.15,0
2026-04-23 12:48:00+05:30,24201.45,24201.45,24188.6,24188.7,0
2026-04-23 12:47:00+05:30,24201.15,24201.15,24197.1,24200.9,0
2026-04-23 12:46:00+05:30,24198.75,24201.95,24195.95,24200.45,0
2026-04-23 12:45:00+05:30,24202.6,24204.05,24196.85,24196.85,0
2026-04-23 12:44:00+05:30,24194.7,24203.0,24191.65,24201.65,0
2026-04-23 12:43:00+05:30,24193.75,24197.6,24192.0,24194.05,0
2026-04-23 12:42:00+05:30,24196.2,24196.2,24190.55,24192.8,0
2026-04-23 12:41:00+05:30,24193.55,24196.35,24190.1,24194.7,0
2026-04-23 12:40:00+05:30,24193.6,24194.9,24191.1,24192.25,0
2026-04-23 12:39:00+05:30,24193.75,24194.8,24191.3,24192.45,0
2026-04-23 12:38:00+05:30,24179.1,24192.75,24176.8,24192.7,0
2026-04-23 12:37:00+05:30,24172.65,24182.1,24171.0,24178.3,0
2026-04-23 12:36:00+05:30,24174.65,24174.65,24167.1,24169.95,0
2026-04-23 12:35:00+05:30,24179.75,24182.45,24173.65,24173.65,0
2026-04-23 12:34:00+05:30,24181.65,24183.25,24176.65,24178.55,0
2026-04-23 12:33:00+05:30,24173.25,24181.85,24171.55,24180.0,0
2026-04-23 12:32:00+05:30,24168.7,24173.5,24167.3,24172.25,0
2026-04-23 12:31:00+05:30,24179.3,24179.3,24167.15,24167.15,0
2026-04-23 12:30:00+05:30,24182.6,24183.75,24178.0,24178.55,0
2026-04-23 12:29:00+05:30,24186.45,24186.45,24179.35,24180.1,0
2026-04-23 12:28:00+05:30,24189.6,24189.6,24180.85,24185.65,0
2026-04-23 12:27:00+05:30,24197.95,24197.95,24187.45,24188.3,0
2026-04-23 12:26:00+05:30,24206.75,24206.75,24196.45,24196.45,0
2026-04-23 12:25:00+05:30,24223.95,24223.95,24205.75,24206.05,0
2026-04-23 12:24:00+05:30,24225.15,24228.1,24222.4,24223.15,0
2026-04-23 12:23:00+05:30,24230.55,24230.95,24224.2,24224.3,0
2026-04-23 12:22:00+05:30,24222.5,24231.5,24219.45,24230.05,0
2026-04-23 12:21:00+05:30,24216.95,24222.85,24216.15,24220.7,0
2026-04-23 12:20:00+05:30,24217.45,24219.3,24215.1,24216.2,0
2026-04-23 12:19:00+05:30,24224.3,24224.3,24215.55,24215.55,0
2026-04-23 12:18:00+05:30,24225.1,24225.25,24221.4,24223.25,0
2026-04-23 12:17:00+05:30,24225.0,24225.0,24221.1,24224.0,0
2026-04-23 12:16:00+05:30,24223.15,24225.5,24220.9,24223.75,0
2026-04-23 12:15:00+05:30,24222.95,24224.05,24219.2,24222.3,0
2026-04-23 12:14:00+05:30,24223.85,24225.9,24221.9,24222.5,0
2026-04-23 12:13:00+05:30,24224.35,24225.25,24221.05,24222.65,0
2026-04-23 12:12:00+05:30,24217.25,24224.7,24216.2,24223.3,0
2026-04-23 12:11:00+05:30,24214.0,24216.65,24212.95,24216.65,0
2026-04-23 12:10:00+05:30,24209.7,24213.65,24206.15,24212.2,0
2026-04-23 12:09:00+05:30,24213.75,24215.2,24207.9,24209.4,0
2026-04-23 12:08:00+05:30,24208.95,24213.2,24204.4,24211.7,0
2026-04-23 12:07:00+05:30,24201.55,24210.1,24200.5,24207.75,0
2026-04-23 12:06:00+05:30,24201.1,24201.95,24197.1,24199.65,0
2026-04-23 12:05:00+05:30,24200.35,24201.15,24195.95,24201.15,0
2026-04-23 12:04:00+05:30,24205.9,24205.9,24198.05,24199.45,0
2026-04-23 12:03:00+05:30,24203.55,24205.55,24201.8,24204.8,0
2026-04-23 12:02:00+05:30,24203.5,24204.35,24201.25,24202.95,0
2026-04-23 12:01:00+05:30,24202.1,24202.75,24197.1,24202.75,0
2026-04-23 12:00:00+05:30,24208.05,24208.05,24200.2,24200.45,0
2026-04-23 11:59:00+05:30,24206.0,24208.7,24203.0,24206.1,0
2026-04-23 11:58:00+05:30,24208.3,24209.3,24203.45,24203.65,0
2026-04-23 11:57:00+05:30,24210.6,24210.6,24202.35,24207.5,0
2026-04-23 11:56:00+05:30,24214.55,24215.8,24208.05,24210.4,0
2026-04-23 11:55:00+05:30,24214.45,24214.9,24210.9,24214.35,0
2026-04-23 11:54:00+05:30,24211.95,24218.1,24208.35,24213.25,0
2026-04-23 11:53:00+05:30,24204.7,24212.05,24202.85,24211.15,0
2026-04-23 11:52:00+05:30,24202.25,24203.5,24198.4,24203.4,0
2026-04-23 11:51:00+05:30,24192.45,24202.3,24191.1,24201.7,0
2026-04-23 11:50:00+05:30,24193.2,24193.2,24187.9,24192.2,0
2026-04-23 11:49:00+05:30,24191.55,24195.55,24190.0,24192.3,0
2026-04-23 11:48:00+05:30,24187.6,24191.65,24185.3,24190.2,0
2026-04-23 11:47:00+05:30,24182.9,24186.9,24178.85,24186.2,0
2026-04-23 11:46:00+05:30,24185.85,24185.85,24180.2,24182.25,0
2026-04-23 11:45:00+05:30,24179.0,24186.3,24172.85,24185.15,0
2026-04-23 11:44:00+05:30,24182.65,24185.2,24177.95,24178.15,0
2026-04-23 11:43:00+05:30,24180.75,24185.4,24179.0,24181.45,0
2026-04-23 11:42:00+05:30,24185.3,24185.3,24177.65,24178.6,0
2026-04-23 11:41:00+05:30,24192.45,24192.75,24182.5,24183.5,0
2026-04-23 11:40:00+05:30,24196.0,24197.1,24188.55,24191.75,0
2026-04-23 11:39:00+05:30,24194.3,24194.95,24191.55,24194.55,0
2026-04-23 11:38:00+05:30,24190.2,24194.9,24189.05,24193.6,0
2026-04-23 11:37:00+05:30,24189.5,24189.55,24181.85,24189.25,0
2026-04-23 11:36:00+05:30,24187.75,24196.55,24186.05,24189.6,0
2026-04-23 11:35:00+05:30,24193.8,24193.8,24183.4,24186.65,0
2026-04-23 11:34:00+05:30,24198.5,24198.5,24191.45,24192.25,0
2026-04-23 11:33:00+05:30,24199.35,24199.35,24195.55,24197.45,0
2026-04-23 11:32:00+05:30,24203.7,24203.95,24196.95,24198.4,0
2026-04-23 11:31:00+05:30,24199.2,24203.3,24196.1,24202.5,0
2026-04-23 11:30:00+05:30,24198.15,24199.05,24195.6,24197.7,0
2026-04-23 11:29:00+05:30,24197.7,24199.0,24195.7,24197.75,0
2026-04-23 11:28:00+05:30,24195.7,24199.4,24193.85,24197.2,0
2026-04-23 11:27:00+05:30,24194.8,24195.0,24189.9,24194.15,0
2026-04-23 11:26:00+05:30,24194.5,24197.85,24193.4,24193.4,0
2026-04-23 11:25:00+05:30,24191.95,24195.45,24186.75,24193.45,0
2026-04-23 11:24:00+05:30,24193.15,24193.15,24188.9,24189.75,0
2026-04-23 11:23:00+05:30,24202.6,24202.6,24191.35,24191.8,0
2026-04-23 11:22:00+05:30,24197.9,24204.45,24194.55,24203.0,0
2026-04-23 11:21:00+05:30,24195.9,24200.3,24194.45,24196.5,0
2026-04-23 11:20:00+05:30,24191.85,24195.2,24189.85,24194.1,0
2026-04-23 11:19:00+05:30,24205.9,24205.9,24191.2,24191.2,0
2026-04-23 11:18:00+05:30,24205.45,24210.35,24203.5,24203.5,0
2026-04-23 11:17:00+05:30,24204.2,24209.2,24201.3,24203.95,0
2026-04-23 11:16:00+05:30,24196.85,24205.15,24195.55,24203.4,0
2026-04-23 11:15:00+05:30,24193.2,24198.35,24188.0,24195.8,0
2026-04-23 11:14:00+05:30,24193.55,24195.15,24191.1,24191.85,0
2026-04-23 11:13:00+05:30,24195.6,24195.6,24191.15,24192.35,0
2026-04-23 11:12:00+05:30,24205.85,24205.85,24194.6,24194.6,0
2026-04-23 11:11:00+05:30,24217.2,24218.2,24201.8,24203.85,0
2026-04-23 11:10:00+05:30,24214.55,24217.65,24209.85,24216.75,0
2026-04-23 11:09:00+05:30,24222.05,24222.1,24211.7,24212.7,0
2026-04-23 11:08:00+05:30,24216.4,24223.4,24215.3,24220.75,0
2026-04-23 11:07:00+05:30,24214.35,24216.85,24212.45,24214.75,0
2026-04-23 11:06:00+05:30,24221.8,24221.8,24212.6,24213.35,0
2026-04-23 11:05:00+05:30,24223.75,24225.65,24219.35,24220.7,0
2026-04-23 11:04:00+05:30,24216.85,24223.15,24214.75,24223.15,0
2026-04-23 11:03:00+05:30,24222.2,24222.2,24211.55,24215.8,0
2026-04-23 11:02:00+05:30,24216.95,24223.2,24214.1,24220.25,0
2026-04-23 11:01:00+05:30,24217.65,24220.9,24214.8,24215.3,0
2026-04-23 11:00:00+05:30,24216.0,24218.05,24212.4,24215.8,0
2026-04-23 10:59:00+05:30,24220.7,24220.7,24214.95,24215.35,0
2026-04-23 10:58:00+05:30,24200.35,24222.1,24197.7,24220.15,0
2026-04-23 10:57:00+05:30,24199.8,24204.65,24197.4,24198.9,0
2026-04-23 10:56:00+05:30,24204.6,24205.15,24197.75,24198.0,0
2026-04-23 10:55:00+05:30,24211.85,24211.85,24203.7,24203.7,0
2026-04-23 10:54:00+05:30,24211.35,24215.05,24209.05,24210.7,0
2026-04-23 10:53:00+05:30,24203.0,24217.5,24202.05,24210.4,0
2026-04-23 10:52:00+05:30,24203.8,24207.95,24199.45,24201.15,0
2026-04-23 10:51:00+05:30,24199.8,24203.65,24190.6,24203.65,0
2026-04-23 10:50:00+05:30,24207.7,24207.7,24198.95,24199.2,0
2026-04-23 10:49:00+05:30,24208.7,24213.05,24202.9,24205.65,0
2026-04-23 10:48:00+05:30,24206.05,24209.15,24201.8,24206.9,0
2026-04-23 10:47:00+05:30,24202.25,24208.05,24185.2,24202.9,0
2026-04-23 10:46:00+05:30,24220.2,24220.2,24200.8,24201.9,0
2026-04-23 10:45:00+05:30,24221.3,24222.7,24217.6,24217.6,0
2026-04-23 10:44:00+05:30,24221.75,24221.9,24217.65,24220.0,0
2026-04-23 10:43:00+05:30,24227.5,24227.5,24218.55,24221.55,0
2026-04-23 10:42:00+05:30,24228.05,24229.15,24221.5,24226.25,0
2026-04-23 10:41:00+05:30,24227.15,24228.1,24218.75,24227.35,0
2026-04-23 10:40:00+05:30,24227.8,24228.5,24223.7,24225.35,0
2026-04-23 10:39:00+05:30,24228.25,24230.8,24223.55,24226.75,0
2026-04-23 10:38:00+05:30,24228.65,24230.95,24221.65,24226.25,0
2026-04-23 10:37:00+05:30,24237.4,24237.4,24227.2,24227.5,0
2026-04-23 10:36:00+05:30,24237.25,24238.7,24232.05,24235.25,0
2026-04-23 10:35:00+05:30,24245.45,24250.0,24232.4,24233.75,0
2026-04-23 10:34:00+05:30,24244.55,24244.55,24239.55,24244.35,0
2026-04-23 10:33:00+05:30,24247.0,24247.8,24242.75,24243.8,0
2026-04-23 10:32:00+05:30,24249.45,24249.5,24245.0,24245.25,0
2026-04-23 10:31:00+05:30,24255.65,24256.05,24246.5,24247.5,0
2026-04-23 10:30:00+05:30,24263.5,24265.4,24253.85,24254.7,0
2026-04-23 10:29:00+05:30,24269.65,24269.95,24260.8,24261.3,0
2026-04-23 10:28:00+05:30,24278.15,24278.15,24268.0,24268.65,0
2026-04-23 10:27:00+05:30,24272.45,24278.3,24271.75,24277.1,0
2026-04-23 10:26:00+05:30,24271.2,24277.05,24269.95,24272.9,0
2026-04-23 10:25:00+05:30,24270.3,24270.3,24262.1,24268.6,0
2026-04-23 10:24:00+05:30,24271.55,24276.45,24269.25,24269.75,0
2026-04-23 10:23:00+05:30,24270.55,24272.65,24268.3,24270.4,0
2026-04-23 10:22:00+05:30,24273.65,24273.65,24265.7,24267.3,0
2026-04-23 10:21:00+05:30,24285.35,24288.65,24271.55,24272.3,0
2026-04-23 10:20:00+05:30,24287.9,24291.65,24284.05,24284.05,0
2026-04-23 10:19:00+05:30,24275.8,24287.65,24274.7,24287.0,0
2026-04-23 10:18:00+05:30,24274.7,24275.6,24271.15,24274.6,0
2026-04-23 10:17:00+05:30,24279.6,24279.7,24272.6,24275.4,0
2026-04-23 10:16:00+05:30,24265.65,24279.25,24260.6,24278.8,0
2026-04-23 10:15:00+05:30,24276.8,24280.5,24262.75,24264.9,0
2026-04-23 10:14:00+05:30,24271.65,24275.6,24266.95,24275.35,0
2026-04-23 10:13:00+05:30,24278.6,24279.4,24270.6,24271.45,0
2026-04-23 10:12:00+05:30,24280.4,24280.95,24274.4,24277.45,0
2026-04-23 10:11:00+05:30,24278.5,24281.35,24272.05,24277.95,0
2026-04-23 10:10:00+05:30,24286.65,24287.6,24273.4,24278.15,0
2026-04-23 10:09:00+05:30,24286.3,24287.7,24281.95,24285.9,0
2026-04-23 10:08:00+05:30,24287.45,24291.7,24281.8,24285.1,0
2026-04-23 10:07:00+05:30,24296.95,24298.45,24286.0,24286.9,0
2026-04-23 10:06:00+05:30,24306.5,24308.55,24294.8,24295.05,0
2026-04-23 10:05:00+05:30,24306.55,24310.2,24303.55,24306.55,0
2026-04-23 10:04:00+05:30,24298.65,24307.5,24297.9,24306.3,0
2026-04-23 10:03:00+05:30,24283.55,24298.45,24283.55,24297.25,0
2026-04-23 10:02:00+05:30,24275.35,24283.05,24272.1,24282.1,0
2026-04-23 10:01:00+05:30,24278.8,24282.8,24266.05,24274.5,0
2026-04-23 10:00:00+05:30,24288.0,24289.4,24277.85,24278.2,0
2026-04-23 09:59:00+05:30,24286.0,24291.0,24283.55,24287.5,0
2026-04-23 09:58:00+05:30,24289.8,24292.15,24283.75,24284.75,0
2026-04-23 09:57:00+05:30,24293.35,24295.0,24288.85,24288.95,0
2026-04-23 09:56:00+05:30,24292.9,24295.35,24287.7,24291.95,0
2026-04-23 09:55:00+05:30,24283.75,24292.35,24282.95,24292.35,0
2026-04-23 09:54:00+05:30,24295.95,24298.05,24282.95,24282.95,0
2026-04-23 09:53:00+05:30,24288.55,24298.95,24287.15,24295.35,0
2026-04-23 09:52:00+05:30,24272.1,24287.8,24272.1,24286.9,0
2026-04-23 09:51:00+05:30,24279.15,24288.85,24270.65,24273.25,0
2026-04-23 09:50:00+05:30,24271.2,24282.05,24270.6,24278.85,0
2026-04-23 09:49:00+05:30,24270.6,24276.15,24268.6,24271.65,0
2026-04-23 09:48:00+05:30,24259.95,24270.2,24258.25,24268.5,0
2026-04-23 09:47:00+05:30,24255.35,24265.85,24255.0,24258.9,0
2026-04-23 09:46:00+05:30,24246.3,24254.0,24245.1,24253.65,0
2026-04-23 09:45:00+05:30,24244.7,24245.2,24233.6,24245.2,0
2026-04-23 09:44:00+05:30,24245.6,24245.6,24239.05,24242.65,0
2026-04-23 09:43:00+05:30,24235.1,24247.05,24233.65,24244.3,0
2026-04-23 09:42:00+05:30,24227.1,24235.2,24224.55,24232.65,0
2026-04-23 09:41:00+05:30,24210.35,24226.2,24208.8,24224.9,0
2026-04-23 09:40:00+05:30,24214.45,24216.4,24203.6,24208.8,0
2026-04-23 09:39:00+05:30,24211.05,24222.3,24211.05,24213.45,0
2026-04-23 09:38:00+05:30,24209.45,24211.05,24197.15,24209.95,0
2026-04-23 09:37:00+05:30,24198.45,24212.5,24197.1,24208.8,0
2026-04-23 09:36:00+05:30,24206.2,24206.4,24193.5,24198.35,0
2026-04-23 09:35:00+05:30,24214.8,24216.6,24206.25,24207.15,0
2026-04-23 09:34:00+05:30,24205.4,24218.3,24200.4,24213.15,0
2026-04-23 09:33:00+05:30,24230.75,24231.75,24203.6,24203.6,0
2026-04-23 09:32:00+05:30,24237.4,24237.4,24225.75,24230.25,0
2026-04-23 09:31:00+05:30,24236.5,24256.9,24232.2,24235.45,0
2026-04-23 09:30:00+05:30,24230.5,24240.2,24214.85,24236.45,0
2026-04-23 09:29:00+05:30,24226.65,24232.25,24224.65,24230.5,0
2026-04-23 09:28:00+05:30,24211.45,24226.2,24210.45,24225.05,0
2026-04-23 09:27:00+05:30,24200.3,24211.35,24197.15,24210.15,0
2026-04-23 09:26:00+05:30,24203.05,24204.2,24193.45,24198.8,0
2026-04-23 09:25:00+05:30,24210.65,24219.75,24199.7,24201.6,0
2026-04-23 09:24:00+05:30,24220.6,24220.6,24205.15,24210.65,0
2026-04-23 09:23:00+05:30,24213.05,24228.05,24212.8,24216.9,0
2026-04-23 09:22:00+05:30,24218.45,24219.65,24201.05,24212.55,0
2026-04-23 09:21:00+05:30,24220.75,24221.0,24208.55,24217.45,0
2026-04-23 09:20:00+05:30,24202.45,24217.35,24191.2,24217.35,0
2026-04-23 09:19:00+05:30,24199.75,24207.75,24196.05,24201.35,0
2026-04-23 09:18:00+05:30,24201.35,24203.8,24183.0,24197.45,0
2026-04-23 09:17:00+05:30,24195.5,24209.8,24190.95,24196.7,0
2026-04-23 09:16:00+05:30,24156.7,24195.75,24146.45,24195.75,0
2026-04-23 09:15:00+05:30,24202.35,24242.5,24134.8,24153.95,0
2026-04-22 15:29:00+05:30,24358.15,24371.25,24356.7,24367.65,0
2026-04-22 15:28:00+05:30,24360.7,24363.75,24358.05,24359.5,0
2026-04-22 15:27:00+05:30,24362.3,24365.15,24358.45,24361.8,0
2026-04-22 15:26:00+05:30,24364.25,24367.05,24361.5,24363.4,0
2026-04-22 15:25:00+05:30,24368.7,24371.9,24357.85,24366.5,0
2026-04-22 15:24:00+05:30,24377.35,24378.45,24367.55,24369.5,0
2026-04-22 15:23:00+05:30,24380.5,24380.95,24377.3,24377.4,0
2026-04-22 15:22:00+05:30,24377.85,24381.4,24376.25,24379.6,0
2026-04-22 15:21:00+05:30,24378.6,24380.1,24375.7,24376.9,0
2026-04-22 15:20:00+05:30,24379.1,24379.55,24376.25,24377.45,0
2026-04-22 15:19:00+05:30,24377.55,24380.75,24377.0,24378.45,0
2026-04-22 15:18:00+05:30,24382.55,24383.3,24377.0,24378.55,0
2026-04-22 15:17:00+05:30,24386.25,24387.5,24381.8,24383.55,0
2026-04-22 15:16:00+05:30,24391.7,24392.65,24385.55,24387.25,0
2026-04-22 15:15:00+05:30,24382.05,24392.55,24381.7,24391.6,0
2026-04-22 15:14:00+05:30,24380.75,24385.05,24380.3,24382.4,0
2026-04-22 15:13:00+05:30,24376.5,24381.8,24376.05,24380.55,0
2026-04-22 15:12:00+05:30,24375.35,24379.3,24374.85,24377.9,0
2026-04-22 15:11:00+05:30,24375.75,24379.65,24375.75,24376.5,0
2026-04-22 15:10:00+05:30,24378.6,24379.7,24375.45,24376.6,0
2026-04-22 15:09:00+05:30,24375.35,24381.3,24375.35,24378.9,0
2026-04-22 15:08:00+05:30,24378.15,24379.85,24374.15,24376.2,0
2026-04-22 15:07:00+05:30,24379.2,24383.35,24379.2,24379.45,0
2026-04-22 15:06:00+05:30,24379.85,24381.5,24378.85,24380.3,0
2026-04-22 15:05:00+05:30,24385.4,24385.75,24379.0,24380.6,0
2026-04-22 15:04:00+05:30,24382.8,24386.85,24382.45,24385.1,0
2026-04-22 15:03:00+05:30,24397.75,24397.85,24381.3,24382.7,0
2026-04-22 15:02:00+05:30,24392.4,24398.0,24387.2,24397.45,0
2026-04-22 15:01:00+05:30,24403.35,24404.8,24391.8,24392.35,0
2026-04-22 15:00:00+05:30,24423.15,24423.15,24404.0,24404.0,0
2026-04-22 14:59:00+05:30,24423.65,24428.65,24423.3,24425.75,0
2026-04-22 14:58:00+05:30,24425.45,24426.45,24420.35,24424.25,0
2026-04-22 14:57:00+05:30,24425.65,24428.6,24422.95,24426.35,0
2026-04-22 14:56:00+05:30,24428.45,24428.45,24424.35,24427.1,0
2026-04-22 14:55:00+05:30,24421.15,24430.25,24421.05,24428.85,0
2026-04-22 14:54:00+05:30,24418.35,24422.35,24417.05,24421.3,0
2026-04-22 14:53:00+05:30,24418.1,24420.4,24418.1,24419.15,0
2026-04-22 14:52:00+05:30,24415.6,24420.55,24415.4,24418.55,0
2026-04-22 14:51:00+05:30,24410.25,24416.6,24409.35,24415.45,0
2026-04-22 14:50:00+05:30,24414.1,24414.1,24408.5,24410.85,0
2026-04-22 14:49:00+05:30,24417.1,24420.1,24414.45,24414.45,0
2026-04-22 14:48:00+05:30,24416.45,24420.45,24415.75,24417.85,0
2026-04-22 14:47:00+05:30,24410.9,24417.1,24410.55,24416.8,0
2026-04-22 14:46:00+05:30,24412.1,24415.3,24409.45,24410.55,0
2026-04-22 14:45:00+05:30,24412.75,24414.75,24409.5,24413.1,0
2026-04-22 14:44:00+05:30,24418.3,24418.75,24411.7,24413.15,0
2026-04-22 14:43:00+05:30,24415.7,24419.4,24413.9,24417.25,0
2026-04-22 14:42:00+05:30,24417.15,24419.8,24415.3,24415.3,0
2026-04-22 14:41:00+05:30,24412.8,24417.35,24412.35,24417.2,0
2026-04-22 14:40:00+05:30,24417.8,24419.7,24412.7,24412.7,0
2026-04-22 14:39:00+05:30,24414.2,24416.3,24411.7,24416.1,0
2026-04-22 14:38:00+05:30,24425.45,24426.7,24413.35,24414.8,0
2026-04-22 14:37:00+05:30,24421.55,24430.0,24420.55,24425.95,0
2026-04-22 14:36:00+05:30,24412.25,24423.3,24411.45,24421.95,0
2026-04-22 14:35:00+05:30,24411.8,24413.25,24410.0,24412.6,0
2026-04-22 14:34:00+05:30,24412.55,24415.35,24410.25,24412.1,0
2026-04-22 14:33:00+05:30,24408.55,24413.75,24408.45,24413.6,0
2026-04-22 14:32:00+05:30,24408.6,24411.3,24407.2,24409.45,0
2026-04-22 14:31:00+05:30,24407.6,24414.35,24407.1,24410.1,0
2026-04-22 14:30:00+05:30,24405.65,24409.65,24402.8,24407.35,0
2026-04-22 14:29:00+05:30,24405.0,24407.6,24402.8,24405.6,0
2026-04-22 14:28:00+05:30,24408.9,24410.2,24404.45,24405.4,0
2026-04-22 14:27:00+05:30,24410.55,24410.8,24407.45,24409.75,0
2026-04-22 14:26:00+05:30,24414.35,24415.25,24410.5,24410.7,0
2026-04-22 14:25:00+05:30,24409.55,24416.95,24409.55,24414.9,0
2026-04-22 14:24:00+05:30,24408.6,24410.6,24407.45,24410.1,0
2026-04-22 14:23:00+05:30,24407.95,24415.55,24407.95,24409.1,0
2026-04-22 14:22:00+05:30,24406.25,24408.45,24404.8,24406.8,0
2026-04-22 14:21:00+05:30,24396.9,24409.9,24396.5,24406.45,0
2026-04-22 14:20:00+05:30,24403.3,24405.0,24396.2,24397.35,0
2026-04-22 14:19:00+05:30,24392.1,24404.25,24392.0,24403.35,0
2026-04-22 14:18:00+05:30,24395.75,24399.3,24390.7,24392.45,0
2026-04-22 14:17:00+05:30,24401.5,24406.05,24395.7,24395.85,0
2026-04-22 14:16:00+05:30,24412.8,24416.3,24400.15,24401.65,0
2026-04-22 14:15:00+05:30,24416.45,24418.1,24413.95,24414.15,0
2026-04-22 14:14:00+05:30,24407.45,24416.6,24407.45,24415.0,0
2026-04-22 14:13:00+05:30,24410.45,24412.0,24405.9,24407.65,0
2026-04-22 14:12:00+05:30,24407.4,24412.9,24406.2,24411.4,0
2026-04-22 14:11:00+05:30,24409.75,24410.85,24406.85,24407.1,0
2026-04-22 14:10:00+05:30,24423.05,24423.6,24409.4,24410.45,0
2026-04-22 14:09:00+05:30,24428.55,24430.0,24422.6,24422.6,0
2026-04-22 14:08:00+05:30,24429.2,24433.75,24427.8,24429.35,0
2026-04-22 14:07:00+05:30,24423.9,24432.7,24423.5,24429.35,0
2026-04-22 14:06:00+05:30,24428.5,24431.15,24424.45,24424.95,0
2026-04-22 14:05:00+05:30,24421.15,24429.85,24421.15,24428.9,0
2026-04-22 14:04:00+05:30,24430.95,24433.15,24419.5,24420.4,0
2026-04-22 14:03:00+05:30,24445.15,24445.7,24430.0,24432.15,0
2026-04-22 14:02:00+05:30,24450.45,24452.35,24446.0,24446.0,0
2026-04-22 14:01:00+05:30,24457.25,24458.25,24448.4,24450.4,0
2026-04-22 14:00:00+05:30,24449.85,24458.0,24449.85,24456.95,0
2026-04-22 13:59:00+05:30,24445.5,24453.05,24445.35,24449.55,0
2026-04-22 13:58:00+05:30,24443.6,24451.7,24443.6,24446.15,0
2026-04-22 13:57:00+05:30,24439.3,24444.25,24435.85,24444.25,0
2026-04-22 13:56:00+05:30,24433.2,24442.25,24431.85,24438.7,0
2026-04-22 13:55:00+05:30,24424.75,24434.75,24421.65,24432.75,0
2026-04-22 13:54:00+05:30,24419.45,24423.15,24415.1,24423.15,0
2026-04-22 13:53:00+05:30,24420.75,24425.5,24419.0,24420.3,0
2026-04-22 13:52:00+05:30,24427.3,24427.75,24420.85,24421.8,0
2026-04-22 13:51:00+05:30,24428.45,24429.05,24425.65,24428.05,0
2026-04-22 13:50:00+05:30,24431.75,24434.8,24428.55,24428.95,0
2026-04-22 13:49:00+05:30,24432.0,24433.6,24430.4,24432.35,0
2026-04-22 13:48:00+05:30,24427.9,24433.7,24427.9,24432.35,0
2026-04-22 13:47:00+05:30,24430.95,24431.4,24428.1,24428.9,0
2026-04-22 13:46:00+05:30,24429.3,24432.15,24428.25,24430.95,0
2026-04-22 13:45:00+05:30,24431.5,24434.55,24429.2,24429.95,0
2026-04-22 13:44:00+05:30,24427.25,24432.85,24427.25,24431.9,0
2026-04-22 13:43:00+05:30,24426.25,24429.7,24423.35,24428.95,0
2026-04-22 13:42:00+05:30,24431.0,24433.2,24426.2,24427.2,0
2026-04-22 13:41:00+05:30,24426.35,24433.55,24426.05,24431.65,0
2026-04-22 13:40:00+05:30,24419.9,24426.85,24419.9,24426.75,0
2026-04-22 13:39:00+05:30,24417.45,24423.4,24415.4,24420.75,0
2026-04-22 13:38:00+05:30,24426.45,24428.25,24417.75,24418.25,0
2026-04-22 13:37:00+05:30,24427.85,24430.25,24426.2,24427.35,0
2026-04-22 13:36:00+05:30,24428.2,24429.95,24426.15,24428.75,0
2026-04-22 13:35:00+05:30,24422.35,24430.05,24422.35,24429.4,0
2026-04-22 13:34:00+05:30,24425.55,24426.65,24422.55,24422.95,0
2026-04-22 13:33:00+05:30,24417.95,24427.85,24417.95,24426.45,0
2026-04-22 13:32:00+05:30,24413.75,24419.25,24409.0,24418.15,0
2026-04-22 13:31:00+05:30,24415.65,24415.75,24411.45,24414.35,0
2026-04-22 13:30:00+05:30,24415.9,24419.1,24415.1,24417.05,0
2026-04-22 13:29:00+05:30,24402.05,24415.6,24402.05,24415.6,0
2026-04-22 13:28:00+05:30,24403.1,24404.95,24399.3,24402.2,0
2026-04-22 13:27:00+05:30,24399.3,24406.7,24399.3,24403.95,0
2026-04-22 13:26:00+05:30,24393.55,24401.9,24393.2,24400.75,0
2026-04-22 13:25:00+05:30,24393.9,24398.75,24390.75,24395.35,0
2026-04-22 13:24:00+05:30,24395.5,24398.0,24391.2,24392.6,0
2026-04-22 13:23:00+05:30,24389.75,24396.5,24385.45,24394.65,0
2026-04-22 13:22:00+05:30,24406.05,24407.25,24389.1,24389.85,0
2026-04-22 13:21:00+05:30,24406.1,24407.5,24402.6,24405.6,0
2026-04-22 13:20:00+05:30,24412.8,24416.05,24406.0,24406.5,0
2026-04-22 13:19:00+05:30,24420.75,24421.0,24412.4,24412.65,0
2026-04-22 13:18:00+05:30,24420.3,24422.35,24417.1,24420.6,0
2026-04-22 13:17:00+05:30,24427.3,24429.0,24420.75,24420.75,0
2026-04-22 13:16:00+05:30,24430.1,24430.1,24424.75,24427.7,0
2026-04-22 13:15:00+05:30,24429.75,24433.15,24429.75,24430.35,0
2026-04-22 13:14:00+05:30,24423.6,24431.85,24423.6,24431.25,0
2026-04-22 13:13:00+05:30,24418.7,24426.4,24418.65,24423.45,0
2026-04-22 13:12:00+05:30,24426.85,24427.35,24417.8,24419.45,0
2026-04-22 13:11:00+05:30,24428.95,24431.2,24425.85,24427.65,0
2026-04-22 13:10:00+05:30,24432.3,24433.45,24425.95,24429.35,0
2026-04-22 13:09:00+05:30,24435.3,24436.1,24429.7,24431.45,0
2026-04-22 13:08:00+05:30,24433.55,24437.7,24432.6,24434.95,0
2026-04-22 13:07:00+05:30,24434.0,24435.95,24432.55,24434.05,0
2026-04-22 13:06:00+05:30,24432.3,24436.25,24431.45,24433.15,0
2026-04-22 13:05:00+05:30,24430.1,24434.85,24430.1,24432.55,0
2026-04-22 13:04:00+05:30,24420.6,24430.65,24420.6,24430.0,0
2026-04-22 13:03:00+05:30,24429.25,24430.5,24419.8,24420.5,0
2026-04-22 13:02:00+05:30,24427.95,24432.15,24427.4,24429.85,0
2026-04-22 13:01:00+05:30,24431.2,24434.6,24422.3,24427.75,0
2026-04-22 13:00:00+05:30,24431.8,24434.5,24428.4,24432.45,0
2026-04-22 12:59:00+05:30,24429.95,24433.4,24429.75,24429.75,0
2026-04-22 12:58:00+05:30,24428.75,24433.2,24428.75,24431.1,0
2026-04-22 12:57:00+05:30,24427.4,24433.3,24427.4,24429.45,0
2026-04-22 12:56:00+05:30,24425.9,24429.8,24424.95,24428.5,0
2026-04-22 12:55:00+05:30,24418.2,24428.65,24418.2,24427.4,0
2026-04-22 12:54:00+05:30,24420.25,24422.4,24417.15,24419.7,0
2026-04-22 12:53:00+05:30,24420.75,24423.7,24420.15,24420.85,0
2026-04-22 12:52:00+05:30,24412.3,24424.3,24412.3,24421.9,0
2026-04-22 12:51:00+05:30,24409.8,24414.2,24407.4,24413.6,0
2026-04-22 12:50:00+05:30,24406.95,24413.85,24405.05,24412.15,0
2026-04-22 12:49:00+05:30,24410.1,24411.4,24403.55,24407.4,0
2026-04-22 12:48:00+05:30,24414.15,24417.0,24410.4,24410.85,0
2026-04-22 12:47:00+05:30,24416.35,24419.2,24413.55,24414.6,0
2026-04-22 12:46:00+05:30,24420.35,24422.0,24415.45,24417.1,0
2026-04-22 12:45:00+05:30,24419.2,24423.15,24417.1,24420.15,0
2026-04-22 12:44:00+05:30,24416.65,24419.75,24415.75,24418.45,0
2026-04-22 12:43:00+05:30,24411.9,24418.7,24411.1,24418.7,0
2026-04-22 12:42:00+05:30,24411.3,24415.8,24411.15,24411.8,0
2026-04-22 12:41:00+05:30,24409.45,24412.25,24407.65,24411.85,0
2026-04-22 12:40:00+05:30,24411.6,24415.05,24409.2,24409.35,0
2026-04-22 12:39:00+05:30,24405.65,24413.2,24405.4,24411.1,0
2026-04-22 12:38:00+05:30,24400.45,24406.2,24395.5,24406.2,0
2026-04-22 12:37:00+05:30,24410.3,24411.6,24400.5,24400.85,0
2026-04-22 12:36:00+05:30,24415.15,24416.9,24410.15,24410.45,0
2026-04-22 12:35:00+05:30,24418.7,24420.15,24413.3,24415.2,0
2026-04-22 12:34:00+05:30,24419.15,24422.05,24415.85,24418.8,0
2026-04-22 12:33:00+05:30,24415.65,24422.15,24414.3,24419.45,0
2026-04-22 12:32:00+05:30,24418.2,24422.0,24416.15,24416.9,0
2026-04-22 12:31:00+05:30,24417.9,24419.6,24415.8,24417.5,0
2026-04-22 12:30:00+05:30,24410.2,24420.15,24409.8,24418.8,0
2026-04-22 12:29:00+05:30,24402.75,24412.0,24402.05,24409.9,0
2026-04-22 12:28:00+05:30,24408.35,24409.3,24400.15,24402.95,0
2026-04-22 12:27:00+05:30,24417.3,24419.0,24408.2,24408.2,0
2026-04-22 12:26:00+05:30,24412.45,24419.35,24410.55,24417.25,0
2026-04-22 12:25:00+05:30,24405.55,24415.45,24405.35,24412.9,0
2026-04-22 12:24:00+05:30,24409.0,24410.9,24403.0,24405.85,0
2026-04-22 12:23:00+05:30,24412.65,24413.85,24408.75,24408.9,0
2026-04-22 12:22:00+05:30,24411.85,24415.75,24411.3,24412.35,0
2026-04-22 12:21:00+05:30,24409.35,24414.7,24408.15,24412.5,0
2026-04-22 12:20:00+05:30,24410.3,24412.85,24408.1,24409.8,0
2026-04-22 12:19:00+05:30,24413.15,24413.55,24408.75,24409.65,0
2026-04-22 12:18:00+05:30,24420.6,24421.2,24414.1,24414.55,0
2026-04-22 12:17:00+05:30,24412.2,24422.75,24412.1,24421.0,0
2026-04-22 12:16:00+05:30,24413.15,24416.9,24410.7,24412.05,0
2026-04-22 12:15:00+05:30,24418.65,24419.1,24413.05,24413.3,0
2026-04-22 12:14:00+05:30,24414.3,24420.8,24413.2,24419.15,0
2026-04-22 12:13:00+05:30,24416.3,24417.0,24409.75,24414.2,0
2026-04-22 12:12:00+05:30,24426.05,24427.05,24416.25,24416.75,0
2026-04-22 12:11:00+05:30,24422.5,24427.45,24422.35,24425.9,0
2026-04-22 12:10:00+05:30,24424.1,24424.5,24420.65,24422.7,0
2026-04-22 12:09:00+05:30,24426.7,24428.25,24422.8,24422.8,0
2026-04-22 12:08:00+05:30,24431.8,24434.3,24426.1,24427.3,0
2026-04-22 12:07:00+05:30,24431.7,24435.6,24429.85,24431.9,0
2026-04-22 12:06:00+05:30,24431.1,24434.35,24428.2,24431.7,0
2026-04-22 12:05:00+05:30,24434.15,24435.55,24430.1,24431.15,0
2026-04-22 12:04:00+05:30,24431.1,24436.35,24430.65,24434.0,0
2026-04-22 12:03:00+05:30,24427.8,24432.75,24426.9,24430.85,0
2026-04-22 12:02:00+05:30,24429.45,24432.25,24427.95,24427.95,0
2026-04-22 12:01:00+05:30,24430.4,24431.35,24427.8,24429.55,0
2026-04-22 12:00:00+05:30,24426.85,24435.2,24426.35,24430.65,0
2026-04-22 11:59:00+05:30,24423.95,24428.25,24422.8,24426.9,0
2026-04-22 11:58:00+05:30,24419.3,24424.55,24418.2,24424.3,0
2026-04-22 11:57:00+05:30,24415.6,24420.7,24414.6,24419.2,0
2026-04-22 11:56:00+05:30,24416.9,24417.1,24413.2,24415.55,0
2026-04-22 11:55:00+05:30,24414.75,24419.15,24414.5,24417.25,0
2026-04-22 11:54:00+05:30,24412.6,24416.05,24410.8,24414.65,0
2026-04-22 11:53:00+05:30,24410.45,24413.8,24409.5,24412.25,0
2026-04-22 11:52:00+05:30,24407.65,24411.05,24405.65,24409.85,0
2026-04-22 11:51:00+05:30,24409.75,24412.1,24406.7,24406.7,0
2026-04-22 11:50:00+05:30,24405.65,24411.25,24404.0,24410.05,0
2026-04-22 11:49:00+05:30,24399.2,24409.0,24399.2,24405.75,0
2026-04-22 11:48:00+05:30,24392.8,24401.7,24390.55,24400.05,0
2026-04-22 11:47:00+05:30,24398.8,24402.05,24393.2,24393.2,0
2026-04-22 11:46:00+05:30,24406.4,24407.45,24394.15,24399.1,0
2026-04-22 11:45:00+05:30,24416.8,24416.8,24406.25,24406.25,0
2026-04-22 11:44:00+05:30,24426.65,24429.15,24417.05,24417.2,0
2026-04-22 11:43:00+05:30,24430.8,24430.8,24422.9,24426.6,0
2026-04-22 11:42:00+05:30,24432.4,24437.35,24430.65,24431.0,0
2026-04-22 11:41:00+05:30,24435.4,24435.85,24432.3,24432.85,0
2026-04-22 11:40:00+05:30,24430.75,24436.4,24429.85,24435.0,0
2026-04-22 11:39:00+05:30,24435.65,24436.35,24429.9,24430.65,0
2026-04-22 11:38:00+05:30,24436.5,24436.9,24432.8,24436.0,0
2026-04-22 11:37:00+05:30,24434.4,24438.05,24433.5,24435.45,0
2026-04-22 11:36:00+05:30,24434.45,24435.75,24430.9,24434.55,0
2026-04-22 11:35:00+05:30,24441.7,24443.45,24433.9,24434.5,0
2026-04-22 11:34:00+05:30,24447.65,24447.65,24438.75,24441.8,0
2026-04-22 11:33:00+05:30,24440.6,24448.7,24440.6,24447.95,0
2026-04-22 11:32:00+05:30,24436.25,24442.65,24434.75,24439.8,0
2026-04-22 11:31:00+05:30,24435.9,24438.0,24433.95,24435.35,0
2026-04-22 11:30:00+05:30,24435.95,24437.95,24435.3,24435.55,0
2026-04-22 11:29:00+05:30,24441.6,24443.2,24434.4,24435.45,0
2026-04-22 11:28:00+05:30,24445.65,24445.95,24438.85,24441.75,0
2026-04-22 11:27:00+05:30,24447.75,24448.55,24444.25,24446.1,0
2026-04-22 11:26:00+05:30,24445.75,24449.7,24445.55,24448.05,0
2026-04-22 11:25:00+05:30,24445.9,24446.85,24443.0,24445.7,0
2026-04-22 11:24:00+05:30,24441.0,24446.8,24441.0,24446.35,0
2026-04-22 11:23:00+05:30,24440.65,24442.75,24437.5,24441.1,0
2026-04-22 11:22:00+05:30,24437.6,24443.3,24436.05,24442.25,0
2026-04-22 11:21:00+05:30,24434.0,24440.3,24433.8,24437.85,0
2026-04-22 11:20:00+05:30,24438.2,24438.9,24430.8,24434.15,0
2026-04-22 11:19:00+05:30,24435.55,24439.4,24435.25,24438.15,0
2026-04-22 11:18:00+05:30,24430.9,24436.25,24430.05,24435.7,0
2026-04-22 11:17:00+05:30,24425.6,24435.65,24424.55,24431.3,0
2026-04-22 11:16:00+05:30,24426.75,24428.7,24424.25,24425.8,0
2026-04-22 11:15:00+05:30,24427.95,24429.75,24425.65,24427.35,0
2026-04-22 11:14:00+05:30,24426.5,24432.2,24425.9,24428.15,0
2026-04-22 11:13:00+05:30,24427.15,24429.15,24422.8,24426.35,0
2026-04-22 11:12:00+05:30,24418.45,24428.15,24417.65,24427.15,0
2026-04-22 11:11:00+05:30,24413.9,24419.9,24413.25,24418.45,0
2026-04-22 11:10:00+05:30,24424.35,24426.85,24412.3,24412.95,0
2026-04-22 11:09:00+05:30,24431.85,24432.7,24423.9,24424.75,0
2026-04-22 11:08:00+05:30,24429.6,24435.35,24428.8,24432.5,0
2026-04-22 11:07:00+05:30,24430.5,24433.9,24429.25,24430.5,0
2026-04-22 11:06:00+05:30,24433.55,24435.3,24430.5,24430.5,0
2026-04-22 11:05:00+05:30,24439.05,24441.0,24433.55,24433.7,0
2026-04-22 11:04:00+05:30,24428.95,24441.2,24428.15,24439.35,0
2026-04-22 11:03:00+05:30,24434.95,24436.35,24428.4,24429.7,0
2026-04-22 11:02:00+05:30,24432.8,24439.4,24432.8,24434.9,0
2026-04-22 11:01:00+05:30,24431.2,24435.55,24426.4,24433.4,0
2026-04-22 11:00:00+05:30,24440.2,24441.0,24431.4,24431.8,0
2026-04-22 10:59:00+05:30,24439.65,24441.6,24437.5,24439.9,0
2026-04-22 10:58:00+05:30,24441.4,24442.6,24438.1,24439.75,0
2026-04-22 10:57:00+05:30,24438.85,24443.15,24437.75,24441.6,0
2026-04-22 10:56:00+05:30,24444.8,24445.1,24436.9,24439.25,0
2026-04-22 10:55:00+05:30,24443.2,24447.6,24442.3,24445.05,0
2026-04-22 10:54:00+05:30,24443.0,24447.8,24441.95,24443.65,0
2026-04-22 10:53:00+05:30,24436.05,24444.45,24436.05,24443.45,0
2026-04-22 10:52:00+05:30,24431.5,24436.75,24430.35,24435.4,0
2026-04-22 10:51:00+05:30,24427.9,24434.6,24427.35,24432.55,0
2026-04-22 10:50:00+05:30,24423.65,24429.75,24423.65,24427.55,0
2026-04-22 10:49:00+05:30,24427.7,24428.95,24422.55,24424.15,0
2026-04-22 10:48:00+05:30,24433.75,24435.25,24424.5,24428.95,0
2026-04-22 10:47:00+05:30,24426.65,24436.1,24426.1,24434.35,0
2026-04-22 10:46:00+05:30,24409.1,24433.4,24409.05,24429.2,0
2026-04-22 10:45:00+05:30,24416.25,24417.5,24409.1,24409.85,0
2026-04-22 10:44:00+05:30,24414.35,24418.2,24414.1,24416.35,0
2026-04-22 10:43:00+05:30,24409.45,24416.85,24409.1,24414.85,0
2026-04-22 10:42:00+05:30,24404.4,24410.4,24403.75,24409.65,0
2026-04-22 10:41:00+05:30,24401.75,24405.15,24398.95,24404.45,0
2026-04-22 10:40:00+05:30,24401.5,24404.4,24399.45,24402.65,0
2026-04-22 10:39:00+05:30,24393.05,24402.1,24391.0,24401.25,0
2026-04-22 10:38:00+05:30,24384.8,24397.2,24384.5,24393.4,0
2026-04-22 10:37:00+05:30,24382.45,24385.5,24380.15,24384.55,0
2026-04-22 10:36:00+05:30,24378.85,24383.1,24374.95,24381.7,0
2026-04-22 10:35:00+05:30,24380.5,24384.75,24379.4,24379.4,0
2026-04-22 10:34:00+05:30,24380.9,24383.3,24379.6,24380.6,0
2026-04-22 10:33:00+05:30,24375.85,24383.1,24374.5,24381.35,0
2026-04-22 10:32:00+05:30,24375.85,24379.85,24374.8,24375.05,0
2026-04-22 10:31:00+05:30,24373.8,24377.0,24370.35,24376.0,0
2026-04-22 10:30:00+05:30,24372.3,24375.05,24367.2,24374.55,0
2026-04-22 10:29:00+05:30,24372.45,24373.9,24367.45,24373.05,0
2026-04-22 10:28:00+05:30,24369.35,24373.9,24368.9,24372.35,0
2026-04-22 10:27:00+05:30,24370.3,24371.65,24365.25,24370.05,0
2026-04-22 10:26:00+05:30,24369.05,24377.35,24368.55,24369.75,0
2026-04-22 10:25:00+05:30,24364.35,24370.95,24364.05,24370.3,0
2026-04-22 10:24:00+05:30,24360.45,24368.25,24360.45,24366.45,0
2026-04-22 10:23:00+05:30,24358.4,24365.3,24353.7,24360.85,0
2026-04-22 10:22:00+05:30,24364.55,24364.55,24355.7,24359.25,0
2026-04-22 10:21:00+05:30,24370.65,24371.4,24363.6,24364.1,0
2026-04-22 10:20:00+05:30,24375.8,24376.8,24368.4,24371.65,0
2026-04-22 10:19:00+05:30,24377.65,24379.25,24374.75,24375.4,0
2026-04-22 10:18:00+05:30,24381.1,24383.25,24377.05,24377.5,0
2026-04-22 10:17:00+05:30,24382.3,24382.3,24377.2,24380.6,0
2026-04-22 10:16:00+05:30,24378.4,24385.55,24378.4,24381.65,0
2026-04-22 10:15:00+05:30,24372.9,24379.9,24371.95,24379.35,0
2026-04-22 10:14:00+05:30,24376.8,24377.1,24371.15,24373.15,0
2026-04-22 10:13:00+05:30,24378.1,24379.3,24374.55,24377.0,0
2026-04-22 10:12:00+05:30,24382.55,24388.65,24377.75,24377.75,0
2026-04-22 10:11:00+05:30,24388.35,24389.05,24380.1,24382.9,0
2026-04-22 10:10:00+05:30,24381.65,24390.5,24381.65,24387.3,0
2026-04-22 10:09:00+05:30,24373.9,24382.45,24373.2,24381.7,0
2026-04-22 10:08:00+05:30,24383.85,24383.9,24373.35,24374.6,0
2026-04-22 10:07:00+05:30,24377.0,24384.25,24376.45,24382.95,0
2026-04-22 10:06:00+05:30,24373.4,24378.95,24372.75,24376.9,0
2026-04-22 10:05:00+05:30,24381.9,24382.95,24369.95,24371.85,0
2026-04-22 10:04:00+05:30,24382.5,24388.1,24380.0,24383.25,0
2026-04-22 10:03:00+05:30,24382.5,24384.25,24376.9,24382.3,0
2026-04-22 10:02:00+05:30,24374.9,24385.35,24371.55,24381.65,0
2026-04-22 10:01:00+05:30,24362.15,24376.95,24358.5,24374.4,0
2026-04-22 10:00:00+05:30,24382.9,24382.9,24352.9,24363.4,0
2026-04-22 09:59:00+05:30,24390.15,24394.0,24381.35,24382.25,0
2026-04-22 09:58:00+05:30,24385.2,24392.45,24385.2,24389.55,0
2026-04-22 09:57:00+05:30,24404.65,24407.5,24382.35,24386.3,0
2026-04-22 09:56:00+05:30,24406.55,24406.85,24397.5,24405.05,0
2026-04-22 09:55:00+05:30,24410.15,24410.15,24397.05,24407.5,0
2026-04-22 09:54:00+05:30,24421.05,24421.05,24408.0,24409.45,0
2026-04-22 09:53:00+05:30,24420.8,24426.0,24418.4,24421.05,0
2026-04-22 09:52:00+05:30,24422.9,24432.7,24418.6,24421.85,0
2026-04-22 09:51:00+05:30,24415.3,24424.25,24405.85,24423.45,0
2026-04-22 09:50:00+05:30,24418.25,24424.25,24412.7,24413.45,0
2026-04-22 09:49:00+05:30,24413.15,24418.7,24412.25,24416.95,0
2026-04-22 09:48:00+05:30,24416.35,24416.35,24406.35,24412.7,0
2026-04-22 09:47:00+05:30,24412.7,24417.6,24408.5,24416.3,0
2026-04-22 09:46:00+05:30,24427.55,24433.55,24412.2,24413.0,0
2026-04-22 09:45:00+05:30,24424.8,24429.0,24419.5,24426.5,0
2026-04-22 09:44:00+05:30,24423.75,24427.15,24420.5,24424.4,0
2026-04-22 09:43:00+05:30,24432.65,24434.4,24422.15,24423.3,0
2026-04-22 09:42:00+05:30,24430.55,24440.8,24429.95,24435.0,0
2026-04-22 09:41:00+05:30,24440.5,24440.85,24429.35,24431.35,0
2026-04-22 09:40:00+05:30,24437.95,24440.45,24425.05,24439.85,0
2026-04-22 09:39:00+05:30,24449.1,24449.1,24438.7,24438.7,0
2026-04-22 09:38:00+05:30,24452.2,24454.65,24443.25,24449.1,0
2026-04-22 09:37:00+05:30,24466.45,24466.45,24449.1,24452.55,0
2026-04-22 09:36:00+05:30,24444.35,24466.05,24442.6,24466.05,0
2026-04-22 09:35:00+05:30,24451.95,24459.35,24446.15,24446.15,0
2026-04-22 09:34:00+05:30,24448.1,24452.15,24436.6,24452.15,0
2026-04-22 09:33:00+05:30,24451.95,24463.8,24444.3,24447.15,0
2026-04-22 09:32:00+05:30,24447.1,24452.2,24443.85,24452.2,0
2026-04-22 09:31:00+05:30,24441.2,24447.05,24441.15,24445.75,0
2026-04-22 09:30:00+05:30,24439.45,24440.7,24427.65,24440.7,0
2026-04-22 09:29:00+05:30,24447.5,24454.5,24437.75,24440.4,0
2026-04-22 09:28:00+05:30,24456.0,24458.0,24444.9,24447.7,0
2026-04-22 09:27:00+05:30,24456.5,24459.7,24451.65,24455.9,0
2026-04-22 09:26:00+05:30,24453.45,24461.2,24451.4,24455.75,0
2026-04-22 09:25:00+05:30,24465.35,24465.35,24449.7,24453.7,0
2026-04-22 09:24:00+05:30,24485.3,24487.7,24459.15,24463.4,0
2026-04-22 09:23:00+05:30,24484.25,24491.15,24482.85,24487.75,0
2026-04-22 09:22:00+05:30,24490.15,24496.1,24480.2,24484.25,0
2026-04-22 09:21:00+05:30,24481.55,24491.45,24478.15,24491.1,0
2026-04-22 09:20:00+05:30,24477.45,24485.9,24470.05,24482.6,0
2026-04-22 09:19:00+05:30,24493.05,24493.4,24477.2,24479.3,0
2026-04-22 09:18:00+05:30,24506.05,24507.3,24485.1,24494.65,0
2026-04-22 09:17:00+05:30,24498.85,24515.95,24494.05,24506.7,0
2026-04-22 09:16:00+05:30,24488.5,24506.05,24466.0,24497.55,0
2026-04-22 09:15:00+05:30,24470.85,24502.55,24434.4,24487.7,0
2026-04-21 15:29:00+05:30,24573.05,24587.75,24570.95,24580.6,0
2026-04-21 15:28:00+05:30,24575.95,24577.0,24569.95,24571.6,0
2026-04-21 15:27:00+05:30,24571.15,24575.45,24569.75,24572.4,0
2026-04-21 15:26:00+05:30,24576.0,24576.8,24567.85,24570.05,0
2026-04-21 15:25:00+05:30,24578.2,24580.85,24572.4,24573.55,0
2026-04-21 15:24:00+05:30,24579.65,24580.2,24575.6,24576.2,0
2026-04-21 15:23:00+05:30,24575.7,24580.15,24571.6,24579.05,0
2026-04-21 15:22:00+05:30,24588.4,24589.85,24572.85,24575.0,0
2026-04-21 15:21:00+05:30,24579.75,24589.4,24575.05,24586.8,0
2026-04-21 15:20:00+05:30,24580.15,24583.8,24576.35,24576.35,0
2026-04-21 15:19:00+05:30,24578.9,24582.5,24577.05,24580.05,0
2026-04-21 15:18:00+05:30,24599.1,24599.75,24576.25,24578.2,0
2026-04-21 15:17:00+05:30,24589.6,24601.7,24587.6,24598.35,0
2026-04-21 15:16:00+05:30,24580.45,24589.2,24577.9,24588.75,0
2026-04-21 15:15:00+05:30,24573.7,24579.75,24567.4,24579.75,0
2026-04-21 15:14:00+05:30,24573.25,24582.55,24571.15,24573.9,0
2026-04-21 15:13:00+05:30,24580.15,24582.05,24565.1,24570.45,0
2026-04-21 15:12:00+05:30,24580.1,24582.25,24575.25,24580.6,0
2026-04-21 15:11:00+05:30,24572.35,24583.0,24569.85,24581.85,0
2026-04-21 15:10:00+05:30,24572.3,24574.05,24567.35,24571.4,0
2026-04-21 15:09:00+05:30,24565.25,24574.6,24557.35,24573.4,0
2026-04-21 15:08:00+05:30,24589.65,24591.6,24561.45,24565.2,0
2026-04-21 15:07:00+05:30,24576.3,24590.7,24574.8,24589.4,0
2026-04-21 15:06:00+05:30,24575.2,24579.55,24561.6,24575.8,0
2026-04-21 15:05:00+05:30,24557.55,24575.05,24556.55,24572.0,0
2026-04-21 15:04:00+05:30,24572.95,24576.35,24550.55,24558.55,0
2026-04-21 15:03:00+05:30,24556.85,24581.6,24556.1,24574.65,0
2026-04-21 15:02:00+05:30,24587.15,24588.45,24548.9,24558.6,0
2026-04-21 15:01:00+05:30,24592.9,24600.45,24584.45,24586.65,0
2026-04-21 15:00:00+05:30,24567.3,24595.15,24567.3,24592.8,0
2026-04-21 14:59:00+05:30,24566.2,24570.35,24566.2,24568.2,0
2026-04-21 14:58:00+05:30,24568.7,24570.1,24562.0,24566.0,0
2026-04-21 14:57:00+05:30,24569.85,24572.85,24566.7,24570.05,0
2026-04-21 14:56:00+05:30,24563.45,24569.95,24563.3,24569.6,0
2026-04-21 14:55:00+05:30,24561.3,24564.4,24559.35,24562.95,0
2026-04-21 14:54:00+05:30,24555.8,24562.15,24555.8,24560.9,0
2026-04-21 14:53:00+05:30,24556.05,24557.45,24552.5,24556.2,0
2026-04-21 14:52:00+05:30,24558.7,24559.4,24553.55,24556.25,0
2026-04-21 14:51:00+05:30,24560.2,24563.15,24556.55,24558.1,0
2026-04-21 14:50:00+05:30,24550.3,24560.7,24548.65,24558.75,0
2026-04-21 14:49:00+05:30,24547.4,24550.2,24544.1,24549.55,0
2026-04-21 14:48:00+05:30,24551.55,24552.4,24545.6,24546.95,0
2026-04-21 14:47:00+05:30,24539.65,24551.5,24538.9,24551.1,0
2026-04-21 14:46:00+05:30,24538.05,24539.3,24534.9,24538.6,0
2026-04-21 14:45:00+05:30,24538.05,24539.75,24536.25,24538.7,0
2026-04-21 14:44:00+05:30,24539.4,24544.75,24535.45,24535.45,0
2026-04-21 14:43:00+05:30,24539.2,24540.4,24526.05,24539.15,0
2026-04-21 14:42:00+05:30,24551.65,24554.6,24538.65,24539.55,0
2026-04-21 14:41:00+05:30,24554.6,24555.55,24551.05,24552.7,0
2026-04-21 14:40:00+05:30,24550.95,24553.9,24547.1,24553.8,0
2026-04-21 14:39:00+05:30,24555.65,24557.85,24549.8,24550.6,0
2026-04-21 14:38:00+05:30,24559.55,24560.9,24554.25,24556.1,0
2026-04-21 14:37:00+05:30,24558.65,24563.45,24558.0,24558.7,0
2026-04-21 14:36:00+05:30,24558.95,24560.75,24556.1,24557.7,0
2026-04-21 14:35:00+05:30,24560.95,24561.25,24552.45,24558.9,0
2026-04-21 14:34:00+05:30,24567.2,24567.2,24560.05,24560.9,0
2026-04-21 14:33:00+05:30,24566.6,24567.85,24564.65,24565.55,0
2026-04-21 14:32:00+05:30,24563.4,24568.55,24562.45,24566.1,0
2026-04-21 14:31:00+05:30,24567.65,24569.0,24561.45,24562.95,0
2026-04-21 14:30:00+05:30,24573.6,24574.45,24566.8,24568.15,0
2026-04-21 14:29:00+05:30,24572.2,24573.25,24569.65,24572.6,0
2026-04-21 14:28:00+05:30,24566.5,24573.05,24563.9,24571.65,0
2026-04-21 14:27:00+05:30,24573.7,24574.8,24565.0,24565.0,0
2026-04-21 14:26:00+05:30,24574.2,24574.75,24559.55,24572.1,0
2026-04-21 14:25:00+05:30,24577.4,24578.2,24568.0,24572.95,0
2026-04-21 14:24:00+05:30,24574.95,24576.65,24572.0,24576.45,0
2026-04-21 14:23:00+05:30,24582.8,24584.65,24572.1,24574.2,0
2026-04-21 14:22:00+05:30,24562.65,24583.15,24561.65,24582.85,0
2026-04-21 14:21:00+05:30,24558.45,24562.15,24555.45,24561.5,0
2026-04-21 14:20:00+05:30,24555.0,24561.05,24555.0,24557.85,0
2026-04-21 14:19:00+05:30,24567.15,24569.3,24550.65,24553.75,0
2026-04-21 14:18:00+05:30,24556.85,24567.8,24555.55,24567.8,0
2026-04-21 14:17:00+05:30,24551.9,24557.9,24551.85,24557.05,0
2026-04-21 14:16:00+05:30,24542.15,24552.1,24542.15,24552.1,0
2026-04-21 14:15:00+05:30,24537.85,24541.25,24535.7,24541.25,0
2026-04-21 14:14:00+05:30,24538.2,24540.85,24536.25,24537.2,0
2026-04-21 14:13:00+05:30,24536.1,24539.6,24534.35,24538.1,0
2026-04-21 14:12:00+05:30,24528.3,24535.4,24527.0,24535.4,0
2026-04-21 14:11:00+05:30,24528.9,24529.55,24522.6,24527.6,0
2026-04-21 14:10:00+05:30,24531.9,24537.8,24527.5,24528.8,0
2026-04-21 14:09:00+05:30,24535.55,24536.7,24529.8,24532.25,0
2026-04-21 14:08:00+05:30,24538.55,24540.65,24534.95,24535.15,0
2026-04-21 14:07:00+05:30,24535.35,24539.5,24535.05,24537.6,0
2026-04-21 14:06:00+05:30,24540.45,24541.95,24534.2,24534.8,0
2026-04-21 14:05:00+05:30,24541.3,24542.2,24538.35,24540.3,0
2026-04-21 14:04:00+05:30,24545.75,24548.85,24538.8,24541.55,0
2026-04-21 14:03:00+05:30,24538.65,24549.5,24534.5,24546.6,0
2026-04-21 14:02:00+05:30,24543.6,24547.45,24538.9,24539.15,0
2026-04-21 14:01:00+05:30,24546.05,24550.1,24542.75,24544.5,0
2026-04-21 14:00:00+05:30,24554.35,24556.75,24544.65,24546.9,0
2026-04-21 13:59:00+05:30,24560.05,24561.7,24552.9,24554.6,0
2026-04-21 13:58:00+05:30,24558.75,24563.8,24558.5,24559.7,0
2026-04-21 13:57:00+05:30,24560.8,24562.4,24557.9,24558.75,0
2026-04-21 13:56:00+05:30,24556.0,24562.45,24555.95,24561.85,0
2026-04-21 13:55:00+05:30,24549.0,24557.05,24549.0,24556.5,0
2026-04-21 13:54:00+05:30,24549.7,24551.1,24546.0,24548.5,0
2026-04-21 13:53:00+05:30,24549.75,24552.95,24549.75,24550.25,0
2026-04-21 13:52:00+05:30,24546.6,24551.0,24545.75,24550.7,0
2026-04-21 13:51:00+05:30,24539.1,24546.55,24538.85,24546.45,0
2026-04-21 13:50:00+05:30,24538.5,24544.65,24538.25,24539.2,0
2026-04-21 13:49:00+05:30,24534.4,24539.45,24533.65,24538.65,0
2026-04-21 13:48:00+05:30,24533.8,24536.5,24531.4,24534.7,0
2026-04-21 13:47:00+05:30,24533.0,24540.8,24530.9,24534.4,0
2026-04-21 13:46:00+05:30,24532.2,24539.0,24530.7,24532.35,0
2026-04-21 13:45:00+05:30,24532.85,24536.7,24526.6,24532.0,0
2026-04-21 13:44:00+05:30,24526.1,24533.5,24526.1,24533.5,0
2026-04-21 13:43:00+05:30,24541.15,24543.05,24523.5,24526.2,0
2026-04-21 13:42:00+05:30,24551.3,24553.1,24540.2,24541.0,0
2026-04-21 13:41:00+05:30,24548.55,24552.7,24548.35,24552.35,0
2026-04-21 13:40:00+05:30,24552.75,24554.35,24547.55,24549.35,0
2026-04-21 13:39:00+05:30,24547.1,24554.0,24542.35,24553.45,0
2026-04-21 13:38:00+05:30,24549.4,24550.25,24545.25,24547.1,0
2026-04-21 13:37:00+05:30,24553.5,24555.8,24548.55,24548.75,0
2026-04-21 13:36:00+05:30,24560.05,24562.6,24552.85,24554.05,0
2026-04-21 13:35:00+05:30,24566.95,24569.8,24556.7,24560.3,0
2026-04-21 13:34:00+05:30,24567.3,24568.7,24563.1,24568.45,0
2026-04-21 13:33:00+05:30,24565.2,24568.55,24564.25,24567.35,0
2026-04-21 13:32:00+05:30,24560.8,24567.1,24560.75,24565.35,0
2026-04-21 13:31:00+05:30,24556.85,24562.55,24556.85,24561.3,0
2026-04-21 13:30:00+05:30,24552.6,24556.85,24551.95,24556.5,0
2026-04-21 13:29:00+05:30,24550.2,24553.65,24548.2,24552.35,0
2026-04-21 13:28:00+05:30,24548.95,24552.7,24548.6,24550.0,0
2026-04-21 13:27:00+05:30,24539.6,24551.85,24539.6,24548.9,0
2026-04-21 13:26:00+05:30,24542.1,24545.4,24538.9,24540.1,0
2026-04-21 13:25:00+05:30,24539.7,24543.55,24539.0,24542.65,0
2026-04-21 13:24:00+05:30,24539.9,24541.65,24537.85,24540.0,0
2026-04-21 13:23:00+05:30,24538.3,24541.1,24536.25,24539.3,0
2026-04-21 13:22:00+05:30,24544.1,24545.7,24538.35,24538.35,0
2026-04-21 13:21:00+05:30,24547.95,24549.7,24542.7,24543.95,0
2026-04-21 13:20:00+05:30,24542.1,24549.55,24539.45,24548.1,0
2026-04-21 13:19:00+05:30,24544.45,24546.7,24539.9,24541.95,0
2026-04-21 13:18:00+05:30,24548.0,24550.0,24543.35,24544.1,0
2026-04-21 13:17:00+05:30,24553.7,24555.8,24547.3,24547.3,0
2026-04-21 13:16:00+05:30,24547.8,24555.65,24547.8,24553.3,0
2026-04-21 13:15:00+05:30,24540.7,24549.95,24540.7,24548.45,0
2026-04-21 13:14:00+05:30,24540.55,24543.4,24540.15,24540.7,0
2026-04-21 13:13:00+05:30,24539.9,24542.35,24537.45,24540.8,0
2026-04-21 13:12:00+05:30,24530.45,24541.1,24530.45,24539.85,0
2026-04-21 13:11:00+05:30,24526.05,24531.1,24526.05,24530.45,0
2026-04-21 13:10:00+05:30,24531.45,24532.95,24525.35,24527.6,0
2026-04-21 13:09:00+05:30,24534.85,24535.85,24531.75,24531.9,0
2026-04-21 13:08:00+05:30,24530.4,24533.15,24528.95,24532.0,0
2026-04-21 13:07:00+05:30,24535.2,24537.15,24527.7,24531.5,0
2026-04-21 13:06:00+05:30,24534.0,24539.8,24533.35,24536.35,0
2026-04-21 13:05:00+05:30,24528.8,24535.7,24527.4,24534.6,0
2026-04-21 13:04:00+05:30,24532.7,24535.05,24528.3,24529.25,0
2026-04-21 13:03:00+05:30,24531.05,24534.15,24530.65,24533.45,0
2026-04-21 13:02:00+05:30,24533.15,24535.35,24529.7,24532.2,0
2026-04-21 13:01:00+05:30,24533.5,24538.9,24530.1,24533.5,0
2026-04-21 13:00:00+05:30,24538.7,24546.1,24532.0,24532.0,0
2026-04-21 12:59:00+05:30,24538.55,24541.45,24536.25,24537.9,0
2026-04-21 12:58:00+05:30,24534.3,24541.55,24533.3,24538.3,0
2026-04-21 12:57:00+05:30,24545.05,24549.1,24531.3,24533.8,0
2026-04-21 12:56:00+05:30,24543.9,24547.05,24542.35,24545.55,0
2026-04-21 12:55:00+05:30,24540.4,24543.95,24538.1,24543.3,0
2026-04-21 12:54:00+05:30,24543.7,24545.6,24537.85,24539.9,0
2026-04-21 12:53:00+05:30,24539.9,24544.65,24529.95,24544.65,0
2026-04-21 12:52:00+05:30,24529.15,24541.1,24529.15,24539.4,0
2026-04-21 12:51:00+05:30,24529.85,24532.8,24527.7,24528.95,0
2026-04-21 12:50:00+05:30,24539.1,24542.35,24529.55,24531.3,0
2026-04-21 12:49:00+05:30,24535.05,24542.3,24535.05,24539.15,0
2026-04-21 12:48:00+05:30,24532.05,24538.85,24532.05,24535.1,0
2026-04-21 12:47:00+05:30,24539.95,24542.25,24531.7,24532.7,0
2026-04-21 12:46:00+05:30,24544.2,24546.45,24537.45,24539.9,0
2026-04-21 12:45:00+05:30,24552.4,24553.9,24544.05,24545.0,0
2026-04-21 12:44:00+05:30,24551.25,24554.75,24551.25,24552.55,0
2026-04-21 12:43:00+05:30,24548.15,24551.45,24545.95,24551.4,0
2026-04-21 12:42:00+05:30,24546.15,24550.35,24545.95,24547.95,0
2026-04-21 12:41:00+05:30,24549.95,24553.05,24545.85,24546.2,0
2026-04-21 12:40:00+05:30,24555.4,24557.1,24548.7,24550.25,0
2026-04-21 12:39:00+05:30,24558.1,24560.8,24554.65,24555.0,0
2026-04-21 12:38:00+05:30,24562.2,24564.35,24555.05,24558.25,0
2026-04-21 12:37:00+05:30,24557.8,24564.1,24557.8,24562.15,0
2026-04-21 12:36:00+05:30,24555.15,24563.0,24555.15,24557.3,0
2026-04-21 12:35:00+05:30,24548.05,24556.9,24546.65,24556.5,0
2026-04-21 12:34:00+05:30,24557.0,24559.7,24547.1,24547.95,0
2026-04-21 12:33:00+05:30,24566.7,24568.7,24556.55,24557.05,0
2026-04-21 12:32:00+05:30,24567.2,24571.25,24565.2,24566.2,0
2026-04-21 12:31:00+05:30,24560.7,24570.1,24560.7,24568.0,0
2026-04-21 12:30:00+05:30,24547.65,24561.9,24547.65,24561.2,0
2026-04-21 12:29:00+05:30,24551.95,24553.8,24545.6,24547.2,0
2026-04-21 12:28:00+05:30,24556.25,24558.8,24550.4,24551.75,0
2026-04-21 12:27:00+05:30,24560.15,24561.75,24555.8,24555.8,0
2026-04-21 12:26:00+05:30,24563.65,24564.85,24558.95,24560.7,0
2026-04-21 12:25:00+05:30,24557.65,24564.0,24556.8,24561.95,0
2026-04-21 12:24:00+05:30,24565.0,24567.35,24558.1,24558.9,0
2026-04-21 12:23:00+05:30,24560.45,24570.95,24560.45,24564.9,0
2026-04-21 12:22:00+05:30,24559.75,24562.65,24558.35,24560.2,0
2026-04-21 12:21:00+05:30,24560.8,24563.05,24559.0,24560.25,0
2026-04-21 12:20:00+05:30,24560.5,24562.4,24555.8,24560.55,0
2026-04-21 12:19:00+05:30,24552.2,24561.9,24552.2,24561.65,0
2026-04-21 12:18:00+05:30,24547.2,24553.2,24547.2,24552.25,0
2026-04-21 12:17:00+05:30,24553.3,24555.3,24547.45,24547.9,0
2026-04-21 12:16:00+05:30,24555.3,24556.55,24552.0,24553.4,0
2026-04-21 12:15:00+05:30,24558.2,24561.2,24556.1,24556.15,0
2026-04-21 12:14:00+05:30,24567.3,24569.15,24558.2,24559.0,0
2026-04-21 12:13:00+05:30,24556.2,24567.75,24554.25,24566.95,0
2026-04-21 12:12:00+05:30,24555.05,24558.95,24554.65,24555.55,0
2026-04-21 12:11:00+05:30,24551.95,24555.6,24550.75,24554.45,0
2026-04-21 12:10:00+05:30,24543.25,24551.75,24543.25,24551.75,0
2026-04-21 12:09:00+05:30,24544.5,24546.1,24542.35,24543.65,0
2026-04-21 12:08:00+05:30,24543.3,24548.4,24543.15,24544.8,0
2026-04-21 12:07:00+05:30,24540.75,24544.95,24540.75,24543.7,0
2026-04-21 12:06:00+05:30,24536.8,24541.75,24536.45,24541.15,0
2026-04-21 12:05:00+05:30,24540.65,24542.05,24537.6,24537.6,0
2026-04-21 12:04:00+05:30,24539.65,24542.55,24539.65,24540.4,0
2026-04-21 12:03:00+05:30,24537.75,24542.25,24537.75,24540.35,0
2026-04-21 12:02:00+05:30,24535.15,24539.5,24535.15,24537.3,0
2026-04-21 12:01:00+05:30,24534.05,24536.05,24530.65,24535.35,0
2026-04-21 12:00:00+05:30,24531.8,24534.9,24527.2,24531.35,0
2026-04-21 11:59:00+05:30,24525.65,24531.65,24525.65,24531.65,0
2026-04-21 11:58:00+05:30,24530.5,24533.5,24524.95,24524.95,0
2026-04-21 11:57:00+05:30,24537.0,24538.35,24529.55,24531.9,0
2026-04-21 11:56:00+05:30,24532.05,24538.05,24532.05,24537.2,0
2026-04-21 11:55:00+05:30,24526.8,24532.35,24526.8,24532.25,0
2026-04-21 11:54:00+05:30,24525.45,24528.0,24524.95,24527.25,0
2026-04-21 11:53:00+05:30,24524.1,24527.3,24524.1,24525.55,0
2026-04-21 11:52:00+05:30,24527.05,24528.7,24521.8,24524.55,0
2026-04-21 11:51:00+05:30,24525.95,24532.2,24525.95,24527.4,0
2026-04-21 11:50:00+05:30,24530.4,24532.55,24525.6,24526.0,0
2026-04-21 11:49:00+05:30,24535.2,24536.6,24528.95,24530.3,0
2026-04-21 11:48:00+05:30,24540.4,24542.05,24533.05,24535.3,0
2026-04-21 11:47:00+05:30,24540.15,24543.95,24539.95,24540.5,0
2026-04-21 11:46:00+05:30,24531.65,24539.95,24531.15,24539.35,0
2026-04-21 11:45:00+05:30,24527.85,24533.3,24527.85,24531.8,0
2026-04-21 11:44:00+05:30,24524.8,24529.25,24524.8,24528.0,0
2026-04-21 11:43:00+05:30,24521.3,24525.6,24521.3,24524.5,0
2026-04-21 11:42:00+05:30,24519.45,24522.6,24516.2,24521.9,0
2026-04-21 11:41:00+05:30,24519.9,24524.35,24519.55,24520.3,0
2026-04-21 11:40:00+05:30,24524.3,24525.5,24519.15,24521.15,0
2026-04-21 11:39:00+05:30,24530.75,24533.05,24523.1,24524.8,0
2026-04-21 11:38:00+05:30,24526.1,24531.6,24525.55,24531.6,0
2026-04-21 11:37:00+05:30,24527.65,24529.25,24524.5,24526.55,0
2026-04-21 11:36:00+05:30,24515.65,24529.75,24513.65,24528.3,0
2026-04-21 11:35:00+05:30,24517.6,24518.9,24514.5,24516.1,0
2026-04-21 11:34:00+05:30,24518.3,24521.15,24516.4,24517.7,0
2026-04-21 11:33:00+05:30,24519.85,24521.9,24516.65,24518.3,0
2026-04-21 11:32:00+05:30,24527.85,24529.8,24520.65,24520.65,0
2026-04-21 11:31:00+05:30,24530.75,24533.3,24527.6,24528.55,0
2026-04-21 11:30:00+05:30,24537.3,24539.2,24530.85,24531.05,0
2026-04-21 11:29:00+05:30,24534.3,24539.2,24533.3,24539.2,0
2026-04-21 11:28:00+05:30,24534.1,24535.7,24529.95,24533.9,0
2026-04-21 11:27:00+05:30,24538.4,24539.85,24533.3,24533.3,0
2026-04-21 11:26:00+05:30,24542.15,24543.1,24537.75,24538.05,0
2026-04-21 11:25:00+05:30,24540.95,24544.1,24540.05,24542.1,0
2026-04-21 11:24:00+05:30,24535.95,24542.35,24535.95,24541.75,0
2026-04-21 11:23:00+05:30,24537.55,24540.05,24535.2,24536.6,0
2026-04-21 11:22:00+05:30,24544.1,24546.1,24536.65,24537.75,0
2026-04-21 11:21:00+05:30,24547.9,24550.1,24542.15,24543.9,0
2026-04-21 11:20:00+05:30,24550.95,24552.1,24548.2,24548.9,0
2026-04-21 11:19:00+05:30,24550.95,24553.25,24550.4,24551.05,0
2026-04-21 11:18:00+05:30,24551.4,24554.9,24548.6,24552.35,0
2026-04-21 11:17:00+05:30,24546.25,24552.8,24546.25,24551.9,0
2026-04-21 11:16:00+05:30,24551.85,24554.2,24547.15,24548.05,0
2026-04-21 11:15:00+05:30,24555.1,24557.1,24552.3,24553.9,0
2026-04-21 11:14:00+05:30,24551.0,24557.55,24551.0,24556.45,0
2026-04-21 11:13:00+05:30,24549.8,24555.35,24549.55,24551.75,0
2026-04-21 11:12:00+05:30,24546.8,24550.9,24546.55,24550.15,0
2026-04-21 11:11:00+05:30,24545.0,24548.9,24544.1,24548.25,0
2026-04-21 11:10:00+05:30,24551.3,24554.25,24543.8,24545.95,0
2026-04-21 11:09:00+05:30,24563.35,24564.4,24552.1,24554.05,0
2026-04-21 11:08:00+05:30,24557.95,24565.1,24553.35,24563.4,0
2026-04-21 11:07:00+05:30,24557.5,24563.5,24556.95,24558.4,0
2026-04-21 11:06:00+05:30,24553.3,24559.9,24553.3,24557.6,0
2026-04-21 11:05:00+05:30,24551.95,24556.35,24548.35,24552.35,0
2026-04-21 11:04:00+05:30,24547.15,24553.15,24547.15,24552.5,0
2026-04-21 11:03:00+05:30,24546.95,24550.55,24546.35,24548.2,0
2026-04-21 11:02:00+05:30,24540.65,24546.75,24540.0,24546.4,0
2026-04-21 11:01:00+05:30,24553.4,24557.9,24541.3,24541.7,0
2026-04-21 11:00:00+05:30,24549.55,24553.55,24544.85,24552.85,0
2026-04-21 10:59:00+05:30,24553.5,24561.5,24548.15,24549.25,0
2026-04-21 10:58:00+05:30,24545.2,24555.15,24545.2,24552.45,0
2026-04-21 10:57:00+05:30,24542.7,24546.0,24541.95,24545.65,0
2026-04-21 10:56:00+05:30,24544.0,24547.1,24542.9,24543.6,0
2026-04-21 10:55:00+05:30,24541.9,24550.1,24541.9,24545.15,0
2026-04-21 10:54:00+05:30,24539.05,24544.3,24537.75,24542.35,0
2026-04-21 10:53:00+05:30,24538.2,24540.7,24535.55,24539.6,0
2026-04-21 10:52:00+05:30,24536.1,24539.95,24536.1,24538.35,0
2026-04-21 10:51:00+05:30,24524.7,24536.95,24524.7,24535.85,0
2026-04-21 10:50:00+05:30,24524.9,24528.0,24522.3,24525.85,0
2026-04-21 10:49:00+05:30,24523.25,24526.95,24521.5,24525.8,0
2026-04-21 10:48:00+05:30,24519.65,24523.5,24517.65,24522.5,0
2026-04-21 10:47:00+05:30,24525.2,24526.5,24519.55,24520.9,0
2026-04-21 10:46:00+05:30,24531.3,24532.35,24524.7,24524.75,0
2026-04-21 10:45:00+05:30,24527.85,24533.55,24527.85,24532.3,0
2026-04-21 10:44:00+05:30,24528.4,24530.95,24526.45,24528.05,0
2026-04-21 10:43:00+05:30,24519.3,24529.2,24519.3,24528.65,0
2026-04-21 10:42:00+05:30,24518.3,24521.15,24515.85,24518.2,0
2026-04-21 10:41:00+05:30,24531.15,24534.65,24519.65,24519.65,0
2026-04-21 10:40:00+05:30,24531.1,24532.75,24529.2,24532.7,0
2026-04-21 10:39:00+05:30,24525.85,24532.2,24525.35,24531.75,0
2026-04-21 10:38:00+05:30,24526.3,24529.25,24524.2,24526.0,0
2026-04-21 10:37:00+05:30,24530.35,24532.3,24526.75,24526.75,0
2026-04-21 10:36:00+05:30,24533.55,24534.2,24529.2,24532.1,0
2026-04-21 10:35:00+05:30,24527.4,24535.15,24526.55,24533.95,0
2026-04-21 10:34:00+05:30,24512.55,24528.25,24511.3,24527.8,0
2026-04-21 10:33:00+05:30,24497.5,24517.2,24497.5,24513.55,0
2026-04-21 10:32:00+05:30,24508.9,24509.5,24497.2,24499.45,0
2026-04-21 10:31:00+05:30,24505.0,24511.35,24503.55,24510.1,0
2026-04-21 10:30:00+05:30,24494.15,24505.0,24491.2,24505.0,0
2026-04-21 10:29:00+05:30,24491.65,24495.4,24487.5,24493.6,0
2026-04-21 10:28:00+05:30,24488.8,24493.9,24488.8,24491.5,0
2026-04-21 10:27:00+05:30,24494.0,24496.65,24489.05,24489.05,0
2026-04-21 10:26:00+05:30,24494.75,24499.25,24493.05,24493.8,0
2026-04-21 10:25:00+05:30,24499.15,24500.5,24491.6,24495.15,0
2026-04-21 10:24:00+05:30,24496.45,24500.3,24496.1,24499.6,0
2026-04-21 10:23:00+05:30,24495.05,24498.65,24495.05,24496.75,0
2026-04-21 10:22:00+05:30,24500.25,24500.25,24495.75,24495.75,0
2026-04-21 10:21:00+05:30,24500.5,24503.3,24496.35,24500.65,0
2026-04-21 10:20:00+05:30,24506.85,24507.45,24498.1,24500.5,0
2026-04-21 10:19:00+05:30,24510.35,24512.9,24505.6,24506.8,0
2026-04-21 10:18:00+05:30,24512.9,24514.8,24509.25,24510.35,0
2026-04-21 10:17:00+05:30,24514.45,24515.5,24510.55,24515.0,0
2026-04-21 10:16:00+05:30,24519.2,24524.65,24512.15,24514.0,0
2026-04-21 10:15:00+05:30,24513.4,24521.1,24513.3,24521.1,0
2026-04-21 10:14:00+05:30,24518.65,24519.35,24512.05,24513.45,0
2026-04-21 10:13:00+05:30,24516.3,24520.45,24516.05,24518.8,0
2026-04-21 10:12:00+05:30,24512.65,24517.5,24511.7,24516.15,0
2026-04-21 10:11:00+05:30,24519.75,24521.8,24510.75,24511.85,0
2026-04-21 10:10:00+05:30,24522.9,24524.0,24515.1,24520.15,0
2026-04-21 10:09:00+05:30,24522.0,24523.4,24515.6,24523.2,0
2026-04-21 10:08:00+05:30,24519.2,24524.85,24516.45,24522.25,0
2026-04-21 10:07:00+05:30,24514.65,24521.8,24514.15,24518.55,0
2026-04-21 10:06:00+05:30,24511.75,24517.25,24507.1,24514.85,0
2026-04-21 10:05:00+05:30,24516.7,24520.45,24510.0,24511.75,0
2026-04-21 10:04:00+05:30,24510.2,24516.95,24510.1,24516.15,0
2026-04-21 10:03:00+05:30,24502.25,24510.3,24500.6,24509.6,0
2026-04-21 10:02:00+05:30,24499.9,24505.0,24498.3,24502.35,0
2026-04-21 10:01:00+05:30,24503.1,24506.1,24499.75,24500.0,0
2026-04-21 10:00:00+05:30,24500.65,24506.35,24500.65,24503.5,0
2026-04-21 09:59:00+05:30,24494.6,24499.95,24493.5,24499.95,0
2026-04-21 09:58:00+05:30,24500.8,24501.95,24493.4,24495.0,0
2026-04-21 09:57:00+05:30,24492.4,24500.8,24491.4,24500.8,0
2026-04-21 09:56:00+05:30,24496.75,24499.1,24492.2,24492.85,0
2026-04-21 09:55:00+05:30,24498.3,24499.75,24495.65,24496.8,0
2026-04-21 09:54:00+05:30,24491.85,24499.3,24485.0,24499.05,0
2026-04-21 09:53:00+05:30,24493.15,24495.9,24489.6,24492.2,0
2026-04-21 09:52:00+05:30,24502.65,24507.05,24491.7,24492.25,0
2026-04-21 09:51:00+05:30,24509.85,24512.35,24502.15,24502.35,0
2026-04-21 09:50:00+05:30,24501.8,24510.9,24501.8,24509.4,0
2026-04-21 09:49:00+05:30,24502.8,24506.45,24501.4,24501.4,0
2026-04-21 09:48:00+05:30,24498.05,24509.35,24498.05,24504.0,0
2026-04-21 09:47:00+05:30,24506.6,24509.5,24496.5,24497.35,0
2026-04-21 09:46:00+05:30,24500.2,24510.6,24496.05,24506.9,0
2026-04-21 09:45:00+05:30,24465.95,24503.45,24465.95,24502.05,0
2026-04-21 09:44:00+05:30,24457.95,24468.95,24457.95,24466.6,0
2026-04-21 09:43:00+05:30,24463.55,24464.25,24450.75,24457.35,0
2026-04-21 09:42:00+05:30,24462.05,24468.6,24462.05,24463.8,0
2026-04-21 09:41:00+05:30,24453.6,24463.15,24453.6,24461.5,0
2026-04-21 09:40:00+05:30,24470.65,24471.3,24454.4,24454.4,0
2026-04-21 09:39:00+05:30,24472.35,24474.8,24467.55,24469.7,0
2026-04-21 09:38:00+05:30,24468.3,24477.15,24468.25,24472.6,0
2026-04-21 09:37:00+05:30,24462.5,24472.25,24462.5,24468.0,0
2026-04-21 09:36:00+05:30,24473.85,24477.65,24461.95,24463.65,0
2026-04-21 09:35:00+05:30,24460.75,24474.6,24460.75,24474.05,0
2026-04-21 09:34:00+05:30,24459.45,24462.45,24451.8,24461.5,0
2026-04-21 09:33:00+05:30,24461.8,24464.15,24459.25,24459.95,0
2026-04-21 09:32:00+05:30,24455.3,24462.75,24453.9,24461.95,0
2026-04-21 09:31:00+05:30,24445.7,24455.0,24442.45,24454.2,0
2026-04-21 09:30:00+05:30,24449.75,24455.8,24444.6,24444.6,0
2026-04-21 09:29:00+05:30,24458.3,24461.15,24449.15,24449.15,0
2026-04-21 09:28:00+05:30,24463.7,24465.95,24458.85,24459.6,0
2026-04-21 09:27:00+05:30,24467.35,24470.65,24463.1,24463.5,0
2026-04-21 09:26:00+05:30,24467.05,24475.25,24467.05,24467.35,0
2026-04-21 09:25:00+05:30,24464.75,24466.8,24450.55,24466.8,0
2026-04-21 09:24:00+05:30,24478.35,24486.0,24464.95,24465.05,0
2026-04-21 09:23:00+05:30,24470.3,24479.65,24470.3,24478.8,0
2026-04-21 09:22:00+05:30,24462.95,24474.45,24456.1,24470.7,0
2026-04-21 09:21:00+05:30,24472.3,24477.6,24462.75,24463.65,0
2026-04-21 09:20:00+05:30,24468.15,24483.35,24468.15,24473.35,0
2026-04-21 09:19:00+05:30,24458.7,24470.35,24454.9,24468.9,0
2026-04-21 09:18:00+05:30,24443.75,24462.15,24443.75,24458.25,0
2026-04-21 09:17:00+05:30,24436.6,24452.25,24434.95,24443.65,0
2026-04-21 09:16:00+05:30,24427.8,24454.75,24427.1,24437.7,0
2026-04-21 09:15:00+05:30,24374.55,24427.7,24354.9,24427.2,0
2026-04-20 15:29:00+05:30,24330.25,24333.9,24323.25,24330.9,0
2026-04-20 15:28:00+05:30,24337.8,24338.35,24327.6,24329.55,0
2026-04-20 15:27:00+05:30,24335.2,24337.3,24331.8,24334.65,0
2026-04-20 15:26:00+05:30,24332.85,24339.95,24332.85,24335.8,0
2026-04-20 15:25:00+05:30,24320.05,24337.25,24320.05,24334.15,0
2026-04-20 15:24:00+05:30,24326.85,24327.1,24318.0,24320.6,0
2026-04-20 15:23:00+05:30,24331.9,24332.45,24326.7,24327.75,0
2026-04-20 15:22:00+05:30,24332.45,24333.1,24328.5,24331.85,0
2026-04-20 15:21:00+05:30,24337.7,24338.65,24330.9,24332.0,0
2026-04-20 15:20:00+05:30,24325.45,24338.55,24324.95,24337.35,0
2026-04-20 15:19:00+05:30,24332.55,24337.15,24323.85,24325.15,0
2026-04-20 15:18:00+05:30,24353.55,24355.35,24331.35,24332.9,0
2026-04-20 15:17:00+05:30,24366.85,24367.15,24353.1,24354.1,0
2026-04-20 15:16:00+05:30,24373.25,24374.1,24366.15,24366.95,0
2026-04-20 15:15:00+05:30,24382.25,24383.2,24370.9,24373.1,0
2026-04-20 15:14:00+05:30,24387.5,24391.1,24381.0,24381.8,0
2026-04-20 15:13:00+05:30,24393.25,24394.05,24384.0,24388.05,0
2026-04-20 15:12:00+05:30,24395.4,24397.05,24391.5,24393.4,0
2026-04-20 15:11:00+05:30,24390.8,24396.75,24390.5,24394.7,0
2026-04-20 15:10:00+05:30,24387.45,24391.3,24383.95,24391.15,0
2026-04-20 15:09:00+05:30,24391.55,24395.5,24387.15,24388.25,0
2026-04-20 15:08:00+05:30,24391.15,24391.7,24385.6,24390.75,0
2026-04-20 15:07:00+05:30,24393.4,24395.75,24390.0,24390.3,0
2026-04-20 15:06:00+05:30,24400.5,24402.9,24391.6,24394.0,0
2026-04-20 15:05:00+05:30,24408.5,24408.95,24399.65,24400.5,0
2026-04-20 15:04:00+05:30,24409.4,24410.4,24406.9,24408.55,0
2026-04-20 15:03:00+05:30,24412.85,24413.85,24408.6,24409.15,0
2026-04-20 15:02:00+05:30,24421.35,24421.7,24413.2,24413.65,0
2026-04-20 15:01:00+05:30,24416.95,24420.65,24415.5,24419.5,0
2026-04-20 15:00:00+05:30,24407.9,24424.6,24406.3,24415.3,0
2026-04-20 14:59:00+05:30,24406.2,24408.85,24403.45,24407.9,0
2026-04-20 14:58:00+05:30,24402.15,24406.55,24400.2,24405.65,0
2026-04-20 14:57:00+05:30,24402.9,24410.4,24401.8,24403.05,0
2026-04-20 14:56:00+05:30,24401.45,24405.95,24398.95,24402.15,0
2026-04-20 14:55:00+05:30,24406.75,24410.2,24400.7,24401.2,0
2026-04-20 14:54:00+05:30,24401.1,24407.25,24400.1,24407.25,0
2026-04-20 14:53:00+05:30,24400.1,24402.5,24398.25,24401.3,0
2026-04-20 14:52:00+05:30,24399.6,24402.4,24398.85,24402.05,0
2026-04-20 14:51:00+05:30,24402.8,24402.8,24399.45,24399.5,0
2026-04-20 14:50:00+05:30,24402.6,24403.8,24395.95,24403.35,0
2026-04-20 14:49:00+05:30,24389.5,24402.8,24388.45,24402.8,0
2026-04-20 14:48:00+05:30,24379.4,24389.45,24378.4,24388.75,0
2026-04-20 14:47:00+05:30,24384.7,24387.5,24377.7,24379.0,0
2026-04-20 14:46:00+05:30,24392.6,24393.65,24371.95,24384.7,0
2026-04-20 14:45:00+05:30,24402.35,24404.4,24388.45,24392.95,0
2026-04-20 14:44:00+05:30,24391.55,24402.9,24390.8,24401.25,0
2026-04-20 14:43:00+05:30,24398.35,24402.2,24391.95,24394.15,0
2026-04-20 14:42:00+05:30,24399.45,24402.15,24396.0,24398.6,0
2026-04-20 14:41:00+05:30,24403.3,24405.1,24398.2,24398.2,0
2026-04-20 14:40:00+05:30,24403.75,24405.05,24397.8,24403.35,0
2026-04-20 14:39:00+05:30,24407.8,24408.8,24399.75,24403.85,0
2026-04-20 14:38:00+05:30,24418.65,24418.65,24407.45,24408.2,0
2026-04-20 14:37:00+05:30,24427.75,24430.8,24417.8,24418.3,0
2026-04-20 14:36:00+05:30,24422.6,24429.8,24422.6,24428.65,0
2026-04-20 14:35:00+05:30,24423.65,24426.95,24422.3,24423.65,0
2026-04-20 14:34:00+05:30,24423.15,24426.75,24419.15,24423.2,0
2026-04-20 14:33:00+05:30,24411.3,24423.65,24410.65,24423.4,0
2026-04-20 14:32:00+05:30,24413.45,24414.25,24401.15,24411.85,0
2026-04-20 14:31:00+05:30,24418.4,24418.8,24410.85,24412.8,0
2026-04-20 14:30:00+05:30,24431.5,24431.6,24418.35,24419.75,0
2026-04-20 14:29:00+05:30,24436.3,24438.0,24429.55,24431.25,0
2026-04-20 14:28:00+05:30,24425.9,24435.85,24424.9,24435.7,0
2026-04-20 14:27:00+05:30,24417.1,24428.9,24414.4,24426.5,0
2026-04-20 14:26:00+05:30,24421.65,24422.15,24411.65,24416.15,0
2026-04-20 14:25:00+05:30,24415.65,24423.3,24414.4,24422.25,0
2026-04-20 14:24:00+05:30,24402.8,24418.4,24401.2,24415.35,0
2026-04-20 14:23:00+05:30,24397.75,24402.25,24397.55,24402.15,0
2026-04-20 14:22:00+05:30,24399.8,24400.55,24395.55,24397.25,0
2026-04-20 14:21:00+05:30,24401.55,24403.65,24399.1,24399.65,0
2026-04-20 14:20:00+05:30,24394.1,24401.2,24392.7,24401.2,0
2026-04-20 14:19:00+05:30,24392.45,24394.8,24388.1,24393.95,0
2026-04-20 14:18:00+05:30,24396.55,24398.4,24392.0,24392.9,0
2026-04-20 14:17:00+05:30,24397.8,24400.9,24395.05,24396.25,0
2026-04-20 14:16:00+05:30,24394.85,24397.7,24391.5,24397.7,0
2026-04-20 14:15:00+05:30,24393.95,24395.15,24391.2,24394.25,0
2026-04-20 14:14:00+05:30,24392.7,24394.85,24389.5,24393.75,0
2026-04-20 14:13:00+05:30,24388.85,24393.6,24386.5,24393.6,0
2026-04-20 14:12:00+05:30,24389.6,24393.95,24387.35,24389.4,0
2026-04-20 14:11:00+05:30,24389.6,24395.6,24385.45,24389.75,0
2026-04-20 14:10:00+05:30,24380.05,24389.35,24380.05,24389.35,0
2026-04-20 14:09:00+05:30,24374.75,24380.7,24372.25,24380.0,0
2026-04-20 14:08:00+05:30,24378.75,24378.95,24373.4,24375.0,0
2026-04-20 14:07:00+05:30,24380.0,24382.75,24374.55,24378.5,0
2026-04-20 14:06:00+05:30,24386.95,24387.55,24378.35,24380.35,0
2026-04-20 14:05:00+05:30,24392.6,24393.35,24381.8,24388.55,0
2026-04-20 14:04:00+05:30,24389.3,24396.05,24387.6,24393.1,0
2026-04-20 14:03:00+05:30,24383.95,24391.65,24383.95,24389.55,0
2026-04-20 14:02:00+05:30,24385.0,24386.55,24373.5,24384.2,0
2026-04-20 14:01:00+05:30,24383.9,24385.6,24377.7,24384.3,0
2026-04-20 14:00:00+05:30,24395.75,24396.05,24385.05,24385.05,0
2026-04-20 13:59:00+05:30,24386.65,24396.45,24385.9,24395.35,0
2026-04-20 13:58:00+05:30,24387.75,24391.8,24383.8,24387.25,0
2026-04-20 13:57:00+05:30,24380.2,24388.2,24378.55,24388.0,0
2026-04-20 13:56:00+05:30,24379.85,24381.95,24378.7,24380.65,0
2026-04-20 13:55:00+05:30,24391.3,24391.3,24379.65,24380.4,0
2026-04-20 13:54:00+05:30,24381.55,24391.9,24380.75,24390.65,0
2026-04-20 13:53:00+05:30,24374.0,24382.5,24374.0,24382.5,0
2026-04-20 13:52:00+05:30,24376.1,24378.95,24370.05,24374.5,0
2026-04-20 13:51:00+05:30,24378.35,24380.65,24369.9,24375.7,0
2026-04-20 13:50:00+05:30,24380.7,24381.1,24375.7,24378.55,0
2026-04-20 13:49:00+05:30,24396.45,24397.0,24380.45,24380.45,0
2026-04-20 13:48:00+05:30,24397.4,24397.65,24391.7,24395.6,0
2026-04-20 13:47:00+05:30,24385.85,24397.8,24385.6,24397.35,0
2026-04-20 13:46:00+05:30,24393.5,24394.0,24382.7,24385.45,0
2026-04-20 13:45:00+05:30,24395.6,24396.15,24391.15,24393.2,0
2026-04-20 13:44:00+05:30,24400.2,24404.8,24395.75,24396.35,0
2026-04-20 13:43:00+05:30,24393.1,24401.35,24392.25,24401.2,0
2026-04-20 13:42:00+05:30,24388.8,24393.55,24386.1,24393.55,0
2026-04-20 13:41:00+05:30,24382.0,24388.5,24380.75,24388.5,0
2026-04-20 13:40:00+05:30,24375.05,24383.4,24372.05,24383.0,0
2026-04-20 13:39:00+05:30,24377.85,24378.95,24373.15,24375.3,0
2026-04-20 13:38:00+05:30,24373.5,24379.85,24370.65,24378.5,0
2026-04-20 13:37:00+05:30,24370.85,24377.8,24369.2,24373.85,0
2026-04-20 13:36:00+05:30,24391.9,24392.1,24370.55,24370.55,0
2026-04-20 13:35:00+05:30,24395.45,24396.05,24387.95,24392.2,0
2026-04-20 13:34:00+05:30,24393.5,24397.2,24392.35,24396.3,0
2026-04-20 13:33:00+05:30,24383.9,24395.25,24381.2,24393.6,0
2026-04-20 13:32:00+05:30,24385.55,24385.65,24377.95,24384.05,0
2026-04-20 13:31:00+05:30,24391.75,24392.4,24382.15,24384.95,0
2026-04-20 13:30:00+05:30,24392.65,24400.15,24389.3,24392.0,0
2026-04-20 13:29:00+05:30,24372.5,24392.0,24369.2,24392.0,0
2026-04-20 13:28:00+05:30,24361.95,24372.5,24361.0,24372.0,0
2026-04-20 13:27:00+05:30,24367.45,24367.75,24359.2,24362.5,0
2026-04-20 13:26:00+05:30,24375.75,24375.75,24360.0,24367.45,0
2026-04-20 13:25:00+05:30,24391.2,24391.85,24376.05,24376.05,0
2026-04-20 13:24:00+05:30,24386.9,24398.0,24381.75,24390.8,0
2026-04-20 13:23:00+05:30,24397.65,24397.8,24386.15,24386.15,0
2026-04-20 13:22:00+05:30,24408.6,24409.35,24394.75,24397.9,0
2026-04-20 13:21:00+05:30,24414.45,24415.15,24406.25,24408.65,0
2026-04-20 13:20:00+05:30,24413.85,24416.55,24412.95,24415.25,0
2026-04-20 13:19:00+05:30,24417.55,24418.55,24409.2,24414.85,0
2026-04-20 13:18:00+05:30,24423.55,24424.6,24416.4,24416.4,0
2026-04-20 13:17:00+05:30,24419.75,24424.3,24416.9,24423.8,0
2026-04-20 13:16:00+05:30,24406.1,24420.0,24397.2,24419.85,0
2026-04-20 13:15:00+05:30,24414.05,24414.65,24403.3,24405.45,0
2026-04-20 13:14:00+05:30,24422.1,24423.7,24412.75,24414.3,0
2026-04-20 13:13:00+05:30,24420.45,24422.4,24416.85,24421.2,0
2026-04-20 13:12:00+05:30,24402.9,24422.35,24400.85,24422.35,0
2026-04-20 13:11:00+05:30,24408.85,24409.9,24394.35,24403.55,0
2026-04-20 13:10:00+05:30,24421.9,24421.9,24408.1,24409.8,0
2026-04-20 13:09:00+05:30,24424.65,24430.0,24422.5,24423.5,0
2026-04-20 13:08:00+05:30,24431.05,24432.5,24425.2,24425.65,0
2026-04-20 13:07:00+05:30,24427.6,24433.3,24420.65,24430.85,0
2026-04-20 13:06:00+05:30,24444.95,24444.95,24426.3,24428.05,0
2026-04-20 13:05:00+05:30,24439.35,24447.3,24436.7,24444.9,0
2026-04-20 13:04:00+05:30,24441.2,24442.25,24438.4,24439.25,0
2026-04-20 13:03:00+05:30,24438.2,24443.4,24437.8,24441.6,0
2026-04-20 13:02:00+05:30,24432.65,24440.05,24431.2,24438.3,0
2026-04-20 13:01:00+05:30,24434.3,24441.7,24430.15,24432.9,0
2026-04-20 13:00:00+05:30,24461.85,24463.15,24411.9,24433.3,0
2026-04-20 12:59:00+05:30,24464.5,24466.25,24460.75,24462.05,0
2026-04-20 12:58:00+05:30,24468.45,24470.55,24462.1,24465.15,0
2026-04-20 12:57:00+05:30,24472.95,24476.05,24467.9,24468.85,0
2026-04-20 12:56:00+05:30,24477.75,24478.6,24471.65,24472.8,0
2026-04-20 12:55:00+05:30,24474.5,24477.85,24472.65,24477.8,0
2026-04-20 12:54:00+05:30,24476.7,24480.65,24473.7,24473.7,0
2026-04-20 12:53:00+05:30,24479.55,24480.15,24474.65,24476.65,0
2026-04-20 12:52:00+05:30,24476.4,24480.55,24476.4,24479.0,0
2026-04-20 12:51:00+05:30,24472.5,24477.7,24470.35,24476.25,0
2026-04-20 12:50:00+05:30,24472.65,24475.85,24471.95,24472.7,0
2026-04-20 12:49:00+05:30,24473.65,24473.9,24469.3,24472.5,0
2026-04-20 12:48:00+05:30,24471.5,24475.25,24470.05,24474.65,0
2026-04-20 12:47:00+05:30,24466.35,24473.9,24465.55,24472.2,0
2026-04-20 12:46:00+05:30,24463.75,24467.15,24462.35,24467.15,0
2026-04-20 12:45:00+05:30,24462.1,24464.85,24461.05,24463.85,0
2026-04-20 12:44:00+05:30,24463.15,24463.65,24458.65,24462.35,0
2026-04-20 12:43:00+05:30,24466.55,24467.2,24461.9,24463.1,0
2026-04-20 12:42:00+05:30,24463.35,24470.5,24463.35,24466.4,0
2026-04-20 12:41:00+05:30,24460.7,24464.95,24460.7,24464.35,0
2026-04-20 12:40:00+05:30,24467.5,24468.9,24459.3,24460.6,0
2026-04-20 12:39:00+05:30,24465.7,24468.7,24464.6,24467.35,0
2026-04-20 12:38:00+05:30,24456.85,24466.15,24455.2,24465.7,0
2026-04-20 12:37:00+05:30,24458.45,24461.55,24456.25,24457.85,0
2026-04-20 12:36:00+05:30,24460.7,24462.95,24453.15,24458.75,0
2026-04-20 12:35:00+05:30,24465.75,24468.45,24460.65,24461.05,0
2026-04-20 12:34:00+05:30,24466.25,24468.7,24464.7,24466.25,0
2026-04-20 12:33:00+05:30,24459.15,24466.6,24459.1,24466.3,0
2026-04-20 12:32:00+05:30,24457.2,24460.25,24456.25,24459.75,0
2026-04-20 12:31:00+05:30,24462.55,24463.1,24455.75,24457.25,0
2026-04-20 12:30:00+05:30,24461.0,24467.5,24461.0,24463.25,0
2026-04-20 12:29:00+05:30,24457.3,24463.45,24456.95,24461.4,0
2026-04-20 12:28:00+05:30,24461.9,24462.65,24456.5,24457.25,0
2026-04-20 12:27:00+05:30,24458.15,24462.3,24458.15,24461.85,0
2026-04-20 12:26:00+05:30,24448.75,24459.6,24444.45,24458.95,0
2026-04-20 12:25:00+05:30,24445.5,24448.85,24444.1,24448.25,0
2026-04-20 12:24:00+05:30,24442.2,24446.25,24440.9,24445.7,0
2026-04-20 12:23:00+05:30,24443.3,24443.95,24439.45,24441.9,0
2026-04-20 12:22:00+05:30,24437.65,24443.55,24437.25,24443.3,0
2026-04-20 12:21:00+05:30,24435.35,24440.1,24435.3,24438.3,0
2026-04-20 12:20:00+05:30,24430.7,24436.2,24430.3,24436.2,0
2026-04-20 12:19:00+05:30,24429.6,24431.0,24426.0,24430.9,0
2026-04-20 12:18:00+05:30,24429.35,24430.85,24427.75,24429.95,0
2026-04-20 12:17:00+05:30,24429.45,24431.7,24427.75,24429.9,0
2026-04-20 12:16:00+05:30,24435.4,24439.1,24427.8,24429.35,0
2026-04-20 12:15:00+05:30,24433.2,24435.85,24432.35,24435.1,0
2026-04-20 12:14:00+05:30,24430.4,24433.35,24421.75,24433.2,0
2026-04-20 12:13:00+05:30,24442.15,24442.3,24429.1,24430.9,0
2026-04-20 12:12:00+05:30,24444.25,24446.5,24441.55,24442.1,0
2026-04-20 12:11:00+05:30,24438.9,24445.65,24438.65,24444.7,0
2026-04-20 12:10:00+05:30,24449.6,24450.6,24437.9,24439.5,0
2026-04-20 12:09:00+05:30,24461.35,24462.05,24448.75,24448.95,0
2026-04-20 12:08:00+05:30,24455.1,24463.2,24453.85,24462.3,0
2026-04-20 12:07:00+05:30,24451.5,24456.5,24451.15,24455.15,0
2026-04-20 12:06:00+05:30,24452.95,24453.35,24448.95,24451.45,0
2026-04-20 12:05:00+05:30,24459.6,24461.2,24452.25,24453.5,0
2026-04-20 12:04:00+05:30,24462.65,24462.9,24458.45,24459.9,0
2026-04-20 12:03:00+05:30,24463.85,24466.45,24462.15,24462.55,0
2026-04-20 12:02:00+05:30,24464.6,24465.8,24461.0,24464.95,0
2026-04-20 12:01:00+05:30,24467.5,24469.6,24464.3,24464.9,0
2026-04-20 12:00:00+05:30,24463.25,24469.25,24463.25,24467.65,0
2026-04-20 11:59:00+05:30,24467.8,24468.25,24460.6,24463.35,0
2026-04-20 11:58:00+05:30,24462.95,24468.25,24461.35,24467.1,0
2026-04-20 11:57:00+05:30,24461.3,24463.3,24460.7,24463.3,0
2026-04-20 11:56:00+05:30,24462.6,24463.85,24459.4,24462.2,0
2026-04-20 11:55:00+05:30,24465.35,24467.8,24462.3,24462.9,0
2026-04-20 11:54:00+05:30,24462.15,24466.15,24461.6,24465.35,0
2026-04-20 11:53:00+05:30,24462.3,24464.0,24460.15,24462.5,0
2026-04-20 11:52:00+05:30,24457.9,24463.05,24456.4,24462.65,0
2026-04-20 11:51:00+05:30,24465.0,24465.75,24457.25,24458.9,0
2026-04-20 11:50:00+05:30,24466.95,24467.65,24463.65,24465.6,0
2026-04-20 11:49:00+05:30,24462.1,24467.75,24461.35,24467.45,0
2026-04-20 11:48:00+05:30,24470.6,24472.3,24461.05,24462.15,0
2026-04-20 11:47:00+05:30,24470.5,24473.25,24468.95,24470.3,0
2026-04-20 11:46:00+05:30,24468.1,24473.1,24467.55,24471.8,0
2026-04-20 11:45:00+05:30,24462.4,24468.6,24462.4,24468.05,0
2026-04-20 11:44:00+05:30,24468.8,24471.15,24459.8,24462.75,0
2026-04-20 11:43:00+05:30,24465.7,24470.55,24465.25,24469.65,0
2026-04-20 11:42:00+05:30,24454.75,24466.5,24454.2,24466.5,0
2026-04-20 11:41:00+05:30,24460.1,24461.7,24452.8,24455.5,0
2026-04-20 11:40:00+05:30,24457.5,24460.5,24457.0,24460.35,0
2026-04-20 11:39:00+05:30,24448.9,24458.3,24448.85,24457.75,0
2026-04-20 11:38:00+05:30,24447.75,24449.65,24439.9,24449.65,0
2026-04-20 11:37:00+05:30,24450.1,24451.45,24447.9,24448.05,0
2026-04-20 11:36:00+05:30,24453.05,24456.1,24447.95,24450.15,0
2026-04-20 11:35:00+05:30,24451.75,24453.4,24444.4,24451.3,0
2026-04-20 11:34:00+05:30,24450.85,24453.8,24450.25,24451.8,0
2026-04-20 11:33:00+05:30,24454.65,24455.2,24450.4,24451.2,0
2026-04-20 11:32:00+05:30,24451.45,24456.05,24448.65,24455.4,0
2026-04-20 11:31:00+05:30,24462.4,24464.35,24450.45,24453.4,0
2026-04-20 11:30:00+05:30,24463.8,24467.85,24461.25,24461.95,0
2026-04-20 11:29:00+05:30,24459.95,24467.6,24458.75,24464.75,0
2026-04-20 11:28:00+05:30,24453.65,24461.0,24453.55,24460.55,0
2026-04-20 11:27:00+05:30,24459.1,24460.45,24448.85,24453.8,0
2026-04-20 11:26:00+05:30,24461.15,24463.2,24458.55,24460.15,0
2026-04-20 11:25:00+05:30,24455.45,24462.55,24453.55,24461.7,0
2026-04-20 11:24:00+05:30,24440.4,24456.65,24440.3,24455.15,0
2026-04-20 11:23:00+05:30,24433.05,24439.3,24433.0,24439.3,0
2026-04-20 11:22:00+05:30,24435.55,24437.15,24429.4,24432.75,0
2026-04-20 11:21:00+05:30,24430.55,24436.4,24429.05,24435.9,0
2026-04-20 11:20:00+05:30,24426.15,24430.7,24424.75,24430.7,0
2026-04-20 11:19:00+05:30,24430.9,24432.0,24423.1,24425.7,0
2026-04-20 11:18:00+05:30,24423.15,24432.9,24422.85,24431.25,0
2026-04-20 11:17:00+05:30,24419.25,24424.25,24417.9,24423.95,0
2026-04-20 11:16:00+05:30,24419.6,24427.55,24419.05,24419.75,0
2026-04-20 11:15:00+05:30,24408.45,24420.1,24407.2,24420.1,0
2026-04-20 11:14:00+05:30,24420.75,24422.6,24407.65,24407.65,0
2026-04-20 11:13:00+05:30,24417.55,24421.65,24413.7,24421.65,0
2026-04-20 11:12:00+05:30,24407.1,24418.95,24407.1,24417.95,0
2026-04-20 11:11:00+05:30,24408.15,24411.3,24406.7,24408.1,0
2026-04-20 11:10:00+05:30,24407.15,24411.05,24395.9,24408.55,0
2026-04-20 11:09:00+05:30,24418.05,24418.3,24406.45,24407.15,0
2026-04-20 11:08:00+05:30,24428.6,24429.55,24417.3,24417.3,0
2026-04-20 11:07:00+05:30,24425.65,24429.25,24424.95,24427.85,0
2026-04-20 11:06:00+05:30,24434.0,24440.1,24424.1,24425.5,0
2026-04-20 11:05:00+05:30,24433.6,24434.85,24431.25,24434.7,0
2026-04-20 11:04:00+05:30,24424.8,24436.15,24422.9,24433.15,0
2026-04-20 11:03:00+05:30,24417.95,24425.45,24416.7,24424.45,0
2026-04-20 11:02:00+05:30,24419.0,24422.45,24415.85,24418.3,0
2026-04-20 11:01:00+05:30,24421.45,24424.65,24418.5,24419.1,0
2026-04-20 11:00:00+05:30,24431.1,24431.8,24418.2,24420.45,0
2026-04-20 10:59:00+05:30,24429.6,24432.5,24428.2,24430.1,0
2026-04-20 10:58:00+05:30,24426.45,24431.5,24425.55,24429.45,0
2026-04-20 10:57:00+05:30,24420.95,24428.05,24419.95,24426.35,0
2026-04-20 10:56:00+05:30,24417.05,24421.15,24417.0,24421.0,0
2026-04-20 10:55:00+05:30,24425.5,24426.05,24415.8,24417.8,0
2026-04-20 10:54:00+05:30,24425.3,24426.85,24422.25,24425.1,0
2026-04-20 10:53:00+05:30,24420.8,24426.1,24419.65,24425.3,0
2026-04-20 10:52:00+05:30,24411.2,24425.25,24411.2,24419.95,0
2026-04-20 10:51:00+05:30,24419.25,24420.7,24410.9,24410.95,0
2026-04-20 10:50:00+05:30,24431.05,24432.2,24418.8,24419.0,0
2026-04-20 10:49:00+05:30,24433.1,24434.3,24427.55,24430.25,0
2026-04-20 10:48:00+05:30,24430.9,24434.35,24430.6,24433.25,0
2026-04-20 10:47:00+05:30,24419.55,24431.05,24419.45,24430.45,0
2026-04-20 10:46:00+05:30,24426.3,24427.2,24417.55,24419.25,0
2026-04-20 10:45:00+05:30,24439.35,24439.7,24425.5,24426.45,0
2026-04-20 10:44:00+05:30,24441.35,24446.45,24439.05,24439.05,0
2026-04-20 10:43:00+05:30,24439.55,24441.7,24436.4,24441.4,0
2026-04-20 10:42:00+05:30,24443.7,24444.85,24437.8,24440.6,0
2026-04-20 10:41:00+05:30,24446.55,24447.65,24442.5,24443.7,0
2026-04-20 10:40:00+05:30,24433.6,24448.5,24433.2,24446.75,0
2026-04-20 10:39:00+05:30,24427.3,24433.7,24420.95,24433.2,0
2026-04-20 10:38:00+05:30,24436.0,24438.0,24426.3,24426.8,0
2026-04-20 10:37:00+05:30,24433.55,24441.15,24431.5,24437.55,0
2026-04-20 10:36:00+05:30,24435.9,24438.05,24432.4,24433.2,0
2026-04-20 10:35:00+05:30,24427.85,24436.9,24426.85,24435.1,0
2026-04-20 10:34:00+05:30,24435.6,24436.6,24423.25,24427.15,0
2026-04-20 10:33:00+05:30,24436.8,24439.45,24430.5,24435.2,0
2026-04-20 10:32:00+05:30,24431.8,24440.35,24431.7,24436.4,0
2026-04-20 10:31:00+05:30,24426.9,24433.3,24424.95,24432.15,0
2026-04-20 10:30:00+05:30,24409.5,24428.05,24409.5,24425.95,0
2026-04-20 10:29:00+05:30,24410.25,24413.5,24404.1,24409.65,0
2026-04-20 10:28:00+05:30,24401.0,24411.25,24397.65,24410.45,0
2026-04-20 10:27:00+05:30,24402.1,24404.0,24396.65,24401.65,0
2026-04-20 10:26:00+05:30,24396.6,24404.75,24396.55,24403.2,0
2026-04-20 10:25:00+05:30,24400.6,24400.6,24388.95,24396.55,0
2026-04-20 10:24:00+05:30,24396.6,24404.6,24396.5,24403.0,0
2026-04-20 10:23:00+05:30,24389.7,24397.55,24389.7,24397.55,0
2026-04-20 10:22:00+05:30,24380.65,24393.5,24380.65,24390.7,0
2026-04-20 10:21:00+05:30,24383.9,24385.1,24374.7,24378.85,0
2026-04-20 10:20:00+05:30,24389.45,24393.45,24382.3,24382.3,0
2026-04-20 10:19:00+05:30,24392.25,24392.25,24385.95,24389.85,0
2026-04-20 10:18:00+05:30,24396.85,24398.85,24387.95,24392.4,0
2026-04-20 10:17:00+05:30,24385.9,24398.35,24385.8,24396.1,0
2026-04-20 10:16:00+05:30,24380.25,24388.45,24379.1,24385.95,0
2026-04-20 10:15:00+05:30,24379.95,24380.9,24370.5,24380.15,0
2026-04-20 10:14:00+05:30,24371.55,24381.25,24368.7,24379.6,0
2026-04-20 10:13:00+05:30,24366.2,24372.75,24365.6,24372.5,0
2026-04-20 10:12:00+05:30,24380.25,24382.25,24365.65,24365.7,0
2026-04-20 10:11:00+05:30,24382.3,24382.8,24377.8,24379.7,0
2026-04-20 10:10:00+05:30,24388.05,24388.05,24375.4,24382.6,0
2026-04-20 10:09:00+05:30,24380.65,24388.3,24379.9,24386.85,0
2026-04-20 10:08:00+05:30,24368.9,24382.75,24368.9,24379.95,0
2026-04-20 10:07:00+05:30,24356.6,24370.5,24356.25,24369.45,0
2026-04-20 10:06:00+05:30,24364.4,24364.4,24355.2,24356.45,0
2026-04-20 10:05:00+05:30,24356.5,24364.0,24355.9,24363.7,0
2026-04-20 10:04:00+05:30,24362.5,24363.3,24345.0,24355.95,0
2026-04-20 10:03:00+05:30,24346.35,24365.55,24344.45,24361.95,0
2026-04-20 10:02:00+05:30,24333.5,24346.45,24330.8,24345.45,0
2026-04-20 10:01:00+05:30,24332.15,24338.75,24330.6,24332.8,0
2026-04-20 10:00:00+05:30,24331.05,24334.5,24326.35,24332.5,0
2026-04-20 09:59:00+05:30,24323.05,24333.2,24322.05,24331.75,0
2026-04-20 09:58:00+05:30,24325.9,24327.8,24320.35,24323.0,0
2026-04-20 09:57:00+05:30,24328.0,24332.85,24325.1,24325.25,0
2026-04-20 09:56:00+05:30,24343.7,24343.7,24325.6,24328.1,0
2026-04-20 09:55:00+05:30,24337.4,24344.1,24330.5,24342.9,0
2026-04-20 09:54:00+05:30,24318.7,24338.7,24318.7,24338.15,0
2026-04-20 09:53:00+05:30,24307.8,24324.3,24306.9,24319.05,0
2026-04-20 09:52:00+05:30,24295.65,24309.1,24295.6,24307.55,0
2026-04-20 09:51:00+05:30,24290.15,24301.05,24289.4,24295.3,0
2026-04-20 09:50:00+05:30,24297.1,24299.0,24285.5,24289.9,0
2026-04-20 09:49:00+05:30,24281.9,24300.3,24281.45,24296.55,0
2026-04-20 09:48:00+05:30,24283.75,24290.25,24281.45,24282.95,0
2026-04-20 09:47:00+05:30,24291.6,24292.3,24281.2,24284.85,0
2026-04-20 09:46:00+05:30,24295.55,24300.2,24291.5,24291.5,0
2026-04-20 09:45:00+05:30,24301.85,24305.9,24290.0,24295.85,0
2026-04-20 09:44:00+05:30,24309.75,24310.85,24295.6,24302.75,0
2026-04-20 09:43:00+05:30,24324.85,24326.2,24309.65,24310.3,0
2026-04-20 09:42:00+05:30,24329.8,24338.3,24320.25,24325.15,0
2026-04-20 09:41:00+05:30,24343.45,24352.7,24328.55,24328.6,0
2026-04-20 09:40:00+05:30,24342.85,24344.35,24336.1,24343.35,0
2026-04-20 09:39:00+05:30,24338.7,24347.45,24336.65,24343.3,0
2026-04-20 09:38:00+05:30,24349.1,24353.2,24334.7,24339.15,0
2026-04-20 09:37:00+05:30,24354.1,24355.1,24348.3,24348.3,0
2026-04-20 09:36:00+05:30,24364.1,24371.75,24350.05,24354.1,0
2026-04-20 09:35:00+05:30,24360.25,24369.4,24355.0,24363.3,0
2026-04-20 09:34:00+05:30,24370.05,24371.75,24350.25,24357.9,0
2026-04-20 09:33:00+05:30,24344.65,24372.5,24343.9,24371.2,0
2026-04-20 09:32:00+05:30,24368.65,24368.85,24339.05,24345.05,0
2026-04-20 09:31:00+05:30,24375.5,24375.5,24364.0,24367.5,0
2026-04-20 09:30:00+05:30,24383.15,24389.75,24374.6,24375.65,0
2026-04-20 09:29:00+05:30,24397.9,24401.05,24383.0,24383.0,0
2026-04-20 09:28:00+05:30,24387.45,24410.9,24387.45,24398.0,0
2026-04-20 09:27:00+05:30,24382.7,24388.2,24378.8,24386.25,0
2026-04-20 09:26:00+05:30,24412.45,24414.15,24379.35,24381.1,0
2026-04-20 09:25:00+05:30,24393.0,24417.35,24388.6,24413.75,0
2026-04-20 09:24:00+05:30,24387.95,24396.85,24383.85,24395.85,0
2026-04-20 09:23:00+05:30,24379.65,24393.55,24375.3,24388.6,0
2026-04-20 09:22:00+05:30,24370.65,24382.85,24368.3,24378.5,0
2026-04-20 09:21:00+05:30,24366.05,24370.2,24354.4,24369.45,0
2026-04-20 09:20:00+05:30,24340.25,24367.95,24340.25,24365.25,0
2026-04-20 09:19:00+05:30,24301.35,24339.55,24299.6,24339.55,0
2026-04-20 09:18:00+05:30,24320.5,24325.95,24291.35,24304.1,0
2026-04-20 09:17:00+05:30,24270.1,24322.25,24264.45,24318.25,0
2026-04-20 09:16:00+05:30,24294.35,24314.15,24241.25,24269.4,0
2026-04-20 09:15:00+05:30,24391.5,24420.2,24270.2,24295.85,0
2026-04-17 15:29:00+05:30,24364.2,24371.9,24361.3,24366.9,0
2026-04-17 15:28:00+05:30,24362.15,24366.25,24361.5,24363.25,0
2026-04-17 15:27:00+05:30,24361.95,24363.6,24359.25,24362.15,0
2026-04-17 15:26:00+05:30,24361.7,24363.35,24358.6,24362.4,0
2026-04-17 15:25:00+05:30,24367.8,24369.95,24359.8,24361.95,0
2026-04-17 15:24:00+05:30,24366.45,24368.85,24363.4,24367.2,0
2026-04-17 15:23:00+05:30,24364.45,24367.95,24363.1,24367.4,0
2026-04-17 15:22:00+05:30,24360.9,24366.95,24359.85,24365.8,0
2026-04-17 15:21:00+05:30,24358.45,24362.55,24356.0,24361.05,0
2026-04-17 15:20:00+05:30,24360.8,24363.1,24357.8,24360.0,0
2026-04-17 15:19:00+05:30,24356.95,24363.6,24356.95,24361.75,0
2026-04-17 15:18:00+05:30,24355.65,24359.1,24352.65,24358.7,0
2026-04-17 15:17:00+05:30,24354.4,24358.75,24352.4,24357.3,0
2026-04-17 15:16:00+05:30,24349.7,24355.75,24348.1,24355.75,0
2026-04-17 15:15:00+05:30,24353.65,24354.7,24348.95,24351.45,0
2026-04-17 15:14:00+05:30,24353.5,24356.25,24352.85,24354.55,0
2026-04-17 15:13:00+05:30,24354.1,24354.95,24351.9,24353.6,0
2026-04-17 15:12:00+05:30,24354.65,24355.25,24351.1,24353.7,0
2026-04-17 15:11:00+05:30,24353.0,24355.4,24350.8,24354.95,0
2026-04-17 15:10:00+05:30,24350.9,24356.2,24349.3,24355.6,0
2026-04-17 15:09:00+05:30,24353.55,24355.15,24350.45,24352.25,0
2026-04-17 15:08:00+05:30,24347.55,24353.95,24344.5,24353.95,0
2026-04-17 15:07:00+05:30,24346.25,24349.05,24343.95,24348.85,0
2026-04-17 15:06:00+05:30,24353.2,24358.25,24345.3,24347.5,0
2026-04-17 15:05:00+05:30,24349.35,24353.8,24346.6,24353.8,0
2026-04-17 15:04:00+05:30,24341.7,24350.2,24340.25,24350.15,0
2026-04-17 15:03:00+05:30,24327.05,24343.3,24327.05,24342.8,0
2026-04-17 15:02:00+05:30,24330.5,24334.4,24326.1,24328.25,0
2026-04-17 15:01:00+05:30,24324.4,24336.6,24324.4,24332.8,0
2026-04-17 15:00:00+05:30,24349.6,24356.8,24320.1,24325.35,0
2026-04-17 14:59:00+05:30,24349.15,24352.75,24347.1,24349.85,0
2026-04-17 14:58:00+05:30,24347.75,24351.5,24347.1,24349.5,0
2026-04-17 14:57:00+05:30,24347.35,24348.4,24342.2,24348.15,0
2026-04-17 14:56:00+05:30,24350.65,24351.45,24345.0,24346.5,0
2026-04-17 14:55:00+05:30,24349.1,24351.75,24348.55,24350.55,0
2026-04-17 14:54:00+05:30,24352.75,24353.9,24348.4,24351.05,0
2026-04-17 14:53:00+05:30,24353.6,24355.3,24350.85,24352.2,0
2026-04-17 14:52:00+05:30,24354.65,24356.4,24350.25,24352.8,0
2026-04-17 14:51:00+05:30,24349.45,24356.55,24348.65,24354.55,0
2026-04-17 14:50:00+05:30,24349.0,24351.2,24346.0,24349.05,0
2026-04-17 14:49:00+05:30,24338.55,24351.4,24338.55,24348.4,0
2026-04-17 14:48:00+05:30,24338.7,24343.75,24338.0,24339.25,0
2026-04-17 14:47:00+05:30,24355.1,24356.4,24338.05,24338.6,0
2026-04-17 14:46:00+05:30,24344.8,24357.8,24344.8,24354.55,0
2026-04-17 14:45:00+05:30,24339.85,24345.6,24339.85,24344.4,0
2026-04-17 14:44:00+05:30,24335.0,24343.4,24334.3,24340.45,0
2026-04-17 14:43:00+05:30,24333.9,24338.1,24333.3,24335.0,0
2026-04-17 14:42:00+05:30,24328.95,24335.2,24328.65,24334.15,0
2026-04-17 14:41:00+05:30,24329.35,24330.85,24324.65,24328.6,0
2026-04-17 14:40:00+05:30,24325.45,24333.65,24323.35,24328.8,0
2026-04-17 14:39:00+05:30,24325.85,24329.6,24324.65,24325.05,0
2026-04-17 14:38:00+05:30,24322.25,24326.5,24319.1,24325.3,0
2026-04-17 14:37:00+05:30,24322.7,24325.45,24321.0,24321.85,0
2026-04-17 14:36:00+05:30,24310.7,24323.0,24310.7,24322.75,0
2026-04-17 14:35:00+05:30,24314.3,24315.8,24308.2,24310.6,0
2026-04-17 14:34:00+05:30,24309.3,24315.8,24307.95,24314.2,0
2026-04-17 14:33:00+05:30,24311.5,24315.15,24308.2,24309.4,0
2026-04-17 14:32:00+05:30,24312.55,24313.95,24309.9,24311.85,0
2026-04-17 14:31:00+05:30,24309.8,24315.85,24308.3,24313.1,0
2026-04-17 14:30:00+05:30,24307.4,24309.8,24304.75,24309.4,0
2026-04-17 14:29:00+05:30,24306.6,24309.35,24305.1,24307.1,0
2026-04-17 14:28:00+05:30,24312.5,24313.75,24306.85,24307.1,0
2026-04-17 14:27:00+05:30,24313.7,24315.5,24310.75,24312.35,0
2026-04-17 14:26:00+05:30,24321.3,24322.45,24312.65,24313.95,0
2026-04-17 14:25:00+05:30,24323.05,24326.25,24320.85,24321.4,0
2026-04-17 14:24:00+05:30,24319.75,24324.7,24318.1,24324.65,0
2026-04-17 14:23:00+05:30,24317.4,24322.1,24317.1,24319.5,0
2026-04-17 14:22:00+05:30,24325.4,24327.1,24313.0,24316.8,0
2026-04-17 14:21:00+05:30,24324.45,24326.55,24320.85,24325.55,0
2026-04-17 14:20:00+05:30,24316.9,24325.3,24316.35,24324.85,0
2026-04-17 14:19:00+05:30,24317.05,24318.35,24315.5,24316.75,0
2026-04-17 14:18:00+05:30,24309.45,24318.15,24306.65,24317.15,0
2026-04-17 14:17:00+05:30,24312.85,24320.1,24310.15,24310.15,0
2026-04-17 14:16:00+05:30,24309.1,24315.25,24308.2,24311.8,0
2026-04-17 14:15:00+05:30,24307.5,24311.55,24306.8,24308.95,0
2026-04-17 14:14:00+05:30,24309.85,24310.55,24305.45,24306.85,0
2026-04-17 14:13:00+05:30,24314.05,24315.1,24308.95,24309.4,0
2026-04-17 14:12:00+05:30,24315.4,24317.0,24312.95,24314.0,0
2026-04-17 14:11:00+05:30,24313.6,24317.75,24313.15,24315.7,0
2026-04-17 14:10:00+05:30,24312.55,24314.4,24310.5,24313.6,0
2026-04-17 14:09:00+05:30,24311.2,24316.0,24310.85,24312.25,0
2026-04-17 14:08:00+05:30,24311.25,24312.85,24307.15,24309.95,0
2026-04-17 14:07:00+05:30,24308.25,24312.3,24308.25,24311.6,0
2026-04-17 14:06:00+05:30,24306.25,24310.9,24304.85,24308.3,0
2026-04-17 14:05:00+05:30,24302.5,24306.15,24300.85,24306.15,0
2026-04-17 14:04:00+05:30,24309.8,24311.7,24301.8,24302.6,0
2026-04-17 14:03:00+05:30,24309.35,24311.4,24308.15,24310.6,0
2026-04-17 14:02:00+05:30,24308.65,24311.0,24307.75,24309.2,0
2026-04-17 14:01:00+05:30,24308.25,24310.85,24307.2,24308.95,0
2026-04-17 14:00:00+05:30,24303.65,24309.25,24302.5,24307.45,0
2026-04-17 13:59:00+05:30,24303.7,24307.7,24302.3,24303.3,0
2026-04-17 13:58:00+05:30,24302.2,24304.9,24300.95,24304.55,0
2026-04-17 13:57:00+05:30,24298.6,24303.5,24297.7,24301.65,0
2026-04-17 13:56:00+05:30,24305.2,24306.35,24294.05,24298.25,0
2026-04-17 13:55:00+05:30,24304.25,24308.3,24304.25,24304.55,0
2026-04-17 13:54:00+05:30,24300.85,24304.65,24300.45,24304.0,0
2026-04-17 13:53:00+05:30,24303.85,24307.4,24299.75,24300.75,0
2026-04-17 13:52:00+05:30,24305.05,24306.4,24303.25,24303.75,0
2026-04-17 13:51:00+05:30,24304.25,24305.2,24301.25,24304.45,0
2026-04-17 13:50:00+05:30,24306.15,24308.05,24303.0,24304.5,0
2026-04-17 13:49:00+05:30,24306.3,24308.4,24304.65,24306.3,0
2026-04-17 13:48:00+05:30,24306.75,24309.1,24305.8,24307.35,0
2026-04-17 13:47:00+05:30,24305.8,24307.45,24303.5,24306.7,0
2026-04-17 13:46:00+05:30,24304.9,24307.1,24302.2,24306.1,0
2026-04-17 13:45:00+05:30,24301.6,24306.1,24301.5,24304.8,0
2026-04-17 13:44:00+05:30,24307.3,24307.85,24301.3,24301.9,0
2026-04-17 13:43:00+05:30,24312.35,24312.8,24305.35,24308.15,0
2026-04-17 13:42:00+05:30,24309.5,24312.8,24308.85,24312.35,0
2026-04-17 13:41:00+05:30,24303.35,24309.95,24303.35,24309.0,0
2026-04-17 13:40:00+05:30,24300.25,24305.6,24299.4,24304.3,0
2026-04-17 13:39:00+05:30,24296.4,24302.35,24296.05,24301.05,0
2026-04-17 13:38:00+05:30,24293.6,24296.5,24291.1,24296.5,0
2026-04-17 13:37:00+05:30,24290.35,24294.2,24290.35,24293.55,0
2026-04-17 13:36:00+05:30,24291.75,24292.6,24289.25,24290.75,0
2026-04-17 13:35:00+05:30,24296.3,24297.2,24291.35,24291.5,0
2026-04-17 13:34:00+05:30,24294.25,24296.3,24293.1,24296.3,0
2026-04-17 13:33:00+05:30,24294.45,24295.55,24292.75,24294.1,0
2026-04-17 13:32:00+05:30,24290.25,24294.0,24288.15,24294.0,0
2026-04-17 13:31:00+05:30,24289.55,24291.35,24288.05,24290.8,0
2026-04-17 13:30:00+05:30,24289.5,24291.15,24287.45,24290.3,0
2026-04-17 13:29:00+05:30,24284.75,24289.35,24283.75,24289.35,0
2026-04-17 13:28:00+05:30,24283.0,24285.3,24281.6,24284.85,0
2026-04-17 13:27:00+05:30,24272.65,24283.35,24272.05,24283.35,0
2026-04-17 13:26:00+05:30,24270.2,24273.7,24265.4,24273.7,0
2026-04-17 13:25:00+05:30,24273.55,24274.7,24269.3,24271.2,0
2026-04-17 13:24:00+05:30,24282.65,24283.7,24273.4,24273.75,0
2026-04-17 13:23:00+05:30,24273.8,24284.05,24273.7,24283.3,0
2026-04-17 13:22:00+05:30,24269.5,24274.5,24268.05,24274.15,0
2026-04-17 13:21:00+05:30,24272.7,24273.9,24269.15,24269.9,0
2026-04-17 13:20:00+05:30,24270.8,24275.35,24270.8,24273.65,0
2026-04-17 13:19:00+05:30,24272.5,24275.95,24269.5,24271.95,0
2026-04-17 13:18:00+05:30,24277.35,24279.65,24273.45,24274.05,0
2026-04-17 13:17:00+05:30,24281.7,24284.3,24276.8,24278.65,0
2026-04-17 13:16:00+05:30,24286.45,24287.05,24280.9,24282.9,0
2026-04-17 13:15:00+05:30,24284.3,24286.8,24282.5,24286.0,0
2026-04-17 13:14:00+05:30,24288.1,24289.45,24283.75,24285.05,0
2026-04-17 13:13:00+05:30,24292.15,24292.95,24288.05,24288.9,0
2026-04-17 13:12:00+05:30,24291.05,24292.65,24289.05,24291.8,0
2026-04-17 13:11:00+05:30,24288.5,24292.15,24287.1,24291.35,0
2026-04-17 13:10:00+05:30,24284.85,24289.15,24284.55,24288.55,0
2026-04-17 13:09:00+05:30,24281.15,24286.3,24281.15,24284.8,0
2026-04-17 13:08:00+05:30,24277.7,24281.8,24276.5,24281.6,0
2026-04-17 13:07:00+05:30,24276.4,24278.6,24274.6,24278.3,0
2026-04-17 13:06:00+05:30,24273.05,24279.3,24273.05,24276.25,0
2026-04-17 13:05:00+05:30,24269.0,24274.0,24267.8,24274.0,0
2026-04-17 13:04:00+05:30,24269.2,24273.4,24268.05,24269.8,0
2026-04-17 13:03:00+05:30,24271.7,24272.95,24266.45,24269.7,0
2026-04-17 13:02:00+05:30,24269.25,24275.3,24269.25,24271.6,0
2026-04-17 13:01:00+05:30,24268.95,24270.6,24266.75,24269.75,0
2026-04-17 13:00:00+05:30,24267.0,24269.5,24264.85,24268.9,0
2026-04-17 12:59:00+05:30,24262.35,24266.95,24259.9,24266.1,0
2026-04-17 12:58:00+05:30,24263.9,24265.15,24261.05,24263.3,0
2026-04-17 12:57:00+05:30,24266.9,24269.1,24263.2,24263.5,0
2026-04-17 12:56:00+05:30,24264.75,24269.15,24264.75,24266.9,0
2026-04-17 12:55:00+05:30,24264.95,24265.95,24263.1,24264.55,0
2026-04-17 12:54:00+05:30,24263.5,24266.8,24262.9,24265.35,0
2026-04-17 12:53:00+05:30,24262.5,24263.9,24259.95,24263.65,0
2026-04-17 12:52:00+05:30,24266.8,24268.05,24261.5,24262.55,0
2026-04-17 12:51:00+05:30,24271.7,24273.0,24265.7,24266.85,0
2026-04-17 12:50:00+05:30,24272.7,24275.15,24270.75,24272.65,0
2026-04-17 12:49:00+05:30,24268.1,24272.45,24268.1,24272.2,0
2026-04-17 12:48:00+05:30,24273.4,24274.95,24266.2,24268.6,0
2026-04-17 12:47:00+05:30,24275.6,24277.95,24273.4,24273.45,0
2026-04-17 12:46:00+05:30,24273.25,24277.0,24272.05,24276.0,0
2026-04-17 12:45:00+05:30,24267.15,24274.3,24266.95,24272.75,0
2026-04-17 12:44:00+05:30,24272.2,24273.85,24262.65,24267.0,0
2026-04-17 12:43:00+05:30,24274.55,24275.85,24270.95,24272.05,0
2026-04-17 12:42:00+05:30,24268.8,24275.2,24268.3,24274.95,0
2026-04-17 12:41:00+05:30,24263.5,24269.1,24263.5,24269.05,0
2026-04-17 12:40:00+05:30,24264.25,24265.6,24260.25,24263.15,0
2026-04-17 12:39:00+05:30,24268.4,24269.35,24264.25,24265.1,0
2026-04-17 12:38:00+05:30,24267.8,24271.15,24266.4,24269.15,0
2026-04-17 12:37:00+05:30,24269.55,24270.9,24267.65,24267.95,0
2026-04-17 12:36:00+05:30,24267.8,24272.65,24267.2,24269.35,0
2026-04-17 12:35:00+05:30,24265.05,24269.4,24263.75,24267.65,0
2026-04-17 12:34:00+05:30,24269.25,24271.35,24265.15,24265.35,0
2026-04-17 12:33:00+05:30,24269.5,24270.8,24264.8,24269.95,0
2026-04-17 12:32:00+05:30,24277.0,24277.8,24266.05,24269.25,0
2026-04-17 12:31:00+05:30,24279.35,24281.35,24276.8,24277.3,0
2026-04-17 12:30:00+05:30,24283.95,24285.05,24279.5,24279.75,0
2026-04-17 12:29:00+05:30,24283.5,24286.65,24282.5,24284.0,0
2026-04-17 12:28:00+05:30,24287.15,24288.15,24283.65,24283.9,0
2026-04-17 12:27:00+05:30,24289.95,24291.65,24286.55,24287.55,0
2026-04-17 12:26:00+05:30,24288.2,24290.5,24286.1,24290.05,0
2026-04-17 12:25:00+05:30,24288.55,24289.7,24286.0,24288.15,0
2026-04-17 12:24:00+05:30,24286.3,24290.05,24286.05,24288.4,0
2026-04-17 12:23:00+05:30,24285.1,24287.7,24283.9,24286.7,0
2026-04-17 12:22:00+05:30,24283.8,24285.45,24280.7,24285.3,0
2026-04-17 12:21:00+05:30,24283.45,24286.85,24282.75,24283.45,0
2026-04-17 12:20:00+05:30,24287.2,24290.35,24282.3,24283.05,0
2026-04-17 12:19:00+05:30,24288.65,24291.1,24286.55,24286.55,0
2026-04-17 12:18:00+05:30,24288.5,24290.7,24286.75,24287.9,0
2026-04-17 12:17:00+05:30,24289.05,24291.35,24287.1,24288.05,0
2026-04-17 12:16:00+05:30,24290.5,24293.7,24288.35,24289.35,0
2026-04-17 12:15:00+05:30,24286.2,24290.05,24281.6,24290.0,0
2026-04-17 12:14:00+05:30,24281.9,24287.0,24280.85,24285.6,0
2026-04-17 12:13:00+05:30,24286.95,24287.35,24277.65,24281.6,0
2026-04-17 12:12:00+05:30,24284.85,24287.95,24284.55,24286.6,0
2026-04-17 12:11:00+05:30,24282.0,24285.3,24279.95,24285.1,0
2026-04-17 12:10:00+05:30,24286.0,24287.55,24281.35,24281.35,0
2026-04-17 12:09:00+05:30,24289.0,24292.55,24285.4,24286.3,0
2026-04-17 12:08:00+05:30,24283.95,24292.25,24283.95,24288.95,0
2026-04-17 12:07:00+05:30,24274.25,24285.8,24274.1,24283.45,0
2026-04-17 12:06:00+05:30,24262.3,24274.9,24262.3,24274.2,0
2026-04-17 12:05:00+05:30,24261.1,24263.55,24258.3,24262.25,0
2026-04-17 12:04:00+05:30,24259.9,24262.5,24255.75,24261.35,0
2026-04-17 12:03:00+05:30,24270.85,24272.7,24259.2,24260.65,0
2026-04-17 12:02:00+05:30,24275.8,24277.15,24269.65,24271.0,0
2026-04-17 12:01:00+05:30,24253.85,24276.7,24253.15,24275.95,0
2026-04-17 12:00:00+05:30,24271.65,24275.4,24253.35,24253.35,0
2026-04-17 11:59:00+05:30,24285.75,24288.05,24269.65,24271.45,0
2026-04-17 11:58:00+05:30,24303.75,24303.9,24284.1,24284.1,0
2026-04-17 11:57:00+05:30,24301.8,24305.7,24299.85,24302.85,0
2026-04-17 11:56:00+05:30,24321.9,24323.1,24301.4,24302.4,0
2026-04-17 11:55:00+05:30,24316.05,24322.15,24312.75,24321.3,0
2026-04-17 11:54:00+05:30,24308.75,24319.1,24308.75,24316.45,0
2026-04-17 11:53:00+05:30,24295.8,24311.4,24294.1,24309.25,0
2026-04-17 11:52:00+05:30,24301.85,24303.85,24294.85,24296.0,0
2026-04-17 11:51:00+05:30,24297.15,24303.35,24295.05,24303.35,0
2026-04-17 11:50:00+05:30,24283.3,24297.25,24282.65,24296.95,0
2026-04-17 11:49:00+05:30,24284.7,24285.35,24278.55,24282.45,0
2026-04-17 11:48:00+05:30,24282.2,24285.2,24278.45,24284.4,0
2026-04-17 11:47:00+05:30,24291.95,24292.65,24282.0,24282.65,0
2026-04-17 11:46:00+05:30,24290.5,24294.3,24288.75,24291.65,0
2026-04-17 11:45:00+05:30,24295.6,24296.35,24289.85,24290.3,0
2026-04-17 11:44:00+05:30,24296.8,24302.6,24294.85,24294.9,0
2026-04-17 11:43:00+05:30,24292.45,24297.1,24292.45,24297.1,0
2026-04-17 11:42:00+05:30,24290.65,24293.8,24287.85,24292.2,0
2026-04-17 11:41:00+05:30,24291.65,24293.35,24289.55,24290.5,0
2026-04-17 11:40:00+05:30,24290.0,24292.55,24287.6,24290.75,0
2026-04-17 11:39:00+05:30,24289.95,24291.8,24286.2,24289.15,0
2026-04-17 11:38:00+05:30,24291.35,24293.9,24289.05,24290.1,0
2026-04-17 11:37:00+05:30,24288.5,24293.8,24288.5,24291.55,0
2026-04-17 11:36:00+05:30,24285.9,24291.15,24285.65,24288.2,0
2026-04-17 11:35:00+05:30,24287.25,24291.0,24283.25,24286.0,0
2026-04-17 11:34:00+05:30,24284.35,24287.65,24282.45,24287.0,0
2026-04-17 11:33:00+05:30,24277.6,24284.6,24277.35,24284.2,0
2026-04-17 11:32:00+05:30,24274.55,24278.25,24274.25,24277.45,0
2026-04-17 11:31:00+05:30,24276.15,24278.9,24273.5,24274.25,0
2026-04-17 11:30:00+05:30,24275.8,24284.6,24274.75,24277.75,0
2026-04-17 11:29:00+05:30,24273.1,24276.4,24271.8,24275.25,0
2026-04-17 11:28:00+05:30,24269.5,24274.1,24266.25,24272.95,0
2026-04-17 11:27:00+05:30,24276.45,24277.55,24266.65,24269.1,0
2026-04-17 11:26:00+05:30,24278.5,24279.5,24274.5,24276.45,0
2026-04-17 11:25:00+05:30,24274.2,24278.8,24272.1,24278.3,0
2026-04-17 11:24:00+05:30,24280.1,24282.05,24272.8,24273.8,0
2026-04-17 11:23:00+05:30,24278.5,24282.15,24277.6,24280.5,0
2026-04-17 11:22:00+05:30,24277.0,24281.35,24276.0,24279.15,0
2026-04-17 11:21:00+05:30,24277.35,24277.9,24274.3,24276.7,0
2026-04-17 11:20:00+05:30,24277.4,24280.1,24273.6,24277.1,0
2026-04-17 11:19:00+05:30,24275.5,24277.5,24272.25,24277.3,0
2026-04-17 11:18:00+05:30,24272.4,24277.35,24271.65,24275.55,0
2026-04-17 11:17:00+05:30,24274.2,24275.85,24272.25,24272.7,0
2026-04-17 11:16:00+05:30,24273.75,24275.6,24270.55,24274.05,0
2026-04-17 11:15:00+05:30,24264.65,24274.65,24264.65,24273.55,0
2026-04-17 11:14:00+05:30,24269.0,24270.15,24263.35,24265.1,0
2026-04-17 11:13:00+05:30,24267.95,24270.4,24265.35,24268.0,0
2026-04-17 11:12:00+05:30,24271.55,24274.45,24266.6,24267.75,0
2026-04-17 11:11:00+05:30,24269.3,24275.15,24269.3,24272.0,0
2026-04-17 11:10:00+05:30,24259.15,24269.5,24257.85,24268.8,0
2026-04-17 11:09:00+05:30,24256.15,24259.35,24255.2,24258.65,0
2026-04-17 11:08:00+05:30,24256.0,24257.0,24252.45,24255.65,0
2026-04-17 11:07:00+05:30,24249.2,24259.8,24248.2,24255.3,0
2026-04-17 11:06:00+05:30,24254.75,24257.3,24247.25,24249.2,0
2026-04-17 11:05:00+05:30,24247.05,24255.65,24246.8,24253.7,0
2026-04-17 11:04:00+05:30,24250.0,24251.5,24237.75,24246.95,0
2026-04-17 11:03:00+05:30,24254.75,24256.25,24247.1,24249.05,0
2026-04-17 11:02:00+05:30,24256.55,24261.35,24254.15,24254.8,0
2026-04-17 11:01:00+05:30,24253.15,24258.9,24252.7,24256.6,0
2026-04-17 11:00:00+05:30,24255.7,24256.15,24247.85,24252.15,0
2026-04-17 10:59:00+05:30,24256.7,24259.85,24253.9,24254.95,0
2026-04-17 10:58:00+05:30,24260.6,24262.95,24255.95,24256.2,0
2026-04-17 10:57:00+05:30,24263.05,24263.8,24259.2,24260.25,0
2026-04-17 10:56:00+05:30,24256.9,24262.95,24256.9,24262.35,0
2026-04-17 10:55:00+05:30,24256.35,24259.35,24255.4,24257.35,0
2026-04-17 10:54:00+05:30,24252.95,24260.8,24252.85,24256.35,0
2026-04-17 10:53:00+05:30,24256.95,24258.1,24252.6,24253.45,0
2026-04-17 10:52:00+05:30,24253.9,24259.15,24253.9,24256.1,0
2026-04-17 10:51:00+05:30,24262.35,24262.4,24252.9,24254.1,0
2026-04-17 10:50:00+05:30,24264.1,24265.55,24257.2,24261.35,0
2026-04-17 10:49:00+05:30,24258.75,24266.4,24257.55,24263.85,0
2026-04-17 10:48:00+05:30,24261.5,24263.15,24256.85,24258.3,0
2026-04-17 10:47:00+05:30,24263.05,24267.0,24260.7,24261.3,0
2026-04-17 10:46:00+05:30,24260.6,24270.0,24260.6,24263.45,0
2026-04-17 10:45:00+05:30,24260.45,24261.45,24257.45,24260.55,0
2026-04-17 10:44:00+05:30,24257.2,24261.95,24255.05,24260.4,0
2026-04-17 10:43:00+05:30,24260.7,24263.65,24255.15,24256.35,0
2026-04-17 10:42:00+05:30,24258.05,24265.5,24256.95,24261.25,0
2026-04-17 10:41:00+05:30,24250.0,24259.45,24248.35,24257.85,0
2026-04-17 10:40:00+05:30,24253.0,24254.6,24244.05,24249.6,0
2026-04-17 10:39:00+05:30,24259.25,24263.45,24252.0,24252.85,0
2026-04-17 10:38:00+05:30,24262.6,24264.8,24256.9,24258.55,0
2026-04-17 10:37:00+05:30,24276.45,24278.7,24259.95,24263.55,0
2026-04-17 10:36:00+05:30,24269.65,24275.35,24266.45,24274.6,0
2026-04-17 10:35:00+05:30,24265.4,24269.0,24262.0,24269.0,0
2026-04-17 10:34:00+05:30,24272.1,24274.55,24260.05,24265.0,0
2026-04-17 10:33:00+05:30,24272.5,24274.45,24270.2,24271.05,0
2026-04-17 10:32:00+05:30,24282.85,24285.15,24272.2,24272.7,0
2026-04-17 10:31:00+05:30,24286.1,24286.35,24278.75,24282.9,0
2026-04-17 10:30:00+05:30,24285.9,24296.3,24284.95,24287.0,0
2026-04-17 10:29:00+05:30,24296.25,24304.55,24285.8,24285.85,0
2026-04-17 10:28:00+05:30,24300.15,24302.8,24296.3,24296.3,0
2026-04-17 10:27:00+05:30,24296.5,24301.75,24295.4,24299.75,0
2026-04-17 10:26:00+05:30,24292.6,24298.45,24292.15,24296.55,0
2026-04-17 10:25:00+05:30,24286.45,24295.4,24286.4,24292.4,0
2026-04-17 10:24:00+05:30,24284.55,24288.45,24284.35,24286.6,0
2026-04-17 10:23:00+05:30,24290.4,24291.8,24283.85,24284.35,0
2026-04-17 10:22:00+05:30,24285.2,24290.65,24285.2,24290.2,0
2026-04-17 10:21:00+05:30,24282.15,24286.4,24280.0,24285.35,0
2026-04-17 10:20:00+05:30,24280.0,24284.85,24280.0,24281.95,0
2026-04-17 10:19:00+05:30,24285.25,24286.3,24280.4,24280.45,0
2026-04-17 10:18:00+05:30,24282.65,24285.65,24281.55,24284.6,0
2026-04-17 10:17:00+05:30,24285.2,24289.2,24280.45,24282.8,0
2026-04-17 10:16:00+05:30,24284.4,24288.0,24283.3,24286.0,0
2026-04-17 10:15:00+05:30,24273.45,24285.9,24273.45,24284.9,0
2026-04-17 10:14:00+05:30,24270.9,24274.1,24268.85,24272.95,0
2026-04-17 10:13:00+05:30,24264.55,24271.55,24264.55,24270.1,0
2026-04-17 10:12:00+05:30,24259.2,24265.45,24258.85,24265.2,0
2026-04-17 10:11:00+05:30,24257.95,24260.6,24256.75,24259.05,0
2026-04-17 10:10:00+05:30,24264.6,24265.35,24255.15,24257.4,0
2026-04-17 10:09:00+05:30,24264.95,24266.9,24260.8,24263.3,0
2026-04-17 10:08:00+05:30,24277.3,24279.85,24264.0,24265.0,0
2026-04-17 10:07:00+05:30,24274.7,24278.65,24272.55,24277.45,0
2026-04-17 10:06:00+05:30,24263.4,24274.95,24263.4,24274.65,0
2026-04-17 10:05:00+05:30,24255.65,24265.85,24255.65,24262.95,0
2026-04-17 10:04:00+05:30,24240.35,24255.65,24240.35,24255.3,0
2026-04-17 10:03:00+05:30,24231.2,24242.1,24226.05,24239.9,0
2026-04-17 10:02:00+05:30,24219.1,24230.9,24218.85,24230.05,0
2026-04-17 10:01:00+05:30,24235.65,24239.25,24205.4,24217.05,0
2026-04-17 10:00:00+05:30,24231.4,24236.15,24230.7,24234.85,0
2026-04-17 09:59:00+05:30,24222.75,24234.35,24222.45,24232.1,0
2026-04-17 09:58:00+05:30,24230.35,24233.9,24222.75,24223.1,0
2026-04-17 09:57:00+05:30,24233.55,24238.55,24229.55,24230.9,0
2026-04-17 09:56:00+05:30,24220.25,24233.4,24218.0,24232.9,0
2026-04-17 09:55:00+05:30,24223.7,24228.5,24214.65,24219.45,0
2026-04-17 09:54:00+05:30,24226.15,24228.7,24219.2,24223.0,0
2026-04-17 09:53:00+05:30,24229.7,24231.95,24225.3,24226.3,0
2026-04-17 09:52:00+05:30,24224.45,24230.3,24223.65,24229.9,0
2026-04-17 09:51:00+05:30,24222.4,24227.7,24222.4,24224.85,0
2026-04-17 09:50:00+05:30,24219.95,24227.3,24219.95,24222.8,0
2026-04-17 09:49:00+05:30,24212.85,24220.35,24212.85,24219.9,0
2026-04-17 09:48:00+05:30,24207.15,24216.45,24207.15,24212.95,0
2026-04-17 09:47:00+05:30,24199.45,24208.4,24199.45,24208.4,0
2026-04-17 09:46:00+05:30,24193.4,24201.1,24193.4,24199.3,0
2026-04-17 09:45:00+05:30,24192.75,24200.3,24190.0,24193.8,0
2026-04-17 09:44:00+05:30,24184.85,24193.7,24184.85,24191.35,0
2026-04-17 09:43:00+05:30,24187.2,24190.45,24178.7,24186.1,0
2026-04-17 09:42:00+05:30,24207.05,24207.2,24187.4,24188.35,0
2026-04-17 09:41:00+05:30,24221.0,24223.45,24205.55,24205.9,0
2026-04-17 09:40:00+05:30,24211.35,24222.8,24211.1,24221.15,0
2026-04-17 09:39:00+05:30,24214.5,24222.0,24210.5,24211.85,0
2026-04-17 09:38:00+05:30,24171.1,24215.2,24171.1,24213.9,0
2026-04-17 09:37:00+05:30,24177.15,24180.35,24166.9,24169.4,0
2026-04-17 09:36:00+05:30,24182.55,24186.2,24177.0,24178.1,0
2026-04-17 09:35:00+05:30,24195.05,24195.25,24181.95,24183.45,0
2026-04-17 09:34:00+05:30,24199.65,24204.5,24192.5,24196.55,0
2026-04-17 09:33:00+05:30,24209.7,24213.65,24196.85,24199.3,0
2026-04-17 09:32:00+05:30,24210.1,24218.85,24208.95,24209.75,0
2026-04-17 09:31:00+05:30,24208.7,24210.65,24205.1,24209.8,0
2026-04-17 09:30:00+05:30,24232.6,24234.75,24208.15,24208.9,0
2026-04-17 09:29:00+05:30,24232.25,24235.6,24227.05,24233.35,0
2026-04-17 09:28:00+05:30,24221.2,24234.0,24221.2,24231.95,0
2026-04-17 09:27:00+05:30,24228.95,24229.8,24221.5,24222.2,0
2026-04-17 09:26:00+05:30,24216.3,24230.35,24216.1,24228.7,0
2026-04-17 09:25:00+05:30,24196.8,24215.9,24196.45,24215.9,0
2026-04-17 09:24:00+05:30,24230.65,24233.7,24195.1,24196.9,0
2026-04-17 09:23:00+05:30,24223.7,24233.25,24222.3,24229.7,0
2026-04-17 09:22:00+05:30,24219.45,24230.25,24219.45,24223.8,0
2026-04-17 09:21:00+05:30,24220.55,24225.4,24211.6,24220.4,0
2026-04-17 09:20:00+05:30,24210.55,24223.25,24208.95,24220.45,0
2026-04-17 09:19:00+05:30,24215.0,24218.95,24197.05,24207.55,0
2026-04-17 09:18:00+05:30,24205.8,24222.6,24204.65,24212.75,0
2026-04-17 09:17:00+05:30,24150.9,24210.8,24150.9,24205.6,0
2026-04-17 09:16:00+05:30,24179.1,24224.85,24143.15,24148.75,0
2026-04-17 09:15:00+05:30,24165.9,24188.55,24096.05,24177.8,0
2026-04-16 15:29:00+05:30,24186.05,24190.45,24178.85,24188.4,0
2026-04-16 15:28:00+05:30,24191.2,24194.7,24185.15,24187.5,0
2026-04-16 15:27:00+05:30,24195.15,24195.4,24191.0,24192.8,0
2026-04-16 15:26:00+05:30,24196.15,24196.65,24190.1,24194.05,0
2026-04-16 15:25:00+05:30,24196.1,24199.95,24189.2,24193.15,0
2026-04-16 15:24:00+05:30,24198.0,24198.6,24192.7,24196.0,0
2026-04-16 15:23:00+05:30,24197.65,24197.85,24194.65,24195.4,0
2026-04-16 15:22:00+05:30,24196.65,24198.95,24192.35,24196.2,0
2026-04-16 15:21:00+05:30,24197.2,24197.2,24189.05,24194.8,0
2026-04-16 15:20:00+05:30,24179.75,24199.3,24179.25,24195.35,0
2026-04-16 15:19:00+05:30,24179.9,24184.2,24178.35,24180.8,0
2026-04-16 15:18:00+05:30,24195.75,24197.7,24178.6,24178.9,0
2026-04-16 15:17:00+05:30,24196.35,24198.35,24192.6,24195.25,0
2026-04-16 15:16:00+05:30,24201.55,24203.25,24191.3,24195.55,0
2026-04-16 15:15:00+05:30,24184.25,24202.65,24177.8,24200.45,0
2026-04-16 15:14:00+05:30,24188.25,24190.9,24183.9,24183.9,0
2026-04-16 15:13:00+05:30,24198.55,24201.7,24187.4,24187.75,0
2026-04-16 15:12:00+05:30,24200.4,24202.5,24195.35,24199.3,0
2026-04-16 15:11:00+05:30,24189.9,24201.3,24189.9,24200.4,0
2026-04-16 15:10:00+05:30,24169.95,24195.25,24169.6,24190.6,0
2026-04-16 15:09:00+05:30,24168.75,24171.85,24163.45,24170.25,0
2026-04-16 15:08:00+05:30,24191.3,24191.95,24166.4,24169.0,0
2026-04-16 15:07:00+05:30,24196.4,24199.2,24189.95,24190.85,0
2026-04-16 15:06:00+05:30,24200.75,24205.1,24195.9,24196.5,0
2026-04-16 15:05:00+05:30,24202.7,24208.15,24192.5,24200.75,0
2026-04-16 15:04:00+05:30,24218.45,24230.7,24202.95,24202.95,0
2026-04-16 15:03:00+05:30,24211.8,24224.75,24211.1,24218.15,0
2026-04-16 15:02:00+05:30,24191.7,24217.55,24191.0,24210.9,0
2026-04-16 15:01:00+05:30,24203.85,24203.85,24187.9,24192.55,0
2026-04-16 15:00:00+05:30,24229.45,24238.3,24201.0,24206.65,0
2026-04-16 14:59:00+05:30,24228.6,24232.9,24223.3,24230.05,0
2026-04-16 14:58:00+05:30,24220.55,24228.3,24214.6,24227.9,0
2026-04-16 14:57:00+05:30,24227.95,24235.55,24216.7,24217.1,0
2026-04-16 14:56:00+05:30,24227.35,24235.1,24226.35,24228.1,0
2026-04-16 14:55:00+05:30,24241.0,24241.15,24226.95,24227.85,0
2026-04-16 14:54:00+05:30,24234.85,24243.75,24227.6,24240.75,0
2026-04-16 14:53:00+05:30,24237.6,24237.6,24226.95,24234.3,0
2026-04-16 14:52:00+05:30,24244.0,24244.0,24236.8,24237.6,0
2026-04-16 14:51:00+05:30,24239.65,24243.25,24236.15,24243.25,0
2026-04-16 14:50:00+05:30,24234.5,24245.0,24234.45,24239.9,0
2026-04-16 14:49:00+05:30,24235.85,24236.7,24224.95,24234.6,0
2026-04-16 14:48:00+05:30,24232.9,24237.45,24232.3,24235.7,0
2026-04-16 14:47:00+05:30,24231.4,24235.1,24231.05,24232.8,0
2026-04-16 14:46:00+05:30,24239.7,24239.7,24227.55,24231.7,0
2026-04-16 14:45:00+05:30,24219.5,24240.15,24218.9,24239.2,0
2026-04-16 14:44:00+05:30,24233.85,24233.9,24212.5,24219.65,0
2026-04-16 14:43:00+05:30,24225.7,24234.55,24223.35,24233.8,0
2026-04-16 14:42:00+05:30,24229.8,24231.8,24223.25,24225.9,0
2026-04-16 14:41:00+05:30,24227.6,24229.55,24225.9,24229.55,0
2026-04-16 14:40:00+05:30,24223.1,24228.05,24223.1,24227.55,0
2026-04-16 14:39:00+05:30,24220.55,24226.3,24211.9,24222.7,0
2026-04-16 14:38:00+05:30,24214.25,24221.4,24212.5,24221.15,0
2026-04-16 14:37:00+05:30,24217.45,24227.05,24211.3,24213.35,0
2026-04-16 14:36:00+05:30,24216.15,24218.2,24211.0,24217.3,0
2026-04-16 14:35:00+05:30,24221.35,24228.65,24216.1,24216.1,0
2026-04-16 14:34:00+05:30,24210.85,24221.35,24208.1,24221.2,0
2026-04-16 14:33:00+05:30,24211.35,24217.85,24204.05,24211.75,0
2026-04-16 14:32:00+05:30,24209.05,24210.75,24204.85,24210.4,0
2026-04-16 14:31:00+05:30,24196.35,24208.5,24195.95,24207.45,0
2026-04-16 14:30:00+05:30,24186.5,24196.3,24186.5,24196.3,0
2026-04-16 14:29:00+05:30,24178.15,24186.9,24171.5,24186.6,0
2026-04-16 14:28:00+05:30,24182.05,24182.05,24175.2,24178.9,0
2026-04-16 14:27:00+05:30,24180.45,24183.65,24179.25,24182.0,0
2026-04-16 14:26:00+05:30,24171.1,24181.45,24170.25,24180.7,0
2026-04-16 14:25:00+05:30,24164.65,24172.45,24164.0,24170.45,0
2026-04-16 14:24:00+05:30,24166.55,24166.55,24153.75,24165.05,0
2026-04-16 14:23:00+05:30,24170.4,24170.4,24165.9,24166.65,0
2026-04-16 14:22:00+05:30,24165.75,24171.3,24165.35,24170.65,0
2026-04-16 14:21:00+05:30,24165.4,24166.4,24162.9,24165.35,0
2026-04-16 14:20:00+05:30,24165.2,24170.55,24159.75,24164.6,0
2026-04-16 14:19:00+05:30,24162.5,24168.05,24161.45,24165.5,0
2026-04-16 14:18:00+05:30,24159.1,24164.7,24158.95,24162.4,0
2026-04-16 14:17:00+05:30,24165.8,24166.75,24159.3,24160.45,0
2026-04-16 14:16:00+05:30,24164.9,24168.85,24158.9,24166.55,0
2026-04-16 14:15:00+05:30,24166.7,24167.95,24160.05,24162.4,0
2026-04-16 14:14:00+05:30,24170.45,24175.35,24162.65,24166.7,0
2026-04-16 14:13:00+05:30,24166.55,24172.35,24165.25,24171.0,0
2026-04-16 14:12:00+05:30,24163.8,24165.85,24160.55,24165.85,0
2026-04-16 14:11:00+05:30,24155.05,24165.7,24155.05,24163.8,0
2026-04-16 14:10:00+05:30,24156.3,24157.55,24153.35,24154.7,0
2026-04-16 14:09:00+05:30,24148.0,24156.05,24148.0,24155.95,0
2026-04-16 14:08:00+05:30,24149.6,24157.85,24145.0,24151.85,0
2026-04-16 14:07:00+05:30,24146.45,24158.3,24144.55,24151.4,0
2026-04-16 14:06:00+05:30,24143.85,24151.55,24142.25,24146.05,0
2026-04-16 14:05:00+05:30,24145.4,24145.4,24132.45,24143.45,0
2026-04-16 14:04:00+05:30,24138.3,24149.55,24138.3,24145.3,0
2026-04-16 14:03:00+05:30,24159.65,24163.45,24139.9,24140.5,0
2026-04-16 14:02:00+05:30,24175.4,24178.85,24162.35,24162.95,0
2026-04-16 14:01:00+05:30,24178.45,24180.4,24176.25,24176.3,0
2026-04-16 14:00:00+05:30,24181.9,24183.95,24175.4,24178.75,0
2026-04-16 13:59:00+05:30,24170.4,24183.6,24169.9,24183.2,0
2026-04-16 13:58:00+05:30,24175.25,24186.6,24165.55,24170.55,0
2026-04-16 13:57:00+05:30,24183.4,24188.85,24174.6,24174.6,0
2026-04-16 13:56:00+05:30,24177.5,24184.6,24173.1,24183.85,0
2026-04-16 13:55:00+05:30,24184.25,24190.5,24178.15,24178.15,0
2026-04-16 13:54:00+05:30,24167.7,24184.75,24164.9,24183.45,0
2026-04-16 13:53:00+05:30,24170.85,24170.85,24162.9,24167.7,0
2026-04-16 13:52:00+05:30,24170.85,24172.5,24162.95,24169.35,0
2026-04-16 13:51:00+05:30,24178.85,24182.35,24167.7,24169.35,0
2026-04-16 13:50:00+05:30,24151.5,24181.3,24150.55,24180.45,0
2026-04-16 13:49:00+05:30,24150.55,24151.5,24148.95,24151.5,0
2026-04-16 13:48:00+05:30,24144.2,24150.2,24143.8,24150.2,0
2026-04-16 13:47:00+05:30,24149.65,24149.9,24140.75,24143.6,0
2026-04-16 13:46:00+05:30,24146.65,24149.85,24144.2,24149.4,0
2026-04-16 13:45:00+05:30,24137.85,24146.6,24137.45,24146.5,0
2026-04-16 13:44:00+05:30,24135.65,24140.1,24135.05,24137.75,0
2026-04-16 13:43:00+05:30,24135.3,24137.8,24133.9,24136.0,0
2026-04-16 13:42:00+05:30,24131.05,24136.1,24131.05,24135.35,0
2026-04-16 13:41:00+05:30,24127.0,24132.9,24122.4,24131.5,0
2026-04-16 13:40:00+05:30,24124.7,24126.65,24122.1,24126.05,0
2026-04-16 13:39:00+05:30,24121.95,24125.7,24120.0,24124.75,0
2026-04-16 13:38:00+05:30,24121.55,24122.7,24118.1,24121.75,0
2026-04-16 13:37:00+05:30,24121.7,24123.65,24118.55,24121.1,0
2026-04-16 13:36:00+05:30,24121.3,24125.35,24118.75,24120.7,0
2026-04-16 13:35:00+05:30,24123.85,24124.3,24118.65,24122.4,0
2026-04-16 13:34:00+05:30,24126.8,24128.45,24121.85,24124.05,0
2026-04-16 13:33:00+05:30,24123.85,24127.35,24119.95,24126.85,0
2026-04-16 13:32:00+05:30,24123.15,24127.6,24122.15,24123.75,0
2026-04-16 13:31:00+05:30,24120.2,24123.4,24115.3,24123.4,0
2026-04-16 13:30:00+05:30,24116.1,24123.25,24115.8,24119.5,0
2026-04-16 13:29:00+05:30,24122.25,24123.1,24114.8,24116.05,0
2026-04-16 13:28:00+05:30,24112.1,24123.2,24111.35,24122.2,0
2026-04-16 13:27:00+05:30,24111.4,24113.9,24104.7,24111.05,0
2026-04-16 13:26:00+05:30,24111.55,24117.75,24106.5,24111.85,0
2026-04-16 13:25:00+05:30,24107.95,24113.5,24102.8,24111.45,0
2026-04-16 13:24:00+05:30,24110.55,24110.65,24103.2,24106.85,0
2026-04-16 13:23:00+05:30,24133.0,24133.0,24109.1,24110.15,0
2026-04-16 13:22:00+05:30,24135.1,24142.45,24132.6,24132.6,0
2026-04-16 13:21:00+05:30,24132.45,24135.05,24130.8,24134.35,0
2026-04-16 13:20:00+05:30,24137.85,24140.7,24130.75,24132.85,0
2026-04-16 13:19:00+05:30,24130.3,24141.95,24128.4,24137.85,0
2026-04-16 13:18:00+05:30,24125.8,24135.0,24125.15,24130.35,0
2026-04-16 13:17:00+05:30,24123.8,24125.7,24111.8,24125.2,0
2026-04-16 13:16:00+05:30,24124.35,24125.45,24121.6,24123.8,0
2026-04-16 13:15:00+05:30,24122.6,24125.2,24119.0,24124.55,0
2026-04-16 13:14:00+05:30,24119.15,24125.2,24117.9,24122.3,0
2026-04-16 13:13:00+05:30,24120.15,24125.85,24117.8,24119.7,0
2026-04-16 13:12:00+05:30,24119.55,24123.55,24113.75,24120.35,0
2026-04-16 13:11:00+05:30,24111.9,24120.85,24109.65,24118.75,0
2026-04-16 13:10:00+05:30,24124.15,24124.15,24107.45,24110.05,0
2026-04-16 13:09:00+05:30,24129.25,24129.3,24117.3,24122.9,0
2026-04-16 13:08:00+05:30,24130.35,24134.25,24128.0,24130.4,0
2026-04-16 13:07:00+05:30,24131.3,24132.3,24120.8,24129.65,0
2026-04-16 13:06:00+05:30,24155.6,24156.9,24127.7,24131.75,0
2026-04-16 13:05:00+05:30,24149.8,24160.2,24149.7,24156.3,0
2026-04-16 13:04:00+05:30,24151.5,24151.75,24143.3,24150.2,0
2026-04-16 13:03:00+05:30,24140.85,24154.6,24140.4,24152.65,0
2026-04-16 13:02:00+05:30,24137.15,24142.55,24136.8,24140.35,0
2026-04-16 13:01:00+05:30,24144.35,24144.35,24136.95,24137.65,0
2026-04-16 13:00:00+05:30,24144.5,24152.8,24141.85,24144.25,0
2026-04-16 12:59:00+05:30,24129.05,24145.25,24128.85,24144.55,0
2026-04-16 12:58:00+05:30,24125.05,24129.15,24123.75,24128.6,0
2026-04-16 12:57:00+05:30,24124.85,24127.25,24116.95,24124.7,0
2026-04-16 12:56:00+05:30,24125.75,24129.9,24118.7,24124.85,0
2026-04-16 12:55:00+05:30,24124.05,24129.55,24117.25,24126.1,0
2026-04-16 12:54:00+05:30,24138.75,24138.75,24122.75,24123.9,0
2026-04-16 12:53:00+05:30,24149.35,24157.1,24138.1,24138.1,0
2026-04-16 12:52:00+05:30,24142.3,24149.7,24140.55,24149.7,0
2026-04-16 12:51:00+05:30,24132.55,24144.9,24129.45,24144.05,0
2026-04-16 12:50:00+05:30,24136.1,24137.75,24131.05,24132.4,0
2026-04-16 12:49:00+05:30,24136.0,24137.3,24133.9,24135.7,0
2026-04-16 12:48:00+05:30,24137.95,24139.25,24134.75,24135.8,0
2026-04-16 12:47:00+05:30,24151.7,24152.45,24136.7,24137.35,0
2026-04-16 12:46:00+05:30,24135.55,24153.05,24135.05,24152.1,0
2026-04-16 12:45:00+05:30,24140.8,24141.45,24129.05,24133.7,0
2026-04-16 12:44:00+05:30,24164.1,24165.05,24138.65,24139.05,0
2026-04-16 12:43:00+05:30,24167.05,24169.25,24159.45,24163.3,0
2026-04-16 12:42:00+05:30,24160.25,24168.3,24157.8,24167.4,0
2026-04-16 12:41:00+05:30,24158.85,24163.45,24157.05,24160.4,0
2026-04-16 12:40:00+05:30,24158.65,24160.9,24154.55,24158.35,0
2026-04-16 12:39:00+05:30,24147.8,24158.8,24147.15,24158.8,0
2026-04-16 12:38:00+05:30,24134.0,24148.4,24133.3,24147.95,0
2026-04-16 12:37:00+05:30,24133.8,24137.4,24131.8,24133.75,0
2026-04-16 12:36:00+05:30,24141.15,24142.05,24132.7,24133.75,0
2026-04-16 12:35:00+05:30,24138.05,24145.05,24135.3,24140.35,0
2026-04-16 12:34:00+05:30,24154.65,24154.7,24136.9,24137.9,0
2026-04-16 12:33:00+05:30,24167.05,24167.05,24151.95,24155.85,0
2026-04-16 12:32:00+05:30,24165.9,24169.75,24162.45,24165.0,0
2026-04-16 12:31:00+05:30,24154.05,24166.75,24154.05,24166.75,0
2026-04-16 12:30:00+05:30,24162.95,24165.65,24153.2,24155.6,0
2026-04-16 12:29:00+05:30,24163.15,24164.8,24161.55,24162.95,0
2026-04-16 12:28:00+05:30,24160.1,24163.25,24158.5,24163.25,0
2026-04-16 12:27:00+05:30,24168.0,24168.0,24158.65,24160.95,0
2026-04-16 12:26:00+05:30,24164.4,24169.4,24158.9,24168.1,0
2026-04-16 12:25:00+05:30,24161.8,24165.75,24152.95,24164.3,0
2026-04-16 12:24:00+05:30,24156.05,24163.2,24152.25,24163.2,0
2026-04-16 12:23:00+05:30,24168.0,24174.25,24155.4,24156.95,0
2026-04-16 12:22:00+05:30,24178.85,24180.8,24166.8,24167.95,0
2026-04-16 12:21:00+05:30,24176.85,24178.75,24173.75,24178.7,0
2026-04-16 12:20:00+05:30,24180.8,24184.35,24173.55,24176.6,0
2026-04-16 12:19:00+05:30,24175.3,24181.4,24167.65,24181.4,0
2026-04-16 12:18:00+05:30,24164.05,24175.15,24159.4,24175.1,0
2026-04-16 12:17:00+05:30,24173.15,24175.0,24163.5,24163.5,0
2026-04-16 12:16:00+05:30,24183.65,24183.65,24170.2,24174.95,0
2026-04-16 12:15:00+05:30,24182.95,24189.7,24176.55,24183.5,0
2026-04-16 12:14:00+05:30,24180.25,24187.4,24179.35,24184.8,0
2026-04-16 12:13:00+05:30,24172.55,24180.05,24172.15,24180.05,0
2026-04-16 12:12:00+05:30,24186.6,24190.75,24172.5,24173.5,0
2026-04-16 12:11:00+05:30,24178.9,24189.0,24178.7,24187.05,0
2026-04-16 12:10:00+05:30,24171.1,24178.95,24170.5,24178.95,0
2026-04-16 12:09:00+05:30,24163.65,24176.9,24163.65,24171.1,0
2026-04-16 12:08:00+05:30,24156.2,24164.9,24153.05,24162.85,0
2026-04-16 12:07:00+05:30,24169.45,24169.5,24154.95,24156.25,0
2026-04-16 12:06:00+05:30,24162.3,24170.85,24158.9,24169.95,0
2026-04-16 12:05:00+05:30,24159.5,24160.15,24153.55,24160.15,0
2026-04-16 12:04:00+05:30,24168.15,24168.95,24157.55,24159.25,0
2026-04-16 12:03:00+05:30,24164.85,24173.45,24162.55,24167.65,0
2026-04-16 12:02:00+05:30,24168.25,24169.9,24162.6,24164.75,0
2026-04-16 12:01:00+05:30,24178.95,24186.4,24167.0,24168.75,0
2026-04-16 12:00:00+05:30,24196.3,24197.8,24172.75,24180.2,0
2026-04-16 11:59:00+05:30,24205.05,24211.25,24194.7,24197.2,0
2026-04-16 11:58:00+05:30,24206.6,24206.6,24198.1,24205.35,0
2026-04-16 11:57:00+05:30,24221.75,24222.35,24206.65,24207.45,0
2026-04-16 11:56:00+05:30,24227.05,24227.85,24219.5,24221.95,0
2026-04-16 11:55:00+05:30,24237.75,24237.75,24225.85,24227.0,0
2026-04-16 11:54:00+05:30,24233.8,24238.05,24223.95,24237.25,0
2026-04-16 11:53:00+05:30,24233.5,24235.4,24230.9,24234.1,0
2026-04-16 11:52:00+05:30,24219.3,24236.05,24218.4,24233.25,0
2026-04-16 11:51:00+05:30,24226.9,24227.45,24218.9,24219.75,0
2026-04-16 11:50:00+05:30,24242.7,24242.7,24226.1,24226.95,0
2026-04-16 11:49:00+05:30,24228.55,24246.1,24228.55,24243.6,0
2026-04-16 11:48:00+05:30,24223.5,24227.9,24215.55,24227.45,0
2026-04-16 11:47:00+05:30,24233.3,24233.3,24223.65,24224.15,0
2026-04-16 11:46:00+05:30,24244.4,24244.4,24232.0,24233.05,0
2026-04-16 11:45:00+05:30,24254.3,24254.3,24242.65,24244.25,0
2026-04-16 11:44:00+05:30,24265.15,24265.6,24252.9,24254.7,0
2026-04-16 11:43:00+05:30,24262.15,24268.85,24262.15,24265.3,0
2026-04-16 11:42:00+05:30,24267.2,24267.4,24261.4,24262.5,0
2026-04-16 11:41:00+05:30,24272.65,24274.25,24262.25,24267.25,0
2026-04-16 11:40:00+05:30,24280.0,24280.0,24265.7,24271.95,0
2026-04-16 11:39:00+05:30,24284.1,24284.1,24266.9,24281.15,0
2026-04-16 11:38:00+05:30,24286.6,24287.05,24279.75,24284.1,0
2026-04-16 11:37:00+05:30,24295.7,24297.65,24286.55,24286.55,0
2026-04-16 11:36:00+05:30,24297.9,24300.35,24295.55,24295.6,0
2026-04-16 11:35:00+05:30,24299.85,24301.05,24293.75,24297.7,0
2026-04-16 11:34:00+05:30,24297.75,24301.25,24293.4,24299.7,0
2026-04-16 11:33:00+05:30,24297.6,24298.7,24293.25,24297.65,0
2026-04-16 11:32:00+05:30,24293.55,24298.2,24290.1,24297.65,0
2026-04-16 11:31:00+05:30,24301.4,24303.4,24292.85,24292.85,0
2026-04-16 11:30:00+05:30,24300.25,24304.25,24297.0,24300.95,0
2026-04-16 11:29:00+05:30,24300.7,24304.2,24298.0,24299.15,0
2026-04-16 11:28:00+05:30,24292.9,24302.8,24284.7,24301.45,0
2026-04-16 11:27:00+05:30,24288.0,24300.7,24286.4,24293.85,0
2026-04-16 11:26:00+05:30,24295.75,24295.75,24282.75,24288.25,0
2026-04-16 11:25:00+05:30,24298.8,24300.7,24294.6,24295.6,0
2026-04-16 11:24:00+05:30,24297.7,24300.0,24294.5,24297.95,0
2026-04-16 11:23:00+05:30,24301.1,24302.4,24295.35,24298.1,0
2026-04-16 11:22:00+05:30,24320.45,24320.45,24298.55,24301.15,0
2026-04-16 11:21:00+05:30,24323.0,24326.5,24315.5,24319.55,0
2026-04-16 11:20:00+05:30,24319.95,24328.95,24316.05,24323.6,0
2026-04-16 11:19:00+05:30,24308.15,24323.05,24304.85,24319.8,0
2026-04-16 11:18:00+05:30,24294.85,24311.4,24294.1,24311.4,0
2026-04-16 11:17:00+05:30,24301.95,24301.95,24294.35,24294.35,0
2026-04-16 11:16:00+05:30,24303.1,24305.45,24298.75,24303.15,0
2026-04-16 11:15:00+05:30,24313.2,24321.0,24302.7,24302.7,0
2026-04-16 11:14:00+05:30,24313.35,24316.65,24311.85,24313.9,0
2026-04-16 11:13:00+05:30,24305.95,24316.15,24303.65,24312.95,0
2026-04-16 11:12:00+05:30,24316.8,24318.75,24306.15,24306.15,0
2026-04-16 11:11:00+05:30,24313.05,24318.1,24308.95,24316.3,0
2026-04-16 11:10:00+05:30,24323.3,24323.45,24313.35,24313.55,0
2026-04-16 11:09:00+05:30,24329.9,24333.2,24323.65,24324.45,0
2026-04-16 11:08:00+05:30,24315.05,24331.5,24308.6,24330.6,0
2026-04-16 11:07:00+05:30,24323.6,24324.75,24310.05,24314.6,0
2026-04-16 11:06:00+05:30,24326.55,24326.55,24320.7,24323.05,0
2026-04-16 11:05:00+05:30,24321.3,24328.45,24319.9,24326.25,0
2026-04-16 11:04:00+05:30,24323.75,24330.7,24319.15,24324.45,0
2026-04-16 11:03:00+05:30,24320.65,24327.05,24320.65,24325.0,0
2026-04-16 11:02:00+05:30,24314.95,24322.7,24313.1,24320.5,0
2026-04-16 11:01:00+05:30,24315.6,24321.8,24312.95,24314.95,0
2026-04-16 11:00:00+05:30,24309.3,24317.2,24309.3,24315.95,0
2026-04-16 10:59:00+05:30,24306.0,24310.2,24303.55,24309.55,0
2026-04-16 10:58:00+05:30,24312.65,24312.8,24304.9,24306.5,0
2026-04-16 10:57:00+05:30,24303.25,24314.05,24302.15,24312.8,0
2026-04-16 10:56:00+05:30,24310.9,24311.6,24302.25,24303.9,0
2026-04-16 10:55:00+05:30,24315.25,24315.95,24308.35,24310.8,0
2026-04-16 10:54:00+05:30,24316.35,24317.9,24311.75,24314.7,0
2026-04-16 10:53:00+05:30,24314.05,24318.75,24313.5,24316.45,0
2026-04-16 10:52:00+05:30,24314.0,24317.45,24311.5,24314.1,0
2026-04-16 10:51:00+05:30,24316.0,24319.1,24314.7,24315.1,0
2026-04-16 10:50:00+05:30,24315.1,24317.6,24312.9,24315.8,0
2026-04-16 10:49:00+05:30,24319.05,24320.35,24311.75,24316.15,0
2026-04-16 10:48:00+05:30,24320.7,24327.9,24319.45,24319.45,0
2026-04-16 10:47:00+05:30,24320.0,24322.1,24314.05,24320.65,0
2026-04-16 10:46:00+05:30,24314.05,24320.5,24313.15,24320.35,0
2026-04-16 10:45:00+05:30,24307.45,24318.55,24306.9,24314.55,0
2026-04-16 10:44:00+05:30,24313.85,24316.05,24307.4,24307.65,0
2026-04-16 10:43:00+05:30,24312.1,24314.3,24308.8,24313.6,0
2026-04-16 10:42:00+05:30,24309.5,24317.1,24308.75,24311.75,0
2026-04-16 10:41:00+05:30,24300.1,24311.4,24298.5,24309.0,0
2026-04-16 10:40:00+05:30,24298.6,24302.4,24298.1,24299.85,0
2026-04-16 10:39:00+05:30,24311.2,24311.2,24292.45,24299.65,0
2026-04-16 10:38:00+05:30,24321.9,24322.1,24308.6,24310.65,0
2026-04-16 10:37:00+05:30,24319.15,24324.5,24312.35,24321.25,0
2026-04-16 10:36:00+05:30,24317.3,24325.85,24315.45,24318.0,0
2026-04-16 10:35:00+05:30,24312.8,24322.3,24311.0,24316.7,0
2026-04-16 10:34:00+05:30,24317.4,24317.95,24311.45,24312.7,0
2026-04-16 10:33:00+05:30,24311.1,24317.7,24307.75,24317.4,0
2026-04-16 10:32:00+05:30,24318.0,24321.25,24309.7,24310.4,0
2026-04-16 10:31:00+05:30,24308.85,24318.45,24305.7,24318.2,0
2026-04-16 10:30:00+05:30,24301.05,24309.65,24301.05,24308.8,0
2026-04-16 10:29:00+05:30,24297.1,24305.45,24295.05,24300.75,0
2026-04-16 10:28:00+05:30,24297.6,24298.9,24292.5,24297.2,0
2026-04-16 10:27:00+05:30,24312.0,24317.2,24297.45,24297.45,0
2026-04-16 10:26:00+05:30,24311.85,24315.2,24311.4,24312.35,0
2026-04-16 10:25:00+05:30,24303.9,24312.3,24302.5,24312.0,0
2026-04-16 10:24:00+05:30,24306.5,24310.45,24303.6,24304.0,0
2026-04-16 10:23:00+05:30,24305.75,24309.85,24304.6,24307.4,0
2026-04-16 10:22:00+05:30,24302.75,24307.6,24300.05,24306.45,0
2026-04-16 10:21:00+05:30,24311.55,24313.0,24301.1,24302.3,0
2026-04-16 10:20:00+05:30,24309.15,24312.55,24307.2,24312.55,0
2026-04-16 10:19:00+05:30,24323.65,24328.8,24305.95,24309.7,0
2026-04-16 10:18:00+05:30,24300.8,24324.55,24300.8,24323.4,0
2026-04-16 10:17:00+05:30,24313.25,24313.25,24297.45,24301.05,0
2026-04-16 10:16:00+05:30,24297.2,24313.25,24292.85,24313.25,0
2026-04-16 10:15:00+05:30,24306.15,24308.4,24293.45,24295.95,0
2026-04-16 10:14:00+05:30,24306.75,24307.95,24303.6,24307.6,0
2026-04-16 10:13:00+05:30,24297.85,24309.2,24297.85,24306.7,0
2026-04-16 10:12:00+05:30,24317.15,24317.8,24295.3,24298.8,0
2026-04-16 10:11:00+05:30,24318.15,24319.85,24311.9,24316.85,0
2026-04-16 10:10:00+05:30,24308.45,24318.65,24307.8,24318.65,0
2026-04-16 10:09:00+05:30,24308.15,24310.9,24305.2,24308.55,0
2026-04-16 10:08:00+05:30,24299.75,24309.1,24298.2,24308.15,0
2026-04-16 10:07:00+05:30,24281.9,24300.5,24280.9,24299.8,0
2026-04-16 10:06:00+05:30,24297.0,24298.6,24281.6,24283.3,0
2026-04-16 10:05:00+05:30,24303.2,24304.05,24293.05,24296.2,0
2026-04-16 10:04:00+05:30,24288.1,24303.85,24286.95,24303.85,0
2026-04-16 10:03:00+05:30,24288.7,24291.25,24279.65,24286.85,0
2026-04-16 10:02:00+05:30,24286.3,24290.75,24285.15,24288.5,0
2026-04-16 10:01:00+05:30,24274.4,24288.3,24264.4,24288.3,0
2026-04-16 10:00:00+05:30,24271.65,24278.4,24269.15,24273.4,0
2026-04-16 09:59:00+05:30,24282.7,24283.45,24270.55,24271.55,0
2026-04-16 09:58:00+05:30,24279.75,24285.0,24275.2,24283.35,0
2026-04-16 09:57:00+05:30,24294.55,24295.95,24277.8,24279.45,0
2026-04-16 09:56:00+05:30,24302.45,24306.05,24292.15,24294.55,0
2026-04-16 09:55:00+05:30,24316.85,24316.85,24300.35,24302.75,0
2026-04-16 09:54:00+05:30,24305.15,24319.9,24301.5,24316.55,0
2026-04-16 09:53:00+05:30,24326.9,24327.1,24303.6,24303.6,0
2026-04-16 09:52:00+05:30,24330.45,24337.05,24325.55,24326.25,0
2026-04-16 09:51:00+05:30,24331.1,24331.5,24315.45,24329.1,0
2026-04-16 09:50:00+05:30,24327.15,24334.65,24324.7,24330.35,0
2026-04-16 09:49:00+05:30,24327.25,24329.2,24322.75,24327.9,0
2026-04-16 09:48:00+05:30,24318.95,24332.7,24315.3,24326.6,0
2026-04-16 09:47:00+05:30,24328.0,24329.65,24318.65,24318.85,0
2026-04-16 09:46:00+05:30,24305.75,24329.3,24305.2,24328.6,0
2026-04-16 09:45:00+05:30,24302.75,24305.6,24292.3,24305.6,0
2026-04-16 09:44:00+05:30,24304.85,24306.35,24301.75,24301.95,0
2026-04-16 09:43:00+05:30,24303.0,24309.7,24299.05,24304.4,0
2026-04-16 09:42:00+05:30,24306.7,24314.9,24301.4,24303.7,0
2026-04-16 09:41:00+05:30,24313.5,24314.2,24304.6,24307.05,0
2026-04-16 09:40:00+05:30,24326.25,24335.35,24310.75,24314.15,0
2026-04-16 09:39:00+05:30,24314.05,24327.8,24305.55,24326.8,0
2026-04-16 09:38:00+05:30,24335.95,24336.85,24311.25,24314.9,0
2026-04-16 09:37:00+05:30,24358.65,24358.65,24335.0,24335.0,0
2026-04-16 09:36:00+05:30,24354.7,24364.05,24354.45,24357.55,0
2026-04-16 09:35:00+05:30,24358.15,24360.2,24353.0,24355.8,0
2026-04-16 09:34:00+05:30,24363.45,24363.6,24353.7,24358.3,0
2026-04-16 09:33:00+05:30,24364.4,24369.1,24358.5,24363.4,0
2026-04-16 09:32:00+05:30,24376.8,24377.35,24364.65,24364.65,0
2026-04-16 09:31:00+05:30,24389.35,24390.35,24376.7,24377.15,0
2026-04-16 09:30:00+05:30,24385.65,24396.05,24385.65,24388.9,0
2026-04-16 09:29:00+05:30,24390.5,24394.25,24381.9,24385.85,0
2026-04-16 09:28:00+05:30,24383.1,24391.25,24376.0,24391.25,0
2026-04-16 09:27:00+05:30,24386.4,24398.25,24381.5,24381.5,0
2026-04-16 09:26:00+05:30,24395.45,24397.2,24383.65,24386.75,0
2026-04-16 09:25:00+05:30,24388.25,24400.95,24387.05,24396.0,0
2026-04-16 09:24:00+05:30,24382.5,24389.25,24372.7,24387.5,0
2026-04-16 09:23:00+05:30,24387.75,24387.95,24379.85,24381.75,0
2026-04-16 09:22:00+05:30,24389.55,24390.65,24383.5,24388.2,0
2026-04-16 09:21:00+05:30,24388.35,24391.85,24384.65,24389.1,0
2026-04-16 09:20:00+05:30,24390.8,24397.7,24385.0,24388.0,0
2026-04-16 09:19:00+05:30,24373.05,24390.55,24373.05,24390.55,0
2026-04-16 09:18:00+05:30,24379.25,24379.25,24364.6,24376.2,0
2026-04-16 09:17:00+05:30,24360.9,24381.1,24360.9,24380.35,0
2026-04-16 09:16:00+05:30,24353.5,24367.6,24341.9,24360.4,0
2026-04-16 09:15:00+05:30,24385.2,24392.35,24333.95,24355.15,0
